0	2446	0	1.0
0	3292	0	1.0
0	4677	0	1.0
1	3081	0	1.0
1	3327	0	1.0
1	4005	0	1.0
2	2560	0	1.0
2	4256	0	1.0
2	4418	0	1.0
3	2549	0	1.0
3	3358	0	1.0
3	4567	0	1.0
4	2666	0	1.0
4	4094	0	1.0
4	4311	0	1.0
5	3078	0	1.0
5	3123	0	1.0
5	3512	0	1.0
6	2388	0	1.0
6	2771	0	1.0
6	3651	0	1.0
7	2536	0	1.0
7	4213	0	1.0
7	4335	0	1.0
8	2138	0	1.0
8	3021	0	1.0
8	3548	0	1.0
9	2916	0	1.0
9	3494	0	1.0
9	3713	0	1.0
10	4256	0	1.0
10	2963	0	1.0
10	3737	0	1.0
11	3081	0	1.0
11	3327	0	1.0
11	4005	0	1.0
12	3327	0	1.0
12	4281	0	1.0
12	4579	0	1.0
13	3021	0	1.0
13	2569	0	1.0
13	3007	0	1.0
14	2631	0	1.0
14	4061	0	1.0
14	4090	0	1.0
15	2536	0	1.0
15	4213	0	1.0
15	4335	0	1.0
16	3327	0	1.0
16	4299	0	1.0
16	4426	0	1.0
17	3850	0	1.0
17	3953	0	1.0
17	4683	0	1.0
18	2217	0	1.0
18	2546	0	1.0
18	2850	0	1.0
19	3700	0	1.0
19	4341	0	1.0
19	4690	0	1.0
20	2882	0	1.0
20	3911	0	1.0
20	4516	0	1.0
21	2975	0	1.0
21	3430	0	1.0
21	3574	0	1.0
22	4213	0	1.0
22	4335	0	1.0
22	2534	0	1.0
23	2163	0	1.0
23	3587	0	1.0
23	4471	0	1.0
24	2441	0	1.0
24	3383	0	1.0
24	3998	0	1.0
25	4256	0	1.0
25	2146	0	1.0
25	3019	0	1.0
26	3078	0	1.0
26	3123	0	1.0
26	3512	0	1.0
27	4213	0	1.0
27	2758	0	1.0
27	3330	0	1.0
28	2643	0	1.0
28	3042	0	1.0
28	3465	0	1.0
29	4351	0	1.0
29	4436	0	1.0
29	4608	0	1.0
30	2971	0	1.0
30	3485	0	1.0
30	4122	0	1.0
31	3465	0	1.0
31	2362	0	1.0
31	4409	0	1.0
32	2217	0	1.0
32	2850	0	1.0
32	2293	0	1.0
33	3122	0	1.0
33	3198	0	1.0
33	3990	0	1.0
34	4516	0	1.0
34	2808	0	1.0
34	3286	0	1.0
35	4289	0	1.0
35	4472	0	1.0
35	4498	0	1.0
36	2762	0	1.0
36	3319	0	1.0
36	4566	0	1.0
37	2549	0	1.0
37	2441	0	1.0
37	2596	0	1.0
38	3176	0	1.0
38	4047	0	1.0
38	4648	0	1.0
39	2390	0	1.0
39	3887	0	1.0
39	4058	0	1.0
40	4061	0	1.0
40	3042	0	1.0
40	3223	0	1.0
41	2324	0	1.0
41	2434	0	1.0
41	3966	0	1.0
42	3574	0	1.0
42	2831	0	1.0
42	4435	0	1.0
43	3106	0	1.0
43	4144	0	1.0
43	4170	0	1.0
44	2502	0	1.0
44	2581	0	1.0
44	3540	0	1.0
45	2971	0	1.0
45	3485	0	1.0
45	3580	0	1.0
46	3005	0	1.0
46	3258	0	1.0
46	4138	0	1.0
47	2101	0	1.0
47	3084	0	1.0
47	4074	0	1.0
48	3319	0	1.0
48	3401	0	1.0
48	3461	0	1.0
49	3645	0	1.0
49	3795	0	1.0
49	4404	0	1.0
50	2639	0	1.0
50	3976	0	1.0
50	4614	0	1.0
51	3586	0	1.0
51	3987	0	1.0
51	4571	0	1.0
52	2588	0	1.0
52	2942	0	1.0
52	4232	0	1.0
53	2495	0	1.0
53	2812	0	1.0
53	3873	0	1.0
54	2560	0	1.0
54	2163	0	1.0
54	2477	0	1.0
55	3223	0	1.0
55	3817	0	1.0
55	4605	0	1.0
56	2549	0	1.0
56	3014	0	1.0
56	3899	0	1.0
57	3319	0	1.0
57	2723	0	1.0
57	3242	0	1.0
58	2200	0	1.0
58	4118	0	1.0
58	4423	0	1.0
59	4213	0	1.0
59	3330	0	1.0
59	3198	0	1.0
60	4138	0	1.0
60	2529	0	1.0
60	2567	0	1.0
61	4683	0	1.0
61	2294	0	1.0
61	4297	0	1.0
62	2403	0	1.0
62	3255	0	1.0
62	4279	0	1.0
63	4683	0	1.0
63	3057	0	1.0
63	4228	0	1.0
64	3899	0	1.0
64	3266	0	1.0
64	4438	0	1.0
65	3535	0	1.0
65	3965	0	1.0
65	4561	0	1.0
66	3194	0	1.0
66	4185	0	1.0
66	4727	0	1.0
67	3358	0	1.0
67	2731	0	1.0
67	3568	0	1.0
68	2200	0	1.0
68	3878	0	1.0
68	4089	0	1.0
69	4335	0	1.0
69	2348	0	1.0
69	2936	0	1.0
70	4213	0	1.0
70	4335	0	1.0
70	3330	0	1.0
71	2536	0	1.0
71	4299	0	1.0
71	3517	0	1.0
72	2227	0	1.0
72	4305	0	1.0
72	4369	0	1.0
73	3383	0	1.0
73	2942	0	1.0
73	3515	0	1.0
74	2173	0	1.0
74	2363	0	1.0
74	4478	0	1.0
75	2475	0	1.0
75	3272	0	1.0
75	3450	0	1.0
76	4335	0	1.0
76	2534	0	1.0
76	3012	0	1.0
77	3333	0	1.0
77	3443	0	1.0
77	3726	0	1.0
78	3383	0	1.0
78	2531	0	1.0
78	4521	0	1.0
79	2112	0	1.0
79	2633	0	1.0
79	2644	0	1.0
80	3083	0	1.0
80	3285	0	1.0
80	4328	0	1.0
81	3378	0	1.0
81	4357	0	1.0
81	4661	0	1.0
82	3651	0	1.0
82	2471	0	1.0
82	3947	0	1.0
83	4648	0	1.0
83	2392	0	1.0
83	2751	0	1.0
84	2242	0	1.0
84	3655	0	1.0
84	3765	0	1.0
85	3358	0	1.0
85	4567	0	1.0
85	3574	0	1.0
86	2282	0	1.0
86	3702	0	1.0
86	4386	0	1.0
87	4047	0	1.0
87	4648	0	1.0
87	3350	0	1.0
88	2390	0	1.0
88	3166	0	1.0
88	3389	0	1.0
89	3223	0	1.0
89	3987	0	1.0
89	3817	0	1.0
90	3951	0	1.0
90	3996	0	1.0
90	4208	0	1.0
91	3266	0	1.0
91	2209	0	1.0
91	3870	0	1.0
92	2858	0	1.0
92	3410	0	1.0
92	4275	0	1.0
93	2451	0	1.0
93	2755	0	1.0
93	4280	0	1.0
94	3078	0	1.0
94	2842	0	1.0
94	3756	0	1.0
95	3104	0	1.0
95	3218	0	1.0
95	3665	0	1.0
96	3485	0	1.0
96	3838	0	1.0
96	4725	0	1.0
97	2227	0	1.0
97	2254	0	1.0
97	2408	0	1.0
98	4683	0	1.0
98	2510	0	1.0
98	2810	0	1.0
99	4683	0	1.0
99	2172	0	1.0
99	4700	0	1.0
100	3327	0	1.0
100	2567	0	1.0
100	2690	0	1.0
101	3319	0	1.0
101	2410	0	1.0
101	3155	0	1.0
102	2549	0	1.0
102	3587	0	1.0
102	3899	0	1.0
103	2336	0	1.0
103	2486	0	1.0
103	3102	0	1.0
104	4121	0	1.0
104	4231	0	1.0
104	4439	0	1.0
105	3042	0	1.0
105	4289	0	1.0
105	2757	0	1.0
106	2594	0	1.0
106	2873	0	1.0
106	3970	0	1.0
107	3361	0	1.0
107	3608	0	1.0
107	3773	0	1.0
108	2642	0	1.0
108	3020	0	1.0
108	4434	0	1.0
109	2536	0	1.0
109	2254	0	1.0
109	3914	0	1.0
110	4567	0	1.0
110	2510	0	1.0
110	4734	0	1.0
111	2536	0	1.0
111	2254	0	1.0
111	3914	0	1.0
112	2529	0	1.0
112	2747	0	1.0
112	3127	0	1.0
113	3456	0	1.0
113	3955	0	1.0
113	4093	0	1.0
114	3587	0	1.0
114	2816	0	1.0
114	3595	0	1.0
115	3327	0	1.0
115	2529	0	1.0
115	2567	0	1.0
116	4561	0	1.0
116	3235	0	1.0
116	4350	0	1.0
117	2254	0	1.0
117	2275	0	1.0
117	4394	0	1.0
118	2560	0	1.0
118	2163	0	1.0
118	2477	0	1.0
119	3758	0	1.0
119	4004	0	1.0
119	4197	0	1.0
120	2942	0	1.0
120	2227	0	1.0
120	3861	0	1.0
121	2109	0	1.0
121	3964	0	1.0
121	4363	0	1.0
122	4561	0	1.0
122	2810	0	1.0
122	4084	0	1.0
123	2495	0	1.0
123	3109	0	1.0
123	3741	0	1.0
124	2635	0	1.0
124	2828	0	1.0
124	4563	0	1.0
125	3430	0	1.0
125	3042	0	1.0
125	2702	0	1.0
126	3418	0	1.0
126	4603	0	1.0
126	4718	0	1.0
127	2486	0	1.0
127	3102	0	1.0
127	3723	0	1.0
128	2590	0	1.0
128	4189	0	1.0
128	4548	0	1.0
129	2798	0	1.0
129	3427	0	1.0
129	4722	0	1.0
130	4436	0	1.0
130	2438	0	1.0
130	4682	0	1.0
131	4683	0	1.0
131	4197	0	1.0
131	4261	0	1.0
132	4232	0	1.0
132	2254	0	1.0
132	4356	0	1.0
133	3078	0	1.0
133	2227	0	1.0
133	4670	0	1.0
134	4561	0	1.0
134	3235	0	1.0
134	3837	0	1.0
135	2685	0	1.0
135	3316	0	1.0
135	4167	0	1.0
136	4561	0	1.0
136	2492	0	1.0
136	4584	0	1.0
137	2549	0	1.0
137	2318	0	1.0
137	3732	0	1.0
138	2536	0	1.0
138	2434	0	1.0
138	3572	0	1.0
139	3078	0	1.0
139	3123	0	1.0
139	3512	0	1.0
140	2751	0	1.0
140	2193	0	1.0
140	2960	0	1.0
141	2960	0	1.0
141	2439	0	1.0
141	2838	0	1.0
142	3287	0	1.0
142	4178	0	1.0
142	4306	0	1.0
143	2357	0	1.0
143	3743	0	1.0
143	4428	0	1.0
144	3255	0	1.0
144	2664	0	1.0
144	4156	0	1.0
145	2488	0	1.0
145	3493	0	1.0
145	4149	0	1.0
146	2495	0	1.0
146	2838	0	1.0
146	2787	0	1.0
147	2723	0	1.0
147	4118	0	1.0
147	3765	0	1.0
148	4436	0	1.0
148	3189	0	1.0
148	3879	0	1.0
149	2534	0	1.0
149	3012	0	1.0
149	2755	0	1.0
150	2590	0	1.0
150	2740	0	1.0
150	3689	0	1.0
151	2704	0	1.0
151	3121	0	1.0
151	3559	0	1.0
152	3517	0	1.0
152	4221	0	1.0
152	4493	0	1.0
153	2596	0	1.0
153	2390	0	1.0
153	4231	0	1.0
154	4690	0	1.0
154	4603	0	1.0
154	4071	0	1.0
155	4567	0	1.0
155	3574	0	1.0
155	3639	0	1.0
156	4289	0	1.0
156	2321	0	1.0
156	4403	0	1.0
157	3327	0	1.0
157	4138	0	1.0
157	4431	0	1.0
158	2324	0	1.0
158	2224	0	1.0
158	2248	0	1.0
159	2146	0	1.0
159	2816	0	1.0
159	3742	0	1.0
160	2227	0	1.0
160	2635	0	1.0
160	4670	0	1.0
161	3383	0	1.0
161	3012	0	1.0
161	4467	0	1.0
162	3517	0	1.0
162	4221	0	1.0
162	4493	0	1.0
163	2262	0	1.0
163	3263	0	1.0
163	3746	0	1.0
164	4683	0	1.0
164	3023	0	1.0
164	3351	0	1.0
165	4297	0	1.0
165	2203	0	1.0
165	2602	0	1.0
166	2227	0	1.0
166	2209	0	1.0
166	2285	0	1.0
167	2254	0	1.0
167	2851	0	1.0
167	3615	0	1.0
168	3654	0	1.0
168	4546	0	1.0
168	4583	0	1.0
169	2873	0	1.0
169	2439	0	1.0
169	2803	0	1.0
170	4683	0	1.0
170	2971	0	1.0
170	4734	0	1.0
171	2672	0	1.0
171	4120	0	1.0
171	4277	0	1.0
172	4121	0	1.0
172	4231	0	1.0
172	4439	0	1.0
173	3078	0	1.0
173	2390	0	1.0
173	4680	0	1.0
174	3198	0	1.0
174	4289	0	1.0
174	4419	0	1.0
175	2282	0	1.0
175	3702	0	1.0
175	4386	0	1.0
176	3081	0	1.0
176	3327	0	1.0
176	4005	0	1.0
177	3205	0	1.0
177	3858	0	1.0
177	4111	0	1.0
178	3042	0	1.0
178	2106	0	1.0
178	2430	0	1.0
179	4047	0	1.0
179	4648	0	1.0
179	2787	0	1.0
180	4213	0	1.0
180	2810	0	1.0
180	4033	0	1.0
181	3587	0	1.0
181	3166	0	1.0
181	2160	0	1.0
182	3715	0	1.0
182	4113	0	1.0
182	4253	0	1.0
183	4583	0	1.0
183	2585	0	1.0
183	4662	0	1.0
184	3235	0	1.0
184	4340	0	1.0
184	4414	0	1.0
185	4661	0	1.0
185	3309	0	1.0
185	3819	0	1.0
186	2583	0	1.0
186	3895	0	1.0
186	4468	0	1.0
187	3106	0	1.0
187	2731	0	1.0
187	4357	0	1.0
188	4561	0	1.0
188	4178	0	1.0
188	2778	0	1.0
189	2370	0	1.0
189	3419	0	1.0
189	3725	0	1.0
190	2534	0	1.0
190	2209	0	1.0
190	3061	0	1.0
191	4116	0	1.0
191	4458	0	1.0
191	4470	0	1.0
192	3951	0	1.0
192	3748	0	1.0
192	4063	0	1.0
193	3742	0	1.0
193	2280	0	1.0
193	4201	0	1.0
194	2336	0	1.0
194	2725	0	1.0
194	3409	0	1.0
195	2388	0	1.0
195	3789	0	1.0
195	3921	0	1.0
196	4369	0	1.0
196	2172	0	1.0
196	3742	0	1.0
197	4648	0	1.0
197	2160	0	1.0
197	2554	0	1.0
198	2942	0	1.0
198	2110	0	1.0
198	3216	0	1.0
199	3500	0	1.0
199	3936	0	1.0
199	4344	0	1.0
200	2754	0	1.0
200	4380	0	1.0
200	4509	0	1.0
201	4561	0	1.0
201	3351	0	1.0
201	3674	0	1.0
202	3899	0	1.0
202	4561	0	1.0
202	4733	0	1.0
203	2567	0	1.0
203	3914	0	1.0
203	3011	0	1.0
204	2567	0	1.0
204	3914	0	1.0
204	3011	0	1.0
205	4436	0	1.0
205	3319	0	1.0
205	3119	0	1.0
206	3042	0	1.0
206	4194	0	1.0
206	4481	0	1.0
207	3587	0	1.0
207	3914	0	1.0
207	3048	0	1.0
208	2850	0	1.0
208	4289	0	1.0
208	3951	0	1.0
209	2137	0	1.0
209	4320	0	1.0
209	4628	0	1.0
210	3951	0	1.0
210	3962	0	1.0
210	4241	0	1.0
211	2536	0	1.0
211	4299	0	1.0
211	2510	0	1.0
212	2661	0	1.0
212	3229	0	1.0
212	3967	0	1.0
213	2205	0	1.0
213	2305	0	1.0
213	4077	0	1.0
214	4614	0	1.0
214	2980	0	1.0
214	3149	0	1.0
215	2388	0	1.0
215	3967	0	1.0
215	4420	0	1.0
216	4147	0	1.0
216	4528	0	1.0
216	4533	0	1.0
217	4121	0	1.0
217	4231	0	1.0
217	4439	0	1.0
218	2787	0	1.0
218	3061	0	1.0
218	2265	0	1.0
219	2590	0	1.0
219	3283	0	1.0
219	4656	0	1.0
220	4579	0	1.0
220	3014	0	1.0
220	2115	0	1.0
221	2390	0	1.0
221	2227	0	1.0
221	4417	0	1.0
222	3574	0	1.0
222	2119	0	1.0
222	2907	0	1.0
223	2483	0	1.0
223	3120	0	1.0
223	3993	0	1.0
224	2560	0	1.0
224	4579	0	1.0
224	2491	0	1.0
225	4071	0	1.0
225	2879	0	1.0
225	4455	0	1.0
226	3658	0	1.0
226	3662	0	1.0
226	4532	0	1.0
227	4436	0	1.0
227	2928	0	1.0
227	4263	0	1.0
228	3911	0	1.0
228	4734	0	1.0
228	4511	0	1.0
229	3042	0	1.0
229	3984	0	1.0
229	4592	0	1.0
230	3097	0	1.0
230	3908	0	1.0
230	4631	0	1.0
231	4498	0	1.0
231	3172	0	1.0
231	3616	0	1.0
232	3005	0	1.0
232	2263	0	1.0
232	3893	0	1.0
233	2438	0	1.0
233	2621	0	1.0
233	3345	0	1.0
234	4005	0	1.0
234	2567	0	1.0
234	2353	0	1.0
235	3258	0	1.0
235	4439	0	1.0
235	2622	0	1.0
236	4683	0	1.0
236	3102	0	1.0
236	3287	0	1.0
237	4351	0	1.0
237	3462	0	1.0
237	4411	0	1.0
238	4683	0	1.0
238	2434	0	1.0
238	2525	0	1.0
239	4005	0	1.0
239	3587	0	1.0
239	4083	0	1.0
240	3921	0	1.0
240	2514	0	1.0
240	3206	0	1.0
241	3742	0	1.0
241	2325	0	1.0
241	2765	0	1.0
242	3736	0	1.0
243	4335	0	1.0
243	4436	0	1.0
243	2751	0	1.0
244	2936	0	1.0
244	2721	0	1.0
244	4667	0	1.0
245	2227	0	1.0
245	3951	0	1.0
245	4214	0	1.0
246	2751	0	1.0
246	2598	0	1.0
246	3988	0	1.0
247	4561	0	1.0
247	2915	0	1.0
247	3250	0	1.0
248	2879	0	1.0
248	3071	0	1.0
248	4544	0	1.0
249	2475	0	1.0
249	2867	0	1.0
249	2874	0	1.0
250	3287	0	1.0
250	3212	0	1.0
250	4290	0	1.0
251	3327	0	1.0
251	2549	0	1.0
251	4426	0	1.0
252	2732	0	1.0
252	4107	0	1.0
252	4270	0	1.0
253	3148	0	1.0
253	4522	0	1.0
253	4555	0	1.0
254	4122	0	1.0
254	2732	0	1.0
254	3847	0	1.0
255	2367	0	1.0
255	4212	0	1.0
255	4504	0	1.0
256	2787	0	1.0
256	4680	0	1.0
256	2736	0	1.0
257	3119	0	1.0
257	4244	0	1.0
257	4633	0	1.0
258	2560	0	1.0
258	3574	0	1.0
258	2280	0	1.0
259	2725	0	1.0
259	2344	0	1.0
259	3162	0	1.0
260	2796	0	1.0
260	3306	0	1.0
260	4674	0	1.0
261	3176	0	1.0
261	2438	0	1.0
261	4466	0	1.0
262	3951	0	1.0
262	2249	0	1.0
262	2273	0	1.0
263	2751	0	1.0
263	2801	0	1.0
263	2941	0	1.0
264	2482	0	1.0
264	3777	0	1.0
264	4283	0	1.0
265	3327	0	1.0
265	2227	0	1.0
265	4272	0	1.0
266	2446	0	1.0
266	3707	0	1.0
266	4616	0	1.0
267	3574	0	1.0
267	2751	0	1.0
267	4424	0	1.0
268	3574	0	1.0
268	3330	0	1.0
268	3765	0	1.0
269	3819	0	1.0
269	2714	0	1.0
269	4155	0	1.0
270	3105	0	1.0
270	4028	0	1.0
270	4360	0	1.0
271	4566	0	1.0
271	3258	0	1.0
271	3264	0	1.0
272	4178	0	1.0
272	2110	0	1.0
272	2255	0	1.0
273	2907	0	1.0
273	2153	0	1.0
273	2564	0	1.0
274	2787	0	1.0
274	4272	0	1.0
274	3060	0	1.0
275	4680	0	1.0
275	2236	0	1.0
275	2375	0	1.0
276	3176	0	1.0
276	3005	0	1.0
276	4466	0	1.0
277	4138	0	1.0
277	2723	0	1.0
277	2816	0	1.0
278	2322	0	1.0
278	3147	0	1.0
278	4596	0	1.0
279	2536	0	1.0
279	2327	0	1.0
279	2913	0	1.0
280	4261	0	1.0
280	2443	0	1.0
280	4127	0	1.0
281	3742	0	1.0
281	3056	0	1.0
281	4352	0	1.0
282	2347	0	1.0
282	2910	0	1.0
282	4635	0	1.0
283	2317	0	1.0
283	2455	0	1.0
283	2896	0	1.0
284	2403	0	1.0
284	2787	0	1.0
284	4020	0	1.0
285	3574	0	1.0
285	3587	0	1.0
285	3258	0	1.0
286	2549	0	1.0
286	3930	0	1.0
286	4385	0	1.0
287	3198	0	1.0
287	3334	0	1.0
287	4732	0	1.0
288	3758	0	1.0
288	3335	0	1.0
288	4237	0	1.0
289	4306	0	1.0
289	3061	0	1.0
289	2885	0	1.0
290	4680	0	1.0
290	3434	0	1.0
290	4520	0	1.0
291	2942	0	1.0
291	2438	0	1.0
291	3874	0	1.0
292	2542	0	1.0
292	3518	0	1.0
292	3611	0	1.0
293	2839	0	1.0
293	2917	0	1.0
293	4266	0	1.0
294	4061	0	1.0
294	3361	0	1.0
294	2779	0	1.0
295	3012	0	1.0
295	3595	0	1.0
295	2735	0	1.0
296	4571	0	1.0
296	2103	0	1.0
296	3822	0	1.0
297	2388	0	1.0
297	4431	0	1.0
297	2162	0	1.0
298	4005	0	1.0
298	2353	0	1.0
298	2333	0	1.0
299	4005	0	1.0
299	2567	0	1.0
299	2353	0	1.0
300	3198	0	1.0
300	2751	0	1.0
300	3991	0	1.0
301	3965	0	1.0
301	2227	0	1.0
301	2530	0	1.0
302	3327	0	1.0
302	2581	0	1.0
302	3899	0	1.0
303	2152	0	1.0
303	3825	0	1.0
303	4599	0	1.0
304	3123	0	1.0
304	4608	0	1.0
304	2695	0	1.0
305	2438	0	1.0
305	2586	0	1.0
305	3782	0	1.0
306	2731	0	1.0
306	3351	0	1.0
306	3674	0	1.0
307	2614	0	1.0
307	3029	0	1.0
307	3625	0	1.0
308	2916	0	1.0
308	2568	0	1.0
308	3766	0	1.0
309	4683	0	1.0
309	4197	0	1.0
309	3600	0	1.0
310	3319	0	1.0
310	4566	0	1.0
310	4670	0	1.0
311	4261	0	1.0
311	2732	0	1.0
311	2876	0	1.0
312	3004	0	1.0
312	3313	0	1.0
312	3786	0	1.0
313	3005	0	1.0
313	2192	0	1.0
313	3884	0	1.0
314	2375	0	1.0
314	2136	0	1.0
314	4681	0	1.0
315	2729	0	1.0
315	3459	0	1.0
315	3664	0	1.0
316	2119	0	1.0
316	2123	0	1.0
316	3296	0	1.0
317	2348	0	1.0
317	3460	0	1.0
317	3531	0	1.0
318	3574	0	1.0
318	4138	0	1.0
318	3742	0	1.0
319	4213	0	1.0
319	4439	0	1.0
319	2397	0	1.0
320	4232	0	1.0
320	2976	0	1.0
320	3294	0	1.0
321	2438	0	1.0
321	2148	0	1.0
321	3481	0	1.0
322	4213	0	1.0
322	2810	0	1.0
322	4218	0	1.0
323	3899	0	1.0
323	3893	0	1.0
323	2291	0	1.0
324	3572	0	1.0
324	2615	0	1.0
324	3265	0	1.0
325	2310	0	1.0
325	3247	0	1.0
325	3370	0	1.0
326	4579	0	1.0
326	4516	0	1.0
326	4561	0	1.0
327	2118	0	1.0
327	3490	0	1.0
327	4333	0	1.0
328	4061	0	1.0
328	3361	0	1.0
328	2118	0	1.0
329	4690	0	1.0
329	2996	0	1.0
329	3495	0	1.0
330	3675	0	1.0
330	3714	0	1.0
330	4109	0	1.0
331	3765	0	1.0
331	3541	0	1.0
331	4575	0	1.0
332	3296	0	1.0
332	2982	0	1.0
332	3504	0	1.0
333	2227	0	1.0
333	2751	0	1.0
333	2960	0	1.0
334	3899	0	1.0
334	2648	0	1.0
334	4314	0	1.0
335	2184	0	1.0
335	3811	0	1.0
335	4634	0	1.0
336	2390	0	1.0
336	2481	0	1.0
336	4425	0	1.0
337	2242	0	1.0
337	4666	0	1.0
337	4684	0	1.0
338	3987	0	1.0
338	4231	0	1.0
338	3316	0	1.0
339	2758	0	1.0
339	2243	0	1.0
339	2931	0	1.0
340	2390	0	1.0
340	3005	0	1.0
340	3916	0	1.0
341	3587	0	1.0
341	2551	0	1.0
341	3583	0	1.0
342	4147	0	1.0
342	4528	0	1.0
342	4533	0	1.0
343	2435	0	1.0
343	4010	0	1.0
343	4264	0	1.0
344	3921	0	1.0
344	4173	0	1.0
344	4387	0	1.0
345	3198	0	1.0
345	3838	0	1.0
345	3806	0	1.0
346	4084	0	1.0
346	2142	0	1.0
346	3144	0	1.0
347	4047	0	1.0
347	4648	0	1.0
347	3350	0	1.0
348	4566	0	1.0
348	3946	0	1.0
348	4044	0	1.0
349	3042	0	1.0
349	4231	0	1.0
349	2830	0	1.0
350	3742	0	1.0
350	3274	0	1.0
350	3982	0	1.0
351	3005	0	1.0
351	2942	0	1.0
351	2712	0	1.0
352	4005	0	1.0
352	3615	0	1.0
352	3874	0	1.0
353	4436	0	1.0
353	3335	0	1.0
353	2118	0	1.0
354	2923	0	1.0
354	3197	0	1.0
354	4496	0	1.0
355	4289	0	1.0
355	4306	0	1.0
355	2732	0	1.0
356	2858	0	1.0
356	3061	0	1.0
356	3259	0	1.0
357	3378	0	1.0
357	3758	0	1.0
357	2929	0	1.0
358	3430	0	1.0
358	4272	0	1.0
358	4325	0	1.0
359	4683	0	1.0
359	3105	0	1.0
359	3605	0	1.0
360	3044	0	1.0
360	3800	0	1.0
360	4730	0	1.0
361	3330	0	1.0
361	2717	0	1.0
361	3154	0	1.0
362	2371	0	1.0
362	2579	0	1.0
362	2930	0	1.0
363	4261	0	1.0
363	2787	0	1.0
363	2885	0	1.0
364	2886	0	1.0
364	3276	0	1.0
364	4572	0	1.0
365	3665	0	1.0
365	3422	0	1.0
365	3584	0	1.0
366	2191	0	1.0
366	3957	0	1.0
366	4724	0	1.0
367	3258	0	1.0
367	3059	0	1.0
367	3839	0	1.0
368	2390	0	1.0
368	2254	0	1.0
368	3109	0	1.0
369	3375	0	1.0
369	4139	0	1.0
369	4188	0	1.0
370	2323	0	1.0
370	3779	0	1.0
370	4269	0	1.0
371	3921	0	1.0
371	2661	0	1.0
371	3390	0	1.0
372	2237	0	1.0
372	2837	0	1.0
372	3501	0	1.0
373	2971	0	1.0
373	4154	0	1.0
373	4495	0	1.0
374	2533	0	1.0
374	3156	0	1.0
374	3542	0	1.0
375	3599	0	1.0
375	3857	0	1.0
375	4324	0	1.0
376	3165	0	1.0
376	4119	0	1.0
376	4702	0	1.0
377	2118	0	1.0
377	2454	0	1.0
377	3400	0	1.0
378	2126	0	1.0
378	2994	0	1.0
378	4497	0	1.0
379	4351	0	1.0
379	3083	0	1.0
379	3445	0	1.0
380	3517	0	1.0
380	3011	0	1.0
380	4569	0	1.0
381	2415	0	1.0
381	3072	0	1.0
381	4361	0	1.0
382	4213	0	1.0
382	3106	0	1.0
382	2252	0	1.0
383	4584	0	1.0
383	4214	0	1.0
383	3845	0	1.0
384	3899	0	1.0
384	4438	0	1.0
384	3604	0	1.0
385	3176	0	1.0
385	3255	0	1.0
385	4466	0	1.0
386	4561	0	1.0
386	3519	0	1.0
386	4632	0	1.0
387	3223	0	1.0
387	2256	0	1.0
387	3364	0	1.0
388	2392	0	1.0
388	3735	0	1.0
388	3869	0	1.0
389	3819	0	1.0
389	4656	0	1.0
389	2214	0	1.0
390	4438	0	1.0
390	2438	0	1.0
390	2482	0	1.0
391	4522	0	1.0
391	2694	0	1.0
391	3175	0	1.0
392	4436	0	1.0
392	4004	0	1.0
392	3390	0	1.0
393	3330	0	1.0
393	3899	0	1.0
393	4214	0	1.0
394	2254	0	1.0
394	2438	0	1.0
394	2935	0	1.0
395	2118	0	1.0
395	2628	0	1.0
395	4445	0	1.0
396	2200	0	1.0
396	3247	0	1.0
396	3549	0	1.0
397	4436	0	1.0
397	3335	0	1.0
397	2118	0	1.0
398	2348	0	1.0
398	2242	0	1.0
398	2787	0	1.0
399	3330	0	1.0
399	3450	0	1.0
399	4043	0	1.0
400	3330	0	1.0
400	4214	0	1.0
400	3446	0	1.0
401	3258	0	1.0
401	2783	0	1.0
401	4048	0	1.0
402	2446	0	1.0
402	3951	0	1.0
402	3274	0	1.0
403	2118	0	1.0
403	2464	0	1.0
403	3441	0	1.0
404	4566	0	1.0
404	3222	0	1.0
404	3585	0	1.0
405	2118	0	1.0
405	3490	0	1.0
405	2295	0	1.0
406	4436	0	1.0
406	2670	0	1.0
406	3896	0	1.0
407	4261	0	1.0
407	2452	0	1.0
407	2875	0	1.0
408	2502	0	1.0
408	3914	0	1.0
408	4084	0	1.0
409	2942	0	1.0
409	3873	0	1.0
409	2732	0	1.0
410	4231	0	1.0
410	3281	0	1.0
410	4303	0	1.0
411	2348	0	1.0
411	4670	0	1.0
411	3826	0	1.0
412	3022	0	1.0
412	4240	0	1.0
412	4685	0	1.0
413	3450	0	1.0
413	3333	0	1.0
413	3376	0	1.0
414	3390	0	1.0
414	2155	0	1.0
414	3843	0	1.0
415	2390	0	1.0
415	3615	0	1.0
415	3262	0	1.0
416	3005	0	1.0
416	2203	0	1.0
416	2243	0	1.0
417	3410	0	1.0
417	3365	0	1.0
417	4560	0	1.0
418	4261	0	1.0
418	3577	0	1.0
418	3940	0	1.0
419	4690	0	1.0
419	2942	0	1.0
419	3404	0	1.0
420	2732	0	1.0
420	2773	0	1.0
420	3354	0	1.0
421	4425	0	1.0
421	4632	0	1.0
421	3810	0	1.0
422	4436	0	1.0
422	2118	0	1.0
422	2906	0	1.0
423	3700	0	1.0
423	2143	0	1.0
423	3367	0	1.0
424	2510	0	1.0
424	2697	0	1.0
424	3860	0	1.0
425	2758	0	1.0
425	3042	0	1.0
425	4306	0	1.0
426	2121	0	1.0
426	3816	0	1.0
426	3942	0	1.0
427	4231	0	1.0
427	2239	0	1.0
427	4259	0	1.0
428	3335	0	1.0
428	2118	0	1.0
428	3831	0	1.0
429	3014	0	1.0
429	3742	0	1.0
429	3654	0	1.0
430	3914	0	1.0
430	3723	0	1.0
430	3639	0	1.0
431	3402	0	1.0
431	3960	0	1.0
431	4267	0	1.0
432	2254	0	1.0
432	2303	0	1.0
432	3001	0	1.0
433	2438	0	1.0
433	2386	0	1.0
433	2741	0	1.0
434	2434	0	1.0
434	2437	0	1.0
434	3331	0	1.0
435	4466	0	1.0
435	2198	0	1.0
435	4647	0	1.0
436	3811	0	1.0
436	3322	0	1.0
436	4183	0	1.0
437	2403	0	1.0
437	3016	0	1.0
437	3214	0	1.0
438	2211	0	1.0
438	2827	0	1.0
438	2898	0	1.0
439	4047	0	1.0
439	2960	0	1.0
439	2875	0	1.0
440	3991	0	1.0
440	2407	0	1.0
440	3536	0	1.0
441	2830	0	1.0
441	2117	0	1.0
441	2972	0	1.0
442	4648	0	1.0
442	3357	0	1.0
442	3624	0	1.0
443	2372	0	1.0
443	4574	0	1.0
443	4620	0	1.0
444	3101	0	1.0
444	4053	0	1.0
444	4191	0	1.0
445	2695	0	1.0
445	2481	0	1.0
445	3210	0	1.0
446	2618	0	1.0
446	2794	0	1.0
446	4332	0	1.0
447	3378	0	1.0
447	2117	0	1.0
447	2289	0	1.0
448	3758	0	1.0
448	3921	0	1.0
448	3956	0	1.0
449	2787	0	1.0
449	3518	0	1.0
449	3364	0	1.0
450	4681	0	1.0
450	3498	0	1.0
450	3796	0	1.0
451	2254	0	1.0
451	4084	0	1.0
451	2847	0	1.0
452	3078	0	1.0
452	4071	0	1.0
452	4647	0	1.0
453	2118	0	1.0
453	2135	0	1.0
453	4537	0	1.0
454	4047	0	1.0
454	2586	0	1.0
454	3891	0	1.0
455	3123	0	1.0
455	3198	0	1.0
455	3655	0	1.0
456	3155	0	1.0
456	4212	0	1.0
456	3346	0	1.0
457	4439	0	1.0
457	2144	0	1.0
457	2865	0	1.0
458	3166	0	1.0
458	4583	0	1.0
458	3778	0	1.0
459	4438	0	1.0
459	4439	0	1.0
459	3883	0	1.0
460	4683	0	1.0
460	2115	0	1.0
460	3729	0	1.0
461	2269	0	1.0
461	4180	0	1.0
461	4629	0	1.0
462	2486	0	1.0
462	3102	0	1.0
462	2224	0	1.0
463	2502	0	1.0
463	2657	0	1.0
463	4198	0	1.0
464	3042	0	1.0
464	2430	0	1.0
464	4609	0	1.0
465	2596	0	1.0
465	3899	0	1.0
465	2227	0	1.0
466	3951	0	1.0
466	2382	0	1.0
466	3808	0	1.0
467	2729	0	1.0
467	3181	0	1.0
467	4136	0	1.0
468	2118	0	1.0
468	2182	0	1.0
468	4060	0	1.0
469	2826	0	1.0
469	3240	0	1.0
469	4037	0	1.0
470	4275	0	1.0
470	3758	0	1.0
470	4155	0	1.0
471	4436	0	1.0
471	4297	0	1.0
471	2118	0	1.0
472	4566	0	1.0
472	2525	0	1.0
472	2301	0	1.0
473	2758	0	1.0
473	3484	0	1.0
473	4715	0	1.0
474	2318	0	1.0
474	4340	0	1.0
474	3938	0	1.0
475	4566	0	1.0
475	4084	0	1.0
475	3377	0	1.0
476	2227	0	1.0
476	4212	0	1.0
476	3722	0	1.0
477	2231	0	1.0
477	3221	0	1.0
477	3619	0	1.0
478	2787	0	1.0
478	2714	0	1.0
478	2555	0	1.0
479	3737	0	1.0
479	2291	0	1.0
479	3900	0	1.0
480	2438	0	1.0
480	2586	0	1.0
480	4575	0	1.0
481	2482	0	1.0
481	3604	0	1.0
481	4573	0	1.0
482	3021	0	1.0
482	2831	0	1.0
482	2550	0	1.0
483	2118	0	1.0
483	4052	0	1.0
483	4330	0	1.0
484	4436	0	1.0
484	2482	0	1.0
484	3334	0	1.0
485	2438	0	1.0
485	2292	0	1.0
485	2442	0	1.0
486	3389	0	1.0
486	2313	0	1.0
486	3308	0	1.0
487	2294	0	1.0
487	2951	0	1.0
487	4124	0	1.0
488	3021	0	1.0
488	2651	0	1.0
488	4437	0	1.0
489	3266	0	1.0
489	2438	0	1.0
489	4128	0	1.0
490	3155	0	1.0
490	3742	0	1.0
490	3921	0	1.0
491	2434	0	1.0
491	3005	0	1.0
491	3566	0	1.0
492	2598	0	1.0
492	3175	0	1.0
492	4354	0	1.0
493	2569	0	1.0
493	3502	0	1.0
493	3627	0	1.0
494	2403	0	1.0
494	2419	0	1.0
494	3783	0	1.0
495	2731	0	1.0
495	4583	0	1.0
495	3884	0	1.0
496	4232	0	1.0
496	2438	0	1.0
496	3827	0	1.0
497	4438	0	1.0
497	3333	0	1.0
497	4439	0	1.0
498	3333	0	1.0
498	4340	0	1.0
498	2110	0	1.0
499	3039	0	1.0
499	3132	0	1.0
499	4059	0	1.0
500	4061	0	1.0
500	3361	0	1.0
500	3451	0	1.0
501	4138	0	1.0
501	3765	0	1.0
501	2167	0	1.0
502	4107	0	1.0
502	2118	0	1.0
502	3770	0	1.0
503	3218	0	1.0
503	2908	0	1.0
503	4535	0	1.0
504	4680	0	1.0
504	3577	0	1.0
504	2937	0	1.0
505	3206	0	1.0
505	3492	0	1.0
505	4132	0	1.0
506	3135	0	1.0
506	3802	0	1.0
506	4027	0	1.0
507	3106	0	1.0
507	2412	0	1.0
507	3130	0	1.0
508	2144	0	1.0
508	3681	0	1.0
508	4709	0	1.0
509	2994	0	1.0
509	3203	0	1.0
509	3721	0	1.0
510	2874	0	1.0
510	4466	0	1.0
510	2616	0	1.0
511	2683	0	1.0
511	3192	0	1.0
511	3979	0	1.0
512	4690	0	1.0
512	2441	0	1.0
512	3383	0	1.0
513	3987	0	1.0
513	4132	0	1.0
513	4057	0	1.0
514	2521	0	1.0
514	3799	0	1.0
514	4255	0	1.0
515	4275	0	1.0
515	2601	0	1.0
515	3224	0	1.0
516	3319	0	1.0
516	2515	0	1.0
516	2952	0	1.0
517	2569	0	1.0
517	3390	0	1.0
517	3018	0	1.0
518	4648	0	1.0
518	2883	0	1.0
518	3562	0	1.0
519	2360	0	1.0
519	2806	0	1.0
519	4529	0	1.0
520	2560	0	1.0
520	2390	0	1.0
520	3817	0	1.0
521	4231	0	1.0
521	2371	0	1.0
521	3390	0	1.0
522	2787	0	1.0
522	4272	0	1.0
522	3060	0	1.0
523	2438	0	1.0
523	2912	0	1.0
523	3297	0	1.0
524	3235	0	1.0
524	3531	0	1.0
524	3360	0	1.0
525	2441	0	1.0
525	2368	0	1.0
525	2927	0	1.0
526	2590	0	1.0
526	4314	0	1.0
526	4129	0	1.0
527	2200	0	1.0
527	3247	0	1.0
527	2421	0	1.0
528	3333	0	1.0
528	3674	0	1.0
528	2537	0	1.0
529	3899	0	1.0
529	2960	0	1.0
529	4114	0	1.0
530	3341	0	1.0
530	3554	0	1.0
530	3815	0	1.0
531	4122	0	1.0
531	3967	0	1.0
531	3262	0	1.0
532	2146	0	1.0
532	4436	0	1.0
532	2180	0	1.0
533	2687	0	1.0
533	4065	0	1.0
533	4252	0	1.0
534	2324	0	1.0
534	2810	0	1.0
534	3230	0	1.0
535	2348	0	1.0
535	3742	0	1.0
535	2368	0	1.0
536	3725	0	1.0
536	3808	0	1.0
536	4551	0	1.0
537	2916	0	1.0
537	2289	0	1.0
537	3302	0	1.0
538	2755	0	1.0
538	4323	0	1.0
538	4721	0	1.0
539	2438	0	1.0
539	2732	0	1.0
539	3709	0	1.0
540	2390	0	1.0
540	3665	0	1.0
540	4643	0	1.0
541	2495	0	1.0
541	2583	0	1.0
541	2517	0	1.0
542	2254	0	1.0
542	2426	0	1.0
542	2933	0	1.0
543	2787	0	1.0
543	2314	0	1.0
543	2743	0	1.0
544	2937	0	1.0
544	4086	0	1.0
544	4487	0	1.0
545	4511	0	1.0
545	4317	0	1.0
545	4430	0	1.0
546	2489	0	1.0
546	3128	0	1.0
546	4367	0	1.0
547	2438	0	1.0
547	2586	0	1.0
547	4254	0	1.0
548	3176	0	1.0
548	2318	0	1.0
548	4212	0	1.0
549	3531	0	1.0
549	2214	0	1.0
549	2537	0	1.0
550	4317	0	1.0
550	2983	0	1.0
550	4474	0	1.0
551	3899	0	1.0
551	4127	0	1.0
551	3881	0	1.0
552	2687	0	1.0
552	2398	0	1.0
552	4251	0	1.0
553	2536	0	1.0
553	2264	0	1.0
553	2396	0	1.0
554	2294	0	1.0
554	2227	0	1.0
554	3552	0	1.0
555	4466	0	1.0
555	2100	0	1.0
555	3744	0	1.0
556	2932	0	1.0
556	3643	0	1.0
556	4268	0	1.0
557	3899	0	1.0
557	2435	0	1.0
557	4082	0	1.0
558	3517	0	1.0
558	4221	0	1.0
558	2237	0	1.0
559	3713	0	1.0
559	4212	0	1.0
559	2940	0	1.0
560	4438	0	1.0
560	3083	0	1.0
560	3883	0	1.0
561	2128	0	1.0
561	4207	0	1.0
561	4653	0	1.0
562	3587	0	1.0
562	3899	0	1.0
562	4361	0	1.0
563	2279	0	1.0
563	3776	0	1.0
563	4274	0	1.0
564	4677	0	1.0
564	2808	0	1.0
564	3155	0	1.0
565	3540	0	1.0
565	3215	0	1.0
565	4429	0	1.0
566	4197	0	1.0
566	2714	0	1.0
566	2135	0	1.0
567	2112	0	1.0
567	2979	0	1.0
567	3846	0	1.0
568	3574	0	1.0
568	3818	0	1.0
568	4393	0	1.0
569	2434	0	1.0
569	4438	0	1.0
569	4419	0	1.0
570	2755	0	1.0
570	4272	0	1.0
570	2327	0	1.0
571	4682	0	1.0
571	3488	0	1.0
571	3774	0	1.0
572	3203	0	1.0
572	3721	0	1.0
572	3890	0	1.0
573	2588	0	1.0
573	3971	0	1.0
573	4009	0	1.0
574	4566	0	1.0
574	4648	0	1.0
574	3742	0	1.0
575	4122	0	1.0
575	2755	0	1.0
575	4121	0	1.0
576	3383	0	1.0
576	3619	0	1.0
576	3606	0	1.0
577	4431	0	1.0
577	2729	0	1.0
577	2976	0	1.0
578	3899	0	1.0
578	3838	0	1.0
578	4145	0	1.0
579	3358	0	1.0
579	2435	0	1.0
579	2994	0	1.0
580	3450	0	1.0
580	2973	0	1.0
580	3684	0	1.0
581	4566	0	1.0
581	3438	0	1.0
581	3872	0	1.0
582	3715	0	1.0
582	4113	0	1.0
582	4253	0	1.0
583	2133	0	1.0
583	2860	0	1.0
583	3379	0	1.0
584	3042	0	1.0
584	2812	0	1.0
584	2242	0	1.0
585	4566	0	1.0
585	2670	0	1.0
585	3191	0	1.0
586	4680	0	1.0
586	2119	0	1.0
586	2213	0	1.0
587	2254	0	1.0
587	4454	0	1.0
587	4580	0	1.0
588	4213	0	1.0
588	4107	0	1.0
588	3757	0	1.0
589	2158	0	1.0
589	2901	0	1.0
589	3085	0	1.0
590	2582	0	1.0
590	2606	0	1.0
590	4688	0	1.0
591	4466	0	1.0
591	3157	0	1.0
591	3570	0	1.0
592	2723	0	1.0
592	2370	0	1.0
592	4310	0	1.0
593	2438	0	1.0
593	2653	0	1.0
593	3597	0	1.0
594	3951	0	1.0
594	2273	0	1.0
594	3179	0	1.0
595	3512	0	1.0
595	3390	0	1.0
595	3692	0	1.0
596	2109	0	1.0
596	4333	0	1.0
596	3034	0	1.0
597	4561	0	1.0
597	4465	0	1.0
597	4657	0	1.0
598	2773	0	1.0
598	2707	0	1.0
598	4105	0	1.0
599	4683	0	1.0
599	2123	0	1.0
599	2957	0	1.0
600	4567	0	1.0
600	2111	0	1.0
600	4668	0	1.0
601	4289	0	1.0
601	3316	0	1.0
601	3918	0	1.0
602	3219	0	1.0
602	3555	0	1.0
602	4695	0	1.0
603	2122	0	1.0
603	3771	0	1.0
603	4040	0	1.0
604	2362	0	1.0
604	3874	0	1.0
604	2386	0	1.0
605	3176	0	1.0
605	3274	0	1.0
605	3778	0	1.0
606	2608	0	1.0
606	3790	0	1.0
606	4716	0	1.0
607	2184	0	1.0
607	3828	0	1.0
607	4013	0	1.0
608	3517	0	1.0
608	3364	0	1.0
608	3339	0	1.0
609	2390	0	1.0
609	2877	0	1.0
609	3781	0	1.0
610	3765	0	1.0
610	2412	0	1.0
610	3509	0	1.0
611	2438	0	1.0
611	3119	0	1.0
611	4173	0	1.0
612	3845	0	1.0
612	4180	0	1.0
612	3833	0	1.0
613	3884	0	1.0
613	2447	0	1.0
613	3486	0	1.0
614	2298	0	1.0
614	3049	0	1.0
614	4588	0	1.0
615	2475	0	1.0
615	3218	0	1.0
615	2976	0	1.0
616	3358	0	1.0
616	2438	0	1.0
616	2879	0	1.0
617	3005	0	1.0
617	3519	0	1.0
617	2342	0	1.0
618	3827	0	1.0
618	3719	0	1.0
618	4564	0	1.0
619	2677	0	1.0
619	3849	0	1.0
619	4392	0	1.0
620	3369	0	1.0
620	4226	0	1.0
620	4636	0	1.0
621	3951	0	1.0
621	2510	0	1.0
621	2720	0	1.0
622	2731	0	1.0
622	2482	0	1.0
622	3066	0	1.0
623	3005	0	1.0
623	4139	0	1.0
623	2711	0	1.0
624	4056	0	1.0
624	4390	0	1.0
624	4456	0	1.0
625	2514	0	1.0
625	2423	0	1.0
625	3323	0	1.0
626	4516	0	1.0
626	3765	0	1.0
626	2689	0	1.0
627	4674	0	1.0
627	4310	0	1.0
627	4378	0	1.0
628	3410	0	1.0
628	4636	0	1.0
628	4246	0	1.0
629	3335	0	1.0
629	2382	0	1.0
629	3055	0	1.0
630	4733	0	1.0
630	3222	0	1.0
630	2613	0	1.0
631	2200	0	1.0
631	4680	0	1.0
631	3334	0	1.0
632	2937	0	1.0
632	2519	0	1.0
632	2833	0	1.0
633	3817	0	1.0
633	2960	0	1.0
633	4655	0	1.0
634	2367	0	1.0
634	4212	0	1.0
634	4504	0	1.0
635	2857	0	1.0
635	2995	0	1.0
635	3439	0	1.0
636	4566	0	1.0
636	3825	0	1.0
636	3203	0	1.0
637	2784	0	1.0
637	3256	0	1.0
637	4524	0	1.0
638	2203	0	1.0
638	2482	0	1.0
638	2925	0	1.0
639	4357	0	1.0
639	2846	0	1.0
639	4023	0	1.0
640	3742	0	1.0
640	3362	0	1.0
640	3950	0	1.0
641	3283	0	1.0
641	4495	0	1.0
641	3074	0	1.0
642	2653	0	1.0
642	2574	0	1.0
642	4539	0	1.0
643	3962	0	1.0
643	3916	0	1.0
643	4068	0	1.0
644	3723	0	1.0
644	2268	0	1.0
644	2814	0	1.0
645	3606	0	1.0
645	2233	0	1.0
645	3200	0	1.0
646	2732	0	1.0
646	2924	0	1.0
646	4022	0	1.0
647	2833	0	1.0
647	2467	0	1.0
647	3888	0	1.0
648	3176	0	1.0
648	2510	0	1.0
648	3270	0	1.0
649	2639	0	1.0
649	2773	0	1.0
649	2177	0	1.0
650	4466	0	1.0
650	2241	0	1.0
650	4703	0	1.0
651	3330	0	1.0
651	3518	0	1.0
651	4485	0	1.0
652	4561	0	1.0
652	4214	0	1.0
652	4127	0	1.0
653	4493	0	1.0
653	2187	0	1.0
653	4578	0	1.0
654	3499	0	1.0
654	3588	0	1.0
654	4257	0	1.0
655	3123	0	1.0
655	2357	0	1.0
655	3390	0	1.0
656	2758	0	1.0
656	3951	0	1.0
656	2192	0	1.0
657	3899	0	1.0
657	2438	0	1.0
657	3158	0	1.0
658	2731	0	1.0
658	3531	0	1.0
658	2135	0	1.0
659	4335	0	1.0
659	3519	0	1.0
659	3243	0	1.0
660	4561	0	1.0
660	3102	0	1.0
660	2714	0	1.0
661	2787	0	1.0
661	2333	0	1.0
661	4240	0	1.0
662	3179	0	1.0
662	2355	0	1.0
662	3080	0	1.0
663	4561	0	1.0
663	4214	0	1.0
663	2695	0	1.0
664	3531	0	1.0
664	3845	0	1.0
664	4293	0	1.0
665	3742	0	1.0
665	2990	0	1.0
665	3897	0	1.0
666	2874	0	1.0
666	2345	0	1.0
666	2789	0	1.0
667	2963	0	1.0
667	2732	0	1.0
667	4114	0	1.0
668	3292	0	1.0
668	4213	0	1.0
668	3518	0	1.0
669	4403	0	1.0
669	2464	0	1.0
669	2926	0	1.0
670	3010	0	1.0
670	3107	0	1.0
670	3257	0	1.0
671	2415	0	1.0
671	4274	0	1.0
671	3112	0	1.0
672	4214	0	1.0
672	3438	0	1.0
672	4465	0	1.0
673	3515	0	1.0
673	2237	0	1.0
673	2823	0	1.0
674	3078	0	1.0
674	2438	0	1.0
674	4410	0	1.0
675	2451	0	1.0
675	3287	0	1.0
675	3071	0	1.0
676	3286	0	1.0
676	4139	0	1.0
676	4453	0	1.0
677	2916	0	1.0
677	3758	0	1.0
677	2851	0	1.0
678	2714	0	1.0
678	4246	0	1.0
678	4200	0	1.0
679	2399	0	1.0
679	4024	0	1.0
679	4066	0	1.0
680	3971	0	1.0
680	2595	0	1.0
680	2946	0	1.0
681	3223	0	1.0
681	2392	0	1.0
681	4212	0	1.0
682	2960	0	1.0
682	4114	0	1.0
682	3394	0	1.0
683	4139	0	1.0
683	2939	0	1.0
683	3852	0	1.0
684	3628	0	1.0
684	3922	0	1.0
684	4486	0	1.0
685	2720	0	1.0
685	3065	0	1.0
685	4595	0	1.0
686	2976	0	1.0
686	4453	0	1.0
686	2744	0	1.0
687	3899	0	1.0
687	4680	0	1.0
687	2178	0	1.0
688	2747	0	1.0
688	2821	0	1.0
688	4597	0	1.0
689	2549	0	1.0
689	3765	0	1.0
689	2960	0	1.0
690	2396	0	1.0
690	4285	0	1.0
690	4663	0	1.0
691	3990	0	1.0
691	3987	0	1.0
691	4704	0	1.0
692	3899	0	1.0
692	3742	0	1.0
692	3565	0	1.0
693	3007	0	1.0
693	4232	0	1.0
693	3851	0	1.0
694	4579	0	1.0
694	3390	0	1.0
694	2730	0	1.0
695	3829	0	1.0
695	4137	0	1.0
695	4449	0	1.0
696	2365	0	1.0
696	2700	0	1.0
696	3718	0	1.0
697	2942	0	1.0
697	2787	0	1.0
697	3120	0	1.0
698	4567	0	1.0
698	3341	0	1.0
698	3554	0	1.0
699	2486	0	1.0
699	3386	0	1.0
699	4032	0	1.0
700	2370	0	1.0
700	2582	0	1.0
700	2799	0	1.0
701	4138	0	1.0
701	2730	0	1.0
701	2381	0	1.0
702	4212	0	1.0
702	2485	0	1.0
702	3291	0	1.0
703	4212	0	1.0
703	2135	0	1.0
703	2100	0	1.0
704	2438	0	1.0
704	3872	0	1.0
704	2472	0	1.0
705	4213	0	1.0
705	4431	0	1.0
705	4109	0	1.0
706	4683	0	1.0
706	2510	0	1.0
706	3742	0	1.0
707	4084	0	1.0
707	4732	0	1.0
707	3806	0	1.0
708	2348	0	1.0
708	4240	0	1.0
708	2315	0	1.0
709	3970	0	1.0
709	4457	0	1.0
709	4705	0	1.0
710	2139	0	1.0
710	3094	0	1.0
710	3368	0	1.0
711	2390	0	1.0
711	2124	0	1.0
711	4540	0	1.0
712	2536	0	1.0
712	4213	0	1.0
712	4335	0	1.0
713	3741	0	1.0
713	3287	0	1.0
713	4460	0	1.0
714	4335	0	1.0
714	3804	0	1.0
714	3868	0	1.0
715	3123	0	1.0
715	4608	0	1.0
715	4085	0	1.0
716	2581	0	1.0
716	2723	0	1.0
716	3823	0	1.0
717	4690	0	1.0
717	3483	0	1.0
717	3739	0	1.0
718	3674	0	1.0
718	3867	0	1.0
718	4374	0	1.0
719	2778	0	1.0
719	2270	0	1.0
719	2456	0	1.0
720	3765	0	1.0
720	2583	0	1.0
720	2117	0	1.0
721	4335	0	1.0
721	3104	0	1.0
721	3630	0	1.0
722	3327	0	1.0
722	3989	0	1.0
722	4617	0	1.0
723	3176	0	1.0
723	3863	0	1.0
723	4479	0	1.0
724	2227	0	1.0
724	3962	0	1.0
724	4504	0	1.0
725	3584	0	1.0
725	2105	0	1.0
725	2811	0	1.0
726	3123	0	1.0
726	2577	0	1.0
726	4014	0	1.0
727	4289	0	1.0
727	2800	0	1.0
727	4416	0	1.0
728	3462	0	1.0
728	2861	0	1.0
728	3898	0	1.0
729	2392	0	1.0
729	3453	0	1.0
729	3573	0	1.0
730	2792	0	1.0
730	3469	0	1.0
730	3981	0	1.0
731	3071	0	1.0
731	3334	0	1.0
731	4698	0	1.0
732	3700	0	1.0
732	2661	0	1.0
732	4494	0	1.0
733	4466	0	1.0
733	3523	0	1.0
733	4171	0	1.0
734	3666	0	1.0
734	3740	0	1.0
734	4206	0	1.0
735	4493	0	1.0
735	3335	0	1.0
735	2118	0	1.0
736	3827	0	1.0
736	3480	0	1.0
736	3505	0	1.0
737	3361	0	1.0
737	3254	0	1.0
737	4205	0	1.0
738	3874	0	1.0
738	2386	0	1.0
738	4377	0	1.0
739	2695	0	1.0
739	3920	0	1.0
739	4601	0	1.0
740	3450	0	1.0
740	2510	0	1.0
740	2135	0	1.0
741	4681	0	1.0
741	2118	0	1.0
741	3561	0	1.0
742	2731	0	1.0
742	2416	0	1.0
742	4506	0	1.0
743	2758	0	1.0
743	4297	0	1.0
743	2544	0	1.0
744	3951	0	1.0
744	2566	0	1.0
744	4413	0	1.0
745	2549	0	1.0
745	3064	0	1.0
745	3859	0	1.0
746	2388	0	1.0
746	4648	0	1.0
746	4486	0	1.0
747	2787	0	1.0
747	2276	0	1.0
747	3809	0	1.0
748	4566	0	1.0
748	4298	0	1.0
748	4397	0	1.0
749	3247	0	1.0
749	2338	0	1.0
749	3761	0	1.0
750	2367	0	1.0
750	4212	0	1.0
750	4504	0	1.0
751	2549	0	1.0
751	2917	0	1.0
751	3063	0	1.0
752	3713	0	1.0
752	3922	0	1.0
752	3687	0	1.0
753	3102	0	1.0
753	3119	0	1.0
753	2670	0	1.0
754	4683	0	1.0
754	3495	0	1.0
754	3845	0	1.0
755	2403	0	1.0
755	2112	0	1.0
755	3028	0	1.0
756	2925	0	1.0
756	2186	0	1.0
756	4515	0	1.0
757	4566	0	1.0
757	2541	0	1.0
757	3812	0	1.0
758	3123	0	1.0
758	3873	0	1.0
758	4438	0	1.0
759	2858	0	1.0
759	2485	0	1.0
759	2922	0	1.0
760	2529	0	1.0
760	2732	0	1.0
760	3140	0	1.0
761	2907	0	1.0
761	2371	0	1.0
761	3919	0	1.0
762	2732	0	1.0
762	4647	0	1.0
762	4190	0	1.0
763	4683	0	1.0
763	3125	0	1.0
763	3522	0	1.0
764	3823	0	1.0
764	2869	0	1.0
764	2997	0	1.0
765	2725	0	1.0
765	4244	0	1.0
765	2791	0	1.0
766	3951	0	1.0
766	2209	0	1.0
766	2595	0	1.0
767	4661	0	1.0
767	2526	0	1.0
767	2678	0	1.0
768	4213	0	1.0
768	3147	0	1.0
768	2113	0	1.0
769	4661	0	1.0
769	3809	0	1.0
769	3841	0	1.0
770	4466	0	1.0
770	2422	0	1.0
770	3086	0	1.0
771	2438	0	1.0
771	3800	0	1.0
771	3066	0	1.0
772	4704	0	1.0
772	3164	0	1.0
772	3426	0	1.0
773	3987	0	1.0
773	3287	0	1.0
773	3079	0	1.0
774	4082	0	1.0
774	3656	0	1.0
774	4003	0	1.0
775	3255	0	1.0
775	3806	0	1.0
775	4519	0	1.0
776	2200	0	1.0
776	2635	0	1.0
776	2462	0	1.0
777	2501	0	1.0
777	3032	0	1.0
777	4042	0	1.0
778	2210	0	1.0
778	3269	0	1.0
778	4072	0	1.0
779	4212	0	1.0
779	3916	0	1.0
779	3830	0	1.0
780	4579	0	1.0
780	2333	0	1.0
780	3995	0	1.0
781	3401	0	1.0
781	3749	0	1.0
781	4295	0	1.0
782	4681	0	1.0
782	4264	0	1.0
782	3935	0	1.0
783	2598	0	1.0
783	3213	0	1.0
783	4158	0	1.0
784	2254	0	1.0
784	3771	0	1.0
784	3298	0	1.0
785	3742	0	1.0
785	4364	0	1.0
785	4501	0	1.0
786	4680	0	1.0
786	3757	0	1.0
786	3771	0	1.0
787	4297	0	1.0
787	2408	0	1.0
787	4278	0	1.0
788	2227	0	1.0
788	3827	0	1.0
788	2595	0	1.0
789	3485	0	1.0
789	3899	0	1.0
789	3450	0	1.0
790	4212	0	1.0
790	3522	0	1.0
790	2835	0	1.0
791	2960	0	1.0
791	3881	0	1.0
791	3885	0	1.0
792	2812	0	1.0
792	3351	0	1.0
792	2110	0	1.0
793	2510	0	1.0
793	4410	0	1.0
793	4018	0	1.0
794	2356	0	1.0
794	2429	0	1.0
794	3303	0	1.0
795	3203	0	1.0
795	3018	0	1.0
795	3550	0	1.0
796	4431	0	1.0
796	4253	0	1.0
796	4180	0	1.0
797	4603	0	1.0
797	3040	0	1.0
797	4541	0	1.0
798	4409	0	1.0
798	4085	0	1.0
798	2395	0	1.0
799	2857	0	1.0
799	2706	0	1.0
799	4064	0	1.0
800	2145	0	1.0
800	2220	0	1.0
800	2728	0	1.0
801	3129	0	1.0
801	3617	0	1.0
801	4381	0	1.0
802	4516	0	1.0
802	4583	0	1.0
802	3974	0	1.0
803	4683	0	1.0
803	4261	0	1.0
803	3659	0	1.0
804	4466	0	1.0
804	3171	0	1.0
804	3336	0	1.0
805	3286	0	1.0
805	2135	0	1.0
805	2419	0	1.0
806	4005	0	1.0
806	3512	0	1.0
806	3383	0	1.0
807	2188	0	1.0
807	2359	0	1.0
807	4552	0	1.0
808	3922	0	1.0
808	3687	0	1.0
808	3092	0	1.0
809	2674	0	1.0
809	3567	0	1.0
809	4550	0	1.0
810	3430	0	1.0
810	3485	0	1.0
810	2254	0	1.0
811	2549	0	1.0
811	4633	0	1.0
811	2653	0	1.0
812	3512	0	1.0
812	3465	0	1.0
812	2332	0	1.0
813	3258	0	1.0
813	4178	0	1.0
813	3529	0	1.0
814	3327	0	1.0
814	2324	0	1.0
814	2119	0	1.0
815	4047	0	1.0
815	4571	0	1.0
815	2531	0	1.0
816	2960	0	1.0
816	3577	0	1.0
816	3827	0	1.0
817	4261	0	1.0
817	4733	0	1.0
817	4103	0	1.0
818	4004	0	1.0
818	3027	0	1.0
818	3507	0	1.0
819	4213	0	1.0
819	4214	0	1.0
819	3466	0	1.0
820	3574	0	1.0
820	4566	0	1.0
820	3218	0	1.0
821	3216	0	1.0
821	3001	0	1.0
821	4016	0	1.0
822	3330	0	1.0
822	3316	0	1.0
822	2235	0	1.0
823	3401	0	1.0
823	2588	0	1.0
823	3800	0	1.0
824	2392	0	1.0
824	2242	0	1.0
824	4493	0	1.0
825	3851	0	1.0
825	2174	0	1.0
825	3253	0	1.0
826	3947	0	1.0
826	3884	0	1.0
826	2667	0	1.0
827	3990	0	1.0
827	4289	0	1.0
827	3886	0	1.0
828	2961	0	1.0
828	3752	0	1.0
828	4562	0	1.0
829	2762	0	1.0
829	4212	0	1.0
829	3492	0	1.0
830	2190	0	1.0
830	3423	0	1.0
830	4140	0	1.0
831	3104	0	1.0
831	3665	0	1.0
831	4646	0	1.0
832	4203	0	1.0
832	4215	0	1.0
832	4582	0	1.0
833	3773	0	1.0
833	4666	0	1.0
833	4204	0	1.0
834	3758	0	1.0
834	2171	0	1.0
834	3352	0	1.0
835	3517	0	1.0
835	4221	0	1.0
835	4493	0	1.0
836	2377	0	1.0
836	2540	0	1.0
836	3437	0	1.0
837	3899	0	1.0
837	3852	0	1.0
837	2141	0	1.0
838	4561	0	1.0
838	3462	0	1.0
838	2383	0	1.0
839	3873	0	1.0
839	4575	0	1.0
839	4361	0	1.0
840	4709	0	1.0
840	3644	0	1.0
840	4388	0	1.0
841	4231	0	1.0
841	4084	0	1.0
841	3896	0	1.0
842	3005	0	1.0
842	4438	0	1.0
842	4680	0	1.0
843	4436	0	1.0
843	2118	0	1.0
843	4064	0	1.0
844	2146	0	1.0
844	3390	0	1.0
844	2597	0	1.0
845	3765	0	1.0
845	2117	0	1.0
845	4518	0	1.0
846	2495	0	1.0
846	2191	0	1.0
846	2612	0	1.0
847	3512	0	1.0
847	2390	0	1.0
847	4561	0	1.0
848	2392	0	1.0
848	4732	0	1.0
848	2658	0	1.0
849	4516	0	1.0
849	2787	0	1.0
849	3784	0	1.0
850	3390	0	1.0
850	3585	0	1.0
850	3025	0	1.0
851	4680	0	1.0
851	3599	0	1.0
851	3706	0	1.0
852	3327	0	1.0
852	3800	0	1.0
852	2237	0	1.0
853	2732	0	1.0
853	4065	0	1.0
853	3133	0	1.0
854	4688	0	1.0
854	2343	0	1.0
854	2715	0	1.0
855	2980	0	1.0
855	3283	0	1.0
855	2795	0	1.0
856	4335	0	1.0
856	3742	0	1.0
856	4419	0	1.0
857	3951	0	1.0
857	2318	0	1.0
857	2494	0	1.0
858	2392	0	1.0
858	3765	0	1.0
858	4732	0	1.0
859	2850	0	1.0
859	4438	0	1.0
859	4285	0	1.0
860	2348	0	1.0
860	3703	0	1.0
860	3832	0	1.0
861	3148	0	1.0
861	3105	0	1.0
861	2515	0	1.0
862	2390	0	1.0
862	4232	0	1.0
862	4084	0	1.0
863	3494	0	1.0
863	3899	0	1.0
863	4156	0	1.0
864	3587	0	1.0
864	3920	0	1.0
864	4336	0	1.0
865	4563	0	1.0
865	2787	0	1.0
865	2354	0	1.0
866	2810	0	1.0
866	3914	0	1.0
866	4276	0	1.0
867	2238	0	1.0
867	2891	0	1.0
867	2956	0	1.0
868	4680	0	1.0
868	2917	0	1.0
868	2162	0	1.0
869	4518	0	1.0
869	4336	0	1.0
869	2522	0	1.0
870	3987	0	1.0
870	2600	0	1.0
870	3217	0	1.0
871	3235	0	1.0
871	3060	0	1.0
871	2738	0	1.0
872	2493	0	1.0
872	2868	0	1.0
872	3992	0	1.0
873	2156	0	1.0
873	2848	0	1.0
873	4157	0	1.0
874	3742	0	1.0
874	2196	0	1.0
874	3449	0	1.0
875	4548	0	1.0
875	2679	0	1.0
875	3113	0	1.0
876	2495	0	1.0
876	3018	0	1.0
876	2206	0	1.0
877	4340	0	1.0
877	3707	0	1.0
877	2582	0	1.0
878	3316	0	1.0
878	2725	0	1.0
878	4647	0	1.0
879	2715	0	1.0
879	2274	0	1.0
879	2499	0	1.0
880	3330	0	1.0
880	3450	0	1.0
880	2889	0	1.0
881	3918	0	1.0
881	2186	0	1.0
881	2641	0	1.0
882	3494	0	1.0
882	4397	0	1.0
882	3813	0	1.0
883	3757	0	1.0
883	2185	0	1.0
883	4342	0	1.0
884	3630	0	1.0
884	2967	0	1.0
884	3338	0	1.0
885	2567	0	1.0
885	4087	0	1.0
885	4222	0	1.0
886	4213	0	1.0
886	4214	0	1.0
886	3561	0	1.0
887	3032	0	1.0
887	2274	0	1.0
887	3677	0	1.0
888	4516	0	1.0
888	3874	0	1.0
888	3865	0	1.0
889	3258	0	1.0
889	2588	0	1.0
889	2487	0	1.0
890	2732	0	1.0
890	4314	0	1.0
890	3301	0	1.0
891	3868	0	1.0
891	3275	0	1.0
891	4463	0	1.0
892	4493	0	1.0
892	3518	0	1.0
892	4492	0	1.0
893	3574	0	1.0
893	4076	0	1.0
893	4660	0	1.0
894	4411	0	1.0
894	2896	0	1.0
894	2192	0	1.0
895	2319	0	1.0
895	4117	0	1.0
895	4389	0	1.0
896	3078	0	1.0
896	3462	0	1.0
896	2466	0	1.0
897	2725	0	1.0
897	4040	0	1.0
897	4273	0	1.0
898	2850	0	1.0
898	3383	0	1.0
898	4439	0	1.0
899	3742	0	1.0
899	2622	0	1.0
899	3182	0	1.0
900	4466	0	1.0
900	3464	0	1.0
900	3902	0	1.0
901	3584	0	1.0
901	4164	0	1.0
901	4432	0	1.0
902	2438	0	1.0
902	4199	0	1.0
902	4534	0	1.0
903	2494	0	1.0
903	3077	0	1.0
903	4112	0	1.0
904	2598	0	1.0
904	3006	0	1.0
904	4530	0	1.0
905	2582	0	1.0
905	2233	0	1.0
905	4187	0	1.0
906	3911	0	1.0
906	2442	0	1.0
906	2274	0	1.0
907	4436	0	1.0
907	3854	0	1.0
907	4621	0	1.0
908	4648	0	1.0
908	3006	0	1.0
908	3650	0	1.0
909	2348	0	1.0
909	2233	0	1.0
909	3761	0	1.0
910	3765	0	1.0
910	2768	0	1.0
910	3251	0	1.0
911	3494	0	1.0
911	3430	0	1.0
911	3741	0	1.0
912	3456	0	1.0
912	2555	0	1.0
912	4627	0	1.0
913	3587	0	1.0
913	2596	0	1.0
913	2435	0	1.0
914	3122	0	1.0
914	4047	0	1.0
914	2276	0	1.0
915	2675	0	1.0
915	4036	0	1.0
915	4108	0	1.0
916	3123	0	1.0
916	3914	0	1.0
916	4732	0	1.0
917	3911	0	1.0
917	4323	0	1.0
917	2986	0	1.0
918	2367	0	1.0
918	3804	0	1.0
918	4686	0	1.0
919	3286	0	1.0
919	2620	0	1.0
919	3534	0	1.0
920	2942	0	1.0
920	2725	0	1.0
920	4214	0	1.0
921	3911	0	1.0
921	4603	0	1.0
921	2426	0	1.0
922	2816	0	1.0
922	3053	0	1.0
922	3892	0	1.0
923	2514	0	1.0
923	3600	0	1.0
923	3808	0	1.0
924	2960	0	1.0
924	3615	0	1.0
924	2180	0	1.0
925	2147	0	1.0
925	4100	0	1.0
925	4731	0	1.0
926	4231	0	1.0
926	2661	0	1.0
926	4656	0	1.0
927	4680	0	1.0
927	3409	0	1.0
927	3874	0	1.0
928	3899	0	1.0
928	2219	0	1.0
928	4699	0	1.0
929	3383	0	1.0
929	2936	0	1.0
929	3600	0	1.0
930	3951	0	1.0
930	3446	0	1.0
930	2355	0	1.0
931	2537	0	1.0
931	3371	0	1.0
931	4230	0	1.0
932	3176	0	1.0
932	2723	0	1.0
932	3255	0	1.0
933	3550	0	1.0
933	2696	0	1.0
933	2966	0	1.0
934	4084	0	1.0
934	2505	0	1.0
934	4576	0	1.0
935	3838	0	1.0
935	3098	0	1.0
935	3126	0	1.0
936	3005	0	1.0
936	2179	0	1.0
936	3393	0	1.0
937	3461	0	1.0
937	2993	0	1.0
937	3764	0	1.0
938	3042	0	1.0
938	4369	0	1.0
938	3354	0	1.0
939	2227	0	1.0
939	2732	0	1.0
939	3564	0	1.0
940	3517	0	1.0
940	2788	0	1.0
940	3788	0	1.0
941	3383	0	1.0
941	3147	0	1.0
941	3904	0	1.0
942	4567	0	1.0
942	2893	0	1.0
942	3835	0	1.0
943	2603	0	1.0
943	2776	0	1.0
943	4650	0	1.0
944	3494	0	1.0
944	3198	0	1.0
944	2169	0	1.0
945	3042	0	1.0
945	3918	0	1.0
945	2394	0	1.0
946	2403	0	1.0
946	2411	0	1.0
946	2909	0	1.0
947	3951	0	1.0
947	2371	0	1.0
947	2921	0	1.0
948	2549	0	1.0
948	3615	0	1.0
948	2988	0	1.0
949	3587	0	1.0
949	2778	0	1.0
949	3332	0	1.0
950	2758	0	1.0
950	2144	0	1.0
950	3455	0	1.0
951	3155	0	1.0
951	3758	0	1.0
951	2222	0	1.0
952	2862	0	1.0
952	2992	0	1.0
952	3910	0	1.0
953	4667	0	1.0
953	4364	0	1.0
953	2503	0	1.0
954	4266	0	1.0
954	2116	0	1.0
954	2181	0	1.0
955	2410	0	1.0
955	4466	0	1.0
955	2541	0	1.0
956	2207	0	1.0
956	2769	0	1.0
956	3915	0	1.0
957	4324	0	1.0
957	2952	0	1.0
957	4204	0	1.0
958	3390	0	1.0
958	2424	0	1.0
958	2953	0	1.0
959	4275	0	1.0
959	2568	0	1.0
959	3390	0	1.0
960	4118	0	1.0
960	3541	0	1.0
960	3390	0	1.0
961	2135	0	1.0
961	3771	0	1.0
961	2617	0	1.0
962	3341	0	1.0
962	3554	0	1.0
962	2169	0	1.0
963	3817	0	1.0
963	2352	0	1.0
963	3387	0	1.0
964	3742	0	1.0
964	4340	0	1.0
964	2732	0	1.0
965	3771	0	1.0
965	4123	0	1.0
965	4464	0	1.0
966	3357	0	1.0
966	2201	0	1.0
966	3994	0	1.0
967	2317	0	1.0
967	3552	0	1.0
967	3100	0	1.0
968	3346	0	1.0
968	2833	0	1.0
968	3010	0	1.0
969	3587	0	1.0
969	2623	0	1.0
969	3641	0	1.0
970	3226	0	1.0
970	4012	0	1.0
970	4150	0	1.0
971	2457	0	1.0
971	3015	0	1.0
971	4676	0	1.0
972	2403	0	1.0
972	3364	0	1.0
972	2232	0	1.0
973	2242	0	1.0
973	4132	0	1.0
973	3018	0	1.0
974	4584	0	1.0
974	2732	0	1.0
974	3390	0	1.0
975	2255	0	1.0
975	2394	0	1.0
975	2391	0	1.0
976	4351	0	1.0
976	3899	0	1.0
976	3968	0	1.0
977	4094	0	1.0
977	3005	0	1.0
977	4021	0	1.0
978	2119	0	1.0
978	2823	0	1.0
978	3153	0	1.0
979	3042	0	1.0
979	3106	0	1.0
979	2792	0	1.0
980	4403	0	1.0
980	2732	0	1.0
980	4556	0	1.0
981	2141	0	1.0
981	2854	0	1.0
981	4229	0	1.0
982	2224	0	1.0
982	3918	0	1.0
982	4638	0	1.0
983	2342	0	1.0
983	2859	0	1.0
983	4447	0	1.0
984	4616	0	1.0
984	4314	0	1.0
984	4593	0	1.0
985	2495	0	1.0
985	4186	0	1.0
985	4224	0	1.0
986	4465	0	1.0
986	2428	0	1.0
986	3750	0	1.0
987	2917	0	1.0
987	2864	0	1.0
987	3421	0	1.0
988	2116	0	1.0
988	3073	0	1.0
988	4610	0	1.0
989	3587	0	1.0
989	2588	0	1.0
989	3516	0	1.0
990	3494	0	1.0
990	3319	0	1.0
990	3657	0	1.0
991	4466	0	1.0
991	2844	0	1.0
991	4234	0	1.0
992	4156	0	1.0
992	2515	0	1.0
992	2759	0	1.0
993	4534	0	1.0
993	3634	0	1.0
993	4557	0	1.0
994	4680	0	1.0
994	4214	0	1.0
994	3364	0	1.0
995	3461	0	1.0
995	4732	0	1.0
995	4518	0	1.0
996	2174	0	1.0
996	2641	0	1.0
996	3948	0	1.0
997	3874	0	1.0
997	3865	0	1.0
997	3137	0	1.0
998	2310	0	1.0
998	2118	0	1.0
998	3293	0	1.0
999	3531	0	1.0
999	4539	0	1.0
999	2177	0	1.0
1000	2971	0	1.0
1000	3800	0	1.0
1000	4691	0	1.0
1001	4439	0	1.0
1001	2689	0	1.0
1001	4651	0	1.0
1002	2726	0	1.0
1002	2943	0	1.0
1002	4379	0	1.0
1003	4167	0	1.0
1003	4622	0	1.0
1003	4679	0	1.0
1004	3488	0	1.0
1004	2320	0	1.0
1004	3913	0	1.0
1005	3951	0	1.0
1005	3800	0	1.0
1005	3390	0	1.0
1006	3372	0	1.0
1006	3412	0	1.0
1006	4659	0	1.0
1007	3264	0	1.0
1007	4209	0	1.0
1007	4469	0	1.0
1008	3430	0	1.0
1008	3574	0	1.0
1008	3284	0	1.0
1009	2438	0	1.0
1009	4332	0	1.0
1009	2707	0	1.0
1010	4648	0	1.0
1010	2512	0	1.0
1010	2676	0	1.0
1011	2370	0	1.0
1011	2161	0	1.0
1011	3452	0	1.0
1012	2411	0	1.0
1012	3325	0	1.0
1012	3980	0	1.0
1013	4537	0	1.0
1013	2474	0	1.0
1013	3667	0	1.0
1014	2125	0	1.0
1014	2605	0	1.0
1014	3928	0	1.0
1015	3758	0	1.0
1015	4680	0	1.0
1015	3335	0	1.0
1016	3165	0	1.0
1016	4119	0	1.0
1016	4702	0	1.0
1017	2475	0	1.0
1017	4597	0	1.0
1017	3520	0	1.0
1018	4306	0	1.0
1018	3742	0	1.0
1018	3024	0	1.0
1019	2254	0	1.0
1019	3274	0	1.0
1019	2371	0	1.0
1020	4677	0	1.0
1020	2751	0	1.0
1020	3166	0	1.0
1021	3358	0	1.0
1021	3553	0	1.0
1021	3999	0	1.0
1022	3584	0	1.0
1022	3669	0	1.0
1022	4708	0	1.0
1023	3951	0	1.0
1023	2509	0	1.0
1023	3141	0	1.0
1024	3155	0	1.0
1024	4732	0	1.0
1024	3997	0	1.0
1025	2970	0	1.0
1025	3678	0	1.0
1025	4618	0	1.0
1026	2317	0	1.0
1026	3940	0	1.0
1026	4308	0	1.0
1027	2645	0	1.0
1027	4536	0	1.0
1027	4553	0	1.0
1028	3542	0	1.0
1028	3240	0	1.0
1028	3009	0	1.0
1029	4486	0	1.0
1029	4336	0	1.0
1029	2578	0	1.0
1030	3005	0	1.0
1030	4357	0	1.0
1030	2650	0	1.0
1031	2960	0	1.0
1031	2773	0	1.0
1031	4066	0	1.0
1032	2390	0	1.0
1032	4212	0	1.0
1032	3881	0	1.0
1033	4466	0	1.0
1033	3388	0	1.0
1033	3720	0	1.0
1034	3358	0	1.0
1034	2725	0	1.0
1034	2243	0	1.0
1035	3198	0	1.0
1035	4308	0	1.0
1035	3069	0	1.0
1036	4409	0	1.0
1036	4583	0	1.0
1036	2735	0	1.0
1037	2648	0	1.0
1037	4413	0	1.0
1037	2647	0	1.0
1038	2886	0	1.0
1038	3836	0	1.0
1038	4202	0	1.0
1039	4436	0	1.0
1039	4647	0	1.0
1039	2833	0	1.0
1040	3899	0	1.0
1040	3255	0	1.0
1040	2371	0	1.0
1041	2518	0	1.0
1041	3380	0	1.0
1041	3591	0	1.0
1042	4561	0	1.0
1042	3029	0	1.0
1042	4678	0	1.0
1043	2286	0	1.0
1043	2507	0	1.0
1043	4624	0	1.0
1044	3176	0	1.0
1044	4584	0	1.0
1044	3880	0	1.0
1045	2495	0	1.0
1045	4205	0	1.0
1045	2708	0	1.0
1046	3390	0	1.0
1046	2575	0	1.0
1046	2793	0	1.0
1047	3059	0	1.0
1047	3885	0	1.0
1047	3391	0	1.0
1048	4084	0	1.0
1048	2717	0	1.0
1048	3733	0	1.0
1049	2796	0	1.0
1049	3323	0	1.0
1049	2950	0	1.0
1050	3845	0	1.0
1050	2726	0	1.0
1050	4696	0	1.0
1051	3721	0	1.0
1051	4168	0	1.0
1051	4235	0	1.0
1052	4297	0	1.0
1052	2496	0	1.0
1052	4148	0	1.0
1053	3899	0	1.0
1053	2430	0	1.0
1053	2119	0	1.0
1054	3198	0	1.0
1054	2289	0	1.0
1054	3877	0	1.0
1055	4682	0	1.0
1055	2717	0	1.0
1055	2680	0	1.0
1056	2839	0	1.0
1056	2385	0	1.0
1056	4402	0	1.0
1057	4474	0	1.0
1057	2258	0	1.0
1057	4211	0	1.0
1058	3465	0	1.0
1058	2510	0	1.0
1058	4212	0	1.0
1059	2371	0	1.0
1059	2902	0	1.0
1059	2904	0	1.0
1060	3951	0	1.0
1060	3159	0	1.0
1060	3228	0	1.0
1061	3255	0	1.0
1061	3660	0	1.0
1061	4581	0	1.0
1062	4022	0	1.0
1062	2904	0	1.0
1062	2713	0	1.0
1063	3123	0	1.0
1063	2208	0	1.0
1063	4125	0	1.0
1064	4582	0	1.0
1064	2770	0	1.0
1064	3195	0	1.0
1065	3998	0	1.0
1065	2220	0	1.0
1065	2662	0	1.0
1066	3996	0	1.0
1066	2881	0	1.0
1066	3787	0	1.0
1067	3111	0	1.0
1067	3905	0	1.0
1067	4712	0	1.0
1068	3014	0	1.0
1068	4272	0	1.0
1068	2445	0	1.0
1069	2250	0	1.0
1069	3396	0	1.0
1069	3558	0	1.0
1070	2438	0	1.0
1070	3991	0	1.0
1070	2996	0	1.0
1071	4209	0	1.0
1071	3075	0	1.0
1071	3670	0	1.0
1072	3492	0	1.0
1072	3293	0	1.0
1072	3273	0	1.0
1073	3720	0	1.0
1073	4687	0	1.0
1073	4697	0	1.0
1074	2549	0	1.0
1074	3223	0	1.0
1074	2392	0	1.0
1075	4289	0	1.0
1075	2614	0	1.0
1075	2730	0	1.0
1076	3555	0	1.0
1076	3209	0	1.0
1076	4513	0	1.0
1077	4335	0	1.0
1077	3899	0	1.0
1077	2196	0	1.0
1078	2451	0	1.0
1078	3216	0	1.0
1078	3641	0	1.0
1079	4297	0	1.0
1079	4466	0	1.0
1079	2161	0	1.0
1080	3494	0	1.0
1080	3987	0	1.0
1080	3765	0	1.0
1081	2187	0	1.0
1081	4578	0	1.0
1081	2383	0	1.0
1082	2634	0	1.0
1082	3239	0	1.0
1082	4339	0	1.0
1083	4566	0	1.0
1083	3620	0	1.0
1083	4265	0	1.0
1084	2217	0	1.0
1084	2785	0	1.0
1084	3679	0	1.0
1085	2465	0	1.0
1085	4291	0	1.0
1085	4292	0	1.0
1086	2464	0	1.0
1086	4150	0	1.0
1086	2308	0	1.0
1087	3555	0	1.0
1087	3209	0	1.0
1087	4513	0	1.0
1088	4680	0	1.0
1088	2614	0	1.0
1088	2178	0	1.0
1089	3800	0	1.0
1089	4627	0	1.0
1089	3727	0	1.0
1090	2569	0	1.0
1090	3005	0	1.0
1090	3952	0	1.0
1091	3081	0	1.0
1091	4084	0	1.0
1091	3742	0	1.0
1092	2348	0	1.0
1092	3439	0	1.0
1092	4205	0	1.0
1093	4047	0	1.0
1093	2434	0	1.0
1093	4675	0	1.0
1094	2242	0	1.0
1094	4156	0	1.0
1094	4212	0	1.0
1095	2435	0	1.0
1095	3989	0	1.0
1095	3906	0	1.0
1096	4677	0	1.0
1096	2863	0	1.0
1096	4505	0	1.0
1097	3007	0	1.0
1097	2382	0	1.0
1097	2619	0	1.0
1098	4690	0	1.0
1098	2731	0	1.0
1098	2816	0	1.0
1099	3078	0	1.0
1099	3330	0	1.0
1099	3152	0	1.0
1100	3162	0	1.0
1100	2435	0	1.0
1100	4459	0	1.0
1101	2523	0	1.0
1101	3183	0	1.0
1101	4296	0	1.0
1102	2529	0	1.0
1102	3699	0	1.0
1102	3931	0	1.0
1103	3078	0	1.0
1103	2390	0	1.0
1103	3390	0	1.0
1104	2158	0	1.0
1104	2901	0	1.0
1104	3085	0	1.0
1105	3044	0	1.0
1105	4518	0	1.0
1105	3767	0	1.0
1106	2759	0	1.0
1106	2703	0	1.0
1106	3428	0	1.0
1107	4566	0	1.0
1107	2201	0	1.0
1107	3708	0	1.0
1108	2689	0	1.0
1108	3280	0	1.0
1108	4301	0	1.0
1109	3603	0	1.0
1109	3695	0	1.0
1109	4091	0	1.0
1110	3996	0	1.0
1110	3604	0	1.0
1110	3941	0	1.0
1111	3512	0	1.0
1111	2729	0	1.0
1111	4222	0	1.0
1112	2917	0	1.0
1112	3872	0	1.0
1112	3824	0	1.0
1113	3021	0	1.0
1113	3122	0	1.0
1113	3852	0	1.0
1114	3765	0	1.0
1114	2908	0	1.0
1114	3686	0	1.0
1115	2916	0	1.0
1115	3587	0	1.0
1115	2130	0	1.0
1116	2549	0	1.0
1116	4335	0	1.0
1116	3042	0	1.0
1117	2560	0	1.0
1117	3494	0	1.0
1117	3602	0	1.0
1118	2403	0	1.0
1118	3344	0	1.0
1118	4045	0	1.0
1119	2627	0	1.0
1119	3340	0	1.0
1119	4271	0	1.0
1120	2275	0	1.0
1120	2740	0	1.0
1120	3283	0	1.0
1121	2172	0	1.0
1121	2738	0	1.0
1121	4590	0	1.0
1122	2410	0	1.0
1122	2719	0	1.0
1122	4262	0	1.0
1123	3450	0	1.0
1123	2795	0	1.0
1123	2797	0	1.0
1124	2596	0	1.0
1124	3218	0	1.0
1124	3981	0	1.0
1125	3495	0	1.0
1125	2307	0	1.0
1125	2444	0	1.0
1126	3326	0	1.0
1126	4345	0	1.0
1126	4446	0	1.0
1127	3742	0	1.0
1127	2712	0	1.0
1127	4659	0	1.0
1128	3899	0	1.0
1128	3765	0	1.0
1128	2254	0	1.0
1129	3373	0	1.0
1129	3623	0	1.0
1129	4349	0	1.0
1130	3052	0	1.0
1130	3328	0	1.0
1130	4307	0	1.0
1131	3312	0	1.0
1131	3342	0	1.0
1131	3652	0	1.0
1132	3078	0	1.0
1132	2823	0	1.0
1132	4307	0	1.0
1133	2388	0	1.0
1133	4344	0	1.0
1133	2995	0	1.0
1134	2379	0	1.0
1134	3234	0	1.0
1134	3929	0	1.0
1135	3888	0	1.0
1135	3385	0	1.0
1135	4577	0	1.0
1136	3484	0	1.0
1136	3438	0	1.0
1136	3852	0	1.0
1137	3140	0	1.0
1137	4125	0	1.0
1137	3912	0	1.0
1138	2488	0	1.0
1138	2114	0	1.0
1138	3245	0	1.0
1139	3194	0	1.0
1139	2443	0	1.0
1139	4653	0	1.0
1140	3494	0	1.0
1140	2996	0	1.0
1140	2228	0	1.0
1141	3062	0	1.0
1141	3267	0	1.0
1141	3413	0	1.0
1142	3604	0	1.0
1142	3757	0	1.0
1142	4373	0	1.0
1143	3587	0	1.0
1143	2510	0	1.0
1143	4361	0	1.0
1144	3346	0	1.0
1144	4057	0	1.0
1144	3311	0	1.0
1145	4566	0	1.0
1145	4427	0	1.0
1145	4514	0	1.0
1146	3961	0	1.0
1146	4030	0	1.0
1146	4626	0	1.0
1147	3675	0	1.0
1147	2100	0	1.0
1147	2343	0	1.0
1148	2475	0	1.0
1148	3808	0	1.0
1148	2240	0	1.0
1149	4261	0	1.0
1149	2681	0	1.0
1149	3246	0	1.0
1150	4272	0	1.0
1150	2226	0	1.0
1150	3271	0	1.0
1151	2461	0	1.0
1151	3985	0	1.0
1151	4623	0	1.0
1152	4430	0	1.0
1152	2478	0	1.0
1152	3408	0	1.0
1153	4335	0	1.0
1153	2324	0	1.0
1153	3914	0	1.0
1154	2916	0	1.0
1154	3450	0	1.0
1154	2510	0	1.0
1155	4212	0	1.0
1155	2678	0	1.0
1155	2698	0	1.0
1156	2798	0	1.0
1156	2580	0	1.0
1156	3592	0	1.0
1157	3351	0	1.0
1157	2450	0	1.0
1157	3244	0	1.0
1158	2942	0	1.0
1158	2858	0	1.0
1158	3110	0	1.0
1159	3123	0	1.0
1159	4212	0	1.0
1159	3305	0	1.0
1160	3921	0	1.0
1160	3882	0	1.0
1160	4452	0	1.0
1161	2555	0	1.0
1161	3179	0	1.0
1161	2640	0	1.0
1162	2135	0	1.0
1162	2419	0	1.0
1162	3721	0	1.0
1163	4211	0	1.0
1163	2376	0	1.0
1163	2829	0	1.0
1164	3512	0	1.0
1164	4197	0	1.0
1164	4387	0	1.0
1165	3951	0	1.0
1165	3845	0	1.0
1165	4082	0	1.0
1166	4466	0	1.0
1166	3885	0	1.0
1166	3551	0	1.0
1167	3911	0	1.0
1167	2958	0	1.0
1167	3978	0	1.0
1168	4667	0	1.0
1168	2468	0	1.0
1168	3067	0	1.0
1169	3019	0	1.0
1169	2348	0	1.0
1169	3800	0	1.0
1170	2227	0	1.0
1170	4453	0	1.0
1170	3124	0	1.0
1171	3831	0	1.0
1171	4019	0	1.0
1171	4174	0	1.0
1172	3111	0	1.0
1172	3070	0	1.0
1172	3738	0	1.0
1173	2374	0	1.0
1173	3730	0	1.0
1173	4195	0	1.0
1174	3154	0	1.0
1174	3997	0	1.0
1174	3931	0	1.0
1175	4528	0	1.0
1175	4497	0	1.0
1175	2215	0	1.0
1176	4597	0	1.0
1176	2161	0	1.0
1176	3343	0	1.0
1177	4297	0	1.0
1177	3364	0	1.0
1177	4023	0	1.0
1178	2648	0	1.0
1178	4413	0	1.0
1178	2647	0	1.0
1179	3409	0	1.0
1179	2192	0	1.0
1179	3009	0	1.0
1180	4351	0	1.0
1180	2336	0	1.0
1180	3865	0	1.0
1181	3650	0	1.0
1181	2240	0	1.0
1181	3174	0	1.0
1182	2653	0	1.0
1182	4704	0	1.0
1182	3824	0	1.0
1183	2731	0	1.0
1183	3974	0	1.0
1183	2813	0	1.0
1184	2939	0	1.0
1184	3787	0	1.0
1184	4531	0	1.0
1185	4272	0	1.0
1185	4276	0	1.0
1185	2420	0	1.0
1186	2420	0	1.0
1186	3299	0	1.0
1186	3754	0	1.0
1187	2981	0	1.0
1187	3307	0	1.0
1187	3626	0	1.0
1188	2858	0	1.0
1188	2241	0	1.0
1188	3463	0	1.0
1189	4138	0	1.0
1189	3708	0	1.0
1189	3161	0	1.0
1190	4410	0	1.0
1190	2156	0	1.0
1190	2277	0	1.0
1191	3354	0	1.0
1191	2108	0	1.0
1191	4327	0	1.0
1192	2227	0	1.0
1192	2904	0	1.0
1192	3623	0	1.0
1193	3116	0	1.0
1193	3612	0	1.0
1193	4728	0	1.0
1194	3222	0	1.0
1194	2342	0	1.0
1194	3315	0	1.0
1195	3255	0	1.0
1195	2223	0	1.0
1195	4473	0	1.0
1196	3175	0	1.0
1196	3179	0	1.0
1196	3521	0	1.0
1197	2534	0	1.0
1197	2885	0	1.0
1197	3417	0	1.0
1198	2117	0	1.0
1198	2368	0	1.0
1198	2920	0	1.0
1199	2971	0	1.0
1199	3758	0	1.0
1199	4528	0	1.0
1200	2294	0	1.0
1200	3852	0	1.0
1200	2696	0	1.0
1201	2261	0	1.0
1201	4098	0	1.0
1201	4477	0	1.0
1202	2272	0	1.0
1202	2427	0	1.0
1202	3855	0	1.0
1203	4563	0	1.0
1203	4424	0	1.0
1203	2587	0	1.0
1204	4047	0	1.0
1204	4648	0	1.0
1204	3350	0	1.0
1205	2482	0	1.0
1205	3721	0	1.0
1205	2283	0	1.0
1206	2115	0	1.0
1206	3821	0	1.0
1206	4353	0	1.0
1207	2501	0	1.0
1207	4530	0	1.0
1207	3997	0	1.0
1208	3687	0	1.0
1208	3092	0	1.0
1208	4225	0	1.0
1209	4212	0	1.0
1209	4466	0	1.0
1209	4007	0	1.0
1210	4581	0	1.0
1210	4473	0	1.0
1210	4671	0	1.0
1211	2875	0	1.0
1211	3727	0	1.0
1211	2607	0	1.0
1212	3316	0	1.0
1212	2960	0	1.0
1212	2866	0	1.0
1213	2289	0	1.0
1213	3775	0	1.0
1213	4079	0	1.0
1214	4436	0	1.0
1214	2161	0	1.0
1214	2845	0	1.0
1215	2142	0	1.0
1215	3341	0	1.0
1215	3554	0	1.0
1216	4581	0	1.0
1216	2840	0	1.0
1216	3045	0	1.0
1217	2560	0	1.0
1217	3122	0	1.0
1217	4221	0	1.0
1218	2732	0	1.0
1218	4653	0	1.0
1218	2715	0	1.0
1219	2342	0	1.0
1219	2356	0	1.0
1219	3201	0	1.0
1220	4328	0	1.0
1220	3206	0	1.0
1220	2241	0	1.0
1221	2624	0	1.0
1221	2654	0	1.0
1221	2820	0	1.0
1222	4388	0	1.0
1222	3420	0	1.0
1222	4407	0	1.0
1223	3460	0	1.0
1223	3257	0	1.0
1223	3469	0	1.0
1224	3078	0	1.0
1224	4040	0	1.0
1224	2349	0	1.0
1225	2337	0	1.0
1225	2626	0	1.0
1225	3760	0	1.0
1226	2929	0	1.0
1226	3892	0	1.0
1226	3691	0	1.0
1227	3198	0	1.0
1227	2875	0	1.0
1227	3169	0	1.0
1228	4648	0	1.0
1228	2382	0	1.0
1228	3969	0	1.0
1229	4575	0	1.0
1229	3575	0	1.0
1229	4619	0	1.0
1230	2432	0	1.0
1230	3208	0	1.0
1230	3866	0	1.0
1231	3011	0	1.0
1231	2705	0	1.0
1231	4282	0	1.0
1232	2731	0	1.0
1232	2501	0	1.0
1232	3952	0	1.0
1233	2529	0	1.0
1233	3661	0	1.0
1233	3945	0	1.0
1234	4466	0	1.0
1234	2979	0	1.0
1234	4088	0	1.0
1235	3333	0	1.0
1235	3235	0	1.0
1235	4008	0	1.0
1236	2731	0	1.0
1236	2237	0	1.0
1236	4518	0	1.0
1237	3078	0	1.0
1237	2390	0	1.0
1237	3495	0	1.0
1238	2960	0	1.0
1238	2257	0	1.0
1238	2565	0	1.0
1239	2536	0	1.0
1239	3990	0	1.0
1239	2165	0	1.0
1240	3261	0	1.0
1240	3926	0	1.0
1240	4031	0	1.0
1241	2438	0	1.0
1241	3492	0	1.0
1241	4595	0	1.0
1242	2633	0	1.0
1242	2178	0	1.0
1242	3935	0	1.0
1243	3899	0	1.0
1243	3006	0	1.0
1243	3848	0	1.0
1244	3517	0	1.0
1244	4493	0	1.0
1244	2237	0	1.0
1245	2732	0	1.0
1245	2243	0	1.0
1245	3544	0	1.0
1246	2670	0	1.0
1246	4066	0	1.0
1246	4476	0	1.0
1247	4518	0	1.0
1247	3546	0	1.0
1247	3894	0	1.0
1248	2150	0	1.0
1248	2895	0	1.0
1248	4713	0	1.0
1249	3651	0	1.0
1249	3438	0	1.0
1249	3079	0	1.0
1250	2297	0	1.0
1250	2335	0	1.0
1250	3514	0	1.0
1251	2617	0	1.0
1251	2504	0	1.0
1251	2593	0	1.0
1252	3899	0	1.0
1252	3006	0	1.0
1252	4490	0	1.0
1253	3122	0	1.0
1253	2510	0	1.0
1253	2574	0	1.0
1254	4648	0	1.0
1254	3536	0	1.0
1254	3201	0	1.0
1255	2850	0	1.0
1255	2348	0	1.0
1255	2392	0	1.0
1256	2614	0	1.0
1256	4659	0	1.0
1256	2161	0	1.0
1257	4189	0	1.0
1257	2653	0	1.0
1257	4146	0	1.0
1258	2254	0	1.0
1258	4546	0	1.0
1258	2589	0	1.0
1259	4704	0	1.0
1259	2366	0	1.0
1259	3734	0	1.0
1260	3921	0	1.0
1260	4453	0	1.0
1260	3312	0	1.0
1261	2522	0	1.0
1261	3472	0	1.0
1261	4000	0	1.0
1262	2336	0	1.0
1262	4595	0	1.0
1262	2791	0	1.0
1263	2392	0	1.0
1263	4205	0	1.0
1263	3865	0	1.0
1264	3869	0	1.0
1264	3524	0	1.0
1264	3648	0	1.0
1265	4226	0	1.0
1265	4636	0	1.0
1265	3902	0	1.0
1266	3819	0	1.0
1266	3086	0	1.0
1266	4689	0	1.0
1267	3351	0	1.0
1267	2778	0	1.0
1267	3594	0	1.0
1268	4156	0	1.0
1268	3942	0	1.0
1268	4454	0	1.0
1269	3504	0	1.0
1269	2480	0	1.0
1269	4104	0	1.0
1270	2666	0	1.0
1270	2515	0	1.0
1270	2161	0	1.0
1271	3494	0	1.0
1271	3602	0	1.0
1271	4151	0	1.0
1272	3198	0	1.0
1272	3742	0	1.0
1272	2433	0	1.0
1273	2242	0	1.0
1273	3800	0	1.0
1273	4143	0	1.0
1274	3330	0	1.0
1274	4467	0	1.0
1274	2865	0	1.0
1275	3494	0	1.0
1275	3361	0	1.0
1275	3264	0	1.0
1276	4125	0	1.0
1276	2202	0	1.0
1276	3366	0	1.0
1277	2336	0	1.0
1277	3954	0	1.0
1277	4383	0	1.0
1278	2588	0	1.0
1278	3519	0	1.0
1278	3412	0	1.0
1279	3494	0	1.0
1279	4040	0	1.0
1279	3751	0	1.0
1280	3462	0	1.0
1280	3806	0	1.0
1280	3935	0	1.0
1281	4573	0	1.0
1281	4678	0	1.0
1281	3547	0	1.0
1282	3348	0	1.0
1282	3685	0	1.0
1282	3917	0	1.0
1283	3574	0	1.0
1283	2245	0	1.0
1283	3381	0	1.0
1284	4340	0	1.0
1284	2795	0	1.0
1284	3482	0	1.0
1285	2534	0	1.0
1285	3665	0	1.0
1285	4324	0	1.0
1286	2169	0	1.0
1286	2719	0	1.0
1286	4195	0	1.0
1287	3873	0	1.0
1287	3410	0	1.0
1287	3733	0	1.0
1288	2529	0	1.0
1288	3057	0	1.0
1288	3503	0	1.0
1289	4281	0	1.0
1289	2293	0	1.0
1289	4566	0	1.0
1290	2723	0	1.0
1290	2732	0	1.0
1290	2134	0	1.0
1291	3770	0	1.0
1291	2513	0	1.0
1291	3653	0	1.0
1292	2336	0	1.0
1292	4231	0	1.0
1292	2235	0	1.0
1293	3486	0	1.0
1293	2611	0	1.0
1293	4451	0	1.0
1294	3878	0	1.0
1294	4231	0	1.0
1294	2558	0	1.0
1295	3334	0	1.0
1295	3335	0	1.0
1295	4537	0	1.0
1296	2833	0	1.0
1296	4453	0	1.0
1296	4642	0	1.0
1297	3327	0	1.0
1297	2243	0	1.0
1297	2135	0	1.0
1298	2590	0	1.0
1298	3874	0	1.0
1298	3186	0	1.0
1299	3078	0	1.0
1299	4566	0	1.0
1299	4431	0	1.0
1300	3873	0	1.0
1300	2306	0	1.0
1300	3146	0	1.0
1301	3990	0	1.0
1301	3410	0	1.0
1301	3739	0	1.0
1302	4557	0	1.0
1302	2656	0	1.0
1302	3975	0	1.0
1303	2278	0	1.0
1303	3511	0	1.0
1303	4442	0	1.0
1304	4579	0	1.0
1304	3714	0	1.0
1304	4655	0	1.0
1305	3374	0	1.0
1305	4488	0	1.0
1305	4640	0	1.0
1306	3879	0	1.0
1306	3529	0	1.0
1306	4131	0	1.0
1307	2802	0	1.0
1307	2843	0	1.0
1307	2914	0	1.0
1308	3026	0	1.0
1308	3454	0	1.0
1308	4372	0	1.0
1309	3914	0	1.0
1309	3390	0	1.0
1309	2591	0	1.0
1310	3911	0	1.0
1310	3574	0	1.0
1310	3416	0	1.0
1311	3566	0	1.0
1311	2104	0	1.0
1311	2436	0	1.0
1312	2115	0	1.0
1312	4211	0	1.0
1312	3491	0	1.0
1313	2355	0	1.0
1313	3248	0	1.0
1313	3356	0	1.0
1314	2403	0	1.0
1314	2777	0	1.0
1314	4398	0	1.0
1315	2408	0	1.0
1315	4689	0	1.0
1315	4300	0	1.0
1316	4431	0	1.0
1316	2952	0	1.0
1316	3868	0	1.0
1317	2492	0	1.0
1317	2463	0	1.0
1317	2572	0	1.0
1318	3494	0	1.0
1318	2370	0	1.0
1318	3571	0	1.0
1319	4212	0	1.0
1319	3370	0	1.0
1319	2623	0	1.0
1320	2647	0	1.0
1320	2341	0	1.0
1320	2871	0	1.0
1321	4040	0	1.0
1321	3079	0	1.0
1321	2918	0	1.0
1322	2451	0	1.0
1322	3890	0	1.0
1322	3949	0	1.0
1323	2242	0	1.0
1323	4439	0	1.0
1323	3278	0	1.0
1324	4683	0	1.0
1324	2810	0	1.0
1324	2144	0	1.0
1325	2326	0	1.0
1325	3467	0	1.0
1325	4169	0	1.0
1326	3258	0	1.0
1326	3991	0	1.0
1326	4092	0	1.0
1327	4213	0	1.0
1327	4197	0	1.0
1327	4182	0	1.0
1328	4595	0	1.0
1328	2780	0	1.0
1328	3697	0	1.0
1329	3133	0	1.0
1329	2183	0	1.0
1329	3807	0	1.0
1330	2738	0	1.0
1330	4096	0	1.0
1330	4368	0	1.0
1331	3358	0	1.0
1331	2109	0	1.0
1331	2641	0	1.0
1332	3260	0	1.0
1332	3834	0	1.0
1332	4181	0	1.0
1333	2751	0	1.0
1333	2154	0	1.0
1333	3636	0	1.0
1334	3176	0	1.0
1334	2581	0	1.0
1334	4672	0	1.0
1335	3512	0	1.0
1335	3330	0	1.0
1335	2288	0	1.0
1336	2403	0	1.0
1336	2425	0	1.0
1336	3753	0	1.0
1337	2158	0	1.0
1337	2460	0	1.0
1337	4165	0	1.0
1338	3587	0	1.0
1338	2184	0	1.0
1338	3649	0	1.0
1339	2217	0	1.0
1339	4561	0	1.0
1339	3800	0	1.0
1340	2570	0	1.0
1340	2655	0	1.0
1340	4260	0	1.0
1341	4537	0	1.0
1341	3752	0	1.0
1341	3912	0	1.0
1342	3494	0	1.0
1342	4340	0	1.0
1342	3163	0	1.0
1343	4253	0	1.0
1343	3004	0	1.0
1343	2986	0	1.0
1344	4516	0	1.0
1344	3258	0	1.0
1344	3856	0	1.0
1345	4575	0	1.0
1345	2304	0	1.0
1345	4375	0	1.0
1346	2390	0	1.0
1346	4605	0	1.0
1346	2902	0	1.0
1347	3563	0	1.0
1347	4046	0	1.0
1347	4135	0	1.0
1348	3887	0	1.0
1348	3718	0	1.0
1348	3772	0	1.0
1349	3700	0	1.0
1349	3014	0	1.0
1349	2328	0	1.0
1350	2590	0	1.0
1350	4670	0	1.0
1350	3398	0	1.0
1351	4197	0	1.0
1351	4513	0	1.0
1351	3496	0	1.0
1352	3358	0	1.0
1352	3103	0	1.0
1352	4406	0	1.0
1353	2229	0	1.0
1353	3557	0	1.0
1353	3712	0	1.0
1354	2146	0	1.0
1354	4170	0	1.0
1354	2265	0	1.0
1355	2115	0	1.0
1355	4515	0	1.0
1355	3310	0	1.0
1356	2723	0	1.0
1356	4139	0	1.0
1356	3244	0	1.0
1357	4579	0	1.0
1357	3258	0	1.0
1357	3389	0	1.0
1358	4059	0	1.0
1358	2983	0	1.0
1358	4192	0	1.0
1359	3988	0	1.0
1359	3308	0	1.0
1359	4234	0	1.0
1360	3992	0	1.0
1360	2920	0	1.0
1360	3068	0	1.0
1361	3204	0	1.0
1361	3237	0	1.0
1361	4543	0	1.0
1362	2818	0	1.0
1362	2999	0	1.0
1362	3693	0	1.0
1363	2173	0	1.0
1363	2363	0	1.0
1363	4478	0	1.0
1364	4297	0	1.0
1364	4306	0	1.0
1364	2788	0	1.0
1365	2133	0	1.0
1365	2342	0	1.0
1365	2339	0	1.0
1366	3499	0	1.0
1366	2195	0	1.0
1366	3095	0	1.0
1367	4579	0	1.0
1367	3403	0	1.0
1367	3793	0	1.0
1368	4173	0	1.0
1368	4454	0	1.0
1368	2958	0	1.0
1369	3042	0	1.0
1369	3707	0	1.0
1369	2836	0	1.0
1370	2697	0	1.0
1370	3037	0	1.0
1370	3487	0	1.0
1371	3951	0	1.0
1371	3709	0	1.0
1371	4312	0	1.0
1372	3013	0	1.0
1372	3792	0	1.0
1372	4523	0	1.0
1373	3327	0	1.0
1373	2510	0	1.0
1373	2578	0	1.0
1374	3585	0	1.0
1374	2880	0	1.0
1374	4654	0	1.0
1375	3383	0	1.0
1375	2731	0	1.0
1375	2960	0	1.0
1376	2890	0	1.0
1376	4507	0	1.0
1376	4585	0	1.0
1377	4667	0	1.0
1377	3650	0	1.0
1377	4046	0	1.0
1378	4561	0	1.0
1378	2725	0	1.0
1378	3492	0	1.0
1379	2435	0	1.0
1379	2343	0	1.0
1379	3824	0	1.0
1380	2486	0	1.0
1380	4524	0	1.0
1380	3931	0	1.0
1381	2418	0	1.0
1381	3288	0	1.0
1381	3526	0	1.0
1382	3776	0	1.0
1382	2668	0	1.0
1382	4639	0	1.0
1383	3889	0	1.0
1383	4286	0	1.0
1383	4422	0	1.0
1384	3472	0	1.0
1384	3598	0	1.0
1384	4110	0	1.0
1385	3544	0	1.0
1385	2809	0	1.0
1385	3682	0	1.0
1386	4425	0	1.0
1386	4354	0	1.0
1386	3521	0	1.0
1387	3176	0	1.0
1387	4148	0	1.0
1387	4216	0	1.0
1388	2227	0	1.0
1388	3109	0	1.0
1388	3522	0	1.0
1389	3005	0	1.0
1389	3048	0	1.0
1389	3476	0	1.0
1390	3165	0	1.0
1390	3228	0	1.0
1390	4287	0	1.0
1391	3430	0	1.0
1391	2691	0	1.0
1391	4461	0	1.0
1392	3285	0	1.0
1392	3409	0	1.0
1392	3547	0	1.0
1393	4061	0	1.0
1393	4680	0	1.0
1393	4732	0	1.0
1394	4214	0	1.0
1394	2682	0	1.0
1394	3530	0	1.0
1395	3119	0	1.0
1395	3650	0	1.0
1395	3934	0	1.0
1396	2348	0	1.0
1396	2169	0	1.0
1396	4220	0	1.0
1397	3893	0	1.0
1397	2206	0	1.0
1397	3046	0	1.0
1398	3749	0	1.0
1398	4433	0	1.0
1398	4673	0	1.0
1399	3123	0	1.0
1399	2495	0	1.0
1399	2851	0	1.0
1400	2510	0	1.0
1400	4212	0	1.0
1400	3845	0	1.0
1401	4047	0	1.0
1401	3011	0	1.0
1401	3179	0	1.0
1402	4231	0	1.0
1402	4212	0	1.0
1402	4590	0	1.0
1403	4583	0	1.0
1403	2397	0	1.0
1403	4095	0	1.0
1404	2659	0	1.0
1404	3058	0	1.0
1404	3814	0	1.0
1405	2451	0	1.0
1405	3382	0	1.0
1405	3395	0	1.0
1406	2567	0	1.0
1406	4597	0	1.0
1406	3300	0	1.0
1407	2927	0	1.0
1407	3031	0	1.0
1407	3468	0	1.0
1408	4690	0	1.0
1408	4647	0	1.0
1408	3527	0	1.0
1409	3176	0	1.0
1409	3166	0	1.0
1409	3766	0	1.0
1410	3574	0	1.0
1410	4017	0	1.0
1410	4227	0	1.0
1411	2908	0	1.0
1411	3864	0	1.0
1411	3972	0	1.0
1412	3951	0	1.0
1412	3673	0	1.0
1412	4408	0	1.0
1413	2172	0	1.0
1413	4107	0	1.0
1413	4715	0	1.0
1414	2541	0	1.0
1414	4215	0	1.0
1414	2131	0	1.0
1415	2996	0	1.0
1415	2212	0	1.0
1415	3909	0	1.0
1416	4436	0	1.0
1416	3990	0	1.0
1416	4438	0	1.0
1417	2917	0	1.0
1417	2994	0	1.0
1417	2954	0	1.0
1418	2348	0	1.0
1418	4632	0	1.0
1418	2847	0	1.0
1419	4583	0	1.0
1419	3564	0	1.0
1419	2306	0	1.0
1420	3276	0	1.0
1420	4242	0	1.0
1420	4391	0	1.0
1421	3713	0	1.0
1421	3005	0	1.0
1421	4214	0	1.0
1422	3456	0	1.0
1422	4205	0	1.0
1422	3260	0	1.0
1423	2177	0	1.0
1423	3994	0	1.0
1423	3188	0	1.0
1424	2942	0	1.0
1424	3351	0	1.0
1424	2774	0	1.0
1425	3819	0	1.0
1425	3800	0	1.0
1425	3828	0	1.0
1426	2434	0	1.0
1426	2732	0	1.0
1426	3906	0	1.0
1427	2740	0	1.0
1427	3616	0	1.0
1427	3617	0	1.0
1428	4579	0	1.0
1428	2348	0	1.0
1428	2886	0	1.0
1429	2254	0	1.0
1429	3860	0	1.0
1429	3033	0	1.0
1430	3396	0	1.0
1430	2414	0	1.0
1430	4067	0	1.0
1431	2731	0	1.0
1431	2209	0	1.0
1431	3962	0	1.0
1432	2798	0	1.0
1432	3427	0	1.0
1432	4722	0	1.0
1433	2536	0	1.0
1433	3974	0	1.0
1433	2339	0	1.0
1434	2723	0	1.0
1434	4156	0	1.0
1434	3332	0	1.0
1435	2595	0	1.0
1435	2528	0	1.0
1435	3187	0	1.0
1436	4436	0	1.0
1436	2118	0	1.0
1436	3295	0	1.0
1437	3918	0	1.0
1437	2186	0	1.0
1437	4368	0	1.0
1438	3319	0	1.0
1438	4566	0	1.0
1438	3265	0	1.0
1439	3450	0	1.0
1439	3287	0	1.0
1439	2142	0	1.0
1440	2495	0	1.0
1440	2748	0	1.0
1440	3632	0	1.0
1441	3005	0	1.0
1441	2403	0	1.0
1441	2142	0	1.0
1442	2732	0	1.0
1442	2876	0	1.0
1442	4285	0	1.0
1443	4340	0	1.0
1443	3206	0	1.0
1443	2606	0	1.0
1444	2695	0	1.0
1444	4632	0	1.0
1444	2156	0	1.0
1445	3292	0	1.0
1445	4431	0	1.0
1445	2937	0	1.0
1446	2233	0	1.0
1446	4131	0	1.0
1446	2459	0	1.0
1447	2370	0	1.0
1447	4410	0	1.0
1447	2436	0	1.0
1448	2242	0	1.0
1448	3018	0	1.0
1448	3017	0	1.0
1449	4424	0	1.0
1449	4453	0	1.0
1449	2829	0	1.0
1450	2390	0	1.0
1450	3899	0	1.0
1450	4147	0	1.0
1451	4369	0	1.0
1451	3165	0	1.0
1451	3195	0	1.0
1452	4335	0	1.0
1452	2344	0	1.0
1452	4236	0	1.0
1453	3305	0	1.0
1453	4412	0	1.0
1453	4565	0	1.0
1454	3899	0	1.0
1454	2582	0	1.0
1454	3862	0	1.0
1455	3895	0	1.0
1455	2514	0	1.0
1455	4212	0	1.0
1456	4285	0	1.0
1456	3482	0	1.0
1456	2947	0	1.0
1457	3383	0	1.0
1457	2331	0	1.0
1457	4710	0	1.0
1458	3893	0	1.0
1458	4633	0	1.0
1458	2845	0	1.0
1459	2830	0	1.0
1459	2713	0	1.0
1459	2476	0	1.0
1460	2367	0	1.0
1460	2952	0	1.0
1460	3791	0	1.0
1461	2390	0	1.0
1461	3389	0	1.0
1461	2254	0	1.0
1462	3078	0	1.0
1462	2237	0	1.0
1462	2538	0	1.0
1463	3033	0	1.0
1463	3035	0	1.0
1463	3405	0	1.0
1464	2604	0	1.0
1464	2649	0	1.0
1464	4652	0	1.0
1465	3358	0	1.0
1465	2438	0	1.0
1465	4594	0	1.0
1466	3700	0	1.0
1466	2514	0	1.0
1466	4666	0	1.0
1467	3888	0	1.0
1467	4262	0	1.0
1467	2556	0	1.0
1468	4438	0	1.0
1468	3800	0	1.0
1468	3190	0	1.0
1469	3873	0	1.0
1469	3083	0	1.0
1469	3690	0	1.0
1470	3360	0	1.0
1470	2903	0	1.0
1470	4587	0	1.0
1471	2200	0	1.0
1471	4246	0	1.0
1471	4541	0	1.0
1472	2342	0	1.0
1472	3006	0	1.0
1472	2947	0	1.0
1473	2242	0	1.0
1473	2457	0	1.0
1473	4442	0	1.0
1474	2260	0	1.0
1474	2384	0	1.0
1474	4337	0	1.0
1475	3383	0	1.0
1475	3218	0	1.0
1475	2548	0	1.0
1476	3522	0	1.0
1476	2284	0	1.0
1476	3959	0	1.0
1477	3587	0	1.0
1477	2403	0	1.0
1477	4323	0	1.0
1478	3327	0	1.0
1478	3351	0	1.0
1478	2876	0	1.0
1479	4232	0	1.0
1479	3320	0	1.0
1479	4130	0	1.0
1480	3572	0	1.0
1480	3934	0	1.0
1480	4665	0	1.0
1481	4215	0	1.0
1481	2244	0	1.0
1481	2401	0	1.0
1482	2924	0	1.0
1482	2954	0	1.0
1482	4099	0	1.0
1483	2179	0	1.0
1483	4026	0	1.0
1483	4480	0	1.0
1484	2959	0	1.0
1484	3705	0	1.0
1484	4073	0	1.0
1485	2960	0	1.0
1485	3006	0	1.0
1485	3927	0	1.0
1486	2434	0	1.0
1486	3650	0	1.0
1486	2919	0	1.0
1487	2324	0	1.0
1487	2168	0	1.0
1487	2400	0	1.0
1488	4632	0	1.0
1488	3638	0	1.0
1488	3680	0	1.0
1489	4431	0	1.0
1489	3425	0	1.0
1489	3471	0	1.0
1490	4351	0	1.0
1490	3428	0	1.0
1490	3538	0	1.0
1491	3327	0	1.0
1491	2567	0	1.0
1491	3278	0	1.0
1492	2288	0	1.0
1492	2737	0	1.0
1492	3785	0	1.0
1493	2645	0	1.0
1493	2334	0	1.0
1493	2815	0	1.0
1494	3106	0	1.0
1494	2100	0	1.0
1494	4002	0	1.0
1495	3005	0	1.0
1495	3856	0	1.0
1495	2836	0	1.0
1496	4214	0	1.0
1496	2996	0	1.0
1496	2853	0	1.0
1497	2187	0	1.0
1497	4422	0	1.0
1497	2888	0	1.0
1498	3860	0	1.0
1498	2889	0	1.0
1498	4319	0	1.0
1499	4680	0	1.0
1499	2552	0	1.0
1499	2660	0	1.0
1500	2747	0	1.0
1500	2464	0	1.0
1500	3801	0	1.0
1501	4212	0	1.0
1501	4082	0	1.0
1501	4706	0	1.0
1502	4706	0	1.0
1502	3688	0	1.0
1502	4172	0	1.0
1503	2348	0	1.0
1503	3257	0	1.0
1503	4542	0	1.0
1504	3249	0	1.0
1504	3314	0	1.0
1504	4641	0	1.0
1505	4474	0	1.0
1505	2416	0	1.0
1505	4230	0	1.0
1506	4566	0	1.0
1506	4205	0	1.0
1506	4125	0	1.0
1507	3383	0	1.0
1507	2529	0	1.0
1507	4095	0	1.0
1508	2169	0	1.0
1508	3160	0	1.0
1508	4707	0	1.0
1509	3485	0	1.0
1509	2787	0	1.0
1509	3407	0	1.0
1510	2336	0	1.0
1510	3542	0	1.0
1510	4180	0	1.0
1511	3721	0	1.0
1511	2140	0	1.0
1511	4570	0	1.0
1512	2495	0	1.0
1512	2679	0	1.0
1512	3444	0	1.0
1513	2741	0	1.0
1513	3885	0	1.0
1513	3642	0	1.0
1514	2609	0	1.0
1514	3038	0	1.0
1514	4217	0	1.0
1515	3877	0	1.0
1515	2520	0	1.0
1515	2824	0	1.0
1516	4667	0	1.0
1516	2978	0	1.0
1516	3510	0	1.0
1517	2287	0	1.0
1517	3363	0	1.0
1517	4527	0	1.0
1518	4690	0	1.0
1518	4563	0	1.0
1518	3800	0	1.0
1519	2732	0	1.0
1519	4593	0	1.0
1519	2605	0	1.0
1520	2808	0	1.0
1520	4118	0	1.0
1520	4666	0	1.0
1521	4178	0	1.0
1521	3061	0	1.0
1521	4160	0	1.0
1522	3029	0	1.0
1522	3495	0	1.0
1522	2669	0	1.0
1523	2697	0	1.0
1523	2178	0	1.0
1523	3090	0	1.0
1524	2336	0	1.0
1524	2542	0	1.0
1524	4046	0	1.0
1525	3990	0	1.0
1525	2132	0	1.0
1525	2652	0	1.0
1526	3874	0	1.0
1526	3942	0	1.0
1526	2453	0	1.0
1527	2410	0	1.0
1527	2781	0	1.0
1527	3041	0	1.0
1528	2581	0	1.0
1528	4024	0	1.0
1528	3882	0	1.0
1529	4297	0	1.0
1529	4682	0	1.0
1529	4421	0	1.0
1530	4335	0	1.0
1530	4195	0	1.0
1530	2775	0	1.0
1531	3383	0	1.0
1531	3106	0	1.0
1531	2242	0	1.0
1532	2135	0	1.0
1532	2177	0	1.0
1532	2715	0	1.0
1533	2510	0	1.0
1533	3235	0	1.0
1533	4398	0	1.0
1534	2438	0	1.0
1534	3767	0	1.0
1534	3917	0	1.0
1535	2686	0	1.0
1535	2722	0	1.0
1535	4326	0	1.0
1536	3206	0	1.0
1536	3555	0	1.0
1536	3349	0	1.0
1537	3216	0	1.0
1537	2915	0	1.0
1537	4186	0	1.0
1538	2697	0	1.0
1538	3613	0	1.0
1538	4210	0	1.0
1539	2561	0	1.0
1539	3252	0	1.0
1539	3701	0	1.0
1540	2977	0	1.0
1540	4153	0	1.0
1540	4316	0	1.0
1541	4677	0	1.0
1541	2549	0	1.0
1541	3820	0	1.0
1542	2702	0	1.0
1542	4293	0	1.0
1542	3412	0	1.0
1543	4213	0	1.0
1543	4040	0	1.0
1543	2130	0	1.0
1544	4124	0	1.0
1544	3052	0	1.0
1544	4508	0	1.0
1545	2553	0	1.0
1545	3117	0	1.0
1545	4719	0	1.0
1546	4212	0	1.0
1546	2453	0	1.0
1546	3901	0	1.0
1547	2239	0	1.0
1547	4415	0	1.0
1547	4502	0	1.0
1548	2200	0	1.0
1548	2515	0	1.0
1548	4080	0	1.0
1549	3899	0	1.0
1549	2456	0	1.0
1549	3646	0	1.0
1550	3700	0	1.0
1550	2281	0	1.0
1550	4039	0	1.0
1551	4608	0	1.0
1551	3923	0	1.0
1551	4177	0	1.0
1552	3899	0	1.0
1552	3758	0	1.0
1552	2732	0	1.0
1553	4212	0	1.0
1553	2443	0	1.0
1553	4597	0	1.0
1554	2755	0	1.0
1554	3069	0	1.0
1554	3114	0	1.0
1555	3654	0	1.0
1555	2135	0	1.0
1555	3516	0	1.0
1556	4495	0	1.0
1556	2849	0	1.0
1556	4334	0	1.0
1557	2495	0	1.0
1557	3870	0	1.0
1557	4442	0	1.0
1558	2847	0	1.0
1558	2350	0	1.0
1558	3635	0	1.0
1559	2770	0	1.0
1559	3939	0	1.0
1559	4547	0	1.0
1560	4442	0	1.0
1560	3030	0	1.0
1560	4322	0	1.0
1561	2390	0	1.0
1561	3235	0	1.0
1561	4306	0	1.0
1562	2362	0	1.0
1562	3275	0	1.0
1562	3185	0	1.0
1563	3415	0	1.0
1563	3631	0	1.0
1563	4318	0	1.0
1564	3176	0	1.0
1564	3162	0	1.0
1564	3806	0	1.0
1565	2960	0	1.0
1565	3656	0	1.0
1565	3442	0	1.0
1566	3258	0	1.0
1566	3120	0	1.0
1566	4632	0	1.0
1567	4507	0	1.0
1567	4025	0	1.0
1567	4613	0	1.0
1568	4516	0	1.0
1568	2904	0	1.0
1568	3211	0	1.0
1569	2916	0	1.0
1569	2735	0	1.0
1569	4052	0	1.0
1570	4138	0	1.0
1570	2778	0	1.0
1570	2527	0	1.0
1571	3123	0	1.0
1571	4297	0	1.0
1571	2208	0	1.0
1572	2237	0	1.0
1572	2364	0	1.0
1572	2998	0	1.0
1573	2629	0	1.0
1573	4315	0	1.0
1573	4606	0	1.0
1574	3606	0	1.0
1574	2241	0	1.0
1574	3875	0	1.0
1575	3258	0	1.0
1575	2393	0	1.0
1575	3710	0	1.0
1576	3987	0	1.0
1576	4546	0	1.0
1576	2583	0	1.0
1577	2688	0	1.0
1577	2745	0	1.0
1577	3220	0	1.0
1578	3240	0	1.0
1578	4653	0	1.0
1578	3767	0	1.0
1579	4061	0	1.0
1579	4608	0	1.0
1579	2315	0	1.0
1580	2732	0	1.0
1580	3488	0	1.0
1580	4055	0	1.0
1581	4732	0	1.0
1581	3729	0	1.0
1581	2169	0	1.0
1582	3166	0	1.0
1582	2353	0	1.0
1582	3000	0	1.0
1583	3222	0	1.0
1583	2225	0	1.0
1583	3168	0	1.0
1584	4231	0	1.0
1584	2917	0	1.0
1584	4346	0	1.0
1585	2148	0	1.0
1585	3924	0	1.0
1585	4106	0	1.0
1586	3005	0	1.0
1586	3425	0	1.0
1586	2197	0	1.0
1587	2615	0	1.0
1587	2830	0	1.0
1587	2556	0	1.0
1588	3899	0	1.0
1588	3896	0	1.0
1588	2355	0	1.0
1589	3800	0	1.0
1589	3959	0	1.0
1589	3321	0	1.0
1590	3327	0	1.0
1590	4297	0	1.0
1590	2855	0	1.0
1591	2438	0	1.0
1591	2141	0	1.0
1591	4152	0	1.0
1592	3285	0	1.0
1592	2375	0	1.0
1592	3469	0	1.0
1593	2549	0	1.0
1593	4285	0	1.0
1593	2508	0	1.0
1594	3481	0	1.0
1594	3059	0	1.0
1594	2724	0	1.0
1595	3962	0	1.0
1595	2804	0	1.0
1595	3474	0	1.0
1596	4603	0	1.0
1596	3787	0	1.0
1596	3496	0	1.0
1597	3383	0	1.0
1597	3765	0	1.0
1597	2157	0	1.0
1598	2348	0	1.0
1598	2233	0	1.0
1598	4364	0	1.0
1599	3899	0	1.0
1599	4212	0	1.0
1599	4246	0	1.0
1600	2740	0	1.0
1600	3393	0	1.0
1600	4591	0	1.0
1601	2234	0	1.0
1601	2701	0	1.0
1601	3590	0	1.0
1602	2435	0	1.0
1602	2974	0	1.0
1602	3805	0	1.0
1603	2163	0	1.0
1603	4680	0	1.0
1603	3874	0	1.0
1604	2692	0	1.0
1604	3876	0	1.0
1604	3963	0	1.0
1605	4657	0	1.0
1605	3537	0	1.0
1605	4001	0	1.0
1606	4734	0	1.0
1606	2368	0	1.0
1606	3596	0	1.0
1607	3847	0	1.0
1607	2716	0	1.0
1607	2832	0	1.0
1608	2924	0	1.0
1608	2340	0	1.0
1608	2749	0	1.0
1609	2960	0	1.0
1609	2658	0	1.0
1609	3238	0	1.0
1610	4438	0	1.0
1610	3218	0	1.0
1610	2310	0	1.0
1611	2400	0	1.0
1611	4395	0	1.0
1611	4475	0	1.0
1612	2598	0	1.0
1612	4179	0	1.0
1612	4615	0	1.0
1613	4214	0	1.0
1613	2259	0	1.0
1613	3983	0	1.0
1614	4082	0	1.0
1614	2311	0	1.0
1614	2369	0	1.0
1615	2462	0	1.0
1615	2889	0	1.0
1615	4309	0	1.0
1616	4341	0	1.0
1616	3728	0	1.0
1616	4250	0	1.0
1617	2192	0	1.0
1617	3656	0	1.0
1617	2955	0	1.0
1618	3439	0	1.0
1618	2911	0	1.0
1618	3672	0	1.0
1619	3176	0	1.0
1619	2578	0	1.0
1619	3917	0	1.0
1620	4730	0	1.0
1620	4336	0	1.0
1620	2756	0	1.0
1621	4305	0	1.0
1621	3756	0	1.0
1621	2309	0	1.0
1622	4499	0	1.0
1622	4500	0	1.0
1622	4602	0	1.0
1623	3120	0	1.0
1623	2897	0	1.0
1623	3435	0	1.0
1624	2529	0	1.0
1624	2286	0	1.0
1624	2764	0	1.0
1625	4647	0	1.0
1625	2819	0	1.0
1625	2825	0	1.0
1626	4047	0	1.0
1626	4107	0	1.0
1626	4218	0	1.0
1627	3414	0	1.0
1627	3629	0	1.0
1627	4450	0	1.0
1628	2513	0	1.0
1628	3002	0	1.0
1628	3724	0	1.0
1629	3172	0	1.0
1629	3207	0	1.0
1629	4405	0	1.0
1630	2486	0	1.0
1630	3865	0	1.0
1630	3892	0	1.0
1631	2275	0	1.0
1631	3382	0	1.0
1631	4184	0	1.0
1632	2218	0	1.0
1632	4078	0	1.0
1632	4371	0	1.0
1633	3078	0	1.0
1633	3106	0	1.0
1633	3800	0	1.0
1634	3572	0	1.0
1634	3523	0	1.0
1634	3934	0	1.0
1635	2836	0	1.0
1635	2903	0	1.0
1635	3768	0	1.0
1636	4335	0	1.0
1636	2348	0	1.0
1636	2936	0	1.0
1637	3899	0	1.0
1637	4584	0	1.0
1637	4489	0	1.0
1638	3300	0	1.0
1638	2266	0	1.0
1638	4133	0	1.0
1639	2193	0	1.0
1639	2367	0	1.0
1639	3844	0	1.0
1640	3246	0	1.0
1640	2752	0	1.0
1640	3231	0	1.0
1641	2571	0	1.0
1641	4070	0	1.0
1641	4370	0	1.0
1642	3987	0	1.0
1642	2419	0	1.0
1642	4604	0	1.0
1643	3899	0	1.0
1643	2438	0	1.0
1643	2773	0	1.0
1644	2731	0	1.0
1644	4306	0	1.0
1644	4340	0	1.0
1645	4116	0	1.0
1645	3294	0	1.0
1645	4632	0	1.0
1646	2957	0	1.0
1646	2140	0	1.0
1646	2299	0	1.0
1647	4690	0	1.0
1647	4272	0	1.0
1647	2436	0	1.0
1648	3012	0	1.0
1648	2755	0	1.0
1648	2512	0	1.0
1649	3765	0	1.0
1649	2788	0	1.0
1649	3582	0	1.0
1650	3007	0	1.0
1650	3481	0	1.0
1650	4692	0	1.0
1651	3987	0	1.0
1651	4180	0	1.0
1651	4410	0	1.0
1652	2666	0	1.0
1652	3293	0	1.0
1652	2161	0	1.0
1653	2531	0	1.0
1653	3390	0	1.0
1653	3085	0	1.0
1654	3781	0	1.0
1654	3406	0	1.0
1654	4034	0	1.0
1655	2531	0	1.0
1655	4084	0	1.0
1655	4212	0	1.0
1656	4232	0	1.0
1656	3517	0	1.0
1656	4212	0	1.0
1657	2590	0	1.0
1657	2512	0	1.0
1657	3317	0	1.0
1658	2199	0	1.0
1658	3359	0	1.0
1658	3506	0	1.0
1659	2867	0	1.0
1659	2182	0	1.0
1659	2120	0	1.0
1660	3148	0	1.0
1660	4698	0	1.0
1660	3399	0	1.0
1661	4438	0	1.0
1661	4246	0	1.0
1661	2962	0	1.0
1662	4579	0	1.0
1662	4391	0	1.0
1662	3716	0	1.0
1663	3587	0	1.0
1663	2387	0	1.0
1663	2684	0	1.0
1664	4183	0	1.0
1664	2485	0	1.0
1664	4054	0	1.0
1665	3123	0	1.0
1665	4266	0	1.0
1665	2937	0	1.0
1666	2778	0	1.0
1666	2233	0	1.0
1666	3193	0	1.0
1667	4214	0	1.0
1667	3825	0	1.0
1667	3395	0	1.0
1668	3987	0	1.0
1668	3390	0	1.0
1668	3033	0	1.0
1669	2750	0	1.0
1669	4288	0	1.0
1669	4701	0	1.0
1670	4528	0	1.0
1670	3029	0	1.0
1670	2653	0	1.0
1671	2731	0	1.0
1671	2501	0	1.0
1671	3429	0	1.0
1672	2787	0	1.0
1672	3847	0	1.0
1672	3539	0	1.0
1673	4335	0	1.0
1673	2731	0	1.0
1673	4603	0	1.0
1674	3808	0	1.0
1674	3167	0	1.0
1674	4049	0	1.0
1675	4340	0	1.0
1675	2389	0	1.0
1675	4549	0	1.0
1676	3106	0	1.0
1676	3914	0	1.0
1676	2295	0	1.0
1677	2690	0	1.0
1677	2650	0	1.0
1677	2919	0	1.0
1678	2596	0	1.0
1678	4212	0	1.0
1678	4362	0	1.0
1679	2227	0	1.0
1679	2985	0	1.0
1679	3089	0	1.0
1680	4197	0	1.0
1680	4136	0	1.0
1680	3771	0	1.0
1681	3665	0	1.0
1681	2566	0	1.0
1681	3696	0	1.0
1682	3001	0	1.0
1682	3868	0	1.0
1682	3382	0	1.0
1683	4065	0	1.0
1683	4703	0	1.0
1683	2829	0	1.0
1684	3106	0	1.0
1684	2339	0	1.0
1684	3513	0	1.0
1685	4289	0	1.0
1685	2737	0	1.0
1685	4315	0	1.0
1686	2265	0	1.0
1686	2657	0	1.0
1686	2767	0	1.0
1687	2559	0	1.0
1687	3036	0	1.0
1687	3663	0	1.0
1688	4231	0	1.0
1688	3672	0	1.0
1688	3763	0	1.0
1689	4561	0	1.0
1689	4621	0	1.0
1689	2337	0	1.0
1690	2582	0	1.0
1690	2127	0	1.0
1690	2782	0	1.0
1691	4546	0	1.0
1691	4340	0	1.0
1691	2435	0	1.0
1692	3587	0	1.0
1692	4704	0	1.0
1692	3030	0	1.0
1693	2957	0	1.0
1693	2575	0	1.0
1693	3640	0	1.0
1694	2342	0	1.0
1694	3868	0	1.0
1694	2709	0	1.0
1695	3587	0	1.0
1695	2470	0	1.0
1695	2841	0	1.0
1696	2850	0	1.0
1696	2441	0	1.0
1696	3870	0	1.0
1697	4058	0	1.0
1697	2324	0	1.0
1697	3145	0	1.0
1698	4528	0	1.0
1698	3599	0	1.0
1698	4324	0	1.0
1699	4725	0	1.0
1699	3173	0	1.0
1699	3432	0	1.0
1700	2290	0	1.0
1700	2458	0	1.0
1700	4321	0	1.0
1701	3723	0	1.0
1701	4204	0	1.0
1701	2212	0	1.0
1702	3870	0	1.0
1702	2316	0	1.0
1702	3610	0	1.0
1703	2870	0	1.0
1703	3489	0	1.0
1703	4011	0	1.0
1704	4212	0	1.0
1704	2358	0	1.0
1704	2498	0	1.0
1705	3461	0	1.0
1705	4431	0	1.0
1705	2300	0	1.0
1706	2435	0	1.0
1706	4527	0	1.0
1706	2440	0	1.0
1707	3258	0	1.0
1707	2588	0	1.0
1707	4387	0	1.0
1708	3566	0	1.0
1708	3043	0	1.0
1708	3578	0	1.0
1709	2435	0	1.0
1709	3727	0	1.0
1709	2373	0	1.0
1710	4563	0	1.0
1710	2295	0	1.0
1710	2945	0	1.0
1711	3878	0	1.0
1711	3914	0	1.0
1711	2987	0	1.0
1712	3808	0	1.0
1712	2638	0	1.0
1712	4097	0	1.0
1713	2723	0	1.0
1713	3255	0	1.0
1713	2104	0	1.0
1714	2367	0	1.0
1714	3184	0	1.0
1714	4196	0	1.0
1715	4732	0	1.0
1715	3364	0	1.0
1715	2295	0	1.0
1716	3327	0	1.0
1716	3430	0	1.0
1716	3461	0	1.0
1717	2177	0	1.0
1717	4527	0	1.0
1717	3543	0	1.0
1718	3587	0	1.0
1718	2915	0	1.0
1718	3113	0	1.0
1719	4212	0	1.0
1719	2791	0	1.0
1719	4216	0	1.0
1720	4438	0	1.0
1720	4680	0	1.0
1720	2663	0	1.0
1721	4212	0	1.0
1721	3868	0	1.0
1721	4046	0	1.0
1722	2650	0	1.0
1722	2919	0	1.0
1722	2535	0	1.0
1723	3461	0	1.0
1723	2588	0	1.0
1723	3059	0	1.0
1724	3725	0	1.0
1724	2886	0	1.0
1724	2135	0	1.0
1725	3462	0	1.0
1725	3831	0	1.0
1725	4142	0	1.0
1726	2475	0	1.0
1726	4643	0	1.0
1726	3275	0	1.0
1727	3078	0	1.0
1727	3639	0	1.0
1727	2693	0	1.0
1728	3016	0	1.0
1728	2889	0	1.0
1728	4046	0	1.0
1729	3261	0	1.0
1729	3479	0	1.0
1729	4038	0	1.0
1730	2615	0	1.0
1730	2169	0	1.0
1730	2905	0	1.0
1731	2615	0	1.0
1731	2830	0	1.0
1731	3907	0	1.0
1732	2525	0	1.0
1732	2670	0	1.0
1732	2807	0	1.0
1733	3870	0	1.0
1733	2193	0	1.0
1733	3527	0	1.0
1734	3255	0	1.0
1734	3778	0	1.0
1734	2419	0	1.0
1735	2850	0	1.0
1735	2339	0	1.0
1735	3433	0	1.0
1736	2169	0	1.0
1736	3477	0	1.0
1736	3607	0	1.0
1737	3333	0	1.0
1737	4458	0	1.0
1737	2984	0	1.0
1738	2163	0	1.0
1738	3198	0	1.0
1738	3800	0	1.0
1739	2588	0	1.0
1739	3462	0	1.0
1739	3986	0	1.0
1740	2635	0	1.0
1740	2640	0	1.0
1740	2516	0	1.0
1741	3255	0	1.0
1741	4555	0	1.0
1741	2625	0	1.0
1742	4425	0	1.0
1742	3800	0	1.0
1742	3885	0	1.0
1743	2495	0	1.0
1743	2164	0	1.0
1743	3545	0	1.0
1744	2852	0	1.0
1744	3593	0	1.0
1744	4443	0	1.0
1745	3329	0	1.0
1745	3937	0	1.0
1745	4294	0	1.0
1746	3873	0	1.0
1746	2357	0	1.0
1746	3588	0	1.0
1747	4231	0	1.0
1747	3692	0	1.0
1747	2107	0	1.0
1748	3308	0	1.0
1748	2856	0	1.0
1748	2892	0	1.0
1749	2166	0	1.0
1749	4015	0	1.0
1749	4649	0	1.0
1750	3139	0	1.0
1750	3355	0	1.0
1750	4163	0	1.0
1751	3166	0	1.0
1751	4166	0	1.0
1751	4644	0	1.0
1752	2267	0	1.0
1752	3076	0	1.0
1752	3528	0	1.0
1753	2633	0	1.0
1753	2533	0	1.0
1753	2872	0	1.0
1754	3899	0	1.0
1754	2370	0	1.0
1754	3203	0	1.0
1755	3227	0	1.0
1755	3601	0	1.0
1755	4041	0	1.0
1756	2348	0	1.0
1756	4183	0	1.0
1756	3598	0	1.0
1757	2954	0	1.0
1757	2573	0	1.0
1757	2989	0	1.0
1758	2324	0	1.0
1758	3800	0	1.0
1758	3390	0	1.0
1759	2204	0	1.0
1759	2599	0	1.0
1759	4598	0	1.0
1760	2131	0	1.0
1760	3134	0	1.0
1760	4612	0	1.0
1761	3042	0	1.0
1761	4536	0	1.0
1761	4484	0	1.0
1762	4261	0	1.0
1762	2732	0	1.0
1762	3874	0	1.0
1763	3327	0	1.0
1763	3713	0	1.0
1763	2894	0	1.0
1764	2495	0	1.0
1764	4344	0	1.0
1764	3024	0	1.0
1765	2534	0	1.0
1765	3172	0	1.0
1765	4735	0	1.0
1766	3176	0	1.0
1766	3255	0	1.0
1766	3906	0	1.0
1767	2118	0	1.0
1767	2847	0	1.0
1767	2761	0	1.0
1768	3742	0	1.0
1768	3096	0	1.0
1768	4343	0	1.0
1769	2576	0	1.0
1769	3932	0	1.0
1769	4589	0	1.0
1770	2293	0	1.0
1770	4205	0	1.0
1770	4607	0	1.0
1771	2744	0	1.0
1771	4087	0	1.0
1771	4464	0	1.0
1772	4425	0	1.0
1772	2189	0	1.0
1772	3762	0	1.0
1773	2916	0	1.0
1773	2488	0	1.0
1773	2969	0	1.0
1774	4275	0	1.0
1774	3709	0	1.0
1774	3058	0	1.0
1775	2539	0	1.0
1775	3099	0	1.0
1775	4538	0	1.0
1776	3917	0	1.0
1776	4035	0	1.0
1776	4720	0	1.0
1777	3783	0	1.0
1777	2544	0	1.0
1777	3724	0	1.0
1778	4567	0	1.0
1778	4033	0	1.0
1778	4482	0	1.0
1779	4398	0	1.0
1779	2543	0	1.0
1779	3353	0	1.0
1780	2847	0	1.0
1780	2742	0	1.0
1780	4050	0	1.0
1781	3218	0	1.0
1781	2525	0	1.0
1781	4029	0	1.0
1782	2914	0	1.0
1782	4062	0	1.0
1782	4444	0	1.0
1783	4579	0	1.0
1783	4232	0	1.0
1783	4431	0	1.0
1784	3014	0	1.0
1784	3806	0	1.0
1784	4141	0	1.0
1785	3098	0	1.0
1785	3116	0	1.0
1785	3683	0	1.0
1786	4643	0	1.0
1786	3424	0	1.0
1786	4069	0	1.0
1787	2662	0	1.0
1787	2176	0	1.0
1787	3668	0	1.0
1788	4567	0	1.0
1788	3485	0	1.0
1788	2915	0	1.0
1789	3587	0	1.0
1789	3390	0	1.0
1789	2141	0	1.0
1790	4556	0	1.0
1790	3131	0	1.0
1790	4694	0	1.0
1791	3358	0	1.0
1791	2495	0	1.0
1791	2110	0	1.0
1792	2502	0	1.0
1792	4584	0	1.0
1792	4732	0	1.0
1793	2646	0	1.0
1793	3304	0	1.0
1793	4554	0	1.0
1794	2403	0	1.0
1794	3154	0	1.0
1794	2484	0	1.0
1795	2163	0	1.0
1795	3553	0	1.0
1795	4159	0	1.0
1796	3033	0	1.0
1796	3114	0	1.0
1796	2562	0	1.0
1797	2409	0	1.0
1797	4175	0	1.0
1797	4304	0	1.0
1798	2510	0	1.0
1798	4214	0	1.0
1798	4647	0	1.0
1799	2515	0	1.0
1799	3941	0	1.0
1799	3448	0	1.0
1800	2537	0	1.0
1800	2805	0	1.0
1800	3087	0	1.0
1801	2254	0	1.0
1801	2260	0	1.0
1801	2610	0	1.0
1802	3472	0	1.0
1802	3598	0	1.0
1802	4110	0	1.0
1803	3911	0	1.0
1803	3620	0	1.0
1803	3201	0	1.0
1804	3619	0	1.0
1804	4150	0	1.0
1804	2764	0	1.0
1805	2760	0	1.0
1805	3289	0	1.0
1805	4717	0	1.0
1806	4616	0	1.0
1806	3781	0	1.0
1806	3842	0	1.0
1807	2560	0	1.0
1807	3430	0	1.0
1807	3397	0	1.0
1808	2588	0	1.0
1808	2180	0	1.0
1808	4110	0	1.0
1809	2357	0	1.0
1809	3896	0	1.0
1809	2355	0	1.0
1810	4730	0	1.0
1810	2129	0	1.0
1810	3138	0	1.0
1811	3264	0	1.0
1811	3609	0	1.0
1811	4348	0	1.0
1812	3951	0	1.0
1812	4379	0	1.0
1812	4376	0	1.0
1813	2920	0	1.0
1813	2329	0	1.0
1813	2968	0	1.0
1814	2294	0	1.0
1814	2965	0	1.0
1814	4347	0	1.0
1815	2221	0	1.0
1815	3411	0	1.0
1815	4711	0	1.0
1816	2149	0	1.0
1816	2884	0	1.0
1816	4359	0	1.0
1817	2390	0	1.0
1817	3817	0	1.0
1817	2976	0	1.0
1818	3166	0	1.0
1818	3654	0	1.0
1818	2735	0	1.0
1819	4234	0	1.0
1819	2637	0	1.0
1819	3082	0	1.0
1820	2509	0	1.0
1820	4399	0	1.0
1820	4664	0	1.0
1821	3098	0	1.0
1821	3720	0	1.0
1821	3696	0	1.0
1822	4058	0	1.0
1822	3450	0	1.0
1822	4464	0	1.0
1823	3512	0	1.0
1823	3517	0	1.0
1823	4647	0	1.0
1824	3572	0	1.0
1824	3934	0	1.0
1824	4665	0	1.0
1825	4466	0	1.0
1825	2443	0	1.0
1825	3869	0	1.0
1826	4138	0	1.0
1826	2723	0	1.0
1826	2816	0	1.0
1827	3914	0	1.0
1827	3962	0	1.0
1827	2387	0	1.0
1828	4246	0	1.0
1828	2706	0	1.0
1828	4150	0	1.0
1829	2438	0	1.0
1829	3767	0	1.0
1829	3917	0	1.0
1830	2744	0	1.0
1830	2544	0	1.0
1830	3621	0	1.0
1831	4680	0	1.0
1831	4022	0	1.0
1831	3556	0	1.0
1832	3198	0	1.0
1832	2687	0	1.0
1832	3008	0	1.0
1833	3881	0	1.0
1833	3257	0	1.0
1833	2383	0	1.0
1834	2962	0	1.0
1834	3196	0	1.0
1834	3225	0	1.0
1835	3899	0	1.0
1835	4100	0	1.0
1835	3440	0	1.0
1836	3494	0	1.0
1836	3198	0	1.0
1836	4431	0	1.0
1837	2933	0	1.0
1837	2650	0	1.0
1837	2807	0	1.0
1838	2227	0	1.0
1838	4632	0	1.0
1838	2578	0	1.0
1839	3921	0	1.0
1839	2937	0	1.0
1839	4590	0	1.0
1840	2886	0	1.0
1840	3360	0	1.0
1840	2673	0	1.0
1841	3987	0	1.0
1841	3721	0	1.0
1841	2834	0	1.0
1842	4226	0	1.0
1842	4698	0	1.0
1842	3618	0	1.0
1843	3989	0	1.0
1843	3254	0	1.0
1843	2444	0	1.0
1844	2119	0	1.0
1844	3254	0	1.0
1844	3457	0	1.0
1845	3494	0	1.0
1845	2371	0	1.0
1845	2400	0	1.0
1846	3651	0	1.0
1846	4047	0	1.0
1846	2102	0	1.0
1847	2584	0	1.0
1847	2766	0	1.0
1847	3475	0	1.0
1848	4212	0	1.0
1848	2886	0	1.0
1848	2958	0	1.0
1849	2787	0	1.0
1849	3865	0	1.0
1849	4556	0	1.0
1850	2850	0	1.0
1850	2348	0	1.0
1850	2734	0	1.0
1851	2882	0	1.0
1851	3911	0	1.0
1851	4516	0	1.0
1852	2583	0	1.0
1852	2118	0	1.0
1852	4060	0	1.0
1853	3005	0	1.0
1853	3476	0	1.0
1853	2251	0	1.0
1854	4683	0	1.0
1854	4495	0	1.0
1854	4512	0	1.0
1855	2954	0	1.0
1855	4099	0	1.0
1855	3977	0	1.0
1856	4084	0	1.0
1856	3216	0	1.0
1856	4285	0	1.0
1857	3042	0	1.0
1857	2835	0	1.0
1857	2479	0	1.0
1858	4335	0	1.0
1858	2413	0	1.0
1858	3747	0	1.0
1859	3042	0	1.0
1859	4536	0	1.0
1859	4484	0	1.0
1860	3914	0	1.0
1860	4376	0	1.0
1860	2878	0	1.0
1861	2239	0	1.0
1861	4415	0	1.0
1861	4502	0	1.0
1862	4364	0	1.0
1862	2636	0	1.0
1862	3532	0	1.0
1863	2495	0	1.0
1863	3817	0	1.0
1863	3806	0	1.0
1864	3574	0	1.0
1864	4212	0	1.0
1864	3800	0	1.0
1865	4485	0	1.0
1865	2667	0	1.0
1865	2934	0	1.0
1866	4430	0	1.0
1866	3047	0	1.0
1866	3115	0	1.0
1867	4522	0	1.0
1867	4633	0	1.0
1867	2759	0	1.0
1868	3123	0	1.0
1868	2510	0	1.0
1868	2300	0	1.0
1869	2152	0	1.0
1869	2330	0	1.0
1869	3694	0	1.0
1870	2725	0	1.0
1870	3852	0	1.0
1870	3533	0	1.0
1871	2944	0	1.0
1871	3054	0	1.0
1871	4559	0	1.0
1872	3589	0	1.0
1872	4239	0	1.0
1872	4249	0	1.0
1873	3939	0	1.0
1873	2361	0	1.0
1873	4396	0	1.0
1874	2746	0	1.0
1874	3277	0	1.0
1874	3853	0	1.0
1875	4434	0	1.0
1875	4283	0	1.0
1875	2490	0	1.0
1876	4584	0	1.0
1876	2725	0	1.0
1876	4081	0	1.0
1877	4328	0	1.0
1877	4183	0	1.0
1877	3598	0	1.0
1878	4057	0	1.0
1878	2860	0	1.0
1878	3379	0	1.0
1879	2731	0	1.0
1879	3179	0	1.0
1879	2230	0	1.0
1880	2787	0	1.0
1880	3659	0	1.0
1880	3530	0	1.0
1881	3800	0	1.0
1881	2582	0	1.0
1881	2718	0	1.0
1882	3630	0	1.0
1882	2592	0	1.0
1882	3840	0	1.0
1883	3308	0	1.0
1883	2457	0	1.0
1883	2197	0	1.0
1884	2511	0	1.0
1884	3384	0	1.0
1884	3671	0	1.0
1885	3468	0	1.0
1885	3233	0	1.0
1885	4134	0	1.0
1886	4180	0	1.0
1886	3619	0	1.0
1886	2744	0	1.0
1887	2190	0	1.0
1887	2665	0	1.0
1887	4243	0	1.0
1888	4409	0	1.0
1888	3486	0	1.0
1888	4366	0	1.0
1889	4107	0	1.0
1889	2730	0	1.0
1889	4705	0	1.0
1890	3742	0	1.0
1890	3293	0	1.0
1890	4513	0	1.0
1891	3122	0	1.0
1891	2254	0	1.0
1891	3392	0	1.0
1892	2462	0	1.0
1892	2807	0	1.0
1892	2497	0	1.0
1893	2380	0	1.0
1893	3088	0	1.0
1893	3759	0	1.0
1894	2648	0	1.0
1894	4413	0	1.0
1894	2647	0	1.0
1895	2188	0	1.0
1895	3525	0	1.0
1895	3925	0	1.0
1896	3418	0	1.0
1896	4109	0	1.0
1896	4723	0	1.0
1897	3868	0	1.0
1897	3217	0	1.0
1897	3882	0	1.0
1898	4680	0	1.0
1898	4368	0	1.0
1898	3170	0	1.0
1899	4335	0	1.0
1899	4436	0	1.0
1899	2751	0	1.0
1900	2542	0	1.0
1900	4599	0	1.0
1900	2431	0	1.0
1901	4335	0	1.0
1901	2495	0	1.0
1901	2147	0	1.0
1902	4261	0	1.0
1902	2271	0	1.0
1902	4051	0	1.0
1903	3123	0	1.0
1903	3176	0	1.0
1903	2915	0	1.0
1904	4173	0	1.0
1904	3259	0	1.0
1904	2175	0	1.0
1905	3911	0	1.0
1905	3597	0	1.0
1905	3069	0	1.0
1906	2446	0	1.0
1906	3665	0	1.0
1906	4197	0	1.0
1907	4616	0	1.0
1907	3808	0	1.0
1907	2912	0	1.0
1908	3232	0	1.0
1908	4233	0	1.0
1908	4637	0	1.0
1909	2403	0	1.0
1909	2858	0	1.0
1909	2157	0	1.0
1910	3976	0	1.0
1910	2800	0	1.0
1910	4115	0	1.0
1911	3081	0	1.0
1911	3327	0	1.0
1911	4170	0	1.0
1912	2550	0	1.0
1912	3856	0	1.0
1912	4355	0	1.0
1913	2941	0	1.0
1913	2662	0	1.0
1913	3050	0	1.0
1914	2392	0	1.0
1914	4555	0	1.0
1914	2306	0	1.0
1915	4431	0	1.0
1915	4497	0	1.0
1915	4238	0	1.0
1916	2588	0	1.0
1916	2246	0	1.0
1916	2312	0	1.0
1917	4269	0	1.0
1917	2194	0	1.0
1917	3290	0	1.0
1918	2907	0	1.0
1918	4212	0	1.0
1918	3874	0	1.0
1919	2887	0	1.0
1919	3637	0	1.0
1919	4245	0	1.0
1920	2549	0	1.0
1920	4306	0	1.0
1920	2727	0	1.0
1921	4579	0	1.0
1921	4465	0	1.0
1921	2730	0	1.0
1922	4357	0	1.0
1922	2394	0	1.0
1922	4678	0	1.0
1923	3198	0	1.0
1923	3033	0	1.0
1923	4412	0	1.0
1924	3382	0	1.0
1924	2151	0	1.0
1924	4006	0	1.0
1925	2582	0	1.0
1925	3473	0	1.0
1925	4669	0	1.0
1926	2858	0	1.0
1926	3881	0	1.0
1926	4600	0	1.0
1927	4061	0	1.0
1927	2885	0	1.0
1927	3516	0	1.0
1928	3299	0	1.0
1928	4011	0	1.0
1928	3745	0	1.0
1929	3450	0	1.0
1929	2623	0	1.0
1929	2710	0	1.0
1930	3223	0	1.0
1930	2392	0	1.0
1930	4212	0	1.0
1931	4340	0	1.0
1931	3044	0	1.0
1931	3059	0	1.0
1932	3619	0	1.0
1932	3507	0	1.0
1932	3999	0	1.0
1933	3176	0	1.0
1933	3755	0	1.0
1933	4101	0	1.0
1934	2751	0	1.0
1934	3924	0	1.0
1934	3579	0	1.0
1935	2482	0	1.0
1935	2463	0	1.0
1935	3260	0	1.0
1936	3921	0	1.0
1936	3379	0	1.0
1936	3656	0	1.0
1937	3106	0	1.0
1937	3029	0	1.0
1937	2369	0	1.0
1938	2324	0	1.0
1938	2588	0	1.0
1938	2942	0	1.0
1939	3256	0	1.0
1939	2822	0	1.0
1939	4331	0	1.0
1940	3223	0	1.0
1940	2521	0	1.0
1940	4196	0	1.0
1941	2752	0	1.0
1941	2300	0	1.0
1941	2753	0	1.0
1942	3005	0	1.0
1942	3419	0	1.0
1942	4689	0	1.0
1943	3501	0	1.0
1943	2741	0	1.0
1943	3652	0	1.0
1944	2368	0	1.0
1944	3791	0	1.0
1944	4503	0	1.0
1945	2555	0	1.0
1945	4186	0	1.0
1945	3051	0	1.0
1946	4253	0	1.0
1946	2712	0	1.0
1946	3379	0	1.0
1947	2230	0	1.0
1947	3508	0	1.0
1947	4441	0	1.0
1948	2254	0	1.0
1948	4340	0	1.0
1948	2253	0	1.0
1949	4522	0	1.0
1949	3522	0	1.0
1949	3534	0	1.0
1950	2296	0	1.0
1950	2545	0	1.0
1950	4448	0	1.0
1951	3148	0	1.0
1951	3948	0	1.0
1951	2170	0	1.0
1952	4595	0	1.0
1952	3182	0	1.0
1952	3931	0	1.0
1953	2937	0	1.0
1953	2315	0	1.0
1953	3704	0	1.0
1954	3354	0	1.0
1954	2108	0	1.0
1954	4327	0	1.0
1955	4328	0	1.0
1955	3883	0	1.0
1955	3871	0	1.0
1956	2475	0	1.0
1956	2566	0	1.0
1956	2420	0	1.0
1957	2561	0	1.0
1957	3252	0	1.0
1957	3701	0	1.0
1958	3104	0	1.0
1958	2423	0	1.0
1958	2444	0	1.0
1959	2306	0	1.0
1959	3944	0	1.0
1959	4365	0	1.0
1960	4528	0	1.0
1960	4400	0	1.0
1960	4729	0	1.0
1961	3462	0	1.0
1961	2378	0	1.0
1961	3794	0	1.0
1962	4105	0	1.0
1962	4336	0	1.0
1962	4483	0	1.0
1963	3573	0	1.0
1963	3941	0	1.0
1963	3177	0	1.0
1964	4485	0	1.0
1964	3824	0	1.0
1964	2572	0	1.0
1965	4299	0	1.0
1965	2842	0	1.0
1965	2402	0	1.0
1966	4555	0	1.0
1966	3297	0	1.0
1966	4247	0	1.0
1967	4269	0	1.0
1967	2899	0	1.0
1967	4586	0	1.0
1968	3873	0	1.0
1968	3102	0	1.0
1968	3179	0	1.0
1969	2464	0	1.0
1969	2925	0	1.0
1969	2186	0	1.0
1970	4579	0	1.0
1970	4004	0	1.0
1970	2695	0	1.0
1971	2302	0	1.0
1971	2500	0	1.0
1971	4401	0	1.0
1972	2192	0	1.0
1972	3931	0	1.0
1972	3676	0	1.0
1973	3306	0	1.0
1973	3431	0	1.0
1973	3470	0	1.0
1974	2464	0	1.0
1974	2925	0	1.0
1974	2678	0	1.0
1975	2357	0	1.0
1975	2417	0	1.0
1975	3143	0	1.0
1976	3179	0	1.0
1976	3408	0	1.0
1976	4223	0	1.0
1977	2301	0	1.0
1977	3132	0	1.0
1977	4176	0	1.0
1978	3450	0	1.0
1978	2952	0	1.0
1978	2159	0	1.0
1979	2200	0	1.0
1979	4231	0	1.0
1979	4541	0	1.0
1980	4215	0	1.0
1980	3780	0	1.0
1980	4714	0	1.0
1981	2900	0	1.0
1981	4510	0	1.0
1981	4658	0	1.0
1982	2602	0	1.0
1982	3336	0	1.0
1982	3098	0	1.0
1983	2747	0	1.0
1983	2247	0	1.0
1983	2671	0	1.0
1984	2390	0	1.0
1984	2739	0	1.0
1984	3003	0	1.0
1985	2111	0	1.0
1985	4541	0	1.0
1985	3153	0	1.0
1986	4084	0	1.0
1986	3800	0	1.0
1986	2472	0	1.0
1987	3773	0	1.0
1987	4600	0	1.0
1987	3236	0	1.0
1988	3029	0	1.0
1988	3006	0	1.0
1988	4693	0	1.0
1989	4403	0	1.0
1989	3895	0	1.0
1989	3698	0	1.0
1990	2582	0	1.0
1990	4137	0	1.0
1990	3560	0	1.0
1991	3123	0	1.0
1991	2730	0	1.0
1991	3633	0	1.0
1992	4062	0	1.0
1992	3150	0	1.0
1992	3731	0	1.0
1993	4518	0	1.0
1993	4031	0	1.0
1993	4049	0	1.0
1994	2348	0	1.0
1994	4226	0	1.0
1994	3202	0	1.0
1995	4579	0	1.0
1995	3241	0	1.0
1995	4248	0	1.0
1996	3605	0	1.0
1996	3588	0	1.0
1996	2780	0	1.0
1997	3286	0	1.0
1997	4082	0	1.0
1997	2339	0	1.0
1998	3176	0	1.0
1998	4293	0	1.0
1998	2647	0	1.0
1999	3512	0	1.0
1999	4579	0	1.0
1999	3430	0	1.0
2000	3148	0	1.0
2000	2557	0	1.0
2000	3142	0	1.0
2001	2534	0	1.0
2001	3450	0	1.0
2001	3968	0	1.0
2002	3849	0	1.0
2002	3178	0	1.0
2002	4517	0	1.0
2003	4486	0	1.0
2003	3544	0	1.0
2003	3447	0	1.0
2004	2630	0	1.0
2004	3180	0	1.0
2004	4526	0	1.0
2005	3870	0	1.0
2005	3505	0	1.0
2005	2948	0	1.0
2006	3561	0	1.0
2006	3640	0	1.0
2006	2406	0	1.0
2007	2318	0	1.0
2007	4573	0	1.0
2007	2141	0	1.0
2008	3495	0	1.0
2008	3542	0	1.0
2008	2557	0	1.0
2009	3527	0	1.0
2009	3545	0	1.0
2009	4545	0	1.0
2010	3198	0	1.0
2010	3318	0	1.0
2010	4630	0	1.0
2011	3266	0	1.0
2011	3568	0	1.0
2011	3108	0	1.0
2012	4670	0	1.0
2012	3523	0	1.0
2012	3028	0	1.0
2013	4647	0	1.0
2013	3124	0	1.0
2013	4558	0	1.0
2014	2475	0	1.0
2014	3780	0	1.0
2014	4384	0	1.0
2015	2640	0	1.0
2015	4483	0	1.0
2015	4193	0	1.0
2016	2434	0	1.0
2016	2156	0	1.0
2016	4160	0	1.0
2017	3018	0	1.0
2017	3153	0	1.0
2017	4723	0	1.0
2018	3665	0	1.0
2018	2114	0	1.0
2018	2351	0	1.0
2019	3758	0	1.0
2019	3324	0	1.0
2019	3569	0	1.0
2020	2639	0	1.0
2020	3987	0	1.0
2020	3151	0	1.0
2021	2758	0	1.0
2021	2118	0	1.0
2021	3325	0	1.0
2022	4690	0	1.0
2022	3517	0	1.0
2022	2994	0	1.0
2023	4328	0	1.0
2023	3334	0	1.0
2023	3080	0	1.0
2024	4114	0	1.0
2024	3718	0	1.0
2024	2715	0	1.0
2025	4213	0	1.0
2025	3029	0	1.0
2025	4440	0	1.0
2026	2524	0	1.0
2026	4102	0	1.0
2026	4382	0	1.0
2027	4431	0	1.0
2027	2996	0	1.0
2027	2157	0	1.0
2028	4372	0	1.0
2028	3497	0	1.0
2028	3903	0	1.0
2029	3911	0	1.0
2029	2810	0	1.0
2029	2657	0	1.0
2030	2586	0	1.0
2030	3458	0	1.0
2030	4568	0	1.0
2031	3517	0	1.0
2031	4493	0	1.0
2031	2237	0	1.0
2032	4518	0	1.0
2032	3116	0	1.0
2032	3614	0	1.0
2033	2222	0	1.0
2033	4219	0	1.0
2033	4726	0	1.0
2034	3721	0	1.0
2034	3372	0	1.0
2034	2473	0	1.0
2035	3390	0	1.0
2035	3827	0	1.0
2035	3282	0	1.0
2036	3057	0	1.0
2036	2464	0	1.0
2036	4582	0	1.0
2037	2924	0	1.0
2037	2216	0	1.0
2037	3622	0	1.0
2038	2348	0	1.0
2038	4064	0	1.0
2038	3279	0	1.0
2039	2534	0	1.0
2039	2798	0	1.0
2039	2267	0	1.0
2040	3357	0	1.0
2040	4655	0	1.0
2040	3093	0	1.0
2041	2200	0	1.0
2041	2270	0	1.0
2041	4302	0	1.0
2042	3176	0	1.0
2042	2581	0	1.0
2042	2678	0	1.0
2043	3258	0	1.0
2043	2514	0	1.0
2043	2744	0	1.0
2044	3118	0	1.0
2044	3958	0	1.0
2044	4525	0	1.0
2045	4614	0	1.0
2045	2403	0	1.0
2045	3031	0	1.0
2046	3951	0	1.0
2046	3847	0	1.0
2046	3033	0	1.0
2047	4677	0	1.0
2047	3336	0	1.0
2047	2904	0	1.0
2048	2109	0	1.0
2048	2733	0	1.0
2048	3347	0	1.0
2049	2276	0	1.0
2049	3943	0	1.0
2049	4491	0	1.0
2050	2529	0	1.0
2050	3515	0	1.0
2050	2792	0	1.0
2051	4643	0	1.0
2051	2763	0	1.0
2051	2786	0	1.0
2052	4104	0	1.0
2052	3797	0	1.0
2052	3803	0	1.0
2053	2371	0	1.0
2053	2563	0	1.0
2053	4329	0	1.0
2054	3430	0	1.0
2054	2581	0	1.0
2054	3974	0	1.0
2055	4703	0	1.0
2055	3382	0	1.0
2055	3647	0	1.0
2056	3987	0	1.0
2056	3767	0	1.0
2056	2699	0	1.0
2057	3998	0	1.0
2057	2392	0	1.0
2057	4162	0	1.0
2058	2725	0	1.0
2058	4212	0	1.0
2058	3136	0	1.0
2059	2931	0	1.0
2059	3918	0	1.0
2059	3199	0	1.0
2060	4061	0	1.0
2060	2885	0	1.0
2060	3516	0	1.0
2061	3462	0	1.0
2061	2133	0	1.0
2061	2817	0	1.0
2062	3122	0	1.0
2062	4212	0	1.0
2062	2404	0	1.0
2063	4075	0	1.0
2063	4338	0	1.0
2063	4625	0	1.0
2064	3858	0	1.0
2064	2964	0	1.0
2064	4462	0	1.0
2065	2451	0	1.0
2065	2486	0	1.0
2065	4682	0	1.0
2066	2667	0	1.0
2066	2713	0	1.0
2066	3933	0	1.0
2067	2323	0	1.0
2067	4161	0	1.0
2067	4313	0	1.0
2068	3436	0	1.0
2068	3717	0	1.0
2068	4358	0	1.0
2069	3529	0	1.0
2069	3267	0	1.0
2069	3337	0	1.0
2070	3553	0	1.0
2070	2449	0	1.0
2070	2532	0	1.0
2071	2547	0	1.0
2071	2938	0	1.0
2071	2949	0	1.0
2072	2726	0	1.0
2072	2161	0	1.0
2072	3711	0	1.0
2073	3544	0	1.0
2073	4604	0	1.0
2073	3091	0	1.0
2074	3200	0	1.0
2074	2276	0	1.0
2074	3478	0	1.0
2075	3258	0	1.0
2075	2743	0	1.0
2075	3576	0	1.0
2076	4579	0	1.0
2076	2475	0	1.0
2076	3845	0	1.0
2077	3817	0	1.0
2077	4647	0	1.0
2077	4323	0	1.0
2078	4213	0	1.0
2078	3450	0	1.0
2078	4254	0	1.0
2079	2960	0	1.0
2079	2111	0	1.0
2079	3581	0	1.0
2080	4344	0	1.0
2080	2506	0	1.0
2080	4284	0	1.0
2081	2243	0	1.0
2081	2657	0	1.0
2081	2453	0	1.0
2082	2695	0	1.0
2082	2144	0	1.0
2082	2278	0	1.0
2083	3820	0	1.0
2083	3533	0	1.0
2083	2469	0	1.0
2084	2346	0	1.0
2084	2790	0	1.0
2084	4645	0	1.0
2085	2549	0	1.0
2085	3014	0	1.0
2085	4611	0	1.0
2086	3021	0	1.0
2086	2438	0	1.0
2086	4735	0	1.0
2087	4723	0	1.0
2087	3780	0	1.0
2087	3973	0	1.0
2088	4311	0	1.0
2088	4084	0	1.0
2088	3222	0	1.0
2089	4059	0	1.0
2089	4660	0	1.0
2089	3067	0	1.0
2090	4440	0	1.0
2090	2448	0	1.0
2090	4126	0	1.0
2091	4138	0	1.0
2091	3965	0	1.0
2091	2657	0	1.0
2092	2901	0	1.0
2092	2405	0	1.0
2092	2772	0	1.0
2093	3154	0	1.0
2093	4049	0	1.0
2093	2632	0	1.0
2094	2549	0	1.0
2094	2847	0	1.0
2094	4354	0	1.0
2095	4114	0	1.0
2095	2991	0	1.0
2095	3769	0	1.0
2096	2510	0	1.0
2096	2836	0	1.0
2096	2894	0	1.0
2097	2390	0	1.0
2097	2227	0	1.0
2097	3798	0	1.0
2098	4228	0	1.0
2098	4689	0	1.0
2098	4258	0	1.0
2099	2960	0	1.0
2099	2605	0	1.0
2099	3268	0	1.0
2446	0	1	1.0
3292	0	1	1.0
4677	0	1	1.0
2446	266	1	1.0
2446	402	1	1.0
4677	564	1	1.0
3292	668	1	1.0
4677	1020	1	1.0
4677	1096	1	1.0
3292	1445	1	1.0
4677	1541	1	1.0
2446	1906	1	1.0
4677	2047	1	1.0
3081	1	1	1.0
3327	1	1	1.0
4005	1	1	1.0
3081	11	1	1.0
3327	11	1	1.0
4005	11	1	1.0
3327	12	1	1.0
3327	16	1	1.0
3327	100	1	1.0
3327	115	1	1.0
3327	157	1	1.0
3081	176	1	1.0
3327	176	1	1.0
4005	176	1	1.0
4005	234	1	1.0
4005	239	1	1.0
3327	251	1	1.0
3327	265	1	1.0
4005	298	1	1.0
4005	299	1	1.0
3327	302	1	1.0
4005	352	1	1.0
3327	722	1	1.0
4005	806	1	1.0
3327	814	1	1.0
3327	852	1	1.0
3081	1091	1	1.0
3327	1297	1	1.0
3327	1373	1	1.0
3327	1478	1	1.0
3327	1491	1	1.0
3327	1590	1	1.0
3327	1716	1	1.0
3327	1763	1	1.0
3081	1911	1	1.0
3327	1911	1	1.0
2560	2	1	1.0
4256	2	1	1.0
4418	2	1	1.0
4256	10	1	1.0
4256	25	1	1.0
2560	54	1	1.0
2560	118	1	1.0
2560	224	1	1.0
2560	258	1	1.0
2560	520	1	1.0
2560	1117	1	1.0
2560	1217	1	1.0
2560	1807	1	1.0
2549	3	1	1.0
3358	3	1	1.0
4567	3	1	1.0
2549	37	1	1.0
2549	56	1	1.0
3358	67	1	1.0
3358	85	1	1.0
4567	85	1	1.0
2549	102	1	1.0
4567	110	1	1.0
2549	137	1	1.0
4567	155	1	1.0
2549	251	1	1.0
2549	286	1	1.0
3358	579	1	1.0
4567	600	1	1.0
3358	616	1	1.0
2549	689	1	1.0
4567	698	1	1.0
2549	745	1	1.0
2549	751	1	1.0
2549	811	1	1.0
4567	942	1	1.0
2549	948	1	1.0
3358	1021	1	1.0
3358	1034	1	1.0
2549	1074	1	1.0
2549	1116	1	1.0
3358	1331	1	1.0
3358	1352	1	1.0
3358	1465	1	1.0
2549	1541	1	1.0
2549	1593	1	1.0
4567	1778	1	1.0
4567	1788	1	1.0
3358	1791	1	1.0
2549	1920	1	1.0
2549	2085	1	1.0
2549	2094	1	1.0
2666	4	1	1.0
4094	4	1	1.0
4311	4	1	1.0
4094	977	1	1.0
2666	1270	1	1.0
2666	1652	1	1.0
4311	2088	1	1.0
3078	5	1	1.0
3123	5	1	1.0
3512	5	1	1.0
3078	26	1	1.0
3123	26	1	1.0
3512	26	1	1.0
3078	94	1	1.0
3078	133	1	1.0
3078	139	1	1.0
3123	139	1	1.0
3512	139	1	1.0
3078	173	1	1.0
3123	304	1	1.0
3078	452	1	1.0
3123	455	1	1.0
3512	595	1	1.0
3123	655	1	1.0
3078	674	1	1.0
3123	715	1	1.0
3123	726	1	1.0
3123	758	1	1.0
3512	806	1	1.0
3512	812	1	1.0
3512	847	1	1.0
3078	896	1	1.0
3123	916	1	1.0
3123	1063	1	1.0
3078	1099	1	1.0
3078	1103	1	1.0
3512	1111	1	1.0
3078	1132	1	1.0
3123	1159	1	1.0
3512	1164	1	1.0
3078	1224	1	1.0
3078	1237	1	1.0
3078	1299	1	1.0
3512	1335	1	1.0
3123	1399	1	1.0
3078	1462	1	1.0
3123	1571	1	1.0
3078	1633	1	1.0
3123	1665	1	1.0
3078	1727	1	1.0
3512	1823	1	1.0
3123	1868	1	1.0
3123	1903	1	1.0
3123	1991	1	1.0
3512	1999	1	1.0
2388	6	1	1.0
2771	6	1	1.0
3651	6	1	1.0
3651	82	1	1.0
2388	195	1	1.0
2388	215	1	1.0
2388	297	1	1.0
2388	746	1	1.0
2388	1133	1	1.0
3651	1249	1	1.0
3651	1846	1	1.0
2536	7	1	1.0
4213	7	1	1.0
4335	7	1	1.0
2536	15	1	1.0
4213	15	1	1.0
4335	15	1	1.0
4213	22	1	1.0
4335	22	1	1.0
4213	27	1	1.0
4213	59	1	1.0
4335	69	1	1.0
4213	70	1	1.0
4335	70	1	1.0
2536	71	1	1.0
4335	76	1	1.0
2536	109	1	1.0
2536	111	1	1.0
2536	138	1	1.0
4213	180	1	1.0
2536	211	1	1.0
4335	243	1	1.0
2536	279	1	1.0
4213	319	1	1.0
4213	322	1	1.0
4213	382	1	1.0
2536	553	1	1.0
4213	588	1	1.0
4335	659	1	1.0
4213	668	1	1.0
4213	705	1	1.0
2536	712	1	1.0
4213	712	1	1.0
4335	712	1	1.0
4335	714	1	1.0
4335	721	1	1.0
4213	768	1	1.0
4213	819	1	1.0
4335	856	1	1.0
4213	886	1	1.0
4335	1077	1	1.0
4335	1116	1	1.0
4335	1153	1	1.0
2536	1239	1	1.0
4213	1327	1	1.0
2536	1433	1	1.0
4335	1452	1	1.0
4335	1530	1	1.0
4213	1543	1	1.0
4335	1636	1	1.0
4335	1673	1	1.0
4335	1858	1	1.0
4335	1899	1	1.0
4335	1901	1	1.0
4213	2025	1	1.0
4213	2078	1	1.0
2138	8	1	1.0
3021	8	1	1.0
3548	8	1	1.0
3021	13	1	1.0
3021	482	1	1.0
3021	488	1	1.0
3021	1113	1	1.0
3021	2086	1	1.0
2916	9	1	1.0
3494	9	1	1.0
3713	9	1	1.0
2916	308	1	1.0
2916	537	1	1.0
3713	559	1	1.0
2916	677	1	1.0
3713	752	1	1.0
3494	863	1	1.0
3494	882	1	1.0
3494	911	1	1.0
3494	944	1	1.0
3494	990	1	1.0
3494	1080	1	1.0
2916	1115	1	1.0
3494	1117	1	1.0
3494	1140	1	1.0
2916	1154	1	1.0
3494	1271	1	1.0
3494	1275	1	1.0
3494	1279	1	1.0
3494	1318	1	1.0
3494	1342	1	1.0
3713	1421	1	1.0
2916	1569	1	1.0
3713	1763	1	1.0
2916	1773	1	1.0
3494	1836	1	1.0
3494	1845	1	1.0
2963	10	1	1.0
3737	10	1	1.0
3737	479	1	1.0
2963	667	1	1.0
4281	12	1	1.0
4579	12	1	1.0
4579	220	1	1.0
4579	224	1	1.0
4579	326	1	1.0
4579	694	1	1.0
4579	780	1	1.0
4281	1289	1	1.0
4579	1304	1	1.0
4579	1357	1	1.0
4579	1367	1	1.0
4579	1428	1	1.0
4579	1662	1	1.0
4579	1783	1	1.0
4579	1921	1	1.0
4579	1970	1	1.0
4579	1995	1	1.0
4579	1999	1	1.0
4579	2076	1	1.0
2569	13	1	1.0
3007	13	1	1.0
2569	493	1	1.0
2569	517	1	1.0
3007	693	1	1.0
2569	1090	1	1.0
3007	1097	1	1.0
3007	1650	1	1.0
2631	14	1	1.0
4061	14	1	1.0
4090	14	1	1.0
4061	40	1	1.0
4061	294	1	1.0
4061	328	1	1.0
4061	500	1	1.0
4061	1393	1	1.0
4061	1579	1	1.0
4061	1927	1	1.0
4061	2060	1	1.0
4299	16	1	1.0
4426	16	1	1.0
4299	71	1	1.0
4299	211	1	1.0
4426	251	1	1.0
4299	1965	1	1.0
3850	17	1	1.0
3953	17	1	1.0
4683	17	1	1.0
4683	61	1	1.0
4683	63	1	1.0
4683	98	1	1.0
4683	99	1	1.0
4683	131	1	1.0
4683	164	1	1.0
4683	170	1	1.0
4683	236	1	1.0
4683	238	1	1.0
4683	309	1	1.0
4683	359	1	1.0
4683	460	1	1.0
4683	599	1	1.0
4683	706	1	1.0
4683	754	1	1.0
4683	763	1	1.0
4683	803	1	1.0
4683	1324	1	1.0
4683	1854	1	1.0
2217	18	1	1.0
2546	18	1	1.0
2850	18	1	1.0
2217	32	1	1.0
2850	32	1	1.0
2850	208	1	1.0
2850	859	1	1.0
2850	898	1	1.0
2217	1084	1	1.0
2850	1255	1	1.0
2217	1339	1	1.0
2850	1696	1	1.0
2850	1735	1	1.0
2850	1850	1	1.0
3700	19	1	1.0
4341	19	1	1.0
4690	19	1	1.0
4690	154	1	1.0
4690	329	1	1.0
4690	419	1	1.0
3700	423	1	1.0
4690	512	1	1.0
4690	717	1	1.0
3700	732	1	1.0
4690	1098	1	1.0
3700	1349	1	1.0
4690	1408	1	1.0
3700	1466	1	1.0
4690	1518	1	1.0
3700	1550	1	1.0
4341	1616	1	1.0
4690	1647	1	1.0
4690	2022	1	1.0
2882	20	1	1.0
3911	20	1	1.0
4516	20	1	1.0
4516	34	1	1.0
3911	228	1	1.0
4516	326	1	1.0
4516	626	1	1.0
4516	802	1	1.0
4516	849	1	1.0
4516	888	1	1.0
3911	906	1	1.0
3911	917	1	1.0
3911	921	1	1.0
3911	1167	1	1.0
3911	1310	1	1.0
4516	1344	1	1.0
4516	1568	1	1.0
3911	1803	1	1.0
2882	1851	1	1.0
3911	1851	1	1.0
4516	1851	1	1.0
3911	1905	1	1.0
3911	2029	1	1.0
2975	21	1	1.0
3430	21	1	1.0
3574	21	1	1.0
3574	42	1	1.0
3574	85	1	1.0
3430	125	1	1.0
3574	155	1	1.0
3574	222	1	1.0
3574	258	1	1.0
3574	267	1	1.0
3574	268	1	1.0
3574	285	1	1.0
3574	318	1	1.0
3430	358	1	1.0
3574	568	1	1.0
3430	810	1	1.0
3574	820	1	1.0
3574	893	1	1.0
3430	911	1	1.0
3430	1008	1	1.0
3574	1008	1	1.0
3574	1283	1	1.0
3574	1310	1	1.0
3430	1391	1	1.0
3574	1410	1	1.0
3430	1716	1	1.0
3430	1807	1	1.0
3574	1864	1	1.0
3430	1999	1	1.0
3430	2054	1	1.0
2534	22	1	1.0
2534	76	1	1.0
2534	149	1	1.0
2534	190	1	1.0
2534	1197	1	1.0
2534	1285	1	1.0
2534	1765	1	1.0
2534	2001	1	1.0
2534	2039	1	1.0
2163	23	1	1.0
3587	23	1	1.0
4471	23	1	1.0
2163	54	1	1.0
3587	102	1	1.0
3587	114	1	1.0
2163	118	1	1.0
3587	181	1	1.0
3587	207	1	1.0
3587	239	1	1.0
3587	285	1	1.0
3587	341	1	1.0
3587	562	1	1.0
3587	864	1	1.0
3587	913	1	1.0
3587	949	1	1.0
3587	969	1	1.0
3587	989	1	1.0
3587	1115	1	1.0
3587	1143	1	1.0
3587	1338	1	1.0
3587	1477	1	1.0
2163	1603	1	1.0
3587	1663	1	1.0
3587	1692	1	1.0
3587	1695	1	1.0
3587	1718	1	1.0
2163	1738	1	1.0
3587	1789	1	1.0
2163	1795	1	1.0
2441	24	1	1.0
3383	24	1	1.0
3998	24	1	1.0
2441	37	1	1.0
3383	73	1	1.0
3383	78	1	1.0
3383	161	1	1.0
2441	512	1	1.0
3383	512	1	1.0
2441	525	1	1.0
3383	576	1	1.0
3383	806	1	1.0
3383	898	1	1.0
3383	929	1	1.0
3383	941	1	1.0
3998	1065	1	1.0
3383	1375	1	1.0
3383	1457	1	1.0
3383	1475	1	1.0
3383	1507	1	1.0
3383	1531	1	1.0
3383	1597	1	1.0
2441	1696	1	1.0
3998	2057	1	1.0
2146	25	1	1.0
3019	25	1	1.0
2146	159	1	1.0
2146	532	1	1.0
2146	844	1	1.0
3019	1169	1	1.0
2146	1354	1	1.0
2758	27	1	1.0
3330	27	1	1.0
3330	59	1	1.0
3330	70	1	1.0
3330	268	1	1.0
2758	339	1	1.0
3330	361	1	1.0
3330	393	1	1.0
3330	399	1	1.0
3330	400	1	1.0
2758	425	1	1.0
2758	473	1	1.0
3330	651	1	1.0
2758	656	1	1.0
2758	743	1	1.0
3330	822	1	1.0
3330	880	1	1.0
2758	950	1	1.0
3330	1099	1	1.0
3330	1274	1	1.0
3330	1335	1	1.0
2758	2021	1	1.0
2643	28	1	1.0
3042	28	1	1.0
3465	28	1	1.0
3465	31	1	1.0
3042	40	1	1.0
3042	105	1	1.0
3042	125	1	1.0
3042	178	1	1.0
3042	206	1	1.0
3042	229	1	1.0
3042	349	1	1.0
3042	425	1	1.0
3042	464	1	1.0
3042	584	1	1.0
3465	812	1	1.0
3042	938	1	1.0
3042	945	1	1.0
3042	979	1	1.0
3465	1058	1	1.0
3042	1116	1	1.0
3042	1369	1	1.0
3042	1761	1	1.0
3042	1857	1	1.0
3042	1859	1	1.0
4351	29	1	1.0
4436	29	1	1.0
4608	29	1	1.0
4436	130	1	1.0
4436	148	1	1.0
4436	205	1	1.0
4436	227	1	1.0
4351	237	1	1.0
4436	243	1	1.0
4608	304	1	1.0
4436	353	1	1.0
4351	379	1	1.0
4436	392	1	1.0
4436	397	1	1.0
4436	406	1	1.0
4436	422	1	1.0
4436	471	1	1.0
4436	484	1	1.0
4436	532	1	1.0
4608	715	1	1.0
4436	843	1	1.0
4436	907	1	1.0
4351	976	1	1.0
4436	1039	1	1.0
4351	1180	1	1.0
4436	1214	1	1.0
4436	1416	1	1.0
4436	1436	1	1.0
4351	1490	1	1.0
4608	1551	1	1.0
4608	1579	1	1.0
4436	1899	1	1.0
2971	30	1	1.0
3485	30	1	1.0
4122	30	1	1.0
2971	45	1	1.0
3485	45	1	1.0
3485	96	1	1.0
2971	170	1	1.0
4122	254	1	1.0
2971	373	1	1.0
4122	531	1	1.0
4122	575	1	1.0
3485	789	1	1.0
3485	810	1	1.0
2971	1000	1	1.0
2971	1199	1	1.0
3485	1509	1	1.0
3485	1788	1	1.0
2362	31	1	1.0
4409	31	1	1.0
2362	604	1	1.0
4409	798	1	1.0
4409	1036	1	1.0
2362	1562	1	1.0
4409	1888	1	1.0
2293	32	1	1.0
2293	1289	1	1.0
2293	1770	1	1.0
3122	33	1	1.0
3198	33	1	1.0
3990	33	1	1.0
3198	59	1	1.0
3198	174	1	1.0
3198	287	1	1.0
3198	300	1	1.0
3198	345	1	1.0
3198	455	1	1.0
3990	691	1	1.0
3990	827	1	1.0
3122	914	1	1.0
3198	944	1	1.0
3198	1035	1	1.0
3198	1054	1	1.0
3122	1113	1	1.0
3122	1217	1	1.0
3198	1227	1	1.0
3990	1239	1	1.0
3122	1253	1	1.0
3198	1272	1	1.0
3990	1301	1	1.0
3990	1416	1	1.0
3990	1525	1	1.0
3198	1738	1	1.0
3198	1832	1	1.0
3198	1836	1	1.0
3122	1891	1	1.0
3198	1923	1	1.0
3198	2010	1	1.0
3122	2062	1	1.0
2808	34	1	1.0
3286	34	1	1.0
2808	564	1	1.0
3286	676	1	1.0
3286	805	1	1.0
3286	919	1	1.0
2808	1520	1	1.0
3286	1997	1	1.0
4289	35	1	1.0
4472	35	1	1.0
4498	35	1	1.0
4289	105	1	1.0
4289	156	1	1.0
4289	174	1	1.0
4289	208	1	1.0
4498	231	1	1.0
4289	355	1	1.0
4289	601	1	1.0
4289	727	1	1.0
4289	827	1	1.0
4289	1075	1	1.0
4289	1685	1	1.0
2762	36	1	1.0
3319	36	1	1.0
4566	36	1	1.0
3319	48	1	1.0
3319	57	1	1.0
3319	101	1	1.0
3319	205	1	1.0
4566	271	1	1.0
3319	310	1	1.0
4566	310	1	1.0
4566	348	1	1.0
4566	404	1	1.0
4566	472	1	1.0
4566	475	1	1.0
3319	516	1	1.0
4566	574	1	1.0
4566	581	1	1.0
4566	585	1	1.0
4566	636	1	1.0
4566	748	1	1.0
4566	757	1	1.0
4566	820	1	1.0
2762	829	1	1.0
3319	990	1	1.0
4566	1083	1	1.0
4566	1107	1	1.0
4566	1145	1	1.0
4566	1289	1	1.0
4566	1299	1	1.0
3319	1438	1	1.0
4566	1438	1	1.0
4566	1506	1	1.0
2596	37	1	1.0
2596	153	1	1.0
2596	465	1	1.0
2596	913	1	1.0
2596	1124	1	1.0
2596	1678	1	1.0
3176	38	1	1.0
4047	38	1	1.0
4648	38	1	1.0
4648	83	1	1.0
4047	87	1	1.0
4648	87	1	1.0
4047	179	1	1.0
4648	179	1	1.0
4648	197	1	1.0
3176	261	1	1.0
3176	276	1	1.0
4047	347	1	1.0
4648	347	1	1.0
3176	385	1	1.0
4047	439	1	1.0
4648	442	1	1.0
4047	454	1	1.0
4648	518	1	1.0
3176	548	1	1.0
4648	574	1	1.0
3176	605	1	1.0
3176	648	1	1.0
3176	723	1	1.0
4648	746	1	1.0
4047	815	1	1.0
4648	908	1	1.0
4047	914	1	1.0
3176	932	1	1.0
4648	1010	1	1.0
3176	1044	1	1.0
4047	1093	1	1.0
4047	1204	1	1.0
4648	1204	1	1.0
4648	1228	1	1.0
4648	1254	1	1.0
3176	1334	1	1.0
3176	1387	1	1.0
4047	1401	1	1.0
3176	1409	1	1.0
3176	1564	1	1.0
3176	1619	1	1.0
4047	1626	1	1.0
3176	1766	1	1.0
4047	1846	1	1.0
3176	1903	1	1.0
3176	1933	1	1.0
3176	1998	1	1.0
3176	2042	1	1.0
2390	39	1	1.0
3887	39	1	1.0
4058	39	1	1.0
2390	88	1	1.0
2390	153	1	1.0
2390	173	1	1.0
2390	221	1	1.0
2390	336	1	1.0
2390	340	1	1.0
2390	368	1	1.0
2390	415	1	1.0
2390	520	1	1.0
2390	540	1	1.0
2390	609	1	1.0
2390	711	1	1.0
2390	847	1	1.0
2390	862	1	1.0
2390	1032	1	1.0
2390	1103	1	1.0
2390	1237	1	1.0
2390	1346	1	1.0
3887	1348	1	1.0
2390	1450	1	1.0
2390	1461	1	1.0
2390	1561	1	1.0
4058	1697	1	1.0
2390	1817	1	1.0
4058	1822	1	1.0
2390	1984	1	1.0
2390	2097	1	1.0
3223	40	1	1.0
3223	55	1	1.0
3223	89	1	1.0
3223	387	1	1.0
3223	681	1	1.0
3223	1074	1	1.0
3223	1930	1	1.0
3223	1940	1	1.0
2324	41	1	1.0
2434	41	1	1.0
3966	41	1	1.0
2434	138	1	1.0
2324	158	1	1.0
2434	238	1	1.0
2434	434	1	1.0
2434	491	1	1.0
2324	534	1	1.0
2434	569	1	1.0
2324	814	1	1.0
2434	1093	1	1.0
2324	1153	1	1.0
2434	1426	1	1.0
2434	1486	1	1.0
2324	1487	1	1.0
2324	1697	1	1.0
2324	1758	1	1.0
2324	1938	1	1.0
2434	2016	1	1.0
2831	42	1	1.0
4435	42	1	1.0
2831	482	1	1.0
3106	43	1	1.0
4144	43	1	1.0
4170	43	1	1.0
3106	187	1	1.0
3106	382	1	1.0
3106	507	1	1.0
3106	979	1	1.0
4170	1354	1	1.0
3106	1494	1	1.0
3106	1531	1	1.0
3106	1633	1	1.0
3106	1676	1	1.0
3106	1684	1	1.0
4170	1911	1	1.0
3106	1937	1	1.0
2502	44	1	1.0
2581	44	1	1.0
3540	44	1	1.0
2581	302	1	1.0
2502	408	1	1.0
2502	463	1	1.0
3540	565	1	1.0
2581	716	1	1.0
2581	1334	1	1.0
2581	1528	1	1.0
2502	1792	1	1.0
2581	2042	1	1.0
2581	2054	1	1.0
3580	45	1	1.0
3005	46	1	1.0
3258	46	1	1.0
4138	46	1	1.0
4138	60	1	1.0
4138	157	1	1.0
3005	232	1	1.0
3258	235	1	1.0
3258	271	1	1.0
3005	276	1	1.0
4138	277	1	1.0
3258	285	1	1.0
3005	313	1	1.0
4138	318	1	1.0
3005	340	1	1.0
3005	351	1	1.0
3258	367	1	1.0
3258	401	1	1.0
3005	416	1	1.0
3005	491	1	1.0
4138	501	1	1.0
3005	617	1	1.0
3005	623	1	1.0
4138	701	1	1.0
3258	813	1	1.0
3005	842	1	1.0
3258	889	1	1.0
3005	936	1	1.0
3005	977	1	1.0
3005	1030	1	1.0
3005	1090	1	1.0
4138	1189	1	1.0
3258	1326	1	1.0
3258	1344	1	1.0
3258	1357	1	1.0
3005	1389	1	1.0
3005	1421	1	1.0
3005	1441	1	1.0
3005	1495	1	1.0
3258	1566	1	1.0
4138	1570	1	1.0
3258	1575	1	1.0
3005	1586	1	1.0
3258	1707	1	1.0
4138	1826	1	1.0
3005	1853	1	1.0
3005	1942	1	1.0
3258	2043	1	1.0
3258	2075	1	1.0
4138	2091	1	1.0
2101	47	1	1.0
3084	47	1	1.0
4074	47	1	1.0
3401	48	1	1.0
3461	48	1	1.0
3401	781	1	1.0
3401	823	1	1.0
3461	937	1	1.0
3461	995	1	1.0
3461	1705	1	1.0
3461	1716	1	1.0
3461	1723	1	1.0
3645	49	1	1.0
3795	49	1	1.0
4404	49	1	1.0
2639	50	1	1.0
3976	50	1	1.0
4614	50	1	1.0
4614	214	1	1.0
2639	649	1	1.0
3976	1910	1	1.0
2639	2020	1	1.0
4614	2045	1	1.0
3586	51	1	1.0
3987	51	1	1.0
4571	51	1	1.0
3987	89	1	1.0
4571	296	1	1.0
3987	338	1	1.0
3987	513	1	1.0
3987	691	1	1.0
3987	773	1	1.0
4571	815	1	1.0
3987	870	1	1.0
3987	1080	1	1.0
3987	1576	1	1.0
3987	1642	1	1.0
3987	1651	1	1.0
3987	1668	1	1.0
3987	1841	1	1.0
3987	2020	1	1.0
3987	2056	1	1.0
2588	52	1	1.0
2942	52	1	1.0
4232	52	1	1.0
2942	73	1	1.0
2942	120	1	1.0
4232	132	1	1.0
2942	198	1	1.0
2942	291	1	1.0
4232	320	1	1.0
2942	351	1	1.0
2942	409	1	1.0
2942	419	1	1.0
4232	496	1	1.0
2588	573	1	1.0
4232	693	1	1.0
2942	697	1	1.0
2588	823	1	1.0
4232	862	1	1.0
2588	889	1	1.0
2942	920	1	1.0
2588	989	1	1.0
2942	1158	1	1.0
2588	1278	1	1.0
2942	1424	1	1.0
4232	1479	1	1.0
4232	1656	1	1.0
2588	1707	1	1.0
2588	1723	1	1.0
2588	1739	1	1.0
4232	1783	1	1.0
2588	1808	1	1.0
2588	1916	1	1.0
2588	1938	1	1.0
2942	1938	1	1.0
2495	53	1	1.0
2812	53	1	1.0
3873	53	1	1.0
2495	123	1	1.0
2495	146	1	1.0
3873	409	1	1.0
2495	541	1	1.0
2812	584	1	1.0
3873	758	1	1.0
2812	792	1	1.0
3873	839	1	1.0
2495	846	1	1.0
2495	876	1	1.0
2495	985	1	1.0
2495	1045	1	1.0
3873	1287	1	1.0
3873	1300	1	1.0
2495	1399	1	1.0
2495	1440	1	1.0
3873	1469	1	1.0
2495	1512	1	1.0
2495	1557	1	1.0
2495	1743	1	1.0
3873	1746	1	1.0
2495	1764	1	1.0
2495	1791	1	1.0
2495	1863	1	1.0
2495	1901	1	1.0
3873	1968	1	1.0
2477	54	1	1.0
2477	118	1	1.0
3817	55	1	1.0
4605	55	1	1.0
3817	89	1	1.0
3817	520	1	1.0
3817	633	1	1.0
3817	963	1	1.0
4605	1346	1	1.0
3817	1817	1	1.0
3817	1863	1	1.0
3817	2077	1	1.0
3014	56	1	1.0
3899	56	1	1.0
3899	64	1	1.0
3899	102	1	1.0
3899	202	1	1.0
3014	220	1	1.0
3899	302	1	1.0
3899	323	1	1.0
3899	334	1	1.0
3899	384	1	1.0
3899	393	1	1.0
3014	429	1	1.0
3899	465	1	1.0
3899	529	1	1.0
3899	551	1	1.0
3899	557	1	1.0
3899	562	1	1.0
3899	578	1	1.0
3899	657	1	1.0
3899	687	1	1.0
3899	692	1	1.0
3899	789	1	1.0
3899	837	1	1.0
3899	863	1	1.0
3899	928	1	1.0
3899	976	1	1.0
3899	1040	1	1.0
3899	1053	1	1.0
3014	1068	1	1.0
3899	1077	1	1.0
3899	1128	1	1.0
3899	1243	1	1.0
3899	1252	1	1.0
3014	1349	1	1.0
3899	1450	1	1.0
3899	1454	1	1.0
3899	1549	1	1.0
3899	1552	1	1.0
3899	1588	1	1.0
3899	1599	1	1.0
3899	1637	1	1.0
3899	1643	1	1.0
3899	1754	1	1.0
3014	1784	1	1.0
3899	1835	1	1.0
3014	2085	1	1.0
2723	57	1	1.0
3242	57	1	1.0
2723	147	1	1.0
2723	277	1	1.0
2723	592	1	1.0
2723	716	1	1.0
2723	932	1	1.0
2723	1290	1	1.0
2723	1356	1	1.0
2723	1434	1	1.0
2723	1713	1	1.0
2723	1826	1	1.0
2200	58	1	1.0
4118	58	1	1.0
4423	58	1	1.0
2200	68	1	1.0
4118	147	1	1.0
2200	396	1	1.0
2200	527	1	1.0
2200	631	1	1.0
2200	776	1	1.0
4118	960	1	1.0
2200	1471	1	1.0
4118	1520	1	1.0
2200	1548	1	1.0
2200	1979	1	1.0
2200	2041	1	1.0
2529	60	1	1.0
2567	60	1	1.0
2567	100	1	1.0
2529	112	1	1.0
2529	115	1	1.0
2567	115	1	1.0
2567	203	1	1.0
2567	204	1	1.0
2567	234	1	1.0
2567	299	1	1.0
2529	760	1	1.0
2567	885	1	1.0
2529	1102	1	1.0
2529	1233	1	1.0
2529	1288	1	1.0
2567	1406	1	1.0
2567	1491	1	1.0
2529	1507	1	1.0
2529	1624	1	1.0
2529	2050	1	1.0
2294	61	1	1.0
4297	61	1	1.0
4297	165	1	1.0
4297	471	1	1.0
2294	487	1	1.0
2294	554	1	1.0
4297	743	1	1.0
4297	787	1	1.0
4297	1052	1	1.0
4297	1079	1	1.0
4297	1177	1	1.0
2294	1200	1	1.0
4297	1364	1	1.0
4297	1529	1	1.0
4297	1571	1	1.0
4297	1590	1	1.0
2294	1814	1	1.0
2403	62	1	1.0
3255	62	1	1.0
4279	62	1	1.0
3255	144	1	1.0
2403	284	1	1.0
3255	385	1	1.0
2403	437	1	1.0
2403	494	1	1.0
2403	755	1	1.0
3255	775	1	1.0
3255	932	1	1.0
2403	946	1	1.0
2403	972	1	1.0
3255	1040	1	1.0
3255	1061	1	1.0
2403	1118	1	1.0
3255	1195	1	1.0
2403	1314	1	1.0
2403	1336	1	1.0
2403	1441	1	1.0
2403	1477	1	1.0
3255	1713	1	1.0
3255	1734	1	1.0
3255	1741	1	1.0
3255	1766	1	1.0
2403	1794	1	1.0
2403	1909	1	1.0
2403	2045	1	1.0
3057	63	1	1.0
4228	63	1	1.0
3057	1288	1	1.0
3057	2036	1	1.0
4228	2098	1	1.0
3266	64	1	1.0
4438	64	1	1.0
3266	91	1	1.0
4438	384	1	1.0
4438	390	1	1.0
4438	459	1	1.0
3266	489	1	1.0
4438	497	1	1.0
4438	560	1	1.0
4438	569	1	1.0
4438	758	1	1.0
4438	842	1	1.0
4438	859	1	1.0
4438	1416	1	1.0
4438	1468	1	1.0
4438	1610	1	1.0
4438	1661	1	1.0
4438	1720	1	1.0
3266	2011	1	1.0
3535	65	1	1.0
3965	65	1	1.0
4561	65	1	1.0
4561	116	1	1.0
4561	122	1	1.0
4561	134	1	1.0
4561	136	1	1.0
4561	188	1	1.0
4561	201	1	1.0
4561	202	1	1.0
4561	247	1	1.0
3965	301	1	1.0
4561	326	1	1.0
4561	386	1	1.0
4561	597	1	1.0
4561	652	1	1.0
4561	660	1	1.0
4561	663	1	1.0
4561	838	1	1.0
4561	847	1	1.0
4561	1042	1	1.0
4561	1339	1	1.0
4561	1378	1	1.0
4561	1689	1	1.0
3965	2091	1	1.0
3194	66	1	1.0
4185	66	1	1.0
4727	66	1	1.0
3194	1139	1	1.0
2731	67	1	1.0
3568	67	1	1.0
2731	187	1	1.0
2731	306	1	1.0
2731	495	1	1.0
2731	622	1	1.0
2731	658	1	1.0
2731	742	1	1.0
2731	1098	1	1.0
2731	1183	1	1.0
2731	1232	1	1.0
2731	1236	1	1.0
2731	1375	1	1.0
2731	1431	1	1.0
2731	1644	1	1.0
2731	1671	1	1.0
2731	1673	1	1.0
2731	1879	1	1.0
3568	2011	1	1.0
3878	68	1	1.0
4089	68	1	1.0
3878	1294	1	1.0
3878	1711	1	1.0
2348	69	1	1.0
2936	69	1	1.0
2936	244	1	1.0
2348	317	1	1.0
2348	398	1	1.0
2348	411	1	1.0
2348	535	1	1.0
2348	708	1	1.0
2348	860	1	1.0
2348	909	1	1.0
2936	929	1	1.0
2348	1092	1	1.0
2348	1169	1	1.0
2348	1255	1	1.0
2348	1396	1	1.0
2348	1418	1	1.0
2348	1428	1	1.0
2348	1503	1	1.0
2348	1598	1	1.0
2348	1636	1	1.0
2936	1636	1	1.0
2348	1756	1	1.0
2348	1850	1	1.0
2348	1994	1	1.0
2348	2038	1	1.0
3517	71	1	1.0
3517	152	1	1.0
3517	162	1	1.0
3517	380	1	1.0
3517	558	1	1.0
3517	608	1	1.0
3517	835	1	1.0
3517	940	1	1.0
3517	1244	1	1.0
3517	1656	1	1.0
3517	1823	1	1.0
3517	2022	1	1.0
3517	2031	1	1.0
2227	72	1	1.0
4305	72	1	1.0
4369	72	1	1.0
2227	97	1	1.0
2227	120	1	1.0
2227	133	1	1.0
2227	160	1	1.0
2227	166	1	1.0
4369	196	1	1.0
2227	221	1	1.0
2227	245	1	1.0
2227	265	1	1.0
2227	301	1	1.0
2227	333	1	1.0
2227	465	1	1.0
2227	476	1	1.0
2227	554	1	1.0
2227	724	1	1.0
2227	788	1	1.0
4369	938	1	1.0
2227	939	1	1.0
2227	1170	1	1.0
2227	1192	1	1.0
2227	1388	1	1.0
4369	1451	1	1.0
4305	1621	1	1.0
2227	1679	1	1.0
2227	1838	1	1.0
2227	2097	1	1.0
3515	73	1	1.0
3515	673	1	1.0
3515	2050	1	1.0
2173	74	1	1.0
2363	74	1	1.0
4478	74	1	1.0
2173	1363	1	1.0
2363	1363	1	1.0
4478	1363	1	1.0
2475	75	1	1.0
3272	75	1	1.0
3450	75	1	1.0
2475	249	1	1.0
3450	399	1	1.0
3450	413	1	1.0
3450	580	1	1.0
2475	615	1	1.0
3450	740	1	1.0
3450	789	1	1.0
3450	880	1	1.0
2475	1017	1	1.0
3450	1123	1	1.0
2475	1148	1	1.0
3450	1154	1	1.0
3450	1439	1	1.0
2475	1726	1	1.0
3450	1822	1	1.0
3450	1929	1	1.0
2475	1956	1	1.0
3450	1978	1	1.0
3450	2001	1	1.0
2475	2014	1	1.0
2475	2076	1	1.0
3450	2078	1	1.0
3012	76	1	1.0
3012	149	1	1.0
3012	161	1	1.0
3012	295	1	1.0
3012	1648	1	1.0
3333	77	1	1.0
3443	77	1	1.0
3726	77	1	1.0
3333	413	1	1.0
3333	497	1	1.0
3333	498	1	1.0
3333	528	1	1.0
3333	1235	1	1.0
3333	1737	1	1.0
2531	78	1	1.0
4521	78	1	1.0
2531	815	1	1.0
2531	1653	1	1.0
2531	1655	1	1.0
2112	79	1	1.0
2633	79	1	1.0
2644	79	1	1.0
2112	567	1	1.0
2112	755	1	1.0
2633	1242	1	1.0
2633	1753	1	1.0
3083	80	1	1.0
3285	80	1	1.0
4328	80	1	1.0
3083	379	1	1.0
3083	560	1	1.0
4328	1220	1	1.0
3285	1392	1	1.0
3083	1469	1	1.0
3285	1592	1	1.0
4328	1877	1	1.0
4328	1955	1	1.0
4328	2023	1	1.0
3378	81	1	1.0
4357	81	1	1.0
4661	81	1	1.0
4661	185	1	1.0
4357	187	1	1.0
3378	357	1	1.0
3378	447	1	1.0
4357	639	1	1.0
4661	767	1	1.0
4661	769	1	1.0
4357	1030	1	1.0
4357	1922	1	1.0
2471	82	1	1.0
3947	82	1	1.0
3947	826	1	1.0
2392	83	1	1.0
2751	83	1	1.0
2751	140	1	1.0
2751	243	1	1.0
2751	246	1	1.0
2751	263	1	1.0
2751	267	1	1.0
2751	300	1	1.0
2751	333	1	1.0
2392	388	1	1.0
2392	681	1	1.0
2392	729	1	1.0
2392	824	1	1.0
2392	848	1	1.0
2392	858	1	1.0
2751	1020	1	1.0
2392	1074	1	1.0
2392	1255	1	1.0
2392	1263	1	1.0
2751	1333	1	1.0
2751	1899	1	1.0
2392	1914	1	1.0
2392	1930	1	1.0
2751	1934	1	1.0
2392	2057	1	1.0
2242	84	1	1.0
3655	84	1	1.0
3765	84	1	1.0
3765	147	1	1.0
3765	268	1	1.0
3765	331	1	1.0
2242	337	1	1.0
2242	398	1	1.0
3655	455	1	1.0
3765	501	1	1.0
2242	584	1	1.0
3765	610	1	1.0
3765	626	1	1.0
3765	689	1	1.0
3765	720	1	1.0
2242	824	1	1.0
3765	845	1	1.0
3765	858	1	1.0
3765	910	1	1.0
2242	973	1	1.0
3765	1080	1	1.0
2242	1094	1	1.0
3765	1114	1	1.0
3765	1128	1	1.0
2242	1273	1	1.0
2242	1323	1	1.0
2242	1448	1	1.0
2242	1473	1	1.0
2242	1531	1	1.0
3765	1597	1	1.0
3765	1649	1	1.0
2282	86	1	1.0
3702	86	1	1.0
4386	86	1	1.0
2282	175	1	1.0
3702	175	1	1.0
4386	175	1	1.0
3350	87	1	1.0
3350	347	1	1.0
3350	1204	1	1.0
3166	88	1	1.0
3389	88	1	1.0
3166	181	1	1.0
3166	458	1	1.0
3389	486	1	1.0
3166	1020	1	1.0
3389	1357	1	1.0
3166	1409	1	1.0
3389	1461	1	1.0
3166	1582	1	1.0
3166	1751	1	1.0
3166	1818	1	1.0
3951	90	1	1.0
3996	90	1	1.0
4208	90	1	1.0
3951	192	1	1.0
3951	208	1	1.0
3951	210	1	1.0
3951	245	1	1.0
3951	262	1	1.0
3951	402	1	1.0
3951	466	1	1.0
3951	594	1	1.0
3951	621	1	1.0
3951	656	1	1.0
3951	744	1	1.0
3951	766	1	1.0
3951	857	1	1.0
3951	930	1	1.0
3951	947	1	1.0
3951	1005	1	1.0
3951	1023	1	1.0
3951	1060	1	1.0
3996	1066	1	1.0
3996	1110	1	1.0
3951	1165	1	1.0
3951	1371	1	1.0
3951	1412	1	1.0
3951	1812	1	1.0
3951	2046	1	1.0
2209	91	1	1.0
3870	91	1	1.0
2209	166	1	1.0
2209	190	1	1.0
2209	766	1	1.0
2209	1431	1	1.0
3870	1557	1	1.0
3870	1696	1	1.0
3870	1702	1	1.0
3870	1733	1	1.0
3870	2005	1	1.0
2858	92	1	1.0
3410	92	1	1.0
4275	92	1	1.0
2858	356	1	1.0
3410	417	1	1.0
4275	470	1	1.0
4275	515	1	1.0
3410	628	1	1.0
2858	759	1	1.0
4275	959	1	1.0
2858	1158	1	1.0
2858	1188	1	1.0
3410	1287	1	1.0
3410	1301	1	1.0
4275	1774	1	1.0
2858	1909	1	1.0
2858	1926	1	1.0
2451	93	1	1.0
2755	93	1	1.0
4280	93	1	1.0
2755	149	1	1.0
2755	538	1	1.0
2755	570	1	1.0
2755	575	1	1.0
2451	675	1	1.0
2451	1078	1	1.0
2451	1322	1	1.0
2451	1405	1	1.0
2755	1554	1	1.0
2755	1648	1	1.0
2451	2065	1	1.0
2842	94	1	1.0
3756	94	1	1.0
3756	1621	1	1.0
2842	1965	1	1.0
3104	95	1	1.0
3218	95	1	1.0
3665	95	1	1.0
3665	365	1	1.0
3218	503	1	1.0
3665	540	1	1.0
3218	615	1	1.0
3104	721	1	1.0
3218	820	1	1.0
3104	831	1	1.0
3665	831	1	1.0
3218	1124	1	1.0
3665	1285	1	1.0
3218	1475	1	1.0
3218	1610	1	1.0
3665	1681	1	1.0
3218	1781	1	1.0
3665	1906	1	1.0
3104	1958	1	1.0
3665	2018	1	1.0
3838	96	1	1.0
4725	96	1	1.0
3838	345	1	1.0
3838	578	1	1.0
3838	935	1	1.0
4725	1699	1	1.0
2254	97	1	1.0
2408	97	1	1.0
2254	109	1	1.0
2254	111	1	1.0
2254	117	1	1.0
2254	132	1	1.0
2254	167	1	1.0
2254	368	1	1.0
2254	394	1	1.0
2254	432	1	1.0
2254	451	1	1.0
2254	542	1	1.0
2254	587	1	1.0
2254	784	1	1.0
2408	787	1	1.0
2254	810	1	1.0
2254	1019	1	1.0
2254	1128	1	1.0
2254	1258	1	1.0
2408	1315	1	1.0
2254	1429	1	1.0
2254	1461	1	1.0
2254	1801	1	1.0
2254	1891	1	1.0
2254	1948	1	1.0
2510	98	1	1.0
2810	98	1	1.0
2510	110	1	1.0
2810	122	1	1.0
2810	180	1	1.0
2510	211	1	1.0
2810	322	1	1.0
2510	424	1	1.0
2810	534	1	1.0
2510	621	1	1.0
2510	648	1	1.0
2510	706	1	1.0
2510	740	1	1.0
2510	793	1	1.0
2810	866	1	1.0
2510	1058	1	1.0
2510	1143	1	1.0
2510	1154	1	1.0
2510	1253	1	1.0
2810	1324	1	1.0
2510	1373	1	1.0
2510	1400	1	1.0
2510	1533	1	1.0
2510	1798	1	1.0
2510	1868	1	1.0
2810	2029	1	1.0
2510	2096	1	1.0
2172	99	1	1.0
4700	99	1	1.0
2172	196	1	1.0
2172	1121	1	1.0
2172	1413	1	1.0
2690	100	1	1.0
2690	1677	1	1.0
2410	101	1	1.0
3155	101	1	1.0
3155	456	1	1.0
3155	490	1	1.0
3155	564	1	1.0
3155	951	1	1.0
2410	955	1	1.0
3155	1024	1	1.0
2410	1122	1	1.0
2410	1527	1	1.0
2336	103	1	1.0
2486	103	1	1.0
3102	103	1	1.0
2486	127	1	1.0
3102	127	1	1.0
2336	194	1	1.0
3102	236	1	1.0
2486	462	1	1.0
3102	462	1	1.0
3102	660	1	1.0
2486	699	1	1.0
3102	753	1	1.0
2336	1180	1	1.0
2336	1262	1	1.0
2336	1277	1	1.0
2336	1292	1	1.0
2486	1380	1	1.0
2336	1510	1	1.0
2336	1524	1	1.0
2486	1630	1	1.0
3102	1968	1	1.0
2486	2065	1	1.0
4121	104	1	1.0
4231	104	1	1.0
4439	104	1	1.0
4231	153	1	1.0
4121	172	1	1.0
4231	172	1	1.0
4439	172	1	1.0
4121	217	1	1.0
4231	217	1	1.0
4439	217	1	1.0
4439	235	1	1.0
4439	319	1	1.0
4231	338	1	1.0
4231	349	1	1.0
4231	410	1	1.0
4231	427	1	1.0
4439	457	1	1.0
4439	459	1	1.0
4439	497	1	1.0
4231	521	1	1.0
4121	575	1	1.0
4231	841	1	1.0
4439	898	1	1.0
4231	926	1	1.0
4439	1001	1	1.0
4231	1292	1	1.0
4231	1294	1	1.0
4439	1323	1	1.0
4231	1402	1	1.0
4231	1584	1	1.0
4231	1688	1	1.0
4231	1747	1	1.0
4231	1979	1	1.0
2757	105	1	1.0
2594	106	1	1.0
2873	106	1	1.0
3970	106	1	1.0
2873	169	1	1.0
3970	709	1	1.0
3361	107	1	1.0
3608	107	1	1.0
3773	107	1	1.0
3361	294	1	1.0
3361	328	1	1.0
3361	500	1	1.0
3361	737	1	1.0
3773	833	1	1.0
3361	1275	1	1.0
3773	1987	1	1.0
2642	108	1	1.0
3020	108	1	1.0
4434	108	1	1.0
4434	1875	1	1.0
3914	109	1	1.0
3914	111	1	1.0
3914	203	1	1.0
3914	204	1	1.0
3914	207	1	1.0
3914	408	1	1.0
3914	430	1	1.0
3914	866	1	1.0
3914	916	1	1.0
3914	1153	1	1.0
3914	1309	1	1.0
3914	1676	1	1.0
3914	1711	1	1.0
3914	1827	1	1.0
3914	1860	1	1.0
4734	110	1	1.0
4734	170	1	1.0
4734	228	1	1.0
4734	1606	1	1.0
2747	112	1	1.0
3127	112	1	1.0
2747	688	1	1.0
2747	1500	1	1.0
2747	1983	1	1.0
3456	113	1	1.0
3955	113	1	1.0
4093	113	1	1.0
3456	912	1	1.0
3456	1422	1	1.0
2816	114	1	1.0
3595	114	1	1.0
2816	159	1	1.0
2816	277	1	1.0
3595	295	1	1.0
2816	922	1	1.0
2816	1098	1	1.0
2816	1826	1	1.0
3235	116	1	1.0
4350	116	1	1.0
3235	134	1	1.0
3235	184	1	1.0
3235	524	1	1.0
3235	871	1	1.0
3235	1235	1	1.0
3235	1533	1	1.0
3235	1561	1	1.0
2275	117	1	1.0
4394	117	1	1.0
2275	1120	1	1.0
2275	1631	1	1.0
3758	119	1	1.0
4004	119	1	1.0
4197	119	1	1.0
4197	131	1	1.0
3758	288	1	1.0
4197	309	1	1.0
3758	357	1	1.0
4004	392	1	1.0
3758	448	1	1.0
3758	470	1	1.0
4197	566	1	1.0
3758	677	1	1.0
4004	818	1	1.0
3758	834	1	1.0
3758	951	1	1.0
3758	1015	1	1.0
4197	1164	1	1.0
3758	1199	1	1.0
4197	1327	1	1.0
4197	1351	1	1.0
3758	1552	1	1.0
4197	1680	1	1.0
4197	1906	1	1.0
4004	1970	1	1.0
3758	2019	1	1.0
3861	120	1	1.0
2109	121	1	1.0
3964	121	1	1.0
4363	121	1	1.0
2109	596	1	1.0
2109	1331	1	1.0
2109	2048	1	1.0
4084	122	1	1.0
4084	346	1	1.0
4084	408	1	1.0
4084	451	1	1.0
4084	475	1	1.0
4084	707	1	1.0
4084	841	1	1.0
4084	862	1	1.0
4084	934	1	1.0
4084	1048	1	1.0
4084	1091	1	1.0
4084	1655	1	1.0
4084	1856	1	1.0
4084	1986	1	1.0
4084	2088	1	1.0
3109	123	1	1.0
3741	123	1	1.0
3109	368	1	1.0
3741	713	1	1.0
3741	911	1	1.0
3109	1388	1	1.0
2635	124	1	1.0
2828	124	1	1.0
4563	124	1	1.0
2635	160	1	1.0
2635	776	1	1.0
4563	865	1	1.0
4563	1203	1	1.0
4563	1518	1	1.0
4563	1710	1	1.0
2635	1740	1	1.0
2702	125	1	1.0
2702	1542	1	1.0
3418	126	1	1.0
4603	126	1	1.0
4718	126	1	1.0
4603	154	1	1.0
4603	797	1	1.0
4603	921	1	1.0
4603	1596	1	1.0
4603	1673	1	1.0
3418	1896	1	1.0
3723	127	1	1.0
3723	430	1	1.0
3723	644	1	1.0
3723	1701	1	1.0
2590	128	1	1.0
4189	128	1	1.0
4548	128	1	1.0
2590	150	1	1.0
2590	219	1	1.0
2590	526	1	1.0
4548	875	1	1.0
4189	1257	1	1.0
2590	1298	1	1.0
2590	1350	1	1.0
2590	1657	1	1.0
2798	129	1	1.0
3427	129	1	1.0
4722	129	1	1.0
2798	1156	1	1.0
2798	1432	1	1.0
3427	1432	1	1.0
4722	1432	1	1.0
2798	2039	1	1.0
2438	130	1	1.0
4682	130	1	1.0
2438	233	1	1.0
2438	261	1	1.0
2438	291	1	1.0
2438	305	1	1.0
2438	321	1	1.0
2438	390	1	1.0
2438	394	1	1.0
2438	433	1	1.0
2438	480	1	1.0
2438	485	1	1.0
2438	489	1	1.0
2438	496	1	1.0
2438	523	1	1.0
2438	539	1	1.0
2438	547	1	1.0
4682	571	1	1.0
2438	593	1	1.0
2438	611	1	1.0
2438	616	1	1.0
2438	657	1	1.0
2438	674	1	1.0
2438	704	1	1.0
2438	771	1	1.0
2438	902	1	1.0
2438	1009	1	1.0
4682	1055	1	1.0
2438	1070	1	1.0
2438	1241	1	1.0
2438	1465	1	1.0
4682	1529	1	1.0
2438	1534	1	1.0
2438	1591	1	1.0
2438	1643	1	1.0
2438	1829	1	1.0
4682	2065	1	1.0
2438	2086	1	1.0
4261	131	1	1.0
4261	280	1	1.0
4261	311	1	1.0
4261	363	1	1.0
4261	407	1	1.0
4261	418	1	1.0
4261	803	1	1.0
4261	817	1	1.0
4261	1149	1	1.0
4261	1762	1	1.0
4261	1902	1	1.0
4356	132	1	1.0
4670	133	1	1.0
4670	160	1	1.0
4670	310	1	1.0
4670	411	1	1.0
4670	1350	1	1.0
4670	2012	1	1.0
3837	134	1	1.0
2685	135	1	1.0
3316	135	1	1.0
4167	135	1	1.0
3316	338	1	1.0
3316	601	1	1.0
3316	822	1	1.0
3316	878	1	1.0
4167	1003	1	1.0
3316	1212	1	1.0
2492	136	1	1.0
4584	136	1	1.0
4584	383	1	1.0
4584	974	1	1.0
4584	1044	1	1.0
2492	1317	1	1.0
4584	1637	1	1.0
4584	1792	1	1.0
4584	1876	1	1.0
2318	137	1	1.0
3732	137	1	1.0
2318	474	1	1.0
2318	548	1	1.0
2318	857	1	1.0
2318	2007	1	1.0
3572	138	1	1.0
3572	324	1	1.0
3572	1480	1	1.0
3572	1634	1	1.0
3572	1824	1	1.0
2193	140	1	1.0
2960	140	1	1.0
2960	141	1	1.0
2960	333	1	1.0
2960	439	1	1.0
2960	529	1	1.0
2960	633	1	1.0
2960	682	1	1.0
2960	689	1	1.0
2960	791	1	1.0
2960	816	1	1.0
2960	924	1	1.0
2960	1031	1	1.0
2960	1212	1	1.0
2960	1238	1	1.0
2960	1375	1	1.0
2960	1485	1	1.0
2960	1565	1	1.0
2960	1609	1	1.0
2193	1639	1	1.0
2193	1733	1	1.0
2960	2079	1	1.0
2960	2099	1	1.0
2439	141	1	1.0
2838	141	1	1.0
2838	146	1	1.0
2439	169	1	1.0
3287	142	1	1.0
4178	142	1	1.0
4306	142	1	1.0
4178	188	1	1.0
3287	236	1	1.0
3287	250	1	1.0
4178	272	1	1.0
4306	289	1	1.0
4306	355	1	1.0
4306	425	1	1.0
3287	675	1	1.0
3287	713	1	1.0
3287	773	1	1.0
4178	813	1	1.0
4306	1018	1	1.0
4306	1364	1	1.0
3287	1439	1	1.0
4178	1521	1	1.0
4306	1561	1	1.0
4306	1644	1	1.0
4306	1920	1	1.0
2357	143	1	1.0
3743	143	1	1.0
4428	143	1	1.0
2357	655	1	1.0
2357	1746	1	1.0
2357	1809	1	1.0
2357	1975	1	1.0
2664	144	1	1.0
4156	144	1	1.0
4156	863	1	1.0
4156	992	1	1.0
4156	1094	1	1.0
4156	1268	1	1.0
4156	1434	1	1.0
2488	145	1	1.0
3493	145	1	1.0
4149	145	1	1.0
2488	1138	1	1.0
2488	1773	1	1.0
2787	146	1	1.0
2787	179	1	1.0
2787	218	1	1.0
2787	256	1	1.0
2787	274	1	1.0
2787	284	1	1.0
2787	363	1	1.0
2787	398	1	1.0
2787	449	1	1.0
2787	478	1	1.0
2787	522	1	1.0
2787	543	1	1.0
2787	661	1	1.0
2787	697	1	1.0
2787	747	1	1.0
2787	849	1	1.0
2787	865	1	1.0
2787	1509	1	1.0
2787	1672	1	1.0
2787	1849	1	1.0
2787	1880	1	1.0
3189	148	1	1.0
3879	148	1	1.0
3879	1306	1	1.0
2740	150	1	1.0
3689	150	1	1.0
2740	1120	1	1.0
2740	1427	1	1.0
2740	1600	1	1.0
2704	151	1	1.0
3121	151	1	1.0
3559	151	1	1.0
4221	152	1	1.0
4493	152	1	1.0
4221	162	1	1.0
4493	162	1	1.0
4221	558	1	1.0
4493	653	1	1.0
4493	735	1	1.0
4493	824	1	1.0
4221	835	1	1.0
4493	835	1	1.0
4493	892	1	1.0
4221	1217	1	1.0
4493	1244	1	1.0
4493	2031	1	1.0
4071	154	1	1.0
4071	225	1	1.0
4071	452	1	1.0
3639	155	1	1.0
3639	430	1	1.0
3639	1727	1	1.0
2321	156	1	1.0
4403	156	1	1.0
4403	669	1	1.0
4403	980	1	1.0
4403	1989	1	1.0
4431	157	1	1.0
4431	297	1	1.0
4431	577	1	1.0
4431	705	1	1.0
4431	796	1	1.0
4431	1299	1	1.0
4431	1316	1	1.0
4431	1445	1	1.0
4431	1489	1	1.0
4431	1705	1	1.0
4431	1783	1	1.0
4431	1836	1	1.0
4431	1915	1	1.0
4431	2027	1	1.0
2224	158	1	1.0
2248	158	1	1.0
2224	462	1	1.0
2224	982	1	1.0
3742	159	1	1.0
3742	193	1	1.0
3742	196	1	1.0
3742	241	1	1.0
3742	281	1	1.0
3742	318	1	1.0
3742	350	1	1.0
3742	429	1	1.0
3742	490	1	1.0
3742	535	1	1.0
3742	574	1	1.0
3742	640	1	1.0
3742	665	1	1.0
3742	692	1	1.0
3742	706	1	1.0
3742	785	1	1.0
3742	856	1	1.0
3742	874	1	1.0
3742	899	1	1.0
3742	964	1	1.0
3742	1018	1	1.0
3742	1091	1	1.0
3742	1127	1	1.0
3742	1272	1	1.0
3742	1768	1	1.0
3742	1890	1	1.0
4467	161	1	1.0
4467	1274	1	1.0
2262	163	1	1.0
3263	163	1	1.0
3746	163	1	1.0
3023	164	1	1.0
3351	164	1	1.0
3351	201	1	1.0
3351	306	1	1.0
3351	792	1	1.0
3351	1157	1	1.0
3351	1267	1	1.0
3351	1424	1	1.0
3351	1478	1	1.0
2203	165	1	1.0
2602	165	1	1.0
2203	416	1	1.0
2203	638	1	1.0
2602	1982	1	1.0
2285	166	1	1.0
2851	167	1	1.0
3615	167	1	1.0
3615	352	1	1.0
3615	415	1	1.0
2851	677	1	1.0
3615	924	1	1.0
3615	948	1	1.0
2851	1399	1	1.0
3654	168	1	1.0
4546	168	1	1.0
4583	168	1	1.0
4583	183	1	1.0
3654	429	1	1.0
4583	458	1	1.0
4583	495	1	1.0
4583	802	1	1.0
4583	1036	1	1.0
4546	1258	1	1.0
4583	1403	1	1.0
4583	1419	1	1.0
3654	1555	1	1.0
4546	1576	1	1.0
4546	1691	1	1.0
3654	1818	1	1.0
2803	169	1	1.0
2672	171	1	1.0
4120	171	1	1.0
4277	171	1	1.0
4680	173	1	1.0
4680	256	1	1.0
4680	275	1	1.0
4680	290	1	1.0
4680	504	1	1.0
4680	586	1	1.0
4680	631	1	1.0
4680	687	1	1.0
4680	786	1	1.0
4680	842	1	1.0
4680	851	1	1.0
4680	868	1	1.0
4680	927	1	1.0
4680	994	1	1.0
4680	1015	1	1.0
4680	1088	1	1.0
4680	1393	1	1.0
4680	1499	1	1.0
4680	1603	1	1.0
4680	1720	1	1.0
4680	1831	1	1.0
4680	1898	1	1.0
4419	174	1	1.0
4419	569	1	1.0
4419	856	1	1.0
3205	177	1	1.0
3858	177	1	1.0
4111	177	1	1.0
3858	2064	1	1.0
2106	178	1	1.0
2430	178	1	1.0
2430	464	1	1.0
2430	1053	1	1.0
4033	180	1	1.0
4033	1778	1	1.0
2160	181	1	1.0
2160	197	1	1.0
3715	182	1	1.0
4113	182	1	1.0
4253	182	1	1.0
3715	582	1	1.0
4113	582	1	1.0
4253	582	1	1.0
4253	796	1	1.0
4253	1343	1	1.0
4253	1946	1	1.0
2585	183	1	1.0
4662	183	1	1.0
4340	184	1	1.0
4414	184	1	1.0
4340	474	1	1.0
4340	498	1	1.0
4340	877	1	1.0
4340	964	1	1.0
4340	1284	1	1.0
4340	1342	1	1.0
4340	1443	1	1.0
4340	1644	1	1.0
4340	1675	1	1.0
4340	1691	1	1.0
4340	1931	1	1.0
4340	1948	1	1.0
3309	185	1	1.0
3819	185	1	1.0
3819	269	1	1.0
3819	389	1	1.0
3819	1266	1	1.0
3819	1425	1	1.0
2583	186	1	1.0
3895	186	1	1.0
4468	186	1	1.0
2583	541	1	1.0
2583	720	1	1.0
3895	1455	1	1.0
2583	1576	1	1.0
2583	1852	1	1.0
3895	1989	1	1.0
2778	188	1	1.0
2778	719	1	1.0
2778	949	1	1.0
2778	1267	1	1.0
2778	1570	1	1.0
2778	1666	1	1.0
2370	189	1	1.0
3419	189	1	1.0
3725	189	1	1.0
3725	536	1	1.0
2370	592	1	1.0
2370	700	1	1.0
2370	1011	1	1.0
2370	1318	1	1.0
2370	1447	1	1.0
3725	1724	1	1.0
2370	1754	1	1.0
3419	1942	1	1.0
3061	190	1	1.0
3061	218	1	1.0
3061	289	1	1.0
3061	356	1	1.0
3061	1521	1	1.0
4116	191	1	1.0
4458	191	1	1.0
4470	191	1	1.0
4116	1645	1	1.0
4458	1737	1	1.0
3748	192	1	1.0
4063	192	1	1.0
2280	193	1	1.0
4201	193	1	1.0
2280	258	1	1.0
2725	194	1	1.0
3409	194	1	1.0
2725	259	1	1.0
2725	765	1	1.0
2725	878	1	1.0
2725	897	1	1.0
2725	920	1	1.0
3409	927	1	1.0
2725	1034	1	1.0
3409	1179	1	1.0
2725	1378	1	1.0
3409	1392	1	1.0
2725	1870	1	1.0
2725	1876	1	1.0
2725	2058	1	1.0
3789	195	1	1.0
3921	195	1	1.0
3921	240	1	1.0
3921	344	1	1.0
3921	371	1	1.0
3921	448	1	1.0
3921	490	1	1.0
3921	1160	1	1.0
3921	1260	1	1.0
3921	1839	1	1.0
3921	1936	1	1.0
2554	197	1	1.0
2110	198	1	1.0
3216	198	1	1.0
2110	272	1	1.0
2110	498	1	1.0
2110	792	1	1.0
3216	821	1	1.0
3216	1078	1	1.0
3216	1537	1	1.0
2110	1791	1	1.0
3216	1856	1	1.0
3500	199	1	1.0
3936	199	1	1.0
4344	199	1	1.0
4344	1133	1	1.0
4344	1764	1	1.0
4344	2080	1	1.0
2754	200	1	1.0
4380	200	1	1.0
4509	200	1	1.0
3674	201	1	1.0
3674	306	1	1.0
3674	528	1	1.0
3674	718	1	1.0
4733	202	1	1.0
4733	630	1	1.0
4733	817	1	1.0
3011	203	1	1.0
3011	204	1	1.0
3011	380	1	1.0
3011	1231	1	1.0
3011	1401	1	1.0
3119	205	1	1.0
3119	257	1	1.0
3119	611	1	1.0
3119	753	1	1.0
3119	1395	1	1.0
4194	206	1	1.0
4481	206	1	1.0
3048	207	1	1.0
3048	1389	1	1.0
2137	209	1	1.0
4320	209	1	1.0
4628	209	1	1.0
3962	210	1	1.0
4241	210	1	1.0
3962	643	1	1.0
3962	724	1	1.0
3962	1431	1	1.0
3962	1595	1	1.0
3962	1827	1	1.0
2661	212	1	1.0
3229	212	1	1.0
3967	212	1	1.0
3967	215	1	1.0
2661	371	1	1.0
3967	531	1	1.0
2661	732	1	1.0
2661	926	1	1.0
2205	213	1	1.0
2305	213	1	1.0
4077	213	1	1.0
2980	214	1	1.0
3149	214	1	1.0
2980	855	1	1.0
4420	215	1	1.0
4147	216	1	1.0
4528	216	1	1.0
4533	216	1	1.0
4147	342	1	1.0
4528	342	1	1.0
4533	342	1	1.0
4528	1175	1	1.0
4528	1199	1	1.0
4147	1450	1	1.0
4528	1670	1	1.0
4528	1698	1	1.0
4528	1960	1	1.0
2265	218	1	1.0
2265	1354	1	1.0
2265	1686	1	1.0
3283	219	1	1.0
4656	219	1	1.0
4656	389	1	1.0
3283	641	1	1.0
3283	855	1	1.0
4656	926	1	1.0
3283	1120	1	1.0
2115	220	1	1.0
2115	460	1	1.0
2115	1206	1	1.0
2115	1312	1	1.0
2115	1355	1	1.0
4417	221	1	1.0
2119	222	1	1.0
2907	222	1	1.0
2907	273	1	1.0
2119	316	1	1.0
2119	586	1	1.0
2907	761	1	1.0
2119	814	1	1.0
2119	978	1	1.0
2119	1053	1	1.0
2119	1844	1	1.0
2907	1918	1	1.0
2483	223	1	1.0
3120	223	1	1.0
3993	223	1	1.0
3120	697	1	1.0
3120	1566	1	1.0
3120	1623	1	1.0
2491	224	1	1.0
2879	225	1	1.0
4455	225	1	1.0
2879	248	1	1.0
2879	616	1	1.0
3658	226	1	1.0
3662	226	1	1.0
4532	226	1	1.0
2928	227	1	1.0
4263	227	1	1.0
4511	228	1	1.0
4511	545	1	1.0
3984	229	1	1.0
4592	229	1	1.0
3097	230	1	1.0
3908	230	1	1.0
4631	230	1	1.0
3172	231	1	1.0
3616	231	1	1.0
3616	1427	1	1.0
3172	1629	1	1.0
3172	1765	1	1.0
2263	232	1	1.0
3893	232	1	1.0
3893	323	1	1.0
3893	1397	1	1.0
3893	1458	1	1.0
2621	233	1	1.0
3345	233	1	1.0
2353	234	1	1.0
2353	298	1	1.0
2353	299	1	1.0
2353	1582	1	1.0
2622	235	1	1.0
2622	899	1	1.0
3462	237	1	1.0
4411	237	1	1.0
3462	728	1	1.0
3462	838	1	1.0
4411	894	1	1.0
3462	896	1	1.0
3462	1280	1	1.0
3462	1725	1	1.0
3462	1739	1	1.0
3462	1961	1	1.0
3462	2061	1	1.0
2525	238	1	1.0
2525	472	1	1.0
2525	1732	1	1.0
2525	1781	1	1.0
4083	239	1	1.0
2514	240	1	1.0
3206	240	1	1.0
3206	505	1	1.0
2514	625	1	1.0
2514	923	1	1.0
3206	1220	1	1.0
3206	1443	1	1.0
2514	1455	1	1.0
2514	1466	1	1.0
3206	1536	1	1.0
2514	2043	1	1.0
2325	241	1	1.0
2765	241	1	1.0
3736	242	1	1.0
2721	244	1	1.0
4667	244	1	1.0
4667	953	1	1.0
4667	1168	1	1.0
4667	1377	1	1.0
4667	1516	1	1.0
4214	245	1	1.0
4214	383	1	1.0
4214	393	1	1.0
4214	400	1	1.0
4214	652	1	1.0
4214	663	1	1.0
4214	672	1	1.0
4214	819	1	1.0
4214	886	1	1.0
4214	920	1	1.0
4214	994	1	1.0
4214	1394	1	1.0
4214	1421	1	1.0
4214	1496	1	1.0
4214	1613	1	1.0
4214	1667	1	1.0
4214	1798	1	1.0
2598	246	1	1.0
3988	246	1	1.0
2598	492	1	1.0
2598	783	1	1.0
2598	904	1	1.0
3988	1359	1	1.0
2598	1612	1	1.0
2915	247	1	1.0
3250	247	1	1.0
2915	1537	1	1.0
2915	1718	1	1.0
2915	1788	1	1.0
2915	1903	1	1.0
3071	248	1	1.0
4544	248	1	1.0
3071	675	1	1.0
3071	731	1	1.0
2867	249	1	1.0
2874	249	1	1.0
2874	510	1	1.0
2874	666	1	1.0
2867	1659	1	1.0
3212	250	1	1.0
4290	250	1	1.0
2732	252	1	1.0
4107	252	1	1.0
4270	252	1	1.0
2732	254	1	1.0
2732	311	1	1.0
2732	355	1	1.0
2732	409	1	1.0
2732	420	1	1.0
4107	502	1	1.0
2732	539	1	1.0
4107	588	1	1.0
2732	646	1	1.0
2732	667	1	1.0
2732	760	1	1.0
2732	762	1	1.0
2732	853	1	1.0
2732	890	1	1.0
2732	939	1	1.0
2732	964	1	1.0
2732	974	1	1.0
2732	980	1	1.0
2732	1218	1	1.0
2732	1245	1	1.0
2732	1290	1	1.0
4107	1413	1	1.0
2732	1426	1	1.0
2732	1442	1	1.0
2732	1519	1	1.0
2732	1552	1	1.0
2732	1580	1	1.0
4107	1626	1	1.0
2732	1762	1	1.0
4107	1889	1	1.0
3148	253	1	1.0
4522	253	1	1.0
4555	253	1	1.0
4522	391	1	1.0
3148	861	1	1.0
3148	1660	1	1.0
4555	1741	1	1.0
4522	1867	1	1.0
4555	1914	1	1.0
4522	1949	1	1.0
3148	1951	1	1.0
4555	1966	1	1.0
3148	2000	1	1.0
3847	254	1	1.0
3847	1607	1	1.0
3847	1672	1	1.0
3847	2046	1	1.0
2367	255	1	1.0
4212	255	1	1.0
4504	255	1	1.0
4212	456	1	1.0
4212	476	1	1.0
4212	548	1	1.0
4212	559	1	1.0
2367	634	1	1.0
4212	634	1	1.0
4504	634	1	1.0
4212	681	1	1.0
4212	702	1	1.0
4212	703	1	1.0
4504	724	1	1.0
2367	750	1	1.0
4212	750	1	1.0
4504	750	1	1.0
4212	779	1	1.0
4212	790	1	1.0
4212	829	1	1.0
2367	918	1	1.0
4212	1032	1	1.0
4212	1058	1	1.0
4212	1094	1	1.0
4212	1155	1	1.0
4212	1159	1	1.0
4212	1209	1	1.0
4212	1319	1	1.0
4212	1400	1	1.0
4212	1402	1	1.0
4212	1455	1	1.0
2367	1460	1	1.0
4212	1501	1	1.0
4212	1546	1	1.0
4212	1553	1	1.0
4212	1599	1	1.0
2367	1639	1	1.0
4212	1655	1	1.0
4212	1656	1	1.0
4212	1678	1	1.0
4212	1704	1	1.0
2367	1714	1	1.0
4212	1719	1	1.0
4212	1721	1	1.0
4212	1848	1	1.0
4212	1864	1	1.0
4212	1918	1	1.0
4212	1930	1	1.0
4212	2058	1	1.0
4212	2062	1	1.0
2736	256	1	1.0
4244	257	1	1.0
4633	257	1	1.0
4244	765	1	1.0
4633	811	1	1.0
4633	1458	1	1.0
4633	1867	1	1.0
2344	259	1	1.0
3162	259	1	1.0
3162	1100	1	1.0
2344	1452	1	1.0
3162	1564	1	1.0
2796	260	1	1.0
3306	260	1	1.0
4674	260	1	1.0
4674	627	1	1.0
2796	1049	1	1.0
3306	1973	1	1.0
4466	261	1	1.0
4466	276	1	1.0
4466	385	1	1.0
4466	435	1	1.0
4466	510	1	1.0
4466	555	1	1.0
4466	591	1	1.0
4466	650	1	1.0
4466	733	1	1.0
4466	770	1	1.0
4466	804	1	1.0
4466	900	1	1.0
4466	955	1	1.0
4466	991	1	1.0
4466	1033	1	1.0
4466	1079	1	1.0
4466	1166	1	1.0
4466	1209	1	1.0
4466	1234	1	1.0
4466	1825	1	1.0
2249	262	1	1.0
2273	262	1	1.0
2273	594	1	1.0
2801	263	1	1.0
2941	263	1	1.0
2941	1913	1	1.0
2482	264	1	1.0
3777	264	1	1.0
4283	264	1	1.0
2482	390	1	1.0
2482	481	1	1.0
2482	484	1	1.0
2482	622	1	1.0
2482	638	1	1.0
2482	1205	1	1.0
4283	1875	1	1.0
2482	1935	1	1.0
4272	265	1	1.0
4272	274	1	1.0
4272	358	1	1.0
4272	522	1	1.0
4272	570	1	1.0
4272	1068	1	1.0
4272	1150	1	1.0
4272	1185	1	1.0
4272	1647	1	1.0
3707	266	1	1.0
4616	266	1	1.0
3707	877	1	1.0
4616	984	1	1.0
3707	1369	1	1.0
4616	1806	1	1.0
4616	1907	1	1.0
4424	267	1	1.0
4424	1203	1	1.0
4424	1449	1	1.0
2714	269	1	1.0
4155	269	1	1.0
4155	470	1	1.0
2714	478	1	1.0
2714	566	1	1.0
2714	660	1	1.0
2714	678	1	1.0
3105	270	1	1.0
4028	270	1	1.0
4360	270	1	1.0
3105	359	1	1.0
3105	861	1	1.0
3264	271	1	1.0
3264	1007	1	1.0
3264	1275	1	1.0
3264	1811	1	1.0
2255	272	1	1.0
2255	975	1	1.0
2153	273	1	1.0
2564	273	1	1.0
3060	274	1	1.0
3060	522	1	1.0
3060	871	1	1.0
2236	275	1	1.0
2375	275	1	1.0
2375	314	1	1.0
2375	1592	1	1.0
2322	278	1	1.0
3147	278	1	1.0
4596	278	1	1.0
3147	768	1	1.0
3147	941	1	1.0
2327	279	1	1.0
2913	279	1	1.0
2327	570	1	1.0
2443	280	1	1.0
4127	280	1	1.0
4127	551	1	1.0
4127	652	1	1.0
2443	1139	1	1.0
2443	1553	1	1.0
2443	1825	1	1.0
3056	281	1	1.0
4352	281	1	1.0
2347	282	1	1.0
2910	282	1	1.0
4635	282	1	1.0
2317	283	1	1.0
2455	283	1	1.0
2896	283	1	1.0
2896	894	1	1.0
2317	967	1	1.0
2317	1026	1	1.0
4020	284	1	1.0
3930	286	1	1.0
4385	286	1	1.0
3334	287	1	1.0
4732	287	1	1.0
3334	484	1	1.0
3334	631	1	1.0
4732	707	1	1.0
3334	731	1	1.0
4732	848	1	1.0
4732	858	1	1.0
4732	916	1	1.0
4732	995	1	1.0
4732	1024	1	1.0
3334	1295	1	1.0
4732	1393	1	1.0
4732	1581	1	1.0
4732	1715	1	1.0
4732	1792	1	1.0
3334	2023	1	1.0
3335	288	1	1.0
4237	288	1	1.0
3335	353	1	1.0
3335	397	1	1.0
3335	428	1	1.0
3335	629	1	1.0
3335	735	1	1.0
3335	1015	1	1.0
3335	1295	1	1.0
2885	289	1	1.0
2885	363	1	1.0
2885	1197	1	1.0
2885	1927	1	1.0
2885	2060	1	1.0
3434	290	1	1.0
4520	290	1	1.0
3874	291	1	1.0
3874	352	1	1.0
3874	604	1	1.0
3874	738	1	1.0
3874	888	1	1.0
3874	927	1	1.0
3874	997	1	1.0
3874	1298	1	1.0
3874	1526	1	1.0
3874	1603	1	1.0
3874	1762	1	1.0
3874	1918	1	1.0
2542	292	1	1.0
3518	292	1	1.0
3611	292	1	1.0
3518	449	1	1.0
3518	651	1	1.0
3518	668	1	1.0
3518	892	1	1.0
2542	1524	1	1.0
2542	1900	1	1.0
2839	293	1	1.0
2917	293	1	1.0
4266	293	1	1.0
2917	751	1	1.0
2917	868	1	1.0
4266	954	1	1.0
2917	987	1	1.0
2839	1056	1	1.0
2917	1112	1	1.0
2917	1417	1	1.0
2917	1584	1	1.0
4266	1665	1	1.0
2779	294	1	1.0
2735	295	1	1.0
2735	1036	1	1.0
2735	1569	1	1.0
2735	1818	1	1.0
2103	296	1	1.0
3822	296	1	1.0
2162	297	1	1.0
2162	868	1	1.0
2333	298	1	1.0
2333	661	1	1.0
2333	780	1	1.0
3991	300	1	1.0
3991	440	1	1.0
3991	1070	1	1.0
3991	1326	1	1.0
2530	301	1	1.0
2152	303	1	1.0
3825	303	1	1.0
4599	303	1	1.0
3825	636	1	1.0
3825	1667	1	1.0
2152	1869	1	1.0
4599	1900	1	1.0
2695	304	1	1.0
2695	445	1	1.0
2695	663	1	1.0
2695	739	1	1.0
2695	1444	1	1.0
2695	1970	1	1.0
2695	2082	1	1.0
2586	305	1	1.0
3782	305	1	1.0
2586	454	1	1.0
2586	480	1	1.0
2586	547	1	1.0
2586	2030	1	1.0
2614	307	1	1.0
3029	307	1	1.0
3625	307	1	1.0
3029	1042	1	1.0
2614	1075	1	1.0
2614	1088	1	1.0
2614	1256	1	1.0
3029	1522	1	1.0
3029	1670	1	1.0
3029	1937	1	1.0
3029	1988	1	1.0
3029	2025	1	1.0
2568	308	1	1.0
3766	308	1	1.0
2568	959	1	1.0
3766	1409	1	1.0
3600	309	1	1.0
3600	923	1	1.0
3600	929	1	1.0
2876	311	1	1.0
2876	1442	1	1.0
2876	1478	1	1.0
3004	312	1	1.0
3313	312	1	1.0
3786	312	1	1.0
3004	1343	1	1.0
2192	313	1	1.0
3884	313	1	1.0
3884	495	1	1.0
3884	613	1	1.0
2192	656	1	1.0
3884	826	1	1.0
2192	894	1	1.0
2192	1179	1	1.0
2192	1617	1	1.0
2192	1972	1	1.0
2136	314	1	1.0
4681	314	1	1.0
4681	450	1	1.0
4681	741	1	1.0
4681	782	1	1.0
2729	315	1	1.0
3459	315	1	1.0
3664	315	1	1.0
2729	467	1	1.0
2729	577	1	1.0
2729	1111	1	1.0
2123	316	1	1.0
3296	316	1	1.0
3296	332	1	1.0
2123	599	1	1.0
3460	317	1	1.0
3531	317	1	1.0
3531	524	1	1.0
3531	549	1	1.0
3531	658	1	1.0
3531	664	1	1.0
3531	999	1	1.0
3460	1223	1	1.0
2397	319	1	1.0
2397	1403	1	1.0
2976	320	1	1.0
3294	320	1	1.0
2976	577	1	1.0
2976	615	1	1.0
2976	686	1	1.0
3294	1645	1	1.0
2976	1817	1	1.0
2148	321	1	1.0
3481	321	1	1.0
2148	1585	1	1.0
3481	1594	1	1.0
3481	1650	1	1.0
4218	322	1	1.0
4218	1626	1	1.0
2291	323	1	1.0
2291	479	1	1.0
2615	324	1	1.0
3265	324	1	1.0
3265	1438	1	1.0
2615	1587	1	1.0
2615	1730	1	1.0
2615	1731	1	1.0
2310	325	1	1.0
3247	325	1	1.0
3370	325	1	1.0
3247	396	1	1.0
3247	527	1	1.0
3247	749	1	1.0
2310	998	1	1.0
3370	1319	1	1.0
2310	1610	1	1.0
2118	327	1	1.0
3490	327	1	1.0
4333	327	1	1.0
2118	328	1	1.0
2118	353	1	1.0
2118	377	1	1.0
2118	395	1	1.0
2118	397	1	1.0
2118	403	1	1.0
2118	405	1	1.0
3490	405	1	1.0
2118	422	1	1.0
2118	428	1	1.0
2118	453	1	1.0
2118	468	1	1.0
2118	471	1	1.0
2118	483	1	1.0
2118	502	1	1.0
4333	596	1	1.0
2118	735	1	1.0
2118	741	1	1.0
2118	843	1	1.0
2118	998	1	1.0
2118	1436	1	1.0
2118	1767	1	1.0
2118	1852	1	1.0
2118	2021	1	1.0
2996	329	1	1.0
3495	329	1	1.0
3495	754	1	1.0
2996	1070	1	1.0
3495	1125	1	1.0
2996	1140	1	1.0
3495	1237	1	1.0
2996	1415	1	1.0
2996	1496	1	1.0
3495	1522	1	1.0
3495	2008	1	1.0
2996	2027	1	1.0
3675	330	1	1.0
3714	330	1	1.0
4109	330	1	1.0
4109	705	1	1.0
3675	1147	1	1.0
3714	1304	1	1.0
4109	1896	1	1.0
3541	331	1	1.0
4575	331	1	1.0
4575	480	1	1.0
4575	839	1	1.0
3541	960	1	1.0
4575	1229	1	1.0
4575	1345	1	1.0
2982	332	1	1.0
3504	332	1	1.0
3504	1269	1	1.0
2648	334	1	1.0
4314	334	1	1.0
4314	526	1	1.0
4314	890	1	1.0
4314	984	1	1.0
2648	1037	1	1.0
2648	1178	1	1.0
2648	1894	1	1.0
2184	335	1	1.0
3811	335	1	1.0
4634	335	1	1.0
3811	436	1	1.0
2184	607	1	1.0
2184	1338	1	1.0
2481	336	1	1.0
4425	336	1	1.0
4425	421	1	1.0
2481	445	1	1.0
4425	1386	1	1.0
4425	1742	1	1.0
4425	1772	1	1.0
4666	337	1	1.0
4684	337	1	1.0
4666	833	1	1.0
4666	1466	1	1.0
4666	1520	1	1.0
2243	339	1	1.0
2931	339	1	1.0
2243	416	1	1.0
2243	1034	1	1.0
2243	1245	1	1.0
2243	1297	1	1.0
2931	2059	1	1.0
2243	2081	1	1.0
3916	340	1	1.0
3916	643	1	1.0
3916	779	1	1.0
2551	341	1	1.0
3583	341	1	1.0
2435	343	1	1.0
4010	343	1	1.0
4264	343	1	1.0
2435	557	1	1.0
2435	579	1	1.0
4264	782	1	1.0
2435	913	1	1.0
2435	1095	1	1.0
2435	1100	1	1.0
2435	1379	1	1.0
2435	1602	1	1.0
2435	1691	1	1.0
2435	1706	1	1.0
2435	1709	1	1.0
4173	344	1	1.0
4387	344	1	1.0
4173	611	1	1.0
4387	1164	1	1.0
4173	1368	1	1.0
4387	1707	1	1.0
4173	1904	1	1.0
3806	345	1	1.0
3806	707	1	1.0
3806	775	1	1.0
3806	1280	1	1.0
3806	1564	1	1.0
3806	1784	1	1.0
3806	1863	1	1.0
2142	346	1	1.0
3144	346	1	1.0
2142	1215	1	1.0
2142	1439	1	1.0
2142	1441	1	1.0
3946	348	1	1.0
4044	348	1	1.0
2830	349	1	1.0
2830	441	1	1.0
2830	1459	1	1.0
2830	1587	1	1.0
2830	1731	1	1.0
3274	350	1	1.0
3982	350	1	1.0
3274	402	1	1.0
3274	605	1	1.0
3274	1019	1	1.0
2712	351	1	1.0
2712	1127	1	1.0
2712	1946	1	1.0
2923	354	1	1.0
3197	354	1	1.0
4496	354	1	1.0
3259	356	1	1.0
3259	1904	1	1.0
2929	357	1	1.0
2929	1226	1	1.0
4325	358	1	1.0
3605	359	1	1.0
3605	1996	1	1.0
3044	360	1	1.0
3800	360	1	1.0
4730	360	1	1.0
3800	771	1	1.0
3800	823	1	1.0
3800	852	1	1.0
3800	1000	1	1.0
3800	1005	1	1.0
3800	1089	1	1.0
3044	1105	1	1.0
3800	1169	1	1.0
3800	1273	1	1.0
3800	1339	1	1.0
3800	1425	1	1.0
3800	1468	1	1.0
3800	1518	1	1.0
3800	1589	1	1.0
4730	1620	1	1.0
3800	1633	1	1.0
3800	1738	1	1.0
3800	1742	1	1.0
3800	1758	1	1.0
4730	1810	1	1.0
3800	1864	1	1.0
3800	1881	1	1.0
3044	1931	1	1.0
3800	1986	1	1.0
2717	361	1	1.0
3154	361	1	1.0
2717	1048	1	1.0
2717	1055	1	1.0
3154	1174	1	1.0
3154	1794	1	1.0
3154	2093	1	1.0
2371	362	1	1.0
2579	362	1	1.0
2930	362	1	1.0
2371	521	1	1.0
2371	761	1	1.0
2371	947	1	1.0
2371	1019	1	1.0
2371	1040	1	1.0
2371	1059	1	1.0
2371	1845	1	1.0
2371	2053	1	1.0
2886	364	1	1.0
3276	364	1	1.0
4572	364	1	1.0
2886	1038	1	1.0
3276	1420	1	1.0
2886	1428	1	1.0
2886	1724	1	1.0
2886	1840	1	1.0
2886	1848	1	1.0
3422	365	1	1.0
3584	365	1	1.0
3584	725	1	1.0
3584	901	1	1.0
3584	1022	1	1.0
2191	366	1	1.0
3957	366	1	1.0
4724	366	1	1.0
2191	846	1	1.0
3059	367	1	1.0
3839	367	1	1.0
3059	1047	1	1.0
3059	1594	1	1.0
3059	1723	1	1.0
3059	1931	1	1.0
3375	369	1	1.0
4139	369	1	1.0
4188	369	1	1.0
4139	623	1	1.0
4139	676	1	1.0
4139	683	1	1.0
4139	1356	1	1.0
2323	370	1	1.0
3779	370	1	1.0
4269	370	1	1.0
4269	1917	1	1.0
4269	1967	1	1.0
2323	2067	1	1.0
3390	371	1	1.0
3390	392	1	1.0
3390	414	1	1.0
3390	517	1	1.0
3390	521	1	1.0
3390	595	1	1.0
3390	655	1	1.0
3390	694	1	1.0
3390	844	1	1.0
3390	850	1	1.0
3390	958	1	1.0
3390	959	1	1.0
3390	960	1	1.0
3390	974	1	1.0
3390	1005	1	1.0
3390	1046	1	1.0
3390	1103	1	1.0
3390	1309	1	1.0
3390	1653	1	1.0
3390	1668	1	1.0
3390	1758	1	1.0
3390	1789	1	1.0
3390	2035	1	1.0
2237	372	1	1.0
2837	372	1	1.0
3501	372	1	1.0
2237	558	1	1.0
2237	673	1	1.0
2237	852	1	1.0
2237	1236	1	1.0
2237	1244	1	1.0
2237	1462	1	1.0
2237	1572	1	1.0
3501	1943	1	1.0
2237	2031	1	1.0
4154	373	1	1.0
4495	373	1	1.0
4495	641	1	1.0
4495	1556	1	1.0
4495	1854	1	1.0
2533	374	1	1.0
3156	374	1	1.0
3542	374	1	1.0
3542	1028	1	1.0
3542	1510	1	1.0
2533	1753	1	1.0
3542	2008	1	1.0
3599	375	1	1.0
3857	375	1	1.0
4324	375	1	1.0
3599	851	1	1.0
4324	957	1	1.0
4324	1285	1	1.0
3599	1698	1	1.0
4324	1698	1	1.0
3165	376	1	1.0
4119	376	1	1.0
4702	376	1	1.0
3165	1016	1	1.0
4119	1016	1	1.0
4702	1016	1	1.0
3165	1390	1	1.0
3165	1451	1	1.0
2454	377	1	1.0
3400	377	1	1.0
2126	378	1	1.0
2994	378	1	1.0
4497	378	1	1.0
2994	509	1	1.0
2994	579	1	1.0
4497	1175	1	1.0
2994	1417	1	1.0
4497	1915	1	1.0
2994	2022	1	1.0
3445	379	1	1.0
4569	380	1	1.0
2415	381	1	1.0
3072	381	1	1.0
4361	381	1	1.0
4361	562	1	1.0
2415	671	1	1.0
4361	839	1	1.0
4361	1143	1	1.0
2252	382	1	1.0
3845	383	1	1.0
3845	612	1	1.0
3845	664	1	1.0
3845	754	1	1.0
3845	1050	1	1.0
3845	1165	1	1.0
3845	1400	1	1.0
3845	2076	1	1.0
3604	384	1	1.0
3604	481	1	1.0
3604	1110	1	1.0
3604	1142	1	1.0
3519	386	1	1.0
4632	386	1	1.0
4632	421	1	1.0
3519	617	1	1.0
3519	659	1	1.0
3519	1278	1	1.0
4632	1418	1	1.0
4632	1444	1	1.0
4632	1488	1	1.0
4632	1566	1	1.0
4632	1645	1	1.0
4632	1838	1	1.0
2256	387	1	1.0
3364	387	1	1.0
3364	449	1	1.0
3364	608	1	1.0
3364	972	1	1.0
3364	994	1	1.0
3364	1177	1	1.0
3364	1715	1	1.0
3735	388	1	1.0
3869	388	1	1.0
3869	1264	1	1.0
3869	1825	1	1.0
2214	389	1	1.0
2214	549	1	1.0
2694	391	1	1.0
3175	391	1	1.0
3175	492	1	1.0
3175	1196	1	1.0
2935	394	1	1.0
2628	395	1	1.0
4445	395	1	1.0
3549	396	1	1.0
4043	399	1	1.0
3446	400	1	1.0
3446	930	1	1.0
2783	401	1	1.0
4048	401	1	1.0
2464	403	1	1.0
3441	403	1	1.0
2464	669	1	1.0
2464	1086	1	1.0
2464	1500	1	1.0
2464	1969	1	1.0
2464	1974	1	1.0
2464	2036	1	1.0
3222	404	1	1.0
3585	404	1	1.0
3222	630	1	1.0
3585	850	1	1.0
3222	1194	1	1.0
3585	1374	1	1.0
3222	1583	1	1.0
3222	2088	1	1.0
2295	405	1	1.0
2295	1676	1	1.0
2295	1710	1	1.0
2295	1715	1	1.0
2670	406	1	1.0
3896	406	1	1.0
2670	585	1	1.0
2670	753	1	1.0
3896	841	1	1.0
2670	1246	1	1.0
3896	1588	1	1.0
2670	1732	1	1.0
3896	1809	1	1.0
2452	407	1	1.0
2875	407	1	1.0
2875	439	1	1.0
2875	1211	1	1.0
2875	1227	1	1.0
3281	410	1	1.0
4303	410	1	1.0
3826	411	1	1.0
3022	412	1	1.0
4240	412	1	1.0
4685	412	1	1.0
4240	661	1	1.0
4240	708	1	1.0
3376	413	1	1.0
2155	414	1	1.0
3843	414	1	1.0
3262	415	1	1.0
3262	531	1	1.0
3365	417	1	1.0
4560	417	1	1.0
3577	418	1	1.0
3940	418	1	1.0
3577	504	1	1.0
3577	816	1	1.0
3940	1026	1	1.0
3404	419	1	1.0
2773	420	1	1.0
3354	420	1	1.0
2773	598	1	1.0
2773	649	1	1.0
3354	938	1	1.0
2773	1031	1	1.0
3354	1191	1	1.0
2773	1643	1	1.0
3354	1954	1	1.0
3810	421	1	1.0
2906	422	1	1.0
2143	423	1	1.0
3367	423	1	1.0
2697	424	1	1.0
3860	424	1	1.0
2697	1370	1	1.0
3860	1429	1	1.0
3860	1498	1	1.0
2697	1523	1	1.0
2697	1538	1	1.0
2121	426	1	1.0
3816	426	1	1.0
3942	426	1	1.0
3942	1268	1	1.0
3942	1526	1	1.0
2239	427	1	1.0
4259	427	1	1.0
2239	1547	1	1.0
2239	1861	1	1.0
3831	428	1	1.0
3831	1171	1	1.0
3831	1725	1	1.0
3402	431	1	1.0
3960	431	1	1.0
4267	431	1	1.0
2303	432	1	1.0
3001	432	1	1.0
3001	821	1	1.0
3001	1682	1	1.0
2386	433	1	1.0
2741	433	1	1.0
2386	604	1	1.0
2386	738	1	1.0
2741	1513	1	1.0
2741	1943	1	1.0
2437	434	1	1.0
3331	434	1	1.0
2198	435	1	1.0
4647	435	1	1.0
4647	452	1	1.0
4647	762	1	1.0
4647	878	1	1.0
4647	1039	1	1.0
4647	1408	1	1.0
4647	1625	1	1.0
4647	1798	1	1.0
4647	1823	1	1.0
4647	2013	1	1.0
4647	2077	1	1.0
3322	436	1	1.0
4183	436	1	1.0
4183	1664	1	1.0
4183	1756	1	1.0
4183	1877	1	1.0
3016	437	1	1.0
3214	437	1	1.0
3016	1728	1	1.0
2211	438	1	1.0
2827	438	1	1.0
2898	438	1	1.0
2407	440	1	1.0
3536	440	1	1.0
3536	1254	1	1.0
2117	441	1	1.0
2972	441	1	1.0
2117	447	1	1.0
2117	720	1	1.0
2117	845	1	1.0
2117	1198	1	1.0
3357	442	1	1.0
3624	442	1	1.0
3357	966	1	1.0
3357	2040	1	1.0
2372	443	1	1.0
4574	443	1	1.0
4620	443	1	1.0
3101	444	1	1.0
4053	444	1	1.0
4191	444	1	1.0
3210	445	1	1.0
2618	446	1	1.0
2794	446	1	1.0
4332	446	1	1.0
4332	1009	1	1.0
2289	447	1	1.0
2289	537	1	1.0
2289	1054	1	1.0
2289	1213	1	1.0
3956	448	1	1.0
3498	450	1	1.0
3796	450	1	1.0
2847	451	1	1.0
2847	1418	1	1.0
2847	1558	1	1.0
2847	1767	1	1.0
2847	1780	1	1.0
2847	2094	1	1.0
2135	453	1	1.0
4537	453	1	1.0
2135	566	1	1.0
2135	658	1	1.0
2135	703	1	1.0
2135	740	1	1.0
2135	805	1	1.0
2135	961	1	1.0
4537	1013	1	1.0
2135	1162	1	1.0
4537	1295	1	1.0
2135	1297	1	1.0
4537	1341	1	1.0
2135	1532	1	1.0
2135	1555	1	1.0
2135	1724	1	1.0
3891	454	1	1.0
3346	456	1	1.0
3346	968	1	1.0
3346	1144	1	1.0
2144	457	1	1.0
2865	457	1	1.0
2144	508	1	1.0
2144	950	1	1.0
2865	1274	1	1.0
2144	1324	1	1.0
2144	2082	1	1.0
3778	458	1	1.0
3778	605	1	1.0
3778	1734	1	1.0
3883	459	1	1.0
3883	560	1	1.0
3883	1955	1	1.0
3729	460	1	1.0
3729	1581	1	1.0
2269	461	1	1.0
4180	461	1	1.0
4629	461	1	1.0
4180	612	1	1.0
4180	796	1	1.0
4180	1510	1	1.0
4180	1651	1	1.0
4180	1886	1	1.0
2657	463	1	1.0
4198	463	1	1.0
2657	1686	1	1.0
2657	2029	1	1.0
2657	2081	1	1.0
2657	2091	1	1.0
4609	464	1	1.0
2382	466	1	1.0
3808	466	1	1.0
3808	536	1	1.0
2382	629	1	1.0
3808	923	1	1.0
2382	1097	1	1.0
3808	1148	1	1.0
2382	1228	1	1.0
3808	1674	1	1.0
3808	1712	1	1.0
3808	1907	1	1.0
3181	467	1	1.0
4136	467	1	1.0
4136	1680	1	1.0
2182	468	1	1.0
4060	468	1	1.0
2182	1659	1	1.0
4060	1852	1	1.0
2826	469	1	1.0
3240	469	1	1.0
4037	469	1	1.0
3240	1028	1	1.0
3240	1578	1	1.0
2301	472	1	1.0
2301	1977	1	1.0
3484	473	1	1.0
4715	473	1	1.0
3484	1136	1	1.0
4715	1413	1	1.0
3938	474	1	1.0
3377	475	1	1.0
3722	476	1	1.0
2231	477	1	1.0
3221	477	1	1.0
3619	477	1	1.0
3619	576	1	1.0
3619	1804	1	1.0
3619	1886	1	1.0
3619	1932	1	1.0
2555	478	1	1.0
2555	912	1	1.0
2555	1161	1	1.0
2555	1945	1	1.0
3900	479	1	1.0
4573	481	1	1.0
4573	1281	1	1.0
4573	2007	1	1.0
2550	482	1	1.0
2550	1912	1	1.0
4052	483	1	1.0
4330	483	1	1.0
4052	1569	1	1.0
2292	485	1	1.0
2442	485	1	1.0
2442	906	1	1.0
2313	486	1	1.0
3308	486	1	1.0
3308	1359	1	1.0
3308	1748	1	1.0
3308	1883	1	1.0
2951	487	1	1.0
4124	487	1	1.0
4124	1544	1	1.0
2651	488	1	1.0
4437	488	1	1.0
4128	489	1	1.0
3566	491	1	1.0
3566	1311	1	1.0
3566	1708	1	1.0
4354	492	1	1.0
4354	1386	1	1.0
4354	2094	1	1.0
3502	493	1	1.0
3627	493	1	1.0
2419	494	1	1.0
3783	494	1	1.0
2419	805	1	1.0
2419	1162	1	1.0
2419	1642	1	1.0
2419	1734	1	1.0
3783	1777	1	1.0
3827	496	1	1.0
3827	618	1	1.0
3827	736	1	1.0
3827	788	1	1.0
3827	816	1	1.0
3827	2035	1	1.0
3039	499	1	1.0
3132	499	1	1.0
4059	499	1	1.0
4059	1358	1	1.0
3132	1977	1	1.0
4059	2089	1	1.0
3451	500	1	1.0
2167	501	1	1.0
3770	502	1	1.0
3770	1291	1	1.0
2908	503	1	1.0
4535	503	1	1.0
2908	1114	1	1.0
2908	1411	1	1.0
2937	504	1	1.0
2937	544	1	1.0
2937	632	1	1.0
2937	1445	1	1.0
2937	1665	1	1.0
2937	1839	1	1.0
2937	1953	1	1.0
3492	505	1	1.0
4132	505	1	1.0
4132	513	1	1.0
3492	829	1	1.0
4132	973	1	1.0
3492	1072	1	1.0
3492	1241	1	1.0
3492	1378	1	1.0
3135	506	1	1.0
3802	506	1	1.0
4027	506	1	1.0
2412	507	1	1.0
3130	507	1	1.0
2412	610	1	1.0
3681	508	1	1.0
4709	508	1	1.0
4709	840	1	1.0
3203	509	1	1.0
3721	509	1	1.0
3203	572	1	1.0
3721	572	1	1.0
3203	636	1	1.0
3203	795	1	1.0
3721	1051	1	1.0
3721	1162	1	1.0
3721	1205	1	1.0
3721	1511	1	1.0
3203	1754	1	1.0
3721	1841	1	1.0
3721	2034	1	1.0
2616	510	1	1.0
2683	511	1	1.0
3192	511	1	1.0
3979	511	1	1.0
4057	513	1	1.0
4057	1144	1	1.0
4057	1878	1	1.0
2521	514	1	1.0
3799	514	1	1.0
4255	514	1	1.0
2521	1940	1	1.0
2601	515	1	1.0
3224	515	1	1.0
2515	516	1	1.0
2952	516	1	1.0
2515	861	1	1.0
2952	957	1	1.0
2515	992	1	1.0
2515	1270	1	1.0
2952	1316	1	1.0
2952	1460	1	1.0
2515	1548	1	1.0
2515	1799	1	1.0
2952	1978	1	1.0
3018	517	1	1.0
3018	795	1	1.0
3018	876	1	1.0
3018	973	1	1.0
3018	1448	1	1.0
3018	2017	1	1.0
2883	518	1	1.0
3562	518	1	1.0
2360	519	1	1.0
2806	519	1	1.0
4529	519	1	1.0
2912	523	1	1.0
3297	523	1	1.0
2912	1907	1	1.0
3297	1966	1	1.0
3360	524	1	1.0
3360	1470	1	1.0
3360	1840	1	1.0
2368	525	1	1.0
2927	525	1	1.0
2368	535	1	1.0
2368	1198	1	1.0
2927	1407	1	1.0
2368	1606	1	1.0
2368	1944	1	1.0
4129	526	1	1.0
2421	527	1	1.0
2537	528	1	1.0
2537	549	1	1.0
2537	931	1	1.0
2537	1800	1	1.0
4114	529	1	1.0
4114	667	1	1.0
4114	682	1	1.0
4114	2024	1	1.0
4114	2095	1	1.0
3341	530	1	1.0
3554	530	1	1.0
3815	530	1	1.0
3341	698	1	1.0
3554	698	1	1.0
3341	962	1	1.0
3554	962	1	1.0
3341	1215	1	1.0
3554	1215	1	1.0
2180	532	1	1.0
2180	924	1	1.0
2180	1808	1	1.0
2687	533	1	1.0
4065	533	1	1.0
4252	533	1	1.0
2687	552	1	1.0
4065	853	1	1.0
4065	1683	1	1.0
2687	1832	1	1.0
3230	534	1	1.0
4551	536	1	1.0
3302	537	1	1.0
4323	538	1	1.0
4721	538	1	1.0
4323	917	1	1.0
4323	1477	1	1.0
4323	2077	1	1.0
3709	539	1	1.0
3709	1371	1	1.0
3709	1774	1	1.0
4643	540	1	1.0
4643	1726	1	1.0
4643	1786	1	1.0
4643	2051	1	1.0
2517	541	1	1.0
2426	542	1	1.0
2933	542	1	1.0
2426	921	1	1.0
2933	1837	1	1.0
2314	543	1	1.0
2743	543	1	1.0
2743	2075	1	1.0
4086	544	1	1.0
4487	544	1	1.0
4317	545	1	1.0
4430	545	1	1.0
4317	550	1	1.0
4430	1152	1	1.0
4430	1866	1	1.0
2489	546	1	1.0
3128	546	1	1.0
4367	546	1	1.0
4254	547	1	1.0
4254	2078	1	1.0
2983	550	1	1.0
4474	550	1	1.0
4474	1057	1	1.0
2983	1358	1	1.0
4474	1505	1	1.0
3881	551	1	1.0
3881	791	1	1.0
3881	1032	1	1.0
3881	1833	1	1.0
3881	1926	1	1.0
2398	552	1	1.0
4251	552	1	1.0
2264	553	1	1.0
2396	553	1	1.0
2396	690	1	1.0
3552	554	1	1.0
3552	967	1	1.0
2100	555	1	1.0
3744	555	1	1.0
2100	703	1	1.0
2100	1147	1	1.0
2100	1494	1	1.0
2932	556	1	1.0
3643	556	1	1.0
4268	556	1	1.0
4082	557	1	1.0
4082	774	1	1.0
4082	1165	1	1.0
4082	1501	1	1.0
4082	1614	1	1.0
4082	1997	1	1.0
2940	559	1	1.0
2128	561	1	1.0
4207	561	1	1.0
4653	561	1	1.0
4653	1139	1	1.0
4653	1218	1	1.0
4653	1578	1	1.0
2279	563	1	1.0
3776	563	1	1.0
4274	563	1	1.0
4274	671	1	1.0
3776	1382	1	1.0
3215	565	1	1.0
4429	565	1	1.0
2979	567	1	1.0
3846	567	1	1.0
2979	1234	1	1.0
3818	568	1	1.0
4393	568	1	1.0
3488	571	1	1.0
3774	571	1	1.0
3488	1004	1	1.0
3488	1580	1	1.0
3890	572	1	1.0
3890	1322	1	1.0
3971	573	1	1.0
4009	573	1	1.0
3971	680	1	1.0
3606	576	1	1.0
3606	645	1	1.0
3606	1574	1	1.0
4145	578	1	1.0
2973	580	1	1.0
3684	580	1	1.0
3438	581	1	1.0
3872	581	1	1.0
3438	672	1	1.0
3872	704	1	1.0
3872	1112	1	1.0
3438	1136	1	1.0
3438	1249	1	1.0
2133	583	1	1.0
2860	583	1	1.0
3379	583	1	1.0
2133	1365	1	1.0
2860	1878	1	1.0
3379	1878	1	1.0
3379	1936	1	1.0
3379	1946	1	1.0
2133	2061	1	1.0
3191	585	1	1.0
2213	586	1	1.0
4454	587	1	1.0
4580	587	1	1.0
4454	1268	1	1.0
4454	1368	1	1.0
3757	588	1	1.0
3757	786	1	1.0
3757	883	1	1.0
3757	1142	1	1.0
2158	589	1	1.0
2901	589	1	1.0
3085	589	1	1.0
2158	1104	1	1.0
2901	1104	1	1.0
3085	1104	1	1.0
2158	1337	1	1.0
3085	1653	1	1.0
2901	2092	1	1.0
2582	590	1	1.0
2606	590	1	1.0
4688	590	1	1.0
2582	700	1	1.0
4688	854	1	1.0
2582	877	1	1.0
2582	905	1	1.0
2606	1443	1	1.0
2582	1454	1	1.0
2582	1690	1	1.0
2582	1881	1	1.0
2582	1925	1	1.0
2582	1990	1	1.0
3157	591	1	1.0
3570	591	1	1.0
4310	592	1	1.0
4310	627	1	1.0
2653	593	1	1.0
3597	593	1	1.0
2653	642	1	1.0
2653	811	1	1.0
2653	1182	1	1.0
2653	1257	1	1.0
2653	1670	1	1.0
3597	1905	1	1.0
3179	594	1	1.0
3179	662	1	1.0
3179	1161	1	1.0
3179	1196	1	1.0
3179	1401	1	1.0
3179	1879	1	1.0
3179	1968	1	1.0
3179	1976	1	1.0
3692	595	1	1.0
3692	1747	1	1.0
3034	596	1	1.0
4465	597	1	1.0
4657	597	1	1.0
4465	672	1	1.0
4465	986	1	1.0
4657	1605	1	1.0
4465	1921	1	1.0
2707	598	1	1.0
4105	598	1	1.0
2707	1009	1	1.0
4105	1962	1	1.0
2957	599	1	1.0
2957	1646	1	1.0
2957	1693	1	1.0
2111	600	1	1.0
4668	600	1	1.0
2111	1985	1	1.0
2111	2079	1	1.0
3918	601	1	1.0
3918	881	1	1.0
3918	945	1	1.0
3918	982	1	1.0
3918	1437	1	1.0
3918	2059	1	1.0
3219	602	1	1.0
3555	602	1	1.0
4695	602	1	1.0
3555	1076	1	1.0
3555	1087	1	1.0
3555	1536	1	1.0
2122	603	1	1.0
3771	603	1	1.0
4040	603	1	1.0
3771	784	1	1.0
3771	786	1	1.0
4040	897	1	1.0
3771	961	1	1.0
3771	965	1	1.0
4040	1224	1	1.0
4040	1279	1	1.0
4040	1321	1	1.0
4040	1543	1	1.0
3771	1680	1	1.0
2608	606	1	1.0
3790	606	1	1.0
4716	606	1	1.0
3828	607	1	1.0
4013	607	1	1.0
3828	1425	1	1.0
3339	608	1	1.0
2877	609	1	1.0
3781	609	1	1.0
3781	1654	1	1.0
3781	1806	1	1.0
3509	610	1	1.0
3833	612	1	1.0
2447	613	1	1.0
3486	613	1	1.0
3486	1293	1	1.0
3486	1888	1	1.0
2298	614	1	1.0
3049	614	1	1.0
4588	614	1	1.0
2342	617	1	1.0
2342	983	1	1.0
2342	1194	1	1.0
2342	1219	1	1.0
2342	1365	1	1.0
2342	1472	1	1.0
2342	1694	1	1.0
3719	618	1	1.0
4564	618	1	1.0
2677	619	1	1.0
3849	619	1	1.0
4392	619	1	1.0
3849	2002	1	1.0
3369	620	1	1.0
4226	620	1	1.0
4636	620	1	1.0
4636	628	1	1.0
4226	1265	1	1.0
4636	1265	1	1.0
4226	1842	1	1.0
4226	1994	1	1.0
2720	621	1	1.0
2720	685	1	1.0
3066	622	1	1.0
3066	771	1	1.0
2711	623	1	1.0
4056	624	1	1.0
4390	624	1	1.0
4456	624	1	1.0
2423	625	1	1.0
3323	625	1	1.0
3323	1049	1	1.0
2423	1958	1	1.0
2689	626	1	1.0
2689	1001	1	1.0
2689	1108	1	1.0
4378	627	1	1.0
4246	628	1	1.0
4246	678	1	1.0
4246	1471	1	1.0
4246	1599	1	1.0
4246	1661	1	1.0
4246	1828	1	1.0
3055	629	1	1.0
2613	630	1	1.0
2519	632	1	1.0
2833	632	1	1.0
2833	647	1	1.0
2833	968	1	1.0
2833	1039	1	1.0
2833	1296	1	1.0
4655	633	1	1.0
4655	1304	1	1.0
4655	2040	1	1.0
2857	635	1	1.0
2995	635	1	1.0
3439	635	1	1.0
2857	799	1	1.0
3439	1092	1	1.0
2995	1133	1	1.0
3439	1618	1	1.0
2784	637	1	1.0
3256	637	1	1.0
4524	637	1	1.0
4524	1380	1	1.0
3256	1939	1	1.0
2925	638	1	1.0
2925	756	1	1.0
2925	1969	1	1.0
2925	1974	1	1.0
2846	639	1	1.0
4023	639	1	1.0
4023	1177	1	1.0
3362	640	1	1.0
3950	640	1	1.0
3074	641	1	1.0
2574	642	1	1.0
4539	642	1	1.0
4539	999	1	1.0
2574	1253	1	1.0
4068	643	1	1.0
2268	644	1	1.0
2814	644	1	1.0
2233	645	1	1.0
3200	645	1	1.0
2233	905	1	1.0
2233	909	1	1.0
2233	1446	1	1.0
2233	1598	1	1.0
2233	1666	1	1.0
3200	2074	1	1.0
2924	646	1	1.0
4022	646	1	1.0
4022	1062	1	1.0
2924	1482	1	1.0
2924	1608	1	1.0
4022	1831	1	1.0
2924	2037	1	1.0
2467	647	1	1.0
3888	647	1	1.0
3888	1135	1	1.0
3888	1467	1	1.0
3270	648	1	1.0
2177	649	1	1.0
2177	999	1	1.0
2177	1423	1	1.0
2177	1532	1	1.0
2177	1717	1	1.0
2241	650	1	1.0
4703	650	1	1.0
2241	1188	1	1.0
2241	1220	1	1.0
2241	1574	1	1.0
4703	1683	1	1.0
4703	2055	1	1.0
4485	651	1	1.0
4485	1865	1	1.0
4485	1964	1	1.0
2187	653	1	1.0
4578	653	1	1.0
2187	1081	1	1.0
4578	1081	1	1.0
2187	1497	1	1.0
3499	654	1	1.0
3588	654	1	1.0
4257	654	1	1.0
3499	1366	1	1.0
3588	1746	1	1.0
3588	1996	1	1.0
3158	657	1	1.0
3243	659	1	1.0
2355	662	1	1.0
3080	662	1	1.0
2355	930	1	1.0
2355	1313	1	1.0
2355	1588	1	1.0
2355	1809	1	1.0
3080	2023	1	1.0
4293	664	1	1.0
4293	1542	1	1.0
4293	1998	1	1.0
2990	665	1	1.0
3897	665	1	1.0
2345	666	1	1.0
2789	666	1	1.0
2926	669	1	1.0
3010	670	1	1.0
3107	670	1	1.0
3257	670	1	1.0
3010	968	1	1.0
3257	1223	1	1.0
3257	1503	1	1.0
3257	1833	1	1.0
3112	671	1	1.0
2823	673	1	1.0
2823	978	1	1.0
2823	1132	1	1.0
4410	674	1	1.0
4410	793	1	1.0
4410	1190	1	1.0
4410	1447	1	1.0
4410	1651	1	1.0
4453	676	1	1.0
4453	686	1	1.0
4453	1170	1	1.0
4453	1260	1	1.0
4453	1296	1	1.0
4453	1449	1	1.0
4200	678	1	1.0
2399	679	1	1.0
4024	679	1	1.0
4066	679	1	1.0
4066	1031	1	1.0
4066	1246	1	1.0
4024	1528	1	1.0
2595	680	1	1.0
2946	680	1	1.0
2595	766	1	1.0
2595	788	1	1.0
2595	1435	1	1.0
3394	682	1	1.0
2939	683	1	1.0
3852	683	1	1.0
3852	837	1	1.0
3852	1113	1	1.0
3852	1136	1	1.0
2939	1184	1	1.0
3852	1200	1	1.0
3852	1870	1	1.0
3628	684	1	1.0
3922	684	1	1.0
4486	684	1	1.0
4486	746	1	1.0
3922	752	1	1.0
3922	808	1	1.0
4486	1029	1	1.0
4486	2003	1	1.0
3065	685	1	1.0
4595	685	1	1.0
4595	1241	1	1.0
4595	1262	1	1.0
4595	1328	1	1.0
4595	1952	1	1.0
2744	686	1	1.0
2744	1771	1	1.0
2744	1830	1	1.0
2744	1886	1	1.0
2744	2043	1	1.0
2178	687	1	1.0
2178	1088	1	1.0
2178	1242	1	1.0
2178	1523	1	1.0
2821	688	1	1.0
4597	688	1	1.0
4597	1017	1	1.0
4597	1176	1	1.0
4597	1406	1	1.0
4597	1553	1	1.0
4285	690	1	1.0
4663	690	1	1.0
4285	859	1	1.0
4285	1442	1	1.0
4285	1456	1	1.0
4285	1593	1	1.0
4285	1856	1	1.0
4704	691	1	1.0
4704	772	1	1.0
4704	1182	1	1.0
4704	1259	1	1.0
4704	1692	1	1.0
3565	692	1	1.0
3851	693	1	1.0
3851	825	1	1.0
2730	694	1	1.0
2730	701	1	1.0
2730	1075	1	1.0
2730	1889	1	1.0
2730	1921	1	1.0
2730	1991	1	1.0
3829	695	1	1.0
4137	695	1	1.0
4449	695	1	1.0
4137	1990	1	1.0
2365	696	1	1.0
2700	696	1	1.0
3718	696	1	1.0
3718	1348	1	1.0
3718	2024	1	1.0
3386	699	1	1.0
4032	699	1	1.0
2799	700	1	1.0
2381	701	1	1.0
2485	702	1	1.0
3291	702	1	1.0
2485	759	1	1.0
2485	1664	1	1.0
2472	704	1	1.0
2472	1986	1	1.0
2315	708	1	1.0
2315	1579	1	1.0
2315	1953	1	1.0
4457	709	1	1.0
4705	709	1	1.0
4705	1889	1	1.0
2139	710	1	1.0
3094	710	1	1.0
3368	710	1	1.0
2124	711	1	1.0
4540	711	1	1.0
4460	713	1	1.0
3804	714	1	1.0
3868	714	1	1.0
3868	891	1	1.0
3804	918	1	1.0
3868	1316	1	1.0
3868	1682	1	1.0
3868	1694	1	1.0
3868	1721	1	1.0
3868	1897	1	1.0
4085	715	1	1.0
4085	798	1	1.0
3823	716	1	1.0
3823	764	1	1.0
3483	717	1	1.0
3739	717	1	1.0
3739	1301	1	1.0
3867	718	1	1.0
4374	718	1	1.0
2270	719	1	1.0
2456	719	1	1.0
2456	1549	1	1.0
2270	2041	1	1.0
3630	721	1	1.0
3630	884	1	1.0
3630	1882	1	1.0
3989	722	1	1.0
4617	722	1	1.0
3989	1095	1	1.0
3989	1843	1	1.0
3863	723	1	1.0
4479	723	1	1.0
2105	725	1	1.0
2811	725	1	1.0
2577	726	1	1.0
4014	726	1	1.0
2800	727	1	1.0
4416	727	1	1.0
2800	1910	1	1.0
2861	728	1	1.0
3898	728	1	1.0
3453	729	1	1.0
3573	729	1	1.0
3573	1963	1	1.0
2792	730	1	1.0
3469	730	1	1.0
3981	730	1	1.0
2792	979	1	1.0
3981	1124	1	1.0
3469	1223	1	1.0
3469	1592	1	1.0
2792	2050	1	1.0
4698	731	1	1.0
4698	1660	1	1.0
4698	1842	1	1.0
4494	732	1	1.0
3523	733	1	1.0
4171	733	1	1.0
3523	1634	1	1.0
3523	2012	1	1.0
3666	734	1	1.0
3740	734	1	1.0
4206	734	1	1.0
3480	736	1	1.0
3505	736	1	1.0
3505	2005	1	1.0
3254	737	1	1.0
4205	737	1	1.0
4205	1045	1	1.0
4205	1092	1	1.0
4205	1263	1	1.0
4205	1422	1	1.0
4205	1506	1	1.0
4205	1770	1	1.0
3254	1843	1	1.0
3254	1844	1	1.0
4377	738	1	1.0
3920	739	1	1.0
4601	739	1	1.0
3920	864	1	1.0
3561	741	1	1.0
3561	886	1	1.0
3561	2006	1	1.0
2416	742	1	1.0
4506	742	1	1.0
2416	1505	1	1.0
2544	743	1	1.0
2544	1777	1	1.0
2544	1830	1	1.0
2566	744	1	1.0
4413	744	1	1.0
4413	1037	1	1.0
4413	1178	1	1.0
2566	1681	1	1.0
4413	1894	1	1.0
2566	1956	1	1.0
3064	745	1	1.0
3859	745	1	1.0
2276	747	1	1.0
3809	747	1	1.0
3809	769	1	1.0
2276	914	1	1.0
2276	2049	1	1.0
2276	2074	1	1.0
4298	748	1	1.0
4397	748	1	1.0
4397	882	1	1.0
2338	749	1	1.0
3761	749	1	1.0
3761	909	1	1.0
3063	751	1	1.0
3687	752	1	1.0
3687	808	1	1.0
3687	1208	1	1.0
3028	755	1	1.0
3028	2012	1	1.0
2186	756	1	1.0
4515	756	1	1.0
2186	881	1	1.0
4515	1355	1	1.0
2186	1437	1	1.0
2186	1969	1	1.0
2541	757	1	1.0
3812	757	1	1.0
2541	955	1	1.0
2541	1414	1	1.0
2922	759	1	1.0
3140	760	1	1.0
3140	1137	1	1.0
3919	761	1	1.0
4190	762	1	1.0
3125	763	1	1.0
3522	763	1	1.0
3522	790	1	1.0
3522	1388	1	1.0
3522	1476	1	1.0
3522	1949	1	1.0
2869	764	1	1.0
2997	764	1	1.0
2791	765	1	1.0
2791	1262	1	1.0
2791	1719	1	1.0
2526	767	1	1.0
2678	767	1	1.0
2678	1155	1	1.0
2678	1974	1	1.0
2678	2042	1	1.0
2113	768	1	1.0
3841	769	1	1.0
2422	770	1	1.0
3086	770	1	1.0
3086	1266	1	1.0
3164	772	1	1.0
3426	772	1	1.0
3079	773	1	1.0
3079	1249	1	1.0
3079	1321	1	1.0
3656	774	1	1.0
4003	774	1	1.0
3656	1565	1	1.0
3656	1617	1	1.0
3656	1936	1	1.0
4519	775	1	1.0
2462	776	1	1.0
2462	1615	1	1.0
2462	1892	1	1.0
2501	777	1	1.0
3032	777	1	1.0
4042	777	1	1.0
3032	887	1	1.0
2501	1207	1	1.0
2501	1232	1	1.0
2501	1671	1	1.0
2210	778	1	1.0
3269	778	1	1.0
4072	778	1	1.0
3830	779	1	1.0
3995	780	1	1.0
3749	781	1	1.0
4295	781	1	1.0
3749	1398	1	1.0
3935	782	1	1.0
3935	1242	1	1.0
3935	1280	1	1.0
3213	783	1	1.0
4158	783	1	1.0
3298	784	1	1.0
4364	785	1	1.0
4501	785	1	1.0
4364	953	1	1.0
4364	1598	1	1.0
4364	1862	1	1.0
4278	787	1	1.0
2835	790	1	1.0
2835	1857	1	1.0
3885	791	1	1.0
3885	1047	1	1.0
3885	1166	1	1.0
3885	1513	1	1.0
3885	1742	1	1.0
4018	793	1	1.0
2356	794	1	1.0
2429	794	1	1.0
3303	794	1	1.0
2356	1219	1	1.0
3550	795	1	1.0
3550	933	1	1.0
3040	797	1	1.0
4541	797	1	1.0
4541	1471	1	1.0
4541	1979	1	1.0
4541	1985	1	1.0
2395	798	1	1.0
2706	799	1	1.0
4064	799	1	1.0
4064	843	1	1.0
2706	1828	1	1.0
4064	2038	1	1.0
2145	800	1	1.0
2220	800	1	1.0
2728	800	1	1.0
2220	1065	1	1.0
3129	801	1	1.0
3617	801	1	1.0
4381	801	1	1.0
3617	1427	1	1.0
3974	802	1	1.0
3974	1183	1	1.0
3974	1433	1	1.0
3974	2054	1	1.0
3659	803	1	1.0
3659	1880	1	1.0
3171	804	1	1.0
3336	804	1	1.0
3336	1982	1	1.0
3336	2047	1	1.0
2188	807	1	1.0
2359	807	1	1.0
4552	807	1	1.0
2188	1895	1	1.0
3092	808	1	1.0
3092	1208	1	1.0
2674	809	1	1.0
3567	809	1	1.0
4550	809	1	1.0
2332	812	1	1.0
3529	813	1	1.0
3529	1306	1	1.0
3529	2069	1	1.0
4103	817	1	1.0
3027	818	1	1.0
3507	818	1	1.0
3507	1932	1	1.0
3466	819	1	1.0
4016	821	1	1.0
2235	822	1	1.0
2235	1292	1	1.0
2174	825	1	1.0
3253	825	1	1.0
2174	996	1	1.0
2667	826	1	1.0
2667	1865	1	1.0
2667	2066	1	1.0
3886	827	1	1.0
2961	828	1	1.0
3752	828	1	1.0
4562	828	1	1.0
3752	1341	1	1.0
2190	830	1	1.0
3423	830	1	1.0
4140	830	1	1.0
2190	1887	1	1.0
4646	831	1	1.0
4203	832	1	1.0
4215	832	1	1.0
4582	832	1	1.0
4582	1064	1	1.0
4215	1414	1	1.0
4215	1481	1	1.0
4215	1980	1	1.0
4582	2036	1	1.0
4204	833	1	1.0
4204	957	1	1.0
4204	1701	1	1.0
2171	834	1	1.0
3352	834	1	1.0
2377	836	1	1.0
2540	836	1	1.0
3437	836	1	1.0
2141	837	1	1.0
2141	981	1	1.0
2141	1591	1	1.0
2141	1789	1	1.0
2141	2007	1	1.0
2383	838	1	1.0
2383	1081	1	1.0
2383	1833	1	1.0
3644	840	1	1.0
4388	840	1	1.0
4388	1222	1	1.0
2597	844	1	1.0
4518	845	1	1.0
4518	869	1	1.0
4518	995	1	1.0
4518	1105	1	1.0
4518	1236	1	1.0
4518	1247	1	1.0
4518	1993	1	1.0
4518	2032	1	1.0
2612	846	1	1.0
2658	848	1	1.0
2658	1609	1	1.0
3784	849	1	1.0
3025	850	1	1.0
3706	851	1	1.0
3133	853	1	1.0
3133	1329	1	1.0
2343	854	1	1.0
2715	854	1	1.0
2715	879	1	1.0
2343	1147	1	1.0
2715	1218	1	1.0
2343	1379	1	1.0
2715	1532	1	1.0
2715	2024	1	1.0
2795	855	1	1.0
2795	1123	1	1.0
2795	1284	1	1.0
2494	857	1	1.0
2494	903	1	1.0
3703	860	1	1.0
3832	860	1	1.0
4336	864	1	1.0
4336	869	1	1.0
4336	1029	1	1.0
4336	1620	1	1.0
4336	1962	1	1.0
2354	865	1	1.0
4276	866	1	1.0
4276	1185	1	1.0
2238	867	1	1.0
2891	867	1	1.0
2956	867	1	1.0
2522	869	1	1.0
2522	1261	1	1.0
2600	870	1	1.0
3217	870	1	1.0
3217	1897	1	1.0
2738	871	1	1.0
2738	1121	1	1.0
2738	1330	1	1.0
2493	872	1	1.0
2868	872	1	1.0
3992	872	1	1.0
3992	1360	1	1.0
2156	873	1	1.0
2848	873	1	1.0
4157	873	1	1.0
2156	1190	1	1.0
2156	1444	1	1.0
2156	2016	1	1.0
2196	874	1	1.0
3449	874	1	1.0
2196	1077	1	1.0
2679	875	1	1.0
3113	875	1	1.0
2679	1512	1	1.0
3113	1718	1	1.0
2206	876	1	1.0
2206	1397	1	1.0
2274	879	1	1.0
2499	879	1	1.0
2274	887	1	1.0
2274	906	1	1.0
2889	880	1	1.0
2889	1498	1	1.0
2889	1615	1	1.0
2889	1728	1	1.0
2641	881	1	1.0
2641	996	1	1.0
2641	1331	1	1.0
3813	882	1	1.0
2185	883	1	1.0
4342	883	1	1.0
2967	884	1	1.0
3338	884	1	1.0
4087	885	1	1.0
4222	885	1	1.0
4222	1111	1	1.0
4087	1771	1	1.0
3677	887	1	1.0
3865	888	1	1.0
3865	997	1	1.0
3865	1180	1	1.0
3865	1263	1	1.0
3865	1630	1	1.0
3865	1849	1	1.0
2487	889	1	1.0
3301	890	1	1.0
3275	891	1	1.0
4463	891	1	1.0
3275	1562	1	1.0
3275	1726	1	1.0
4492	892	1	1.0
4076	893	1	1.0
4660	893	1	1.0
4660	2089	1	1.0
2319	895	1	1.0
4117	895	1	1.0
4389	895	1	1.0
2466	896	1	1.0
4273	897	1	1.0
3182	899	1	1.0
3182	1952	1	1.0
3464	900	1	1.0
3902	900	1	1.0
3902	1265	1	1.0
4164	901	1	1.0
4432	901	1	1.0
4199	902	1	1.0
4534	902	1	1.0
4534	993	1	1.0
3077	903	1	1.0
4112	903	1	1.0
3006	904	1	1.0
4530	904	1	1.0
3006	908	1	1.0
4530	1207	1	1.0
3006	1243	1	1.0
3006	1252	1	1.0
3006	1472	1	1.0
3006	1485	1	1.0
3006	1988	1	1.0
4187	905	1	1.0
3854	907	1	1.0
4621	907	1	1.0
4621	1689	1	1.0
3650	908	1	1.0
3650	1181	1	1.0
3650	1377	1	1.0
3650	1395	1	1.0
3650	1486	1	1.0
2768	910	1	1.0
3251	910	1	1.0
4627	912	1	1.0
4627	1089	1	1.0
2675	915	1	1.0
4036	915	1	1.0
4108	915	1	1.0
2986	917	1	1.0
2986	1343	1	1.0
4686	918	1	1.0
2620	919	1	1.0
3534	919	1	1.0
3534	1949	1	1.0
3053	922	1	1.0
3892	922	1	1.0
3892	1226	1	1.0
3892	1630	1	1.0
2147	925	1	1.0
4100	925	1	1.0
4731	925	1	1.0
4100	1835	1	1.0
2147	1901	1	1.0
2219	928	1	1.0
4699	928	1	1.0
3371	931	1	1.0
4230	931	1	1.0
4230	1505	1	1.0
2696	933	1	1.0
2966	933	1	1.0
2696	1200	1	1.0
2505	934	1	1.0
4576	934	1	1.0
3098	935	1	1.0
3126	935	1	1.0
3098	1785	1	1.0
3098	1821	1	1.0
3098	1982	1	1.0
2179	936	1	1.0
3393	936	1	1.0
2179	1483	1	1.0
3393	1600	1	1.0
2993	937	1	1.0
3764	937	1	1.0
3564	939	1	1.0
3564	1419	1	1.0
2788	940	1	1.0
3788	940	1	1.0
2788	1364	1	1.0
2788	1649	1	1.0
3904	941	1	1.0
2893	942	1	1.0
3835	942	1	1.0
2603	943	1	1.0
2776	943	1	1.0
4650	943	1	1.0
2169	944	1	1.0
2169	962	1	1.0
2169	1286	1	1.0
2169	1396	1	1.0
2169	1508	1	1.0
2169	1581	1	1.0
2169	1730	1	1.0
2169	1736	1	1.0
2394	945	1	1.0
2394	975	1	1.0
2394	1922	1	1.0
2411	946	1	1.0
2909	946	1	1.0
2411	1012	1	1.0
2921	947	1	1.0
2988	948	1	1.0
3332	949	1	1.0
3332	1434	1	1.0
3455	950	1	1.0
2222	951	1	1.0
2222	2033	1	1.0
2862	952	1	1.0
2992	952	1	1.0
3910	952	1	1.0
2503	953	1	1.0
2116	954	1	1.0
2181	954	1	1.0
2116	988	1	1.0
2207	956	1	1.0
2769	956	1	1.0
3915	956	1	1.0
2424	958	1	1.0
2953	958	1	1.0
2617	961	1	1.0
2617	1251	1	1.0
2352	963	1	1.0
3387	963	1	1.0
4123	965	1	1.0
4464	965	1	1.0
4464	1771	1	1.0
4464	1822	1	1.0
2201	966	1	1.0
3994	966	1	1.0
2201	1107	1	1.0
3994	1423	1	1.0
3100	967	1	1.0
2623	969	1	1.0
3641	969	1	1.0
3641	1078	1	1.0
2623	1319	1	1.0
2623	1929	1	1.0
3226	970	1	1.0
4012	970	1	1.0
4150	970	1	1.0
4150	1086	1	1.0
4150	1804	1	1.0
4150	1828	1	1.0
2457	971	1	1.0
3015	971	1	1.0
4676	971	1	1.0
2457	1473	1	1.0
2457	1883	1	1.0
2232	972	1	1.0
2391	975	1	1.0
3968	976	1	1.0
3968	2001	1	1.0
4021	977	1	1.0
3153	978	1	1.0
3153	1985	1	1.0
3153	2017	1	1.0
4556	980	1	1.0
4556	1790	1	1.0
4556	1849	1	1.0
2854	981	1	1.0
4229	981	1	1.0
4638	982	1	1.0
2859	983	1	1.0
4447	983	1	1.0
4593	984	1	1.0
4593	1519	1	1.0
4186	985	1	1.0
4224	985	1	1.0
4186	1537	1	1.0
4186	1945	1	1.0
2428	986	1	1.0
3750	986	1	1.0
2864	987	1	1.0
3421	987	1	1.0
3073	988	1	1.0
4610	988	1	1.0
3516	989	1	1.0
3516	1555	1	1.0
3516	1927	1	1.0
3516	2060	1	1.0
3657	990	1	1.0
2844	991	1	1.0
4234	991	1	1.0
4234	1359	1	1.0
4234	1819	1	1.0
2759	992	1	1.0
2759	1106	1	1.0
2759	1867	1	1.0
3634	993	1	1.0
4557	993	1	1.0
4557	1302	1	1.0
3948	996	1	1.0
3948	1951	1	1.0
3137	997	1	1.0
3293	998	1	1.0
3293	1072	1	1.0
3293	1652	1	1.0
3293	1890	1	1.0
4691	1000	1	1.0
4651	1001	1	1.0
2726	1002	1	1.0
2943	1002	1	1.0
4379	1002	1	1.0
2726	1050	1	1.0
4379	1812	1	1.0
2726	2072	1	1.0
4622	1003	1	1.0
4679	1003	1	1.0
2320	1004	1	1.0
3913	1004	1	1.0
3372	1006	1	1.0
3412	1006	1	1.0
4659	1006	1	1.0
4659	1127	1	1.0
4659	1256	1	1.0
3412	1278	1	1.0
3412	1542	1	1.0
3372	2034	1	1.0
4209	1007	1	1.0
4469	1007	1	1.0
4209	1071	1	1.0
3284	1008	1	1.0
2512	1010	1	1.0
2676	1010	1	1.0
2512	1648	1	1.0
2512	1657	1	1.0
2161	1011	1	1.0
3452	1011	1	1.0
2161	1079	1	1.0
2161	1176	1	1.0
2161	1214	1	1.0
2161	1256	1	1.0
2161	1270	1	1.0
2161	1652	1	1.0
2161	2072	1	1.0
3325	1012	1	1.0
3980	1012	1	1.0
3325	2021	1	1.0
2474	1013	1	1.0
3667	1013	1	1.0
2125	1014	1	1.0
2605	1014	1	1.0
3928	1014	1	1.0
2605	1519	1	1.0
2605	2099	1	1.0
3520	1017	1	1.0
3024	1018	1	1.0
3024	1764	1	1.0
3553	1021	1	1.0
3999	1021	1	1.0
3553	1795	1	1.0
3999	1932	1	1.0
3553	2070	1	1.0
3669	1022	1	1.0
4708	1022	1	1.0
2509	1023	1	1.0
3141	1023	1	1.0
2509	1820	1	1.0
3997	1024	1	1.0
3997	1174	1	1.0
3997	1207	1	1.0
2970	1025	1	1.0
3678	1025	1	1.0
4618	1025	1	1.0
4308	1026	1	1.0
4308	1035	1	1.0
2645	1027	1	1.0
4536	1027	1	1.0
4553	1027	1	1.0
2645	1493	1	1.0
4536	1761	1	1.0
4536	1859	1	1.0
3009	1028	1	1.0
3009	1179	1	1.0
2578	1029	1	1.0
2578	1373	1	1.0
2578	1619	1	1.0
2578	1838	1	1.0
2650	1030	1	1.0
2650	1677	1	1.0
2650	1722	1	1.0
2650	1837	1	1.0
3388	1033	1	1.0
3720	1033	1	1.0
3720	1073	1	1.0
3720	1821	1	1.0
3069	1035	1	1.0
3069	1554	1	1.0
3069	1905	1	1.0
2647	1037	1	1.0
2647	1178	1	1.0
2647	1320	1	1.0
2647	1894	1	1.0
2647	1998	1	1.0
3836	1038	1	1.0
4202	1038	1	1.0
2518	1041	1	1.0
3380	1041	1	1.0
3591	1041	1	1.0
4678	1042	1	1.0
4678	1281	1	1.0
4678	1922	1	1.0
2286	1043	1	1.0
2507	1043	1	1.0
4624	1043	1	1.0
2286	1624	1	1.0
3880	1044	1	1.0
2708	1045	1	1.0
2575	1046	1	1.0
2793	1046	1	1.0
2575	1693	1	1.0
3391	1047	1	1.0
3733	1048	1	1.0
3733	1287	1	1.0
2950	1049	1	1.0
4696	1050	1	1.0
4168	1051	1	1.0
4235	1051	1	1.0
2496	1052	1	1.0
4148	1052	1	1.0
4148	1387	1	1.0
3877	1054	1	1.0
3877	1515	1	1.0
2680	1055	1	1.0
2385	1056	1	1.0
4402	1056	1	1.0
2258	1057	1	1.0
4211	1057	1	1.0
4211	1163	1	1.0
4211	1312	1	1.0
2902	1059	1	1.0
2904	1059	1	1.0
2904	1062	1	1.0
2904	1192	1	1.0
2902	1346	1	1.0
2904	1568	1	1.0
2904	2047	1	1.0
3159	1060	1	1.0
3228	1060	1	1.0
3228	1390	1	1.0
3660	1061	1	1.0
4581	1061	1	1.0
4581	1210	1	1.0
4581	1216	1	1.0
2713	1062	1	1.0
2713	1459	1	1.0
2713	2066	1	1.0
2208	1063	1	1.0
4125	1063	1	1.0
4125	1137	1	1.0
4125	1276	1	1.0
4125	1506	1	1.0
2208	1571	1	1.0
2770	1064	1	1.0
3195	1064	1	1.0
3195	1451	1	1.0
2770	1559	1	1.0
2662	1065	1	1.0
2662	1787	1	1.0
2662	1913	1	1.0
2881	1066	1	1.0
3787	1066	1	1.0
3787	1184	1	1.0
3787	1596	1	1.0
3111	1067	1	1.0
3905	1067	1	1.0
4712	1067	1	1.0
3111	1172	1	1.0
2445	1068	1	1.0
2250	1069	1	1.0
3396	1069	1	1.0
3558	1069	1	1.0
3396	1430	1	1.0
3075	1071	1	1.0
3670	1071	1	1.0
3273	1072	1	1.0
4687	1073	1	1.0
4697	1073	1	1.0
3209	1076	1	1.0
4513	1076	1	1.0
3209	1087	1	1.0
4513	1087	1	1.0
4513	1351	1	1.0
4513	1890	1	1.0
2634	1082	1	1.0
3239	1082	1	1.0
4339	1082	1	1.0
3620	1083	1	1.0
4265	1083	1	1.0
3620	1803	1	1.0
2785	1084	1	1.0
3679	1084	1	1.0
2465	1085	1	1.0
4291	1085	1	1.0
4292	1085	1	1.0
2308	1086	1	1.0
3727	1089	1	1.0
3727	1211	1	1.0
3727	1709	1	1.0
3952	1090	1	1.0
3952	1232	1	1.0
4675	1093	1	1.0
3906	1095	1	1.0
3906	1426	1	1.0
3906	1766	1	1.0
2863	1096	1	1.0
4505	1096	1	1.0
2619	1097	1	1.0
3152	1099	1	1.0
4459	1100	1	1.0
2523	1101	1	1.0
3183	1101	1	1.0
4296	1101	1	1.0
3699	1102	1	1.0
3931	1102	1	1.0
3931	1174	1	1.0
3931	1380	1	1.0
3931	1952	1	1.0
3931	1972	1	1.0
3767	1105	1	1.0
3767	1534	1	1.0
3767	1578	1	1.0
3767	1829	1	1.0
3767	2056	1	1.0
2703	1106	1	1.0
3428	1106	1	1.0
3428	1490	1	1.0
3708	1107	1	1.0
3708	1189	1	1.0
3280	1108	1	1.0
4301	1108	1	1.0
3603	1109	1	1.0
3695	1109	1	1.0
4091	1109	1	1.0
3941	1110	1	1.0
3941	1799	1	1.0
3941	1963	1	1.0
3824	1112	1	1.0
3824	1182	1	1.0
3824	1379	1	1.0
3824	1964	1	1.0
3686	1114	1	1.0
2130	1115	1	1.0
2130	1543	1	1.0
3602	1117	1	1.0
3602	1271	1	1.0
3344	1118	1	1.0
4045	1118	1	1.0
2627	1119	1	1.0
3340	1119	1	1.0
4271	1119	1	1.0
4590	1121	1	1.0
4590	1402	1	1.0
4590	1839	1	1.0
2719	1122	1	1.0
4262	1122	1	1.0
2719	1286	1	1.0
4262	1467	1	1.0
2797	1123	1	1.0
2307	1125	1	1.0
2444	1125	1	1.0
2444	1843	1	1.0
2444	1958	1	1.0
3326	1126	1	1.0
4345	1126	1	1.0
4446	1126	1	1.0
3373	1129	1	1.0
3623	1129	1	1.0
4349	1129	1	1.0
3623	1192	1	1.0
3052	1130	1	1.0
3328	1130	1	1.0
4307	1130	1	1.0
4307	1132	1	1.0
3052	1544	1	1.0
3312	1131	1	1.0
3342	1131	1	1.0
3652	1131	1	1.0
3312	1260	1	1.0
3652	1943	1	1.0
2379	1134	1	1.0
3234	1134	1	1.0
3929	1134	1	1.0
3385	1135	1	1.0
4577	1135	1	1.0
3912	1137	1	1.0
3912	1341	1	1.0
2114	1138	1	1.0
3245	1138	1	1.0
2114	2018	1	1.0
2228	1140	1	1.0
3062	1141	1	1.0
3267	1141	1	1.0
3413	1141	1	1.0
3267	2069	1	1.0
4373	1142	1	1.0
3311	1144	1	1.0
4427	1145	1	1.0
4514	1145	1	1.0
3961	1146	1	1.0
4030	1146	1	1.0
4626	1146	1	1.0
2240	1148	1	1.0
2240	1181	1	1.0
2681	1149	1	1.0
3246	1149	1	1.0
3246	1640	1	1.0
2226	1150	1	1.0
3271	1150	1	1.0
2461	1151	1	1.0
3985	1151	1	1.0
4623	1151	1	1.0
2478	1152	1	1.0
3408	1152	1	1.0
3408	1976	1	1.0
2698	1155	1	1.0
2580	1156	1	1.0
3592	1156	1	1.0
2450	1157	1	1.0
3244	1157	1	1.0
3244	1356	1	1.0
3110	1158	1	1.0
3305	1159	1	1.0
3305	1453	1	1.0
3882	1160	1	1.0
4452	1160	1	1.0
3882	1528	1	1.0
3882	1897	1	1.0
2640	1161	1	1.0
2640	1740	1	1.0
2640	2015	1	1.0
2376	1163	1	1.0
2829	1163	1	1.0
2829	1449	1	1.0
2829	1683	1	1.0
3551	1166	1	1.0
2958	1167	1	1.0
3978	1167	1	1.0
2958	1368	1	1.0
2958	1848	1	1.0
2468	1168	1	1.0
3067	1168	1	1.0
3067	2089	1	1.0
3124	1170	1	1.0
3124	2013	1	1.0
4019	1171	1	1.0
4174	1171	1	1.0
3070	1172	1	1.0
3738	1172	1	1.0
2374	1173	1	1.0
3730	1173	1	1.0
4195	1173	1	1.0
4195	1286	1	1.0
4195	1530	1	1.0
2215	1175	1	1.0
3343	1176	1	1.0
3174	1181	1	1.0
2813	1183	1	1.0
4531	1184	1	1.0
2420	1185	1	1.0
2420	1186	1	1.0
2420	1956	1	1.0
3299	1186	1	1.0
3754	1186	1	1.0
3299	1928	1	1.0
2981	1187	1	1.0
3307	1187	1	1.0
3626	1187	1	1.0
3463	1188	1	1.0
3161	1189	1	1.0
2277	1190	1	1.0
2108	1191	1	1.0
4327	1191	1	1.0
2108	1954	1	1.0
4327	1954	1	1.0
3116	1193	1	1.0
3612	1193	1	1.0
4728	1193	1	1.0
3116	1785	1	1.0
3116	2032	1	1.0
3315	1194	1	1.0
2223	1195	1	1.0
4473	1195	1	1.0
4473	1210	1	1.0
3521	1196	1	1.0
3521	1386	1	1.0
3417	1197	1	1.0
2920	1198	1	1.0
2920	1360	1	1.0
2920	1813	1	1.0
2261	1201	1	1.0
4098	1201	1	1.0
4477	1201	1	1.0
2272	1202	1	1.0
2427	1202	1	1.0
3855	1202	1	1.0
2587	1203	1	1.0
2283	1205	1	1.0
3821	1206	1	1.0
4353	1206	1	1.0
4225	1208	1	1.0
4007	1209	1	1.0
4671	1210	1	1.0
2607	1211	1	1.0
2866	1212	1	1.0
3775	1213	1	1.0
4079	1213	1	1.0
2845	1214	1	1.0
2845	1458	1	1.0
2840	1216	1	1.0
3045	1216	1	1.0
3201	1219	1	1.0
3201	1254	1	1.0
3201	1803	1	1.0
2624	1221	1	1.0
2654	1221	1	1.0
2820	1221	1	1.0
3420	1222	1	1.0
4407	1222	1	1.0
2349	1224	1	1.0
2337	1225	1	1.0
2626	1225	1	1.0
3760	1225	1	1.0
2337	1689	1	1.0
3691	1226	1	1.0
3169	1227	1	1.0
3969	1228	1	1.0
3575	1229	1	1.0
4619	1229	1	1.0
2432	1230	1	1.0
3208	1230	1	1.0
3866	1230	1	1.0
2705	1231	1	1.0
4282	1231	1	1.0
3661	1233	1	1.0
3945	1233	1	1.0
4088	1234	1	1.0
4008	1235	1	1.0
2257	1238	1	1.0
2565	1238	1	1.0
2165	1239	1	1.0
3261	1240	1	1.0
3926	1240	1	1.0
4031	1240	1	1.0
3261	1729	1	1.0
4031	1993	1	1.0
3848	1243	1	1.0
3544	1245	1	1.0
3544	1385	1	1.0
3544	2003	1	1.0
3544	2073	1	1.0
4476	1246	1	1.0
3546	1247	1	1.0
3894	1247	1	1.0
2150	1248	1	1.0
2895	1248	1	1.0
4713	1248	1	1.0
2297	1250	1	1.0
2335	1250	1	1.0
3514	1250	1	1.0
2504	1251	1	1.0
2593	1251	1	1.0
4490	1252	1	1.0
4146	1257	1	1.0
2589	1258	1	1.0
2366	1259	1	1.0
3734	1259	1	1.0
3472	1261	1	1.0
4000	1261	1	1.0
3472	1384	1	1.0
3472	1802	1	1.0
3524	1264	1	1.0
3648	1264	1	1.0
4689	1266	1	1.0
4689	1315	1	1.0
4689	1942	1	1.0
4689	2098	1	1.0
3594	1267	1	1.0
2480	1269	1	1.0
4104	1269	1	1.0
4104	2052	1	1.0
4151	1271	1	1.0
2433	1272	1	1.0
4143	1273	1	1.0
2202	1276	1	1.0
3366	1276	1	1.0
3954	1277	1	1.0
4383	1277	1	1.0
3751	1279	1	1.0
3547	1281	1	1.0
3547	1392	1	1.0
3348	1282	1	1.0
3685	1282	1	1.0
3917	1282	1	1.0
3917	1534	1	1.0
3917	1619	1	1.0
3917	1776	1	1.0
3917	1829	1	1.0
2245	1283	1	1.0
3381	1283	1	1.0
3482	1284	1	1.0
3482	1456	1	1.0
3503	1288	1	1.0
2134	1290	1	1.0
2513	1291	1	1.0
3653	1291	1	1.0
2513	1628	1	1.0
2611	1293	1	1.0
4451	1293	1	1.0
2558	1294	1	1.0
4642	1296	1	1.0
3186	1298	1	1.0
2306	1300	1	1.0
3146	1300	1	1.0
2306	1419	1	1.0
2306	1914	1	1.0
2306	1959	1	1.0
2656	1302	1	1.0
3975	1302	1	1.0
2278	1303	1	1.0
3511	1303	1	1.0
4442	1303	1	1.0
4442	1473	1	1.0
4442	1557	1	1.0
4442	1560	1	1.0
2278	2082	1	1.0
3374	1305	1	1.0
4488	1305	1	1.0
4640	1305	1	1.0
4131	1306	1	1.0
4131	1446	1	1.0
2802	1307	1	1.0
2843	1307	1	1.0
2914	1307	1	1.0
2914	1782	1	1.0
3026	1308	1	1.0
3454	1308	1	1.0
4372	1308	1	1.0
4372	2028	1	1.0
2591	1309	1	1.0
3416	1310	1	1.0
2104	1311	1	1.0
2436	1311	1	1.0
2436	1447	1	1.0
2436	1647	1	1.0
2104	1713	1	1.0
3491	1312	1	1.0
3248	1313	1	1.0
3356	1313	1	1.0
2777	1314	1	1.0
4398	1314	1	1.0
4398	1533	1	1.0
4398	1779	1	1.0
4300	1315	1	1.0
2463	1317	1	1.0
2572	1317	1	1.0
2463	1935	1	1.0
2572	1964	1	1.0
3571	1318	1	1.0
2341	1320	1	1.0
2871	1320	1	1.0
2918	1321	1	1.0
3949	1322	1	1.0
3278	1323	1	1.0
3278	1491	1	1.0
2326	1325	1	1.0
3467	1325	1	1.0
4169	1325	1	1.0
4092	1326	1	1.0
4182	1327	1	1.0
2780	1328	1	1.0
3697	1328	1	1.0
2780	1996	1	1.0
2183	1329	1	1.0
3807	1329	1	1.0
4096	1330	1	1.0
4368	1330	1	1.0
4368	1437	1	1.0
4368	1898	1	1.0
3260	1332	1	1.0
3834	1332	1	1.0
4181	1332	1	1.0
3260	1422	1	1.0
3260	1935	1	1.0
2154	1333	1	1.0
3636	1333	1	1.0
4672	1334	1	1.0
2288	1335	1	1.0
2288	1492	1	1.0
2425	1336	1	1.0
3753	1336	1	1.0
2460	1337	1	1.0
4165	1337	1	1.0
3649	1338	1	1.0
2570	1340	1	1.0
2655	1340	1	1.0
4260	1340	1	1.0
3163	1342	1	1.0
3856	1344	1	1.0
3856	1495	1	1.0
3856	1912	1	1.0
2304	1345	1	1.0
4375	1345	1	1.0
3563	1347	1	1.0
4046	1347	1	1.0
4135	1347	1	1.0
4046	1377	1	1.0
4046	1524	1	1.0
4046	1721	1	1.0
4046	1728	1	1.0
3772	1348	1	1.0
2328	1349	1	1.0
3398	1350	1	1.0
3496	1351	1	1.0
3496	1596	1	1.0
3103	1352	1	1.0
4406	1352	1	1.0
2229	1353	1	1.0
3557	1353	1	1.0
3712	1353	1	1.0
3310	1355	1	1.0
4192	1358	1	1.0
3068	1360	1	1.0
3204	1361	1	1.0
3237	1361	1	1.0
4543	1361	1	1.0
2818	1362	1	1.0
2999	1362	1	1.0
3693	1362	1	1.0
2339	1365	1	1.0
2339	1433	1	1.0
2339	1684	1	1.0
2339	1735	1	1.0
2339	1997	1	1.0
2195	1366	1	1.0
3095	1366	1	1.0
3403	1367	1	1.0
3793	1367	1	1.0
2836	1369	1	1.0
2836	1495	1	1.0
2836	1635	1	1.0
2836	2096	1	1.0
3037	1370	1	1.0
3487	1370	1	1.0
4312	1371	1	1.0
3013	1372	1	1.0
3792	1372	1	1.0
4523	1372	1	1.0
2880	1374	1	1.0
4654	1374	1	1.0
2890	1376	1	1.0
4507	1376	1	1.0
4585	1376	1	1.0
4507	1567	1	1.0
2418	1381	1	1.0
3288	1381	1	1.0
3526	1381	1	1.0
2668	1382	1	1.0
4639	1382	1	1.0
3889	1383	1	1.0
4286	1383	1	1.0
4422	1383	1	1.0
4422	1497	1	1.0
3598	1384	1	1.0
4110	1384	1	1.0
3598	1756	1	1.0
3598	1802	1	1.0
4110	1802	1	1.0
4110	1808	1	1.0
3598	1877	1	1.0
2809	1385	1	1.0
3682	1385	1	1.0
4216	1387	1	1.0
4216	1719	1	1.0
3476	1389	1	1.0
3476	1853	1	1.0
4287	1390	1	1.0
2691	1391	1	1.0
4461	1391	1	1.0
2682	1394	1	1.0
3530	1394	1	1.0
3530	1880	1	1.0
3934	1395	1	1.0
3934	1480	1	1.0
3934	1634	1	1.0
3934	1824	1	1.0
4220	1396	1	1.0
3046	1397	1	1.0
4433	1398	1	1.0
4673	1398	1	1.0
4095	1403	1	1.0
4095	1507	1	1.0
2659	1404	1	1.0
3058	1404	1	1.0
3814	1404	1	1.0
3058	1774	1	1.0
3382	1405	1	1.0
3395	1405	1	1.0
3382	1631	1	1.0
3395	1667	1	1.0
3382	1682	1	1.0
3382	1924	1	1.0
3382	2055	1	1.0
3300	1406	1	1.0
3300	1638	1	1.0
3031	1407	1	1.0
3468	1407	1	1.0
3468	1885	1	1.0
3031	2045	1	1.0
3527	1408	1	1.0
3527	1733	1	1.0
3527	2009	1	1.0
4017	1410	1	1.0
4227	1410	1	1.0
3864	1411	1	1.0
3972	1411	1	1.0
3673	1412	1	1.0
4408	1412	1	1.0
2131	1414	1	1.0
2131	1760	1	1.0
2212	1415	1	1.0
3909	1415	1	1.0
2212	1701	1	1.0
2954	1417	1	1.0
2954	1482	1	1.0
2954	1757	1	1.0
2954	1855	1	1.0
4242	1420	1	1.0
4391	1420	1	1.0
4391	1662	1	1.0
3188	1423	1	1.0
2774	1424	1	1.0
3033	1429	1	1.0
3033	1463	1	1.0
3033	1668	1	1.0
3033	1796	1	1.0
3033	1923	1	1.0
3033	2046	1	1.0
2414	1430	1	1.0
4067	1430	1	1.0
2528	1435	1	1.0
3187	1435	1	1.0
3295	1436	1	1.0
2748	1440	1	1.0
3632	1440	1	1.0
2459	1446	1	1.0
3017	1448	1	1.0
4236	1452	1	1.0
4412	1453	1	1.0
4565	1453	1	1.0
4412	1923	1	1.0
3862	1454	1	1.0
2947	1456	1	1.0
2947	1472	1	1.0
2331	1457	1	1.0
4710	1457	1	1.0
2476	1459	1	1.0
3791	1460	1	1.0
3791	1944	1	1.0
2538	1462	1	1.0
3035	1463	1	1.0
3405	1463	1	1.0
2604	1464	1	1.0
2649	1464	1	1.0
4652	1464	1	1.0
4594	1465	1	1.0
2556	1467	1	1.0
2556	1587	1	1.0
3190	1468	1	1.0
3690	1469	1	1.0
2903	1470	1	1.0
4587	1470	1	1.0
2903	1635	1	1.0
2260	1474	1	1.0
2384	1474	1	1.0
4337	1474	1	1.0
2260	1801	1	1.0
2548	1475	1	1.0
2284	1476	1	1.0
3959	1476	1	1.0
3959	1589	1	1.0
3320	1479	1	1.0
4130	1479	1	1.0
4665	1480	1	1.0
4665	1824	1	1.0
2244	1481	1	1.0
2401	1481	1	1.0
4099	1482	1	1.0
4099	1855	1	1.0
4026	1483	1	1.0
4480	1483	1	1.0
2959	1484	1	1.0
3705	1484	1	1.0
4073	1484	1	1.0
3927	1485	1	1.0
2919	1486	1	1.0
2919	1677	1	1.0
2919	1722	1	1.0
2168	1487	1	1.0
2400	1487	1	1.0
2400	1611	1	1.0
2400	1845	1	1.0
3638	1488	1	1.0
3680	1488	1	1.0
3425	1489	1	1.0
3471	1489	1	1.0
3425	1586	1	1.0
3538	1490	1	1.0
2737	1492	1	1.0
3785	1492	1	1.0
2737	1685	1	1.0
2334	1493	1	1.0
2815	1493	1	1.0
4002	1494	1	1.0
2853	1496	1	1.0
2888	1497	1	1.0
4319	1498	1	1.0
2552	1499	1	1.0
2660	1499	1	1.0
3801	1500	1	1.0
4706	1501	1	1.0
4706	1502	1	1.0
3688	1502	1	1.0
4172	1502	1	1.0
4542	1503	1	1.0
3249	1504	1	1.0
3314	1504	1	1.0
4641	1504	1	1.0
3160	1508	1	1.0
4707	1508	1	1.0
3407	1509	1	1.0
2140	1511	1	1.0
4570	1511	1	1.0
2140	1646	1	1.0
3444	1512	1	1.0
3642	1513	1	1.0
2609	1514	1	1.0
3038	1514	1	1.0
4217	1514	1	1.0
2520	1515	1	1.0
2824	1515	1	1.0
2978	1516	1	1.0
3510	1516	1	1.0
2287	1517	1	1.0
3363	1517	1	1.0
4527	1517	1	1.0
4527	1706	1	1.0
4527	1717	1	1.0
4160	1521	1	1.0
4160	2016	1	1.0
2669	1522	1	1.0
3090	1523	1	1.0
2132	1525	1	1.0
2652	1525	1	1.0
2453	1526	1	1.0
2453	1546	1	1.0
2453	2081	1	1.0
2781	1527	1	1.0
3041	1527	1	1.0
4421	1529	1	1.0
2775	1530	1	1.0
2686	1535	1	1.0
2722	1535	1	1.0
4326	1535	1	1.0
3349	1536	1	1.0
3613	1538	1	1.0
4210	1538	1	1.0
2561	1539	1	1.0
3252	1539	1	1.0
3701	1539	1	1.0
2561	1957	1	1.0
3252	1957	1	1.0
3701	1957	1	1.0
2977	1540	1	1.0
4153	1540	1	1.0
4316	1540	1	1.0
3820	1541	1	1.0
3820	2083	1	1.0
4508	1544	1	1.0
2553	1545	1	1.0
3117	1545	1	1.0
4719	1545	1	1.0
3901	1546	1	1.0
4415	1547	1	1.0
4502	1547	1	1.0
4415	1861	1	1.0
4502	1861	1	1.0
4080	1548	1	1.0
3646	1549	1	1.0
2281	1550	1	1.0
4039	1550	1	1.0
3923	1551	1	1.0
4177	1551	1	1.0
3114	1554	1	1.0
3114	1796	1	1.0
2849	1556	1	1.0
4334	1556	1	1.0
2350	1558	1	1.0
3635	1558	1	1.0
3939	1559	1	1.0
4547	1559	1	1.0
3939	1873	1	1.0
3030	1560	1	1.0
4322	1560	1	1.0
3030	1692	1	1.0
3185	1562	1	1.0
3415	1563	1	1.0
3631	1563	1	1.0
4318	1563	1	1.0
3442	1565	1	1.0
4025	1567	1	1.0
4613	1567	1	1.0
3211	1568	1	1.0
2527	1570	1	1.0
2364	1572	1	1.0
2998	1572	1	1.0
2629	1573	1	1.0
4315	1573	1	1.0
4606	1573	1	1.0
4315	1685	1	1.0
3875	1574	1	1.0
2393	1575	1	1.0
3710	1575	1	1.0
2688	1577	1	1.0
2745	1577	1	1.0
3220	1577	1	1.0
4055	1580	1	1.0
3000	1582	1	1.0
2225	1583	1	1.0
3168	1583	1	1.0
4346	1584	1	1.0
3924	1585	1	1.0
4106	1585	1	1.0
3924	1934	1	1.0
2197	1586	1	1.0
2197	1883	1	1.0
3321	1589	1	1.0
2855	1590	1	1.0
4152	1591	1	1.0
2508	1593	1	1.0
2724	1594	1	1.0
2804	1595	1	1.0
3474	1595	1	1.0
2157	1597	1	1.0
2157	1909	1	1.0
2157	2027	1	1.0
4591	1600	1	1.0
2234	1601	1	1.0
2701	1601	1	1.0
3590	1601	1	1.0
2974	1602	1	1.0
3805	1602	1	1.0
2692	1604	1	1.0
3876	1604	1	1.0
3963	1604	1	1.0
3537	1605	1	1.0
4001	1605	1	1.0
3596	1606	1	1.0
2716	1607	1	1.0
2832	1607	1	1.0
2340	1608	1	1.0
2749	1608	1	1.0
3238	1609	1	1.0
4395	1611	1	1.0
4475	1611	1	1.0
4179	1612	1	1.0
4615	1612	1	1.0
2259	1613	1	1.0
3983	1613	1	1.0
2311	1614	1	1.0
2369	1614	1	1.0
2369	1937	1	1.0
4309	1615	1	1.0
3728	1616	1	1.0
4250	1616	1	1.0
2955	1617	1	1.0
2911	1618	1	1.0
3672	1618	1	1.0
3672	1688	1	1.0
2756	1620	1	1.0
2309	1621	1	1.0
4499	1622	1	1.0
4500	1622	1	1.0
4602	1622	1	1.0
2897	1623	1	1.0
3435	1623	1	1.0
2764	1624	1	1.0
2764	1804	1	1.0
2819	1625	1	1.0
2825	1625	1	1.0
3414	1627	1	1.0
3629	1627	1	1.0
4450	1627	1	1.0
3002	1628	1	1.0
3724	1628	1	1.0
3724	1777	1	1.0
3207	1629	1	1.0
4405	1629	1	1.0
4184	1631	1	1.0
2218	1632	1	1.0
4078	1632	1	1.0
4371	1632	1	1.0
3768	1635	1	1.0
4489	1637	1	1.0
2266	1638	1	1.0
4133	1638	1	1.0
3844	1639	1	1.0
2752	1640	1	1.0
3231	1640	1	1.0
2752	1941	1	1.0
2571	1641	1	1.0
4070	1641	1	1.0
4370	1641	1	1.0
4604	1642	1	1.0
4604	2073	1	1.0
2299	1646	1	1.0
3582	1649	1	1.0
4692	1650	1	1.0
3406	1654	1	1.0
4034	1654	1	1.0
3317	1657	1	1.0
2199	1658	1	1.0
3359	1658	1	1.0
3506	1658	1	1.0
2120	1659	1	1.0
3399	1660	1	1.0
2962	1661	1	1.0
2962	1834	1	1.0
3716	1662	1	1.0
2387	1663	1	1.0
2684	1663	1	1.0
2387	1827	1	1.0
4054	1664	1	1.0
3193	1666	1	1.0
2750	1669	1	1.0
4288	1669	1	1.0
4701	1669	1	1.0
3429	1671	1	1.0
3539	1672	1	1.0
3167	1674	1	1.0
4049	1674	1	1.0
4049	1993	1	1.0
4049	2093	1	1.0
2389	1675	1	1.0
4549	1675	1	1.0
4362	1678	1	1.0
2985	1679	1	1.0
3089	1679	1	1.0
3696	1681	1	1.0
3696	1821	1	1.0
3513	1684	1	1.0
2767	1686	1	1.0
2559	1687	1	1.0
3036	1687	1	1.0
3663	1687	1	1.0
3763	1688	1	1.0
2127	1690	1	1.0
2782	1690	1	1.0
3640	1693	1	1.0
3640	2006	1	1.0
2709	1694	1	1.0
2470	1695	1	1.0
2841	1695	1	1.0
3145	1697	1	1.0
3173	1699	1	1.0
3432	1699	1	1.0
2290	1700	1	1.0
2458	1700	1	1.0
4321	1700	1	1.0
2316	1702	1	1.0
3610	1702	1	1.0
2870	1703	1	1.0
3489	1703	1	1.0
4011	1703	1	1.0
4011	1928	1	1.0
2358	1704	1	1.0
2498	1704	1	1.0
2300	1705	1	1.0
2300	1868	1	1.0
2300	1941	1	1.0
2440	1706	1	1.0
3043	1708	1	1.0
3578	1708	1	1.0
2373	1709	1	1.0
2945	1710	1	1.0
2987	1711	1	1.0
2638	1712	1	1.0
4097	1712	1	1.0
3184	1714	1	1.0
4196	1714	1	1.0
4196	1940	1	1.0
3543	1717	1	1.0
2663	1720	1	1.0
2535	1722	1	1.0
4142	1725	1	1.0
2693	1727	1	1.0
3479	1729	1	1.0
4038	1729	1	1.0
2905	1730	1	1.0
3907	1731	1	1.0
2807	1732	1	1.0
2807	1837	1	1.0
2807	1892	1	1.0
3433	1735	1	1.0
3477	1736	1	1.0
3607	1736	1	1.0
2984	1737	1	1.0
3986	1739	1	1.0
2516	1740	1	1.0
2625	1741	1	1.0
2164	1743	1	1.0
3545	1743	1	1.0
3545	2009	1	1.0
2852	1744	1	1.0
3593	1744	1	1.0
4443	1744	1	1.0
3329	1745	1	1.0
3937	1745	1	1.0
4294	1745	1	1.0
2107	1747	1	1.0
2856	1748	1	1.0
2892	1748	1	1.0
2166	1749	1	1.0
4015	1749	1	1.0
4649	1749	1	1.0
3139	1750	1	1.0
3355	1750	1	1.0
4163	1750	1	1.0
4166	1751	1	1.0
4644	1751	1	1.0
2267	1752	1	1.0
3076	1752	1	1.0
3528	1752	1	1.0
2267	2039	1	1.0
2872	1753	1	1.0
3227	1755	1	1.0
3601	1755	1	1.0
4041	1755	1	1.0
2573	1757	1	1.0
2989	1757	1	1.0
2204	1759	1	1.0
2599	1759	1	1.0
4598	1759	1	1.0
3134	1760	1	1.0
4612	1760	1	1.0
4484	1761	1	1.0
4484	1859	1	1.0
2894	1763	1	1.0
2894	2096	1	1.0
4735	1765	1	1.0
4735	2086	1	1.0
2761	1767	1	1.0
3096	1768	1	1.0
4343	1768	1	1.0
2576	1769	1	1.0
3932	1769	1	1.0
4589	1769	1	1.0
4607	1770	1	1.0
2189	1772	1	1.0
3762	1772	1	1.0
2969	1773	1	1.0
2539	1775	1	1.0
3099	1775	1	1.0
4538	1775	1	1.0
4035	1776	1	1.0
4720	1776	1	1.0
4482	1778	1	1.0
2543	1779	1	1.0
3353	1779	1	1.0
2742	1780	1	1.0
4050	1780	1	1.0
4029	1781	1	1.0
4062	1782	1	1.0
4444	1782	1	1.0
4062	1992	1	1.0
4141	1784	1	1.0
3683	1785	1	1.0
3424	1786	1	1.0
4069	1786	1	1.0
2176	1787	1	1.0
3668	1787	1	1.0
3131	1790	1	1.0
4694	1790	1	1.0
2646	1793	1	1.0
3304	1793	1	1.0
4554	1793	1	1.0
2484	1794	1	1.0
4159	1795	1	1.0
2562	1796	1	1.0
2409	1797	1	1.0
4175	1797	1	1.0
4304	1797	1	1.0
3448	1799	1	1.0
2805	1800	1	1.0
3087	1800	1	1.0
2610	1801	1	1.0
2760	1805	1	1.0
3289	1805	1	1.0
4717	1805	1	1.0
3842	1806	1	1.0
3397	1807	1	1.0
2129	1810	1	1.0
3138	1810	1	1.0
3609	1811	1	1.0
4348	1811	1	1.0
4376	1812	1	1.0
4376	1860	1	1.0
2329	1813	1	1.0
2968	1813	1	1.0
2965	1814	1	1.0
4347	1814	1	1.0
2221	1815	1	1.0
3411	1815	1	1.0
4711	1815	1	1.0
2149	1816	1	1.0
2884	1816	1	1.0
4359	1816	1	1.0
2637	1819	1	1.0
3082	1819	1	1.0
4399	1820	1	1.0
4664	1820	1	1.0
3621	1830	1	1.0
3556	1831	1	1.0
3008	1832	1	1.0
3196	1834	1	1.0
3225	1834	1	1.0
3440	1835	1	1.0
2673	1840	1	1.0
2834	1841	1	1.0
3618	1842	1	1.0
3457	1844	1	1.0
2102	1846	1	1.0
2584	1847	1	1.0
2766	1847	1	1.0
3475	1847	1	1.0
2734	1850	1	1.0
2251	1853	1	1.0
4512	1854	1	1.0
3977	1855	1	1.0
2479	1857	1	1.0
2413	1858	1	1.0
3747	1858	1	1.0
2878	1860	1	1.0
2636	1862	1	1.0
3532	1862	1	1.0
2934	1865	1	1.0
3047	1866	1	1.0
3115	1866	1	1.0
2330	1869	1	1.0
3694	1869	1	1.0
3533	1870	1	1.0
3533	2083	1	1.0
2944	1871	1	1.0
3054	1871	1	1.0
4559	1871	1	1.0
3589	1872	1	1.0
4239	1872	1	1.0
4249	1872	1	1.0
2361	1873	1	1.0
4396	1873	1	1.0
2746	1874	1	1.0
3277	1874	1	1.0
3853	1874	1	1.0
2490	1875	1	1.0
4081	1876	1	1.0
2230	1879	1	1.0
2230	1947	1	1.0
2718	1881	1	1.0
2592	1882	1	1.0
3840	1882	1	1.0
2511	1884	1	1.0
3384	1884	1	1.0
3671	1884	1	1.0
3233	1885	1	1.0
4134	1885	1	1.0
2665	1887	1	1.0
4243	1887	1	1.0
4366	1888	1	1.0
3392	1891	1	1.0
2497	1892	1	1.0
2380	1893	1	1.0
3088	1893	1	1.0
3759	1893	1	1.0
3525	1895	1	1.0
3925	1895	1	1.0
4723	1896	1	1.0
4723	2017	1	1.0
4723	2087	1	1.0
3170	1898	1	1.0
2431	1900	1	1.0
2271	1902	1	1.0
4051	1902	1	1.0
2175	1904	1	1.0
3232	1908	1	1.0
4233	1908	1	1.0
4637	1908	1	1.0
4115	1910	1	1.0
4355	1912	1	1.0
3050	1913	1	1.0
4238	1915	1	1.0
2246	1916	1	1.0
2312	1916	1	1.0
2194	1917	1	1.0
3290	1917	1	1.0
2887	1919	1	1.0
3637	1919	1	1.0
4245	1919	1	1.0
2727	1920	1	1.0
2151	1924	1	1.0
4006	1924	1	1.0
3473	1925	1	1.0
4669	1925	1	1.0
4600	1926	1	1.0
4600	1987	1	1.0
3745	1928	1	1.0
2710	1929	1	1.0
3755	1933	1	1.0
4101	1933	1	1.0
3579	1934	1	1.0
2822	1939	1	1.0
4331	1939	1	1.0
2753	1941	1	1.0
4503	1944	1	1.0
3051	1945	1	1.0
3508	1947	1	1.0
4441	1947	1	1.0
2253	1948	1	1.0
2296	1950	1	1.0
2545	1950	1	1.0
4448	1950	1	1.0
2170	1951	1	1.0
3704	1953	1	1.0
3871	1955	1	1.0
3944	1959	1	1.0
4365	1959	1	1.0
4400	1960	1	1.0
4729	1960	1	1.0
2378	1961	1	1.0
3794	1961	1	1.0
4483	1962	1	1.0
4483	2015	1	1.0
3177	1963	1	1.0
2402	1965	1	1.0
4247	1966	1	1.0
2899	1967	1	1.0
4586	1967	1	1.0
2302	1971	1	1.0
2500	1971	1	1.0
4401	1971	1	1.0
3676	1972	1	1.0
3431	1973	1	1.0
3470	1973	1	1.0
2417	1975	1	1.0
3143	1975	1	1.0
4223	1976	1	1.0
4176	1977	1	1.0
2159	1978	1	1.0
3780	1980	1	1.0
4714	1980	1	1.0
3780	2014	1	1.0
3780	2087	1	1.0
2900	1981	1	1.0
4510	1981	1	1.0
4658	1981	1	1.0
2247	1983	1	1.0
2671	1983	1	1.0
2739	1984	1	1.0
3003	1984	1	1.0
3236	1987	1	1.0
4693	1988	1	1.0
3698	1989	1	1.0
3560	1990	1	1.0
3633	1991	1	1.0
3150	1992	1	1.0
3731	1992	1	1.0
3202	1994	1	1.0
3241	1995	1	1.0
4248	1995	1	1.0
2557	2000	1	1.0
3142	2000	1	1.0
2557	2008	1	1.0
3178	2002	1	1.0
4517	2002	1	1.0
3447	2003	1	1.0
2630	2004	1	1.0
3180	2004	1	1.0
4526	2004	1	1.0
2948	2005	1	1.0
2406	2006	1	1.0
4545	2009	1	1.0
3318	2010	1	1.0
4630	2010	1	1.0
3108	2011	1	1.0
4558	2013	1	1.0
4384	2014	1	1.0
4193	2015	1	1.0
2351	2018	1	1.0
3324	2019	1	1.0
3569	2019	1	1.0
3151	2020	1	1.0
4440	2025	1	1.0
4440	2090	1	1.0
2524	2026	1	1.0
4102	2026	1	1.0
4382	2026	1	1.0
3497	2028	1	1.0
3903	2028	1	1.0
3458	2030	1	1.0
4568	2030	1	1.0
3614	2032	1	1.0
4219	2033	1	1.0
4726	2033	1	1.0
2473	2034	1	1.0
3282	2035	1	1.0
2216	2037	1	1.0
3622	2037	1	1.0
3279	2038	1	1.0
3093	2040	1	1.0
4302	2041	1	1.0
3118	2044	1	1.0
3958	2044	1	1.0
4525	2044	1	1.0
2733	2048	1	1.0
3347	2048	1	1.0
3943	2049	1	1.0
4491	2049	1	1.0
2763	2051	1	1.0
2786	2051	1	1.0
3797	2052	1	1.0
3803	2052	1	1.0
2563	2053	1	1.0
4329	2053	1	1.0
3647	2055	1	1.0
2699	2056	1	1.0
4162	2057	1	1.0
3136	2058	1	1.0
3199	2059	1	1.0
2817	2061	1	1.0
2404	2062	1	1.0
4075	2063	1	1.0
4338	2063	1	1.0
4625	2063	1	1.0
2964	2064	1	1.0
4462	2064	1	1.0
3933	2066	1	1.0
4161	2067	1	1.0
4313	2067	1	1.0
3436	2068	1	1.0
3717	2068	1	1.0
4358	2068	1	1.0
3337	2069	1	1.0
2449	2070	1	1.0
2532	2070	1	1.0
2547	2071	1	1.0
2938	2071	1	1.0
2949	2071	1	1.0
3711	2072	1	1.0
3091	2073	1	1.0
3478	2074	1	1.0
3576	2075	1	1.0
3581	2079	1	1.0
2506	2080	1	1.0
4284	2080	1	1.0
2469	2083	1	1.0
2346	2084	1	1.0
2790	2084	1	1.0
4645	2084	1	1.0
4611	2085	1	1.0
3973	2087	1	1.0
2448	2090	1	1.0
4126	2090	1	1.0
2405	2092	1	1.0
2772	2092	1	1.0
2632	2093	1	1.0
2991	2095	1	1.0
3769	2095	1	1.0
3798	2097	1	1.0
4258	2098	1	1.0
3268	2099	1	1.0
0	5070	2	1.0
1	5026	2	1.0
2	5496	2	1.0
3	4879	2	1.0
4	4769	2	1.0
5	5497	2	1.0
6	5345	2	1.0
7	5192	2	1.0
8	5645	2	1.0
9	4840	2	1.0
10	5267	2	1.0
11	5026	2	1.0
12	5026	2	1.0
13	5645	2	1.0
14	4762	2	1.0
15	5192	2	1.0
16	5457	2	1.0
17	4799	2	1.0
18	5269	2	1.0
19	5452	2	1.0
20	5404	2	1.0
21	5070	2	1.0
22	4785	2	1.0
23	5395	2	1.0
24	4888	2	1.0
25	5496	2	1.0
26	5497	2	1.0
27	5520	2	1.0
28	4832	2	1.0
29	4898	2	1.0
30	5301	2	1.0
31	5301	2	1.0
32	5269	2	1.0
33	5185	2	1.0
34	5143	2	1.0
35	5285	2	1.0
36	5247	2	1.0
37	5293	2	1.0
38	5078	2	1.0
39	5267	2	1.0
40	4840	2	1.0
41	5064	2	1.0
42	4800	2	1.0
43	5335	2	1.0
44	5035	2	1.0
45	5301	2	1.0
46	5561	2	1.0
47	5410	2	1.0
48	5274	2	1.0
49	5199	2	1.0
50	4832	2	1.0
51	5477	2	1.0
52	5469	2	1.0
53	5236	2	1.0
54	4936	2	1.0
55	4840	2	1.0
56	4879	2	1.0
57	5393	2	1.0
58	5456	2	1.0
59	5166	2	1.0
60	5286	2	1.0
61	4799	2	1.0
62	5455	2	1.0
63	4910	2	1.0
64	5605	2	1.0
65	4956	2	1.0
66	5224	2	1.0
67	5543	2	1.0
68	5393	2	1.0
69	5166	2	1.0
70	5166	2	1.0
71	5488	2	1.0
72	5467	2	1.0
73	5290	2	1.0
74	5478	2	1.0
75	4848	2	1.0
76	4785	2	1.0
77	5334	2	1.0
78	4825	2	1.0
79	4950	2	1.0
80	5436	2	1.0
81	5477	2	1.0
82	5180	2	1.0
83	5073	2	1.0
84	4879	2	1.0
85	4879	2	1.0
86	5046	2	1.0
87	5455	2	1.0
88	4915	2	1.0
89	5292	2	1.0
90	5170	2	1.0
91	5640	2	1.0
92	4866	2	1.0
93	4958	2	1.0
94	4746	2	1.0
95	5301	2	1.0
96	5301	2	1.0
97	5363	2	1.0
98	5395	2	1.0
99	4981	2	1.0
100	5585	2	1.0
101	4825	2	1.0
102	4879	2	1.0
103	4969	2	1.0
104	5522	2	1.0
105	5006	2	1.0
106	5236	2	1.0
107	4860	2	1.0
108	5236	2	1.0
109	4746	2	1.0
110	5016	2	1.0
111	5212	2	1.0
112	4842	2	1.0
113	5049	2	1.0
114	5178	2	1.0
115	5585	2	1.0
116	4878	2	1.0
117	5120	2	1.0
118	4936	2	1.0
119	5549	2	1.0
120	5102	2	1.0
121	5262	2	1.0
122	5064	2	1.0
123	5477	2	1.0
124	5524	2	1.0
125	4911	2	1.0
126	5458	2	1.0
127	4969	2	1.0
128	5245	2	1.0
129	5377	2	1.0
130	5301	2	1.0
131	4799	2	1.0
132	5469	2	1.0
133	4752	2	1.0
134	4825	2	1.0
135	4939	2	1.0
136	4964	2	1.0
137	5452	2	1.0
138	5064	2	1.0
139	5497	2	1.0
140	4938	2	1.0
141	4753	2	1.0
142	5455	2	1.0
143	5645	2	1.0
144	5440	2	1.0
145	4775	2	1.0
146	5169	2	1.0
147	4829	2	1.0
148	5047	2	1.0
149	5120	2	1.0
150	5300	2	1.0
151	5412	2	1.0
152	4810	2	1.0
153	5016	2	1.0
154	5256	2	1.0
155	4750	2	1.0
156	4933	2	1.0
157	5026	2	1.0
158	4969	2	1.0
159	5378	2	1.0
160	5279	2	1.0
161	5414	2	1.0
162	4810	2	1.0
163	5588	2	1.0
164	5301	2	1.0
165	4866	2	1.0
166	5420	2	1.0
167	4906	2	1.0
168	5561	2	1.0
169	4800	2	1.0
170	5262	2	1.0
171	5289	2	1.0
172	5522	2	1.0
173	5603	2	1.0
174	5466	2	1.0
175	5046	2	1.0
176	5026	2	1.0
177	4849	2	1.0
178	4840	2	1.0
179	5199	2	1.0
180	5037	2	1.0
181	5256	2	1.0
182	5387	2	1.0
183	5149	2	1.0
184	5612	2	1.0
185	5125	2	1.0
186	5481	2	1.0
187	5477	2	1.0
188	5162	2	1.0
189	5640	2	1.0
190	5592	2	1.0
191	4775	2	1.0
192	5281	2	1.0
193	5378	2	1.0
194	5293	2	1.0
195	5458	2	1.0
196	5349	2	1.0
197	4934	2	1.0
198	5193	2	1.0
199	5236	2	1.0
200	5074	2	1.0
201	5075	2	1.0
202	5185	2	1.0
203	5015	2	1.0
204	5015	2	1.0
205	5393	2	1.0
206	5075	2	1.0
207	5015	2	1.0
208	5231	2	1.0
209	4992	2	1.0
210	5162	2	1.0
211	4852	2	1.0
212	5178	2	1.0
213	4757	2	1.0
214	5473	2	1.0
215	4908	2	1.0
216	5189	2	1.0
217	5522	2	1.0
218	4827	2	1.0
219	5476	2	1.0
220	5477	2	1.0
221	4956	2	1.0
222	5286	2	1.0
223	5456	2	1.0
224	5322	2	1.0
225	5359	2	1.0
226	5428	2	1.0
227	5634	2	1.0
228	5466	2	1.0
229	5522	2	1.0
230	5428	2	1.0
231	5080	2	1.0
232	5006	2	1.0
233	5248	2	1.0
234	5404	2	1.0
235	4982	2	1.0
236	5310	2	1.0
237	4817	2	1.0
238	4753	2	1.0
239	5452	2	1.0
240	5458	2	1.0
241	5452	2	1.0
242	4877	2	1.0
243	5301	2	1.0
244	5397	2	1.0
245	4948	2	1.0
246	5452	2	1.0
247	5561	2	1.0
248	5285	2	1.0
249	5585	2	1.0
250	5070	2	1.0
251	5310	2	1.0
252	5452	2	1.0
253	5070	2	1.0
254	5615	2	1.0
255	5390	2	1.0
256	4737	2	1.0
257	4881	2	1.0
258	5426	2	1.0
259	5004	2	1.0
260	5275	2	1.0
261	5525	2	1.0
262	5170	2	1.0
263	5532	2	1.0
264	5529	2	1.0
265	4978	2	1.0
266	5403	2	1.0
267	4964	2	1.0
268	5286	2	1.0
269	5125	2	1.0
270	5387	2	1.0
271	5606	2	1.0
272	5645	2	1.0
273	5424	2	1.0
274	4832	2	1.0
275	4828	2	1.0
276	5371	2	1.0
277	4970	2	1.0
278	5241	2	1.0
279	5481	2	1.0
280	5484	2	1.0
281	5378	2	1.0
282	5550	2	1.0
283	4923	2	1.0
284	5543	2	1.0
285	5286	2	1.0
286	5644	2	1.0
287	4791	2	1.0
288	4986	2	1.0
289	5452	2	1.0
290	5087	2	1.0
291	5257	2	1.0
292	5313	2	1.0
293	4809	2	1.0
294	5550	2	1.0
295	5212	2	1.0
296	5404	2	1.0
297	4769	2	1.0
298	5404	2	1.0
299	5404	2	1.0
300	5513	2	1.0
301	5525	2	1.0
302	5624	2	1.0
303	5120	2	1.0
304	5489	2	1.0
305	5151	2	1.0
306	5144	2	1.0
307	4825	2	1.0
308	5434	2	1.0
309	4799	2	1.0
310	5143	2	1.0
311	5615	2	1.0
312	4832	2	1.0
313	5469	2	1.0
314	5417	2	1.0
315	4849	2	1.0
316	4804	2	1.0
317	5293	2	1.0
318	5286	2	1.0
319	4804	2	1.0
320	4915	2	1.0
321	5149	2	1.0
322	5037	2	1.0
323	5593	2	1.0
324	5004	2	1.0
325	5625	2	1.0
326	4840	2	1.0
327	4944	2	1.0
328	4863	2	1.0
329	5561	2	1.0
330	5458	2	1.0
331	5469	2	1.0
332	5387	2	1.0
333	5080	2	1.0
334	5169	2	1.0
335	5420	2	1.0
336	5615	2	1.0
337	4849	2	1.0
338	4863	2	1.0
339	5323	2	1.0
340	4743	2	1.0
341	5206	2	1.0
342	5189	2	1.0
343	5481	2	1.0
344	4770	2	1.0
345	5002	2	1.0
346	5080	2	1.0
347	5455	2	1.0
348	5469	2	1.0
349	5016	2	1.0
350	5378	2	1.0
351	5640	2	1.0
352	5388	2	1.0
353	5008	2	1.0
354	5221	2	1.0
355	4899	2	1.0
356	5221	2	1.0
357	4832	2	1.0
358	5342	2	1.0
359	5615	2	1.0
360	5342	2	1.0
361	5471	2	1.0
362	5090	2	1.0
363	5395	2	1.0
364	5149	2	1.0
365	5457	2	1.0
366	5199	2	1.0
367	5501	2	1.0
368	5284	2	1.0
369	4764	2	1.0
370	4820	2	1.0
371	5572	2	1.0
372	4962	2	1.0
373	5163	2	1.0
374	5409	2	1.0
375	5428	2	1.0
376	5394	2	1.0
377	4982	2	1.0
378	5011	2	1.0
379	4827	2	1.0
380	4956	2	1.0
381	5035	2	1.0
382	4915	2	1.0
383	5476	2	1.0
384	5605	2	1.0
385	5571	2	1.0
386	4833	2	1.0
387	5002	2	1.0
388	5597	2	1.0
389	5585	2	1.0
390	5588	2	1.0
391	4938	2	1.0
392	5005	2	1.0
393	5338	2	1.0
394	4939	2	1.0
395	5409	2	1.0
396	5334	2	1.0
397	4944	2	1.0
398	5409	2	1.0
399	5342	2	1.0
400	5516	2	1.0
401	4871	2	1.0
402	5162	2	1.0
403	4738	2	1.0
404	5496	2	1.0
405	4944	2	1.0
406	5525	2	1.0
407	4895	2	1.0
408	4784	2	1.0
409	4747	2	1.0
410	5250	2	1.0
411	5121	2	1.0
412	5522	2	1.0
413	5504	2	1.0
414	5440	2	1.0
415	4910	2	1.0
416	5059	2	1.0
417	4968	2	1.0
418	4982	2	1.0
419	5539	2	1.0
420	5171	2	1.0
421	5043	2	1.0
422	5008	2	1.0
423	5524	2	1.0
424	5484	2	1.0
425	4948	2	1.0
426	5285	2	1.0
427	5622	2	1.0
428	5556	2	1.0
429	5580	2	1.0
430	5585	2	1.0
431	5258	2	1.0
432	5245	2	1.0
433	5180	2	1.0
434	5473	2	1.0
435	5455	2	1.0
436	5472	2	1.0
437	5119	2	1.0
438	5457	2	1.0
439	5440	2	1.0
440	5218	2	1.0
441	5016	2	1.0
442	4829	2	1.0
443	4788	2	1.0
444	5065	2	1.0
445	5403	2	1.0
446	5388	2	1.0
447	5481	2	1.0
448	5471	2	1.0
449	4827	2	1.0
450	4885	2	1.0
451	4832	2	1.0
452	5120	2	1.0
453	4944	2	1.0
454	5158	2	1.0
455	5279	2	1.0
456	4945	2	1.0
457	5643	2	1.0
458	5542	2	1.0
459	5422	2	1.0
460	5477	2	1.0
461	5561	2	1.0
462	4969	2	1.0
463	4757	2	1.0
464	4840	2	1.0
465	5593	2	1.0
466	5301	2	1.0
467	4849	2	1.0
468	5409	2	1.0
469	4738	2	1.0
470	4918	2	1.0
471	4944	2	1.0
472	5561	2	1.0
473	5584	2	1.0
474	5285	2	1.0
475	5336	2	1.0
476	4809	2	1.0
477	4810	2	1.0
478	4974	2	1.0
479	5561	2	1.0
480	4786	2	1.0
481	5463	2	1.0
482	5037	2	1.0
483	5074	2	1.0
484	5021	2	1.0
485	4798	2	1.0
486	5107	2	1.0
487	4774	2	1.0
488	5572	2	1.0
489	4977	2	1.0
490	4949	2	1.0
491	5483	2	1.0
492	5388	2	1.0
493	4928	2	1.0
494	5044	2	1.0
495	5151	2	1.0
496	5262	2	1.0
497	5235	2	1.0
498	5645	2	1.0
499	4798	2	1.0
500	4883	2	1.0
501	4774	2	1.0
502	5194	2	1.0
503	5395	2	1.0
504	4737	2	1.0
505	5548	2	1.0
506	5295	2	1.0
507	5496	2	1.0
508	4931	2	1.0
509	4983	2	1.0
510	5434	2	1.0
511	5090	2	1.0
512	5262	2	1.0
513	4808	2	1.0
514	5262	2	1.0
515	4762	2	1.0
516	5143	2	1.0
517	4995	2	1.0
518	5455	2	1.0
519	5386	2	1.0
520	5426	2	1.0
521	5561	2	1.0
522	4832	2	1.0
523	5434	2	1.0
524	4882	2	1.0
525	5262	2	1.0
526	5388	2	1.0
527	4808	2	1.0
528	5430	2	1.0
529	4786	2	1.0
530	5173	2	1.0
531	5178	2	1.0
532	5585	2	1.0
533	5336	2	1.0
534	5561	2	1.0
535	5013	2	1.0
536	5070	2	1.0
537	5363	2	1.0
538	5003	2	1.0
539	4964	2	1.0
540	5090	2	1.0
541	5481	2	1.0
542	5125	2	1.0
543	4771	2	1.0
544	4808	2	1.0
545	5341	2	1.0
546	4738	2	1.0
547	5031	2	1.0
548	5000	2	1.0
549	5149	2	1.0
550	5642	2	1.0
551	5327	2	1.0
552	4823	2	1.0
553	5310	2	1.0
554	5215	2	1.0
555	5326	2	1.0
556	5434	2	1.0
557	5415	2	1.0
558	4932	2	1.0
559	4986	2	1.0
560	5422	2	1.0
561	5187	2	1.0
562	5517	2	1.0
563	4749	2	1.0
564	5230	2	1.0
565	4823	2	1.0
566	5310	2	1.0
567	4891	2	1.0
568	5452	2	1.0
569	5087	2	1.0
570	5593	2	1.0
571	5163	2	1.0
572	5454	2	1.0
573	4955	2	1.0
574	5561	2	1.0
575	5510	2	1.0
576	5342	2	1.0
577	4871	2	1.0
578	5243	2	1.0
579	5561	2	1.0
580	5236	2	1.0
581	5481	2	1.0
582	5387	2	1.0
583	5309	2	1.0
584	5601	2	1.0
585	5360	2	1.0
586	4737	2	1.0
587	5285	2	1.0
588	5597	2	1.0
589	4777	2	1.0
590	4884	2	1.0
591	5434	2	1.0
592	5162	2	1.0
593	5170	2	1.0
594	5363	2	1.0
595	5335	2	1.0
596	5237	2	1.0
597	5531	2	1.0
598	5635	2	1.0
599	5024	2	1.0
600	5293	2	1.0
601	4930	2	1.0
602	5150	2	1.0
603	5336	2	1.0
604	5388	2	1.0
605	5388	2	1.0
606	5434	2	1.0
607	5574	2	1.0
608	5166	2	1.0
609	4915	2	1.0
610	5293	2	1.0
611	5308	2	1.0
612	5360	2	1.0
613	5565	2	1.0
614	5479	2	1.0
615	5454	2	1.0
616	4985	2	1.0
617	5569	2	1.0
618	4795	2	1.0
619	5606	2	1.0
620	5087	2	1.0
621	4911	2	1.0
622	5243	2	1.0
623	5420	2	1.0
624	4900	2	1.0
625	5208	2	1.0
626	5180	2	1.0
627	5459	2	1.0
628	5270	2	1.0
629	4941	2	1.0
630	5426	2	1.0
631	5188	2	1.0
632	5587	2	1.0
633	5645	2	1.0
634	5087	2	1.0
635	4916	2	1.0
636	4983	2	1.0
637	5625	2	1.0
638	5275	2	1.0
639	4915	2	1.0
640	4956	2	1.0
641	5285	2	1.0
642	5525	2	1.0
643	5412	2	1.0
644	4830	2	1.0
645	5548	2	1.0
646	4795	2	1.0
647	5241	2	1.0
648	4974	2	1.0
649	5268	2	1.0
650	4969	2	1.0
651	5396	2	1.0
652	5615	2	1.0
653	4738	2	1.0
654	5632	2	1.0
655	5493	2	1.0
656	4832	2	1.0
657	5466	2	1.0
658	5363	2	1.0
659	5464	2	1.0
660	5310	2	1.0
661	4881	2	1.0
662	5088	2	1.0
663	4878	2	1.0
664	5434	2	1.0
665	5560	2	1.0
666	4924	2	1.0
667	5615	2	1.0
668	4837	2	1.0
669	5597	2	1.0
670	4836	2	1.0
671	5035	2	1.0
672	5562	2	1.0
673	4861	2	1.0
674	5302	2	1.0
675	5162	2	1.0
676	5164	2	1.0
677	5495	2	1.0
678	5219	2	1.0
679	5009	2	1.0
680	5212	2	1.0
681	4926	2	1.0
682	4794	2	1.0
683	5094	2	1.0
684	4786	2	1.0
685	5027	2	1.0
686	5033	2	1.0
687	5417	2	1.0
688	5152	2	1.0
689	5454	2	1.0
690	5487	2	1.0
691	5041	2	1.0
692	4884	2	1.0
693	5222	2	1.0
694	5612	2	1.0
695	4954	2	1.0
696	4882	2	1.0
697	5182	2	1.0
698	5564	2	1.0
699	5124	2	1.0
700	5462	2	1.0
701	5285	2	1.0
702	5041	2	1.0
703	5164	2	1.0
704	5040	2	1.0
705	5123	2	1.0
706	5464	2	1.0
707	4845	2	1.0
708	5587	2	1.0
709	5245	2	1.0
710	5509	2	1.0
711	5370	2	1.0
712	5192	2	1.0
713	5605	2	1.0
714	4833	2	1.0
715	5611	2	1.0
716	5470	2	1.0
717	4741	2	1.0
718	4837	2	1.0
719	5627	2	1.0
720	5481	2	1.0
721	4985	2	1.0
722	4919	2	1.0
723	5621	2	1.0
724	5285	2	1.0
725	5425	2	1.0
726	5130	2	1.0
727	5590	2	1.0
728	5537	2	1.0
729	4884	2	1.0
730	5456	2	1.0
731	5282	2	1.0
732	4836	2	1.0
733	5408	2	1.0
734	5013	2	1.0
735	4982	2	1.0
736	5268	2	1.0
737	5522	2	1.0
738	5388	2	1.0
739	4783	2	1.0
740	5574	2	1.0
741	5511	2	1.0
742	5455	2	1.0
743	4832	2	1.0
744	5278	2	1.0
745	5146	2	1.0
746	4738	2	1.0
747	5217	2	1.0
748	5469	2	1.0
749	5587	2	1.0
750	5087	2	1.0
751	5331	2	1.0
752	5440	2	1.0
753	5605	2	1.0
754	4774	2	1.0
755	5499	2	1.0
756	5108	2	1.0
757	5378	2	1.0
758	5522	2	1.0
759	4828	2	1.0
760	4786	2	1.0
761	5629	2	1.0
762	5615	2	1.0
763	4994	2	1.0
764	5466	2	1.0
765	4798	2	1.0
766	4828	2	1.0
767	5426	2	1.0
768	4986	2	1.0
769	5426	2	1.0
770	4770	2	1.0
771	5469	2	1.0
772	5599	2	1.0
773	5564	2	1.0
774	5282	2	1.0
775	5458	2	1.0
776	5114	2	1.0
777	4915	2	1.0
778	4744	2	1.0
779	5134	2	1.0
780	5539	2	1.0
781	5382	2	1.0
782	4742	2	1.0
783	5637	2	1.0
784	5170	2	1.0
785	4823	2	1.0
786	5214	2	1.0
787	5407	2	1.0
788	4884	2	1.0
789	4764	2	1.0
790	5615	2	1.0
791	5125	2	1.0
792	5523	2	1.0
793	5205	2	1.0
794	5482	2	1.0
795	5461	2	1.0
796	5204	2	1.0
797	5068	2	1.0
798	5173	2	1.0
799	5544	2	1.0
800	5094	2	1.0
801	5531	2	1.0
802	5035	2	1.0
803	4994	2	1.0
804	5626	2	1.0
805	4980	2	1.0
806	4845	2	1.0
807	4785	2	1.0
808	5446	2	1.0
809	5284	2	1.0
810	5562	2	1.0
811	5158	2	1.0
812	4949	2	1.0
813	4800	2	1.0
814	5503	2	1.0
815	4884	2	1.0
816	4974	2	1.0
817	5465	2	1.0
818	5171	2	1.0
819	4894	2	1.0
820	5561	2	1.0
821	5206	2	1.0
822	5414	2	1.0
823	5421	2	1.0
824	4995	2	1.0
825	5086	2	1.0
826	5579	2	1.0
827	4914	2	1.0
828	5337	2	1.0
829	5286	2	1.0
830	5423	2	1.0
831	5381	2	1.0
832	4823	2	1.0
833	5553	2	1.0
834	5161	2	1.0
835	4872	2	1.0
836	4762	2	1.0
837	5224	2	1.0
838	4845	2	1.0
839	5517	2	1.0
840	5074	2	1.0
841	5605	2	1.0
842	4737	2	1.0
843	5556	2	1.0
844	5560	2	1.0
845	4954	2	1.0
846	5417	2	1.0
847	5346	2	1.0
848	5414	2	1.0
849	5431	2	1.0
850	4863	2	1.0
851	5511	2	1.0
852	5457	2	1.0
853	5530	2	1.0
854	4835	2	1.0
855	4984	2	1.0
856	4845	2	1.0
857	4753	2	1.0
858	5599	2	1.0
859	5024	2	1.0
860	5400	2	1.0
861	5122	2	1.0
862	4805	2	1.0
863	5640	2	1.0
864	5085	2	1.0
865	4773	2	1.0
866	5077	2	1.0
867	4914	2	1.0
868	5291	2	1.0
869	4776	2	1.0
870	4999	2	1.0
871	5610	2	1.0
872	4739	2	1.0
873	4895	2	1.0
874	5536	2	1.0
875	5301	2	1.0
876	5183	2	1.0
877	4884	2	1.0
878	5452	2	1.0
879	4915	2	1.0
880	5048	2	1.0
881	5167	2	1.0
882	4974	2	1.0
883	5558	2	1.0
884	5142	2	1.0
885	5119	2	1.0
886	4914	2	1.0
887	5338	2	1.0
888	4755	2	1.0
889	4801	2	1.0
890	4847	2	1.0
891	5559	2	1.0
892	5465	2	1.0
893	4902	2	1.0
894	4995	2	1.0
895	5077	2	1.0
896	5497	2	1.0
897	4763	2	1.0
898	5599	2	1.0
899	4884	2	1.0
900	5440	2	1.0
901	5411	2	1.0
902	5459	2	1.0
903	4768	2	1.0
904	5149	2	1.0
905	4884	2	1.0
906	5606	2	1.0
907	5128	2	1.0
908	4825	2	1.0
909	5631	2	1.0
910	5002	2	1.0
911	4744	2	1.0
912	5537	2	1.0
913	5085	2	1.0
914	5159	2	1.0
915	5257	2	1.0
916	4917	2	1.0
917	5112	2	1.0
918	4890	2	1.0
919	5373	2	1.0
920	5478	2	1.0
921	4956	2	1.0
922	5615	2	1.0
923	5637	2	1.0
924	5278	2	1.0
925	5445	2	1.0
926	4904	2	1.0
927	4804	2	1.0
928	5012	2	1.0
929	5336	2	1.0
930	5372	2	1.0
931	4771	2	1.0
932	5079	2	1.0
933	5434	2	1.0
934	5439	2	1.0
935	5560	2	1.0
936	5561	2	1.0
937	5123	2	1.0
938	5349	2	1.0
939	5420	2	1.0
940	4915	2	1.0
941	4926	2	1.0
942	4899	2	1.0
943	5107	2	1.0
944	5054	2	1.0
945	5075	2	1.0
946	5041	2	1.0
947	4980	2	1.0
948	5075	2	1.0
949	5365	2	1.0
950	5560	2	1.0
951	4804	2	1.0
952	4940	2	1.0
953	5628	2	1.0
954	5392	2	1.0
955	5576	2	1.0
956	4761	2	1.0
957	5376	2	1.0
958	5535	2	1.0
959	5366	2	1.0
960	5122	2	1.0
961	4879	2	1.0
962	5173	2	1.0
963	5114	2	1.0
964	4964	2	1.0
965	5605	2	1.0
966	4826	2	1.0
967	5578	2	1.0
968	4836	2	1.0
969	5365	2	1.0
970	4937	2	1.0
971	4954	2	1.0
972	4968	2	1.0
973	4995	2	1.0
974	4743	2	1.0
975	5125	2	1.0
976	5459	2	1.0
977	5420	2	1.0
978	5463	2	1.0
979	4942	2	1.0
980	4786	2	1.0
981	4939	2	1.0
982	5208	2	1.0
983	5068	2	1.0
984	5542	2	1.0
985	5583	2	1.0
986	5475	2	1.0
987	5259	2	1.0
988	4924	2	1.0
989	5439	2	1.0
990	5143	2	1.0
991	5259	2	1.0
992	5483	2	1.0
993	5296	2	1.0
994	5108	2	1.0
995	4996	2	1.0
996	5126	2	1.0
997	5491	2	1.0
998	4982	2	1.0
999	5629	2	1.0
1000	4894	2	1.0
1001	4986	2	1.0
1002	5363	2	1.0
1003	4929	2	1.0
1004	5402	2	1.0
1005	5127	2	1.0
1006	4922	2	1.0
1007	5196	2	1.0
1008	5496	2	1.0
1009	5440	2	1.0
1010	5288	2	1.0
1011	5138	2	1.0
1012	5041	2	1.0
1013	5157	2	1.0
1014	5512	2	1.0
1015	5567	2	1.0
1016	5394	2	1.0
1017	5526	2	1.0
1018	4814	2	1.0
1019	5363	2	1.0
1020	5543	2	1.0
1021	5530	2	1.0
1022	5644	2	1.0
1023	4905	2	1.0
1024	4799	2	1.0
1025	5335	2	1.0
1026	5017	2	1.0
1027	5362	2	1.0
1028	5242	2	1.0
1029	4802	2	1.0
1030	4764	2	1.0
1031	4774	2	1.0
1032	4798	2	1.0
1033	5017	2	1.0
1034	4834	2	1.0
1035	5303	2	1.0
1036	5248	2	1.0
1037	5383	2	1.0
1038	5036	2	1.0
1039	4808	2	1.0
1040	5256	2	1.0
1041	5474	2	1.0
1042	5569	2	1.0
1043	4841	2	1.0
1044	5525	2	1.0
1045	5417	2	1.0
1046	5475	2	1.0
1047	5407	2	1.0
1048	5139	2	1.0
1049	5432	2	1.0
1050	5377	2	1.0
1051	5186	2	1.0
1052	4982	2	1.0
1053	4847	2	1.0
1054	4797	2	1.0
1055	5280	2	1.0
1056	5237	2	1.0
1057	5137	2	1.0
1058	5140	2	1.0
1059	4779	2	1.0
1060	4768	2	1.0
1061	5644	2	1.0
1062	5195	2	1.0
1063	4973	2	1.0
1064	5527	2	1.0
1065	5094	2	1.0
1066	4894	2	1.0
1067	5067	2	1.0
1068	4835	2	1.0
1069	5025	2	1.0
1070	5262	2	1.0
1071	4790	2	1.0
1072	4916	2	1.0
1073	5135	2	1.0
1074	4926	2	1.0
1075	4780	2	1.0
1076	5469	2	1.0
1077	5257	2	1.0
1078	5498	2	1.0
1079	5465	2	1.0
1080	5125	2	1.0
1081	5522	2	1.0
1082	5395	2	1.0
1083	5392	2	1.0
1084	4915	2	1.0
1085	5210	2	1.0
1086	4937	2	1.0
1087	5469	2	1.0
1088	4971	2	1.0
1089	5360	2	1.0
1090	4835	2	1.0
1091	4784	2	1.0
1092	4823	2	1.0
1093	4984	2	1.0
1094	5342	2	1.0
1095	5592	2	1.0
1096	5310	2	1.0
1097	5574	2	1.0
1098	5394	2	1.0
1099	5139	2	1.0
1100	4823	2	1.0
1101	5363	2	1.0
1102	5161	2	1.0
1103	5026	2	1.0
1104	4777	2	1.0
1105	4841	2	1.0
1106	5352	2	1.0
1107	5561	2	1.0
1108	5151	2	1.0
1109	5351	2	1.0
1110	5397	2	1.0
1111	5119	2	1.0
1112	5273	2	1.0
1113	5224	2	1.0
1114	4826	2	1.0
1115	5085	2	1.0
1116	4879	2	1.0
1117	5511	2	1.0
1118	4843	2	1.0
1119	5295	2	1.0
1120	5137	2	1.0
1121	5358	2	1.0
1122	5059	2	1.0
1123	4748	2	1.0
1124	5399	2	1.0
1125	5389	2	1.0
1126	4884	2	1.0
1127	4980	2	1.0
1128	5561	2	1.0
1129	5149	2	1.0
1130	4887	2	1.0
1131	4954	2	1.0
1132	5116	2	1.0
1133	5268	2	1.0
1134	5029	2	1.0
1135	4780	2	1.0
1136	5363	2	1.0
1137	5066	2	1.0
1138	4947	2	1.0
1139	5209	2	1.0
1140	5338	2	1.0
1141	4823	2	1.0
1142	5556	2	1.0
1143	5517	2	1.0
1144	5491	2	1.0
1145	5534	2	1.0
1146	5475	2	1.0
1147	5112	2	1.0
1148	4876	2	1.0
1149	4863	2	1.0
1150	4881	2	1.0
1151	5499	2	1.0
1152	5403	2	1.0
1153	5198	2	1.0
1154	5368	2	1.0
1155	5286	2	1.0
1156	5392	2	1.0
1157	5365	2	1.0
1158	4990	2	1.0
1159	5302	2	1.0
1160	5058	2	1.0
1161	5184	2	1.0
1162	5040	2	1.0
1163	5387	2	1.0
1164	5528	2	1.0
1165	4796	2	1.0
1166	5541	2	1.0
1167	5061	2	1.0
1168	4965	2	1.0
1169	5631	2	1.0
1170	5537	2	1.0
1171	5128	2	1.0
1172	5094	2	1.0
1173	4943	2	1.0
1174	4856	2	1.0
1175	5210	2	1.0
1176	5620	2	1.0
1177	5390	2	1.0
1178	5383	2	1.0
1179	4904	2	1.0
1180	5264	2	1.0
1181	5105	2	1.0
1182	5299	2	1.0
1183	4873	2	1.0
1184	4999	2	1.0
1185	4876	2	1.0
1186	5092	2	1.0
1187	4837	2	1.0
1188	5266	2	1.0
1189	5423	2	1.0
1190	5010	2	1.0
1191	4895	2	1.0
1192	5054	2	1.0
1193	5450	2	1.0
1194	5124	2	1.0
1195	5401	2	1.0
1196	5513	2	1.0
1197	5181	2	1.0
1198	4809	2	1.0
1199	5096	2	1.0
1200	4753	2	1.0
1201	5494	2	1.0
1202	5466	2	1.0
1203	5308	2	1.0
1204	5455	2	1.0
1205	5585	2	1.0
1206	5192	2	1.0
1207	4855	2	1.0
1208	5446	2	1.0
1209	5409	2	1.0
1210	5162	2	1.0
1211	4774	2	1.0
1212	5463	2	1.0
1213	5179	2	1.0
1214	5465	2	1.0
1215	4912	2	1.0
1216	5203	2	1.0
1217	4981	2	1.0
1218	5361	2	1.0
1219	5300	2	1.0
1220	4925	2	1.0
1221	4773	2	1.0
1222	5260	2	1.0
1223	5152	2	1.0
1224	5300	2	1.0
1225	5537	2	1.0
1226	5244	2	1.0
1227	5452	2	1.0
1228	4934	2	1.0
1229	5552	2	1.0
1230	5385	2	1.0
1231	4921	2	1.0
1232	4999	2	1.0
1233	5060	2	1.0
1234	5492	2	1.0
1235	4802	2	1.0
1236	5232	2	1.0
1237	4972	2	1.0
1238	5101	2	1.0
1239	5481	2	1.0
1240	5385	2	1.0
1241	5226	2	1.0
1242	4875	2	1.0
1243	4854	2	1.0
1244	4850	2	1.0
1245	5352	2	1.0
1246	5250	2	1.0
1247	5431	2	1.0
1248	4975	2	1.0
1249	5180	2	1.0
1250	5057	2	1.0
1251	5554	2	1.0
1252	4854	2	1.0
1253	5134	2	1.0
1254	4974	2	1.0
1255	4845	2	1.0
1256	5459	2	1.0
1257	5506	2	1.0
1258	5326	2	1.0
1259	4768	2	1.0
1260	4763	2	1.0
1261	5231	2	1.0
1262	4870	2	1.0
1263	5597	2	1.0
1264	5639	2	1.0
1265	5087	2	1.0
1266	5585	2	1.0
1267	5478	2	1.0
1268	5440	2	1.0
1269	5144	2	1.0
1270	5465	2	1.0
1271	5516	2	1.0
1272	4972	2	1.0
1273	4916	2	1.0
1274	5516	2	1.0
1275	5463	2	1.0
1276	5194	2	1.0
1277	5225	2	1.0
1278	4784	2	1.0
1279	4894	2	1.0
1280	5334	2	1.0
1281	4986	2	1.0
1282	5473	2	1.0
1283	5430	2	1.0
1284	5430	2	1.0
1285	5223	2	1.0
1286	5320	2	1.0
1287	5635	2	1.0
1288	5351	2	1.0
1289	5144	2	1.0
1290	5530	2	1.0
1291	5194	2	1.0
1292	5625	2	1.0
1293	5374	2	1.0
1294	5210	2	1.0
1295	4944	2	1.0
1296	4998	2	1.0
1297	5335	2	1.0
1298	5388	2	1.0
1299	4972	2	1.0
1300	5151	2	1.0
1301	4768	2	1.0
1302	4745	2	1.0
1303	5261	2	1.0
1304	5020	2	1.0
1305	5316	2	1.0
1306	5557	2	1.0
1307	5479	2	1.0
1308	4850	2	1.0
1309	5336	2	1.0
1310	4884	2	1.0
1311	5317	2	1.0
1312	5539	2	1.0
1313	5031	2	1.0
1314	5052	2	1.0
1315	5332	2	1.0
1316	5226	2	1.0
1317	5455	2	1.0
1318	4884	2	1.0
1319	5507	2	1.0
1320	5568	2	1.0
1321	4904	2	1.0
1322	4862	2	1.0
1323	5609	2	1.0
1324	5405	2	1.0
1325	5158	2	1.0
1326	4997	2	1.0
1327	4894	2	1.0
1328	4892	2	1.0
1329	4759	2	1.0
1330	5633	2	1.0
1331	4919	2	1.0
1332	4780	2	1.0
1333	5523	2	1.0
1334	5574	2	1.0
1335	5448	2	1.0
1336	5474	2	1.0
1337	5229	2	1.0
1338	5413	2	1.0
1339	5464	2	1.0
1340	5150	2	1.0
1341	5066	2	1.0
1342	5238	2	1.0
1343	5250	2	1.0
1344	5091	2	1.0
1345	4948	2	1.0
1346	5579	2	1.0
1347	5039	2	1.0
1348	4910	2	1.0
1349	4835	2	1.0
1350	5252	2	1.0
1351	5400	2	1.0
1352	5469	2	1.0
1353	5485	2	1.0
1354	5452	2	1.0
1355	5440	2	1.0
1356	5574	2	1.0
1357	4812	2	1.0
1358	4833	2	1.0
1359	5340	2	1.0
1360	5093	2	1.0
1361	4775	2	1.0
1362	4750	2	1.0
1363	5478	2	1.0
1364	5115	2	1.0
1365	5614	2	1.0
1366	5632	2	1.0
1367	5211	2	1.0
1368	5286	2	1.0
1369	4906	2	1.0
1370	5051	2	1.0
1371	5525	2	1.0
1372	5019	2	1.0
1373	5429	2	1.0
1374	5050	2	1.0
1375	4994	2	1.0
1376	5198	2	1.0
1377	5628	2	1.0
1378	5459	2	1.0
1379	4771	2	1.0
1380	5428	2	1.0
1381	5103	2	1.0
1382	4864	2	1.0
1383	5508	2	1.0
1384	4929	2	1.0
1385	5175	2	1.0
1386	4903	2	1.0
1387	4818	2	1.0
1388	5335	2	1.0
1389	5449	2	1.0
1390	5348	2	1.0
1391	5534	2	1.0
1392	4935	2	1.0
1393	5166	2	1.0
1394	5170	2	1.0
1395	4836	2	1.0
1396	5440	2	1.0
1397	5082	2	1.0
1398	5377	2	1.0
1399	4973	2	1.0
1400	5019	2	1.0
1401	5145	2	1.0
1402	5200	2	1.0
1403	5161	2	1.0
1404	4984	2	1.0
1405	5094	2	1.0
1406	5561	2	1.0
1407	5136	2	1.0
1408	4913	2	1.0
1409	5256	2	1.0
1410	5497	2	1.0
1411	5402	2	1.0
1412	5286	2	1.0
1413	5325	2	1.0
1414	5053	2	1.0
1415	5361	2	1.0
1416	4953	2	1.0
1417	5275	2	1.0
1418	5591	2	1.0
1419	5560	2	1.0
1420	5604	2	1.0
1421	4980	2	1.0
1422	5344	2	1.0
1423	5537	2	1.0
1424	4789	2	1.0
1425	5569	2	1.0
1426	5469	2	1.0
1427	5251	2	1.0
1428	5631	2	1.0
1429	5506	2	1.0
1430	4984	2	1.0
1431	5031	2	1.0
1432	5377	2	1.0
1433	5133	2	1.0
1434	4799	2	1.0
1435	5457	2	1.0
1436	4944	2	1.0
1437	5062	2	1.0
1438	5143	2	1.0
1439	5080	2	1.0
1440	5319	2	1.0
1441	5607	2	1.0
1442	4818	2	1.0
1443	5149	2	1.0
1444	5244	2	1.0
1445	5431	2	1.0
1446	4799	2	1.0
1447	5553	2	1.0
1448	4995	2	1.0
1449	5052	2	1.0
1450	4915	2	1.0
1451	5349	2	1.0
1452	5538	2	1.0
1453	4884	2	1.0
1454	4884	2	1.0
1455	5041	2	1.0
1456	5352	2	1.0
1457	4780	2	1.0
1458	5397	2	1.0
1459	5563	2	1.0
1460	4797	2	1.0
1461	4964	2	1.0
1462	5084	2	1.0
1463	4754	2	1.0
1464	5177	2	1.0
1465	5435	2	1.0
1466	4872	2	1.0
1467	4868	2	1.0
1468	4916	2	1.0
1469	5351	2	1.0
1470	5158	2	1.0
1471	5311	2	1.0
1472	4979	2	1.0
1473	5005	2	1.0
1474	5556	2	1.0
1475	5005	2	1.0
1476	5641	2	1.0
1477	5406	2	1.0
1478	5575	2	1.0
1479	5260	2	1.0
1480	5638	2	1.0
1481	5157	2	1.0
1482	5409	2	1.0
1483	5137	2	1.0
1484	5546	2	1.0
1485	5445	2	1.0
1486	4990	2	1.0
1487	5123	2	1.0
1488	5005	2	1.0
1489	5452	2	1.0
1490	4823	2	1.0
1491	5585	2	1.0
1492	5071	2	1.0
1493	4942	2	1.0
1494	4786	2	1.0
1495	5246	2	1.0
1496	5589	2	1.0
1497	5169	2	1.0
1498	5159	2	1.0
1499	5267	2	1.0
1500	5083	2	1.0
1501	5284	2	1.0
1502	5384	2	1.0
1503	4986	2	1.0
1504	5123	2	1.0
1505	5155	2	1.0
1506	5600	2	1.0
1507	5228	2	1.0
1508	5255	2	1.0
1509	5416	2	1.0
1510	5499	2	1.0
1511	5519	2	1.0
1512	5560	2	1.0
1513	5283	2	1.0
1514	5540	2	1.0
1515	5617	2	1.0
1516	5628	2	1.0
1517	5573	2	1.0
1518	4847	2	1.0
1519	4831	2	1.0
1520	5059	2	1.0
1521	4758	2	1.0
1522	5354	2	1.0
1523	5351	2	1.0
1524	4857	2	1.0
1525	5380	2	1.0
1526	5234	2	1.0
1527	5089	2	1.0
1528	4786	2	1.0
1529	5220	2	1.0
1530	4967	2	1.0
1531	4964	2	1.0
1532	5164	2	1.0
1533	5357	2	1.0
1534	5048	2	1.0
1535	5623	2	1.0
1536	5636	2	1.0
1537	5007	2	1.0
1538	5459	2	1.0
1539	5383	2	1.0
1540	4891	2	1.0
1541	5579	2	1.0
1542	4869	2	1.0
1543	5346	2	1.0
1544	5079	2	1.0
1545	5095	2	1.0
1546	5353	2	1.0
1547	4772	2	1.0
1548	5330	2	1.0
1549	5238	2	1.0
1550	5443	2	1.0
1551	5402	2	1.0
1552	4964	2	1.0
1553	5515	2	1.0
1554	5355	2	1.0
1555	5315	2	1.0
1556	5346	2	1.0
1557	5547	2	1.0
1558	4868	2	1.0
1559	5202	2	1.0
1560	4889	2	1.0
1561	4765	2	1.0
1562	5253	2	1.0
1563	5240	2	1.0
1564	5525	2	1.0
1565	5267	2	1.0
1566	5433	2	1.0
1567	4812	2	1.0
1568	4991	2	1.0
1569	5364	2	1.0
1570	5254	2	1.0
1571	5030	2	1.0
1572	4966	2	1.0
1573	5075	2	1.0
1574	4963	2	1.0
1575	5400	2	1.0
1576	5481	2	1.0
1577	5013	2	1.0
1578	5432	2	1.0
1579	4803	2	1.0
1580	5437	2	1.0
1581	5243	2	1.0
1582	4951	2	1.0
1583	5147	2	1.0
1584	5480	2	1.0
1585	4974	2	1.0
1586	5561	2	1.0
1587	5055	2	1.0
1588	5245	2	1.0
1589	5535	2	1.0
1590	5465	2	1.0
1591	5149	2	1.0
1592	4935	2	1.0
1593	4737	2	1.0
1594	4775	2	1.0
1595	5007	2	1.0
1596	5645	2	1.0
1597	4738	2	1.0
1598	5631	2	1.0
1599	5170	2	1.0
1600	5137	2	1.0
1601	5397	2	1.0
1602	5403	2	1.0
1603	4804	2	1.0
1604	5238	2	1.0
1605	5213	2	1.0
1606	5506	2	1.0
1607	5292	2	1.0
1608	5487	2	1.0
1609	5372	2	1.0
1610	5324	2	1.0
1611	5123	2	1.0
1612	5293	2	1.0
1613	5072	2	1.0
1614	5081	2	1.0
1615	4954	2	1.0
1616	5087	2	1.0
1617	4836	2	1.0
1618	5316	2	1.0
1619	5128	2	1.0
1620	4917	2	1.0
1621	4841	2	1.0
1622	5286	2	1.0
1623	5460	2	1.0
1624	5099	2	1.0
1625	4740	2	1.0
1626	4846	2	1.0
1627	5137	2	1.0
1628	5194	2	1.0
1629	5352	2	1.0
1630	5264	2	1.0
1631	4920	2	1.0
1632	5441	2	1.0
1633	5006	2	1.0
1634	5350	2	1.0
1635	4844	2	1.0
1636	5166	2	1.0
1637	4999	2	1.0
1638	5142	2	1.0
1639	5500	2	1.0
1640	5595	2	1.0
1641	4872	2	1.0
1642	5552	2	1.0
1643	5383	2	1.0
1644	5419	2	1.0
1645	5477	2	1.0
1646	5640	2	1.0
1647	4753	2	1.0
1648	5502	2	1.0
1649	5447	2	1.0
1650	4960	2	1.0
1651	5298	2	1.0
1652	5465	2	1.0
1653	5117	2	1.0
1654	5485	2	1.0
1655	5125	2	1.0
1656	4798	2	1.0
1657	5361	2	1.0
1658	5212	2	1.0
1659	5548	2	1.0
1660	5282	2	1.0
1661	5194	2	1.0
1662	5146	2	1.0
1663	5505	2	1.0
1664	5059	2	1.0
1665	4917	2	1.0
1666	4774	2	1.0
1667	5218	2	1.0
1668	5125	2	1.0
1669	5437	2	1.0
1670	5124	2	1.0
1671	5509	2	1.0
1672	5301	2	1.0
1673	5390	2	1.0
1674	5173	2	1.0
1675	5243	2	1.0
1676	5112	2	1.0
1677	5216	2	1.0
1678	4995	2	1.0
1679	5304	2	1.0
1680	4954	2	1.0
1681	4767	2	1.0
1682	4821	2	1.0
1683	5641	2	1.0
1684	4926	2	1.0
1685	5572	2	1.0
1686	4976	2	1.0
1687	5295	2	1.0
1688	4863	2	1.0
1689	4798	2	1.0
1690	4884	2	1.0
1691	5363	2	1.0
1692	5423	2	1.0
1693	5306	2	1.0
1694	5323	2	1.0
1695	5561	2	1.0
1696	5573	2	1.0
1697	4810	2	1.0
1698	5428	2	1.0
1699	5485	2	1.0
1700	5321	2	1.0
1701	5127	2	1.0
1702	5290	2	1.0
1703	5314	2	1.0
1704	4833	2	1.0
1705	4972	2	1.0
1706	5592	2	1.0
1707	5521	2	1.0
1708	5238	2	1.0
1709	4853	2	1.0
1710	4773	2	1.0
1711	5059	2	1.0
1712	5017	2	1.0
1713	4771	2	1.0
1714	5506	2	1.0
1715	4993	2	1.0
1716	5267	2	1.0
1717	5618	2	1.0
1718	5118	2	1.0
1719	5154	2	1.0
1720	4737	2	1.0
1721	5286	2	1.0
1722	5038	2	1.0
1723	5232	2	1.0
1724	4833	2	1.0
1725	5553	2	1.0
1726	4807	2	1.0
1727	4795	2	1.0
1728	4832	2	1.0
1729	5385	2	1.0
1730	4851	2	1.0
1731	5132	2	1.0
1732	5264	2	1.0
1733	5210	2	1.0
1734	4867	2	1.0
1735	4989	2	1.0
1736	4813	2	1.0
1737	4891	2	1.0
1738	5420	2	1.0
1739	4943	2	1.0
1740	5276	2	1.0
1741	4771	2	1.0
1742	5534	2	1.0
1743	4773	2	1.0
1744	5545	2	1.0
1745	4959	2	1.0
1746	5034	2	1.0
1747	5233	2	1.0
1748	5523	2	1.0
1749	5485	2	1.0
1750	5442	2	1.0
1751	4822	2	1.0
1752	4917	2	1.0
1753	4896	2	1.0
1754	4983	2	1.0
1755	5526	2	1.0
1756	4823	2	1.0
1757	5489	2	1.0
1758	5160	2	1.0
1759	5586	2	1.0
1760	5356	2	1.0
1761	4946	2	1.0
1762	5530	2	1.0
1763	5104	2	1.0
1764	5238	2	1.0
1765	5570	2	1.0
1766	5418	2	1.0
1767	5385	2	1.0
1768	5097	2	1.0
1769	4952	2	1.0
1770	5377	2	1.0
1771	5069	2	1.0
1772	4811	2	1.0
1773	5444	2	1.0
1774	5156	2	1.0
1775	5261	2	1.0
1776	5453	2	1.0
1777	4839	2	1.0
1778	4835	2	1.0
1779	4742	2	1.0
1780	4744	2	1.0
1781	5059	2	1.0
1782	5594	2	1.0
1783	5464	2	1.0
1784	4850	2	1.0
1785	5369	2	1.0
1786	5128	2	1.0
1787	5367	2	1.0
1788	5007	2	1.0
1789	5346	2	1.0
1790	5482	2	1.0
1791	5228	2	1.0
1792	5536	2	1.0
1793	5176	2	1.0
1794	5438	2	1.0
1795	5470	2	1.0
1796	5238	2	1.0
1797	4893	2	1.0
1798	5141	2	1.0
1799	5271	2	1.0
1800	5062	2	1.0
1801	5473	2	1.0
1802	4929	2	1.0
1803	5427	2	1.0
1804	5100	2	1.0
1805	4976	2	1.0
1806	5621	2	1.0
1807	5479	2	1.0
1808	4792	2	1.0
1809	5468	2	1.0
1810	5447	2	1.0
1811	5022	2	1.0
1812	5630	2	1.0
1813	5034	2	1.0
1814	5574	2	1.0
1815	5201	2	1.0
1816	5056	2	1.0
1817	5452	2	1.0
1818	5172	2	1.0
1819	5514	2	1.0
1820	5577	2	1.0
1821	5272	2	1.0
1822	5535	2	1.0
1823	5627	2	1.0
1824	5249	2	1.0
1825	5571	2	1.0
1826	4970	2	1.0
1827	5007	2	1.0
1828	5592	2	1.0
1829	5179	2	1.0
1830	5045	2	1.0
1831	5597	2	1.0
1832	5580	2	1.0
1833	4824	2	1.0
1834	5226	2	1.0
1835	5347	2	1.0
1836	5028	2	1.0
1837	5014	2	1.0
1838	5075	2	1.0
1839	5463	2	1.0
1840	5587	2	1.0
1841	4837	2	1.0
1842	5483	2	1.0
1843	4957	2	1.0
1844	4756	2	1.0
1845	5227	2	1.0
1846	5547	2	1.0
1847	5451	2	1.0
1848	5287	2	1.0
1849	5019	2	1.0
1850	5487	2	1.0
1851	5404	2	1.0
1852	4982	2	1.0
1853	5057	2	1.0
1854	5301	2	1.0
1855	4937	2	1.0
1856	5013	2	1.0
1857	5613	2	1.0
1858	5529	2	1.0
1859	4946	2	1.0
1860	5629	2	1.0
1861	4772	2	1.0
1862	5305	2	1.0
1863	5560	2	1.0
1864	5106	2	1.0
1865	4988	2	1.0
1866	5346	2	1.0
1867	5526	2	1.0
1868	5380	2	1.0
1869	4781	2	1.0
1870	5165	2	1.0
1871	5535	2	1.0
1872	5339	2	1.0
1873	5577	2	1.0
1874	5294	2	1.0
1875	5490	2	1.0
1876	5107	2	1.0
1877	4823	2	1.0
1878	5152	2	1.0
1879	5144	2	1.0
1880	4773	2	1.0
1881	4884	2	1.0
1882	5261	2	1.0
1883	5437	2	1.0
1884	5238	2	1.0
1885	5058	2	1.0
1886	5110	2	1.0
1887	4880	2	1.0
1888	5248	2	1.0
1889	5326	2	1.0
1890	5560	2	1.0
1891	5437	2	1.0
1892	5328	2	1.0
1893	5211	2	1.0
1894	5383	2	1.0
1895	4944	2	1.0
1896	4911	2	1.0
1897	5530	2	1.0
1898	5226	2	1.0
1899	5301	2	1.0
1900	4901	2	1.0
1901	4972	2	1.0
1902	5042	2	1.0
1903	4999	2	1.0
1904	5619	2	1.0
1905	4926	2	1.0
1906	4987	2	1.0
1907	4838	2	1.0
1908	4816	2	1.0
1909	5052	2	1.0
1910	4846	2	1.0
1911	5239	2	1.0
1912	5387	2	1.0
1913	4874	2	1.0
1914	4927	2	1.0
1915	4844	2	1.0
1916	5486	2	1.0
1917	5637	2	1.0
1918	5129	2	1.0
1919	5240	2	1.0
1920	5503	2	1.0
1921	5612	2	1.0
1922	5409	2	1.0
1923	5280	2	1.0
1924	5641	2	1.0
1925	4884	2	1.0
1926	5616	2	1.0
1927	4986	2	1.0
1928	5566	2	1.0
1929	4837	2	1.0
1930	4926	2	1.0
1931	5445	2	1.0
1932	5618	2	1.0
1933	5256	2	1.0
1934	5099	2	1.0
1935	5496	2	1.0
1936	5191	2	1.0
1937	4828	2	1.0
1938	5608	2	1.0
1939	5131	2	1.0
1940	5117	2	1.0
1941	4886	2	1.0
1942	5561	2	1.0
1943	4863	2	1.0
1944	5561	2	1.0
1945	5113	2	1.0
1946	5615	2	1.0
1947	4738	2	1.0
1948	5171	2	1.0
1949	5391	2	1.0
1950	5098	2	1.0
1951	5428	2	1.0
1952	4836	2	1.0
1953	4803	2	1.0
1954	4895	2	1.0
1955	5447	2	1.0
1956	5388	2	1.0
1957	5383	2	1.0
1958	5208	2	1.0
1959	4754	2	1.0
1960	4764	2	1.0
1961	5195	2	1.0
1962	5551	2	1.0
1963	4857	2	1.0
1964	5618	2	1.0
1965	5581	2	1.0
1966	5618	2	1.0
1967	5637	2	1.0
1968	5168	2	1.0
1969	4736	2	1.0
1970	4793	2	1.0
1971	5541	2	1.0
1972	5297	2	1.0
1973	5197	2	1.0
1974	5083	2	1.0
1975	5602	2	1.0
1976	5347	2	1.0
1977	5225	2	1.0
1978	5400	2	1.0
1979	4798	2	1.0
1980	5001	2	1.0
1981	4787	2	1.0
1982	5032	2	1.0
1983	5083	2	1.0
1984	4750	2	1.0
1985	5522	2	1.0
1986	5153	2	1.0
1987	5616	2	1.0
1988	5163	2	1.0
1989	5264	2	1.0
1990	5190	2	1.0
1991	5036	2	1.0
1992	5224	2	1.0
1993	5598	2	1.0
1994	5148	2	1.0
1995	5146	2	1.0
1996	5535	2	1.0
1997	5156	2	1.0
1998	5473	2	1.0
1999	5322	2	1.0
2000	4773	2	1.0
2001	4910	2	1.0
2002	4962	2	1.0
2003	4766	2	1.0
2004	5318	2	1.0
2005	5111	2	1.0
2006	5582	2	1.0
2007	5526	2	1.0
2008	4782	2	1.0
2009	5434	2	1.0
2010	5109	2	1.0
2011	5465	2	1.0
2012	5036	2	1.0
2013	4961	2	1.0
2014	5128	2	1.0
2015	5048	2	1.0
2016	5518	2	1.0
2017	4995	2	1.0
2018	5555	2	1.0
2019	5440	2	1.0
2020	5281	2	1.0
2021	5329	2	1.0
2022	5512	2	1.0
2023	5597	2	1.0
2024	5307	2	1.0
2025	5117	2	1.0
2026	5533	2	1.0
2027	5398	2	1.0
2028	5267	2	1.0
2029	4750	2	1.0
2030	5375	2	1.0
2031	4850	2	1.0
2032	4865	2	1.0
2033	4760	2	1.0
2034	5018	2	1.0
2035	4815	2	1.0
2036	5083	2	1.0
2037	5358	2	1.0
2038	5163	2	1.0
2039	5277	2	1.0
2040	5076	2	1.0
2041	4798	2	1.0
2042	5278	2	1.0
2043	5641	2	1.0
2044	5312	2	1.0
2045	5420	2	1.0
2046	5026	2	1.0
2047	5626	2	1.0
2048	4919	2	1.0
2049	5434	2	1.0
2050	5290	2	1.0
2051	4858	2	1.0
2052	5322	2	1.0
2053	5535	2	1.0
2054	5141	2	1.0
2055	5641	2	1.0
2056	4897	2	1.0
2057	5160	2	1.0
2058	5346	2	1.0
2059	5641	2	1.0
2060	4986	2	1.0
2061	5078	2	1.0
2062	5232	2	1.0
2063	4819	2	1.0
2064	5250	2	1.0
2065	5250	2	1.0
2066	5309	2	1.0
2067	4820	2	1.0
2068	5385	2	1.0
2069	4907	2	1.0
2070	4806	2	1.0
2071	4937	2	1.0
2072	5465	2	1.0
2073	5023	2	1.0
2074	4989	2	1.0
2075	5333	2	1.0
2076	4751	2	1.0
2077	4913	2	1.0
2078	5447	2	1.0
2079	5300	2	1.0
2080	5595	2	1.0
2081	5174	2	1.0
2082	5063	2	1.0
2083	5379	2	1.0
2084	5265	2	1.0
2085	5596	2	1.0
2086	5263	2	1.0
2087	5435	2	1.0
2088	4859	2	1.0
2089	5093	2	1.0
2090	5343	2	1.0
2091	5141	2	1.0
2092	4778	2	1.0
2093	5438	2	1.0
2094	5234	2	1.0
2095	5476	2	1.0
2096	5072	2	1.0
2097	4777	2	1.0
2098	5207	2	1.0
2099	4909	2	1.0
5070	0	3	1.0
5070	21	3	1.0
5070	250	3	1.0
5070	253	3	1.0
5070	536	3	1.0
5026	1	3	1.0
5026	11	3	1.0
5026	12	3	1.0
5026	157	3	1.0
5026	176	3	1.0
5026	1103	3	1.0
5026	2046	3	1.0
5496	2	3	1.0
5496	25	3	1.0
5496	404	3	1.0
5496	507	3	1.0
5496	1008	3	1.0
5496	1935	3	1.0
4879	3	3	1.0
4879	56	3	1.0
4879	84	3	1.0
4879	85	3	1.0
4879	102	3	1.0
4879	961	3	1.0
4879	1116	3	1.0
4769	4	3	1.0
4769	297	3	1.0
5497	5	3	1.0
5497	26	3	1.0
5497	139	3	1.0
5497	896	3	1.0
5497	1410	3	1.0
5345	6	3	1.0
5192	7	3	1.0
5192	15	3	1.0
5192	712	3	1.0
5192	1206	3	1.0
5645	8	3	1.0
5645	13	3	1.0
5645	143	3	1.0
5645	272	3	1.0
5645	498	3	1.0
5645	633	3	1.0
5645	1596	3	1.0
4840	9	3	1.0
4840	40	3	1.0
4840	55	3	1.0
4840	178	3	1.0
4840	326	3	1.0
4840	464	3	1.0
5267	10	3	1.0
5267	39	3	1.0
5267	1499	3	1.0
5267	1565	3	1.0
5267	1716	3	1.0
5267	2028	3	1.0
4762	14	3	1.0
4762	515	3	1.0
4762	836	3	1.0
5457	16	3	1.0
5457	365	3	1.0
5457	438	3	1.0
5457	852	3	1.0
5457	1435	3	1.0
4799	17	3	1.0
4799	61	3	1.0
4799	131	3	1.0
4799	309	3	1.0
4799	1024	3	1.0
4799	1434	3	1.0
4799	1446	3	1.0
5269	18	3	1.0
5269	32	3	1.0
5452	19	3	1.0
5452	137	3	1.0
5452	239	3	1.0
5452	241	3	1.0
5452	246	3	1.0
5452	252	3	1.0
5452	289	3	1.0
5452	568	3	1.0
5452	878	3	1.0
5452	1227	3	1.0
5452	1354	3	1.0
5452	1489	3	1.0
5452	1817	3	1.0
5404	20	3	1.0
5404	234	3	1.0
5404	296	3	1.0
5404	298	3	1.0
5404	299	3	1.0
5404	1851	3	1.0
4785	22	3	1.0
4785	76	3	1.0
4785	807	3	1.0
5395	23	3	1.0
5395	98	3	1.0
5395	363	3	1.0
5395	503	3	1.0
5395	1082	3	1.0
4888	24	3	1.0
5520	27	3	1.0
4832	28	3	1.0
4832	50	3	1.0
4832	274	3	1.0
4832	312	3	1.0
4832	357	3	1.0
4832	451	3	1.0
4832	522	3	1.0
4832	656	3	1.0
4832	743	3	1.0
4832	1728	3	1.0
4898	29	3	1.0
5301	30	3	1.0
5301	31	3	1.0
5301	45	3	1.0
5301	95	3	1.0
5301	96	3	1.0
5301	130	3	1.0
5301	164	3	1.0
5301	243	3	1.0
5301	466	3	1.0
5301	875	3	1.0
5301	1672	3	1.0
5301	1854	3	1.0
5301	1899	3	1.0
5185	33	3	1.0
5185	202	3	1.0
5143	34	3	1.0
5143	310	3	1.0
5143	516	3	1.0
5143	990	3	1.0
5143	1438	3	1.0
5285	35	3	1.0
5285	248	3	1.0
5285	426	3	1.0
5285	474	3	1.0
5285	587	3	1.0
5285	641	3	1.0
5285	701	3	1.0
5285	724	3	1.0
5247	36	3	1.0
5293	37	3	1.0
5293	194	3	1.0
5293	317	3	1.0
5293	600	3	1.0
5293	610	3	1.0
5293	1612	3	1.0
5078	38	3	1.0
5078	2061	3	1.0
5064	41	3	1.0
5064	122	3	1.0
5064	138	3	1.0
4800	42	3	1.0
4800	169	3	1.0
4800	813	3	1.0
5335	43	3	1.0
5335	595	3	1.0
5335	1025	3	1.0
5335	1297	3	1.0
5335	1388	3	1.0
5035	44	3	1.0
5035	381	3	1.0
5035	671	3	1.0
5035	802	3	1.0
5561	46	3	1.0
5561	168	3	1.0
5561	247	3	1.0
5561	329	3	1.0
5561	461	3	1.0
5561	472	3	1.0
5561	479	3	1.0
5561	521	3	1.0
5561	534	3	1.0
5561	574	3	1.0
5561	579	3	1.0
5561	820	3	1.0
5561	936	3	1.0
5561	1107	3	1.0
5561	1128	3	1.0
5561	1406	3	1.0
5561	1586	3	1.0
5561	1695	3	1.0
5561	1942	3	1.0
5561	1944	3	1.0
5410	47	3	1.0
5274	48	3	1.0
5199	49	3	1.0
5199	179	3	1.0
5199	366	3	1.0
5477	51	3	1.0
5477	81	3	1.0
5477	123	3	1.0
5477	187	3	1.0
5477	220	3	1.0
5477	460	3	1.0
5477	1645	3	1.0
5469	52	3	1.0
5469	132	3	1.0
5469	313	3	1.0
5469	331	3	1.0
5469	348	3	1.0
5469	748	3	1.0
5469	771	3	1.0
5469	1076	3	1.0
5469	1087	3	1.0
5469	1352	3	1.0
5469	1426	3	1.0
5236	53	3	1.0
5236	106	3	1.0
5236	108	3	1.0
5236	199	3	1.0
5236	580	3	1.0
4936	54	3	1.0
4936	118	3	1.0
5393	57	3	1.0
5393	68	3	1.0
5393	205	3	1.0
5456	58	3	1.0
5456	223	3	1.0
5456	730	3	1.0
5166	59	3	1.0
5166	69	3	1.0
5166	70	3	1.0
5166	608	3	1.0
5166	1393	3	1.0
5166	1636	3	1.0
5286	60	3	1.0
5286	222	3	1.0
5286	268	3	1.0
5286	285	3	1.0
5286	318	3	1.0
5286	829	3	1.0
5286	1155	3	1.0
5286	1368	3	1.0
5286	1412	3	1.0
5286	1622	3	1.0
5286	1721	3	1.0
5455	62	3	1.0
5455	87	3	1.0
5455	142	3	1.0
5455	347	3	1.0
5455	435	3	1.0
5455	518	3	1.0
5455	742	3	1.0
5455	1204	3	1.0
5455	1317	3	1.0
4910	63	3	1.0
4910	415	3	1.0
4910	1348	3	1.0
4910	2001	3	1.0
5605	64	3	1.0
5605	384	3	1.0
5605	713	3	1.0
5605	753	3	1.0
5605	841	3	1.0
5605	965	3	1.0
4956	65	3	1.0
4956	221	3	1.0
4956	380	3	1.0
4956	640	3	1.0
4956	921	3	1.0
5224	66	3	1.0
5224	837	3	1.0
5224	1113	3	1.0
5224	1992	3	1.0
5543	67	3	1.0
5543	284	3	1.0
5543	1020	3	1.0
5488	71	3	1.0
5467	72	3	1.0
5290	73	3	1.0
5290	1702	3	1.0
5290	2050	3	1.0
5478	74	3	1.0
5478	920	3	1.0
5478	1267	3	1.0
5478	1363	3	1.0
4848	75	3	1.0
5334	77	3	1.0
5334	396	3	1.0
5334	1280	3	1.0
4825	78	3	1.0
4825	101	3	1.0
4825	134	3	1.0
4825	307	3	1.0
4825	908	3	1.0
4950	79	3	1.0
5436	80	3	1.0
5180	82	3	1.0
5180	433	3	1.0
5180	626	3	1.0
5180	1249	3	1.0
5073	83	3	1.0
5046	86	3	1.0
5046	175	3	1.0
4915	88	3	1.0
4915	320	3	1.0
4915	382	3	1.0
4915	609	3	1.0
4915	639	3	1.0
4915	777	3	1.0
4915	879	3	1.0
4915	940	3	1.0
4915	1084	3	1.0
4915	1450	3	1.0
5292	89	3	1.0
5292	1607	3	1.0
5170	90	3	1.0
5170	262	3	1.0
5170	593	3	1.0
5170	784	3	1.0
5170	1394	3	1.0
5170	1599	3	1.0
5640	91	3	1.0
5640	189	3	1.0
5640	351	3	1.0
5640	863	3	1.0
5640	1646	3	1.0
4866	92	3	1.0
4866	165	3	1.0
4958	93	3	1.0
4746	94	3	1.0
4746	109	3	1.0
5363	97	3	1.0
5363	537	3	1.0
5363	594	3	1.0
5363	658	3	1.0
5363	1002	3	1.0
5363	1019	3	1.0
5363	1101	3	1.0
5363	1136	3	1.0
5363	1691	3	1.0
4981	99	3	1.0
4981	1217	3	1.0
5585	100	3	1.0
5585	115	3	1.0
5585	249	3	1.0
5585	389	3	1.0
5585	430	3	1.0
5585	532	3	1.0
5585	1205	3	1.0
5585	1266	3	1.0
5585	1491	3	1.0
4969	103	3	1.0
4969	127	3	1.0
4969	158	3	1.0
4969	462	3	1.0
4969	650	3	1.0
5522	104	3	1.0
5522	172	3	1.0
5522	217	3	1.0
5522	229	3	1.0
5522	412	3	1.0
5522	737	3	1.0
5522	758	3	1.0
5522	1081	3	1.0
5522	1985	3	1.0
5006	105	3	1.0
5006	232	3	1.0
5006	1633	3	1.0
4860	107	3	1.0
5016	110	3	1.0
5016	153	3	1.0
5016	349	3	1.0
5016	441	3	1.0
5212	111	3	1.0
5212	295	3	1.0
5212	680	3	1.0
5212	1658	3	1.0
4842	112	3	1.0
5049	113	3	1.0
5178	114	3	1.0
5178	212	3	1.0
5178	531	3	1.0
4878	116	3	1.0
4878	663	3	1.0
5120	117	3	1.0
5120	149	3	1.0
5120	303	3	1.0
5120	452	3	1.0
5549	119	3	1.0
5102	120	3	1.0
5262	121	3	1.0
5262	170	3	1.0
5262	496	3	1.0
5262	512	3	1.0
5262	514	3	1.0
5262	525	3	1.0
5262	1070	3	1.0
5524	124	3	1.0
5524	423	3	1.0
4911	125	3	1.0
4911	621	3	1.0
4911	1896	3	1.0
5458	126	3	1.0
5458	195	3	1.0
5458	240	3	1.0
5458	330	3	1.0
5458	775	3	1.0
5245	128	3	1.0
5245	432	3	1.0
5245	709	3	1.0
5245	1588	3	1.0
5377	129	3	1.0
5377	1050	3	1.0
5377	1398	3	1.0
5377	1432	3	1.0
5377	1770	3	1.0
4752	133	3	1.0
4939	135	3	1.0
4939	394	3	1.0
4939	981	3	1.0
4964	136	3	1.0
4964	267	3	1.0
4964	539	3	1.0
4964	964	3	1.0
4964	1461	3	1.0
4964	1531	3	1.0
4964	1552	3	1.0
4938	140	3	1.0
4938	391	3	1.0
4753	141	3	1.0
4753	238	3	1.0
4753	857	3	1.0
4753	1200	3	1.0
4753	1647	3	1.0
5440	144	3	1.0
5440	414	3	1.0
5440	439	3	1.0
5440	752	3	1.0
5440	900	3	1.0
5440	1009	3	1.0
5440	1268	3	1.0
5440	1355	3	1.0
5440	1396	3	1.0
5440	2019	3	1.0
4775	145	3	1.0
4775	191	3	1.0
4775	1361	3	1.0
4775	1594	3	1.0
5169	146	3	1.0
5169	334	3	1.0
5169	1497	3	1.0
4829	147	3	1.0
4829	442	3	1.0
5047	148	3	1.0
5300	150	3	1.0
5300	1219	3	1.0
5300	1224	3	1.0
5300	2079	3	1.0
5412	151	3	1.0
5412	643	3	1.0
4810	152	3	1.0
4810	162	3	1.0
4810	477	3	1.0
4810	1697	3	1.0
5256	154	3	1.0
5256	181	3	1.0
5256	1040	3	1.0
5256	1409	3	1.0
5256	1933	3	1.0
4750	155	3	1.0
4750	1362	3	1.0
4750	1984	3	1.0
4750	2029	3	1.0
4933	156	3	1.0
5378	159	3	1.0
5378	193	3	1.0
5378	281	3	1.0
5378	350	3	1.0
5378	757	3	1.0
5279	160	3	1.0
5279	455	3	1.0
5414	161	3	1.0
5414	822	3	1.0
5414	848	3	1.0
5588	163	3	1.0
5588	390	3	1.0
5420	166	3	1.0
5420	335	3	1.0
5420	623	3	1.0
5420	939	3	1.0
5420	977	3	1.0
5420	1738	3	1.0
5420	2045	3	1.0
4906	167	3	1.0
4906	1369	3	1.0
5289	171	3	1.0
5603	173	3	1.0
5466	174	3	1.0
5466	228	3	1.0
5466	657	3	1.0
5466	764	3	1.0
5466	1202	3	1.0
4849	177	3	1.0
4849	315	3	1.0
4849	337	3	1.0
4849	467	3	1.0
5037	180	3	1.0
5037	322	3	1.0
5037	482	3	1.0
5387	182	3	1.0
5387	270	3	1.0
5387	332	3	1.0
5387	582	3	1.0
5387	1163	3	1.0
5387	1912	3	1.0
5149	183	3	1.0
5149	321	3	1.0
5149	364	3	1.0
5149	549	3	1.0
5149	904	3	1.0
5149	1129	3	1.0
5149	1443	3	1.0
5149	1591	3	1.0
5612	184	3	1.0
5612	694	3	1.0
5612	1921	3	1.0
5125	185	3	1.0
5125	269	3	1.0
5125	542	3	1.0
5125	791	3	1.0
5125	975	3	1.0
5125	1080	3	1.0
5125	1655	3	1.0
5125	1668	3	1.0
5481	186	3	1.0
5481	279	3	1.0
5481	343	3	1.0
5481	447	3	1.0
5481	541	3	1.0
5481	581	3	1.0
5481	720	3	1.0
5481	1239	3	1.0
5481	1576	3	1.0
5162	188	3	1.0
5162	210	3	1.0
5162	402	3	1.0
5162	592	3	1.0
5162	675	3	1.0
5162	1210	3	1.0
5592	190	3	1.0
5592	1095	3	1.0
5592	1706	3	1.0
5592	1828	3	1.0
5281	192	3	1.0
5281	2020	3	1.0
5349	196	3	1.0
5349	938	3	1.0
5349	1451	3	1.0
4934	197	3	1.0
4934	1228	3	1.0
5193	198	3	1.0
5074	200	3	1.0
5074	483	3	1.0
5074	840	3	1.0
5075	201	3	1.0
5075	206	3	1.0
5075	945	3	1.0
5075	948	3	1.0
5075	1573	3	1.0
5075	1838	3	1.0
5015	203	3	1.0
5015	204	3	1.0
5015	207	3	1.0
5231	208	3	1.0
5231	1261	3	1.0
4992	209	3	1.0
4852	211	3	1.0
4757	213	3	1.0
4757	463	3	1.0
5473	214	3	1.0
5473	434	3	1.0
5473	1282	3	1.0
5473	1801	3	1.0
5473	1998	3	1.0
4908	215	3	1.0
5189	216	3	1.0
5189	342	3	1.0
4827	218	3	1.0
4827	379	3	1.0
4827	449	3	1.0
5476	219	3	1.0
5476	383	3	1.0
5476	2095	3	1.0
5322	224	3	1.0
5322	1999	3	1.0
5322	2052	3	1.0
5359	225	3	1.0
5428	226	3	1.0
5428	230	3	1.0
5428	375	3	1.0
5428	1380	3	1.0
5428	1698	3	1.0
5428	1951	3	1.0
5634	227	3	1.0
5080	231	3	1.0
5080	333	3	1.0
5080	346	3	1.0
5080	1439	3	1.0
5248	233	3	1.0
5248	1036	3	1.0
5248	1888	3	1.0
4982	235	3	1.0
4982	377	3	1.0
4982	418	3	1.0
4982	735	3	1.0
4982	998	3	1.0
4982	1052	3	1.0
4982	1852	3	1.0
5310	236	3	1.0
5310	251	3	1.0
5310	553	3	1.0
5310	566	3	1.0
5310	660	3	1.0
5310	1096	3	1.0
4817	237	3	1.0
4877	242	3	1.0
5397	244	3	1.0
5397	1110	3	1.0
5397	1458	3	1.0
5397	1601	3	1.0
4948	245	3	1.0
4948	425	3	1.0
4948	1345	3	1.0
5615	254	3	1.0
5615	311	3	1.0
5615	336	3	1.0
5615	359	3	1.0
5615	652	3	1.0
5615	667	3	1.0
5615	762	3	1.0
5615	790	3	1.0
5615	922	3	1.0
5615	1946	3	1.0
5390	255	3	1.0
5390	1177	3	1.0
5390	1673	3	1.0
4737	256	3	1.0
4737	504	3	1.0
4737	586	3	1.0
4737	842	3	1.0
4737	1593	3	1.0
4737	1720	3	1.0
4881	257	3	1.0
4881	661	3	1.0
4881	1150	3	1.0
5426	258	3	1.0
5426	520	3	1.0
5426	630	3	1.0
5426	767	3	1.0
5426	769	3	1.0
5004	259	3	1.0
5004	324	3	1.0
5275	260	3	1.0
5275	638	3	1.0
5275	1417	3	1.0
5525	261	3	1.0
5525	301	3	1.0
5525	406	3	1.0
5525	642	3	1.0
5525	1044	3	1.0
5525	1371	3	1.0
5525	1564	3	1.0
5532	263	3	1.0
5529	264	3	1.0
5529	1858	3	1.0
4978	265	3	1.0
5403	266	3	1.0
5403	445	3	1.0
5403	1152	3	1.0
5403	1602	3	1.0
5606	271	3	1.0
5606	619	3	1.0
5606	906	3	1.0
5424	273	3	1.0
4828	275	3	1.0
4828	759	3	1.0
4828	766	3	1.0
4828	1937	3	1.0
5371	276	3	1.0
4970	277	3	1.0
4970	1826	3	1.0
5241	278	3	1.0
5241	647	3	1.0
5484	280	3	1.0
5484	424	3	1.0
5550	282	3	1.0
5550	294	3	1.0
4923	283	3	1.0
5644	286	3	1.0
5644	1022	3	1.0
5644	1061	3	1.0
4791	287	3	1.0
4986	288	3	1.0
4986	559	3	1.0
4986	768	3	1.0
4986	1001	3	1.0
4986	1281	3	1.0
4986	1503	3	1.0
4986	1927	3	1.0
4986	2060	3	1.0
5087	290	3	1.0
5087	569	3	1.0
5087	620	3	1.0
5087	634	3	1.0
5087	750	3	1.0
5087	1265	3	1.0
5087	1616	3	1.0
5257	291	3	1.0
5257	915	3	1.0
5257	1077	3	1.0
5313	292	3	1.0
4809	293	3	1.0
4809	476	3	1.0
4809	1198	3	1.0
5513	300	3	1.0
5513	1196	3	1.0
5624	302	3	1.0
5489	304	3	1.0
5489	1757	3	1.0
5151	305	3	1.0
5151	495	3	1.0
5151	1108	3	1.0
5151	1300	3	1.0
5144	306	3	1.0
5144	1269	3	1.0
5144	1289	3	1.0
5144	1879	3	1.0
5434	308	3	1.0
5434	510	3	1.0
5434	523	3	1.0
5434	556	3	1.0
5434	591	3	1.0
5434	606	3	1.0
5434	664	3	1.0
5434	933	3	1.0
5434	2009	3	1.0
5434	2049	3	1.0
5417	314	3	1.0
5417	687	3	1.0
5417	846	3	1.0
5417	1045	3	1.0
4804	316	3	1.0
4804	319	3	1.0
4804	927	3	1.0
4804	951	3	1.0
4804	1603	3	1.0
5593	323	3	1.0
5593	465	3	1.0
5593	570	3	1.0
5625	325	3	1.0
5625	637	3	1.0
5625	1292	3	1.0
4944	327	3	1.0
4944	397	3	1.0
4944	405	3	1.0
4944	453	3	1.0
4944	471	3	1.0
4944	1295	3	1.0
4944	1436	3	1.0
4944	1895	3	1.0
4863	328	3	1.0
4863	338	3	1.0
4863	850	3	1.0
4863	1149	3	1.0
4863	1688	3	1.0
4863	1943	3	1.0
5323	339	3	1.0
5323	1694	3	1.0
4743	340	3	1.0
4743	974	3	1.0
5206	341	3	1.0
5206	821	3	1.0
4770	344	3	1.0
4770	770	3	1.0
5002	345	3	1.0
5002	387	3	1.0
5002	910	3	1.0
5388	352	3	1.0
5388	446	3	1.0
5388	492	3	1.0
5388	526	3	1.0
5388	604	3	1.0
5388	605	3	1.0
5388	738	3	1.0
5388	1298	3	1.0
5388	1956	3	1.0
5008	353	3	1.0
5008	422	3	1.0
5221	354	3	1.0
5221	356	3	1.0
4899	355	3	1.0
4899	942	3	1.0
5342	358	3	1.0
5342	360	3	1.0
5342	399	3	1.0
5342	576	3	1.0
5342	1094	3	1.0
5471	361	3	1.0
5471	448	3	1.0
5090	362	3	1.0
5090	511	3	1.0
5090	540	3	1.0
5501	367	3	1.0
5284	368	3	1.0
5284	809	3	1.0
5284	1501	3	1.0
4764	369	3	1.0
4764	789	3	1.0
4764	1030	3	1.0
4764	1960	3	1.0
4820	370	3	1.0
4820	2067	3	1.0
5572	371	3	1.0
5572	488	3	1.0
5572	1685	3	1.0
4962	372	3	1.0
4962	2002	3	1.0
5163	373	3	1.0
5163	571	3	1.0
5163	1988	3	1.0
5163	2038	3	1.0
5409	374	3	1.0
5409	395	3	1.0
5409	398	3	1.0
5409	468	3	1.0
5409	1209	3	1.0
5409	1482	3	1.0
5409	1922	3	1.0
5394	376	3	1.0
5394	1016	3	1.0
5394	1098	3	1.0
5011	378	3	1.0
5571	385	3	1.0
5571	1825	3	1.0
4833	386	3	1.0
4833	714	3	1.0
4833	1358	3	1.0
4833	1704	3	1.0
4833	1724	3	1.0
5597	388	3	1.0
5597	588	3	1.0
5597	669	3	1.0
5597	1263	3	1.0
5597	1831	3	1.0
5597	2023	3	1.0
5005	392	3	1.0
5005	1473	3	1.0
5005	1475	3	1.0
5005	1488	3	1.0
5338	393	3	1.0
5338	887	3	1.0
5338	1140	3	1.0
5516	400	3	1.0
5516	1271	3	1.0
5516	1274	3	1.0
4871	401	3	1.0
4871	577	3	1.0
4738	403	3	1.0
4738	469	3	1.0
4738	546	3	1.0
4738	653	3	1.0
4738	746	3	1.0
4738	1597	3	1.0
4738	1947	3	1.0
4895	407	3	1.0
4895	873	3	1.0
4895	1191	3	1.0
4895	1954	3	1.0
4784	408	3	1.0
4784	1091	3	1.0
4784	1278	3	1.0
4747	409	3	1.0
5250	410	3	1.0
5250	1246	3	1.0
5250	1343	3	1.0
5250	2064	3	1.0
5250	2065	3	1.0
5121	411	3	1.0
5504	413	3	1.0
5059	416	3	1.0
5059	1122	3	1.0
5059	1520	3	1.0
5059	1664	3	1.0
5059	1711	3	1.0
5059	1781	3	1.0
4968	417	3	1.0
4968	972	3	1.0
5539	419	3	1.0
5539	780	3	1.0
5539	1312	3	1.0
5171	420	3	1.0
5171	818	3	1.0
5171	1948	3	1.0
5043	421	3	1.0
5622	427	3	1.0
5556	428	3	1.0
5556	843	3	1.0
5556	1142	3	1.0
5556	1474	3	1.0
5580	429	3	1.0
5580	1832	3	1.0
5258	431	3	1.0
5472	436	3	1.0
5119	437	3	1.0
5119	885	3	1.0
5119	1111	3	1.0
5218	440	3	1.0
5218	1667	3	1.0
4788	443	3	1.0
5065	444	3	1.0
4885	450	3	1.0
5158	454	3	1.0
5158	811	3	1.0
5158	1325	3	1.0
5158	1470	3	1.0
4945	456	3	1.0
5643	457	3	1.0
5542	458	3	1.0
5542	984	3	1.0
5422	459	3	1.0
5422	560	3	1.0
4918	470	3	1.0
5584	473	3	1.0
5336	475	3	1.0
5336	533	3	1.0
5336	603	3	1.0
5336	929	3	1.0
5336	1309	3	1.0
4974	478	3	1.0
4974	648	3	1.0
4974	816	3	1.0
4974	882	3	1.0
4974	1254	3	1.0
4974	1585	3	1.0
4786	480	3	1.0
4786	529	3	1.0
4786	684	3	1.0
4786	760	3	1.0
4786	980	3	1.0
4786	1494	3	1.0
4786	1528	3	1.0
5463	481	3	1.0
5463	978	3	1.0
5463	1212	3	1.0
5463	1275	3	1.0
5463	1839	3	1.0
5021	484	3	1.0
4798	485	3	1.0
4798	499	3	1.0
4798	765	3	1.0
4798	1032	3	1.0
4798	1656	3	1.0
4798	1689	3	1.0
4798	1979	3	1.0
4798	2041	3	1.0
5107	486	3	1.0
5107	943	3	1.0
5107	1876	3	1.0
4774	487	3	1.0
4774	501	3	1.0
4774	754	3	1.0
4774	1031	3	1.0
4774	1211	3	1.0
4774	1666	3	1.0
4977	489	3	1.0
4949	490	3	1.0
4949	812	3	1.0
5483	491	3	1.0
5483	992	3	1.0
5483	1842	3	1.0
4928	493	3	1.0
5044	494	3	1.0
5235	497	3	1.0
4883	500	3	1.0
5194	502	3	1.0
5194	1276	3	1.0
5194	1291	3	1.0
5194	1628	3	1.0
5194	1661	3	1.0
5548	505	3	1.0
5548	645	3	1.0
5548	1659	3	1.0
5295	506	3	1.0
5295	1119	3	1.0
5295	1687	3	1.0
4931	508	3	1.0
4983	509	3	1.0
4983	636	3	1.0
4983	1754	3	1.0
4808	513	3	1.0
4808	527	3	1.0
4808	544	3	1.0
4808	1039	3	1.0
4995	517	3	1.0
4995	824	3	1.0
4995	894	3	1.0
4995	973	3	1.0
4995	1448	3	1.0
4995	1678	3	1.0
4995	2017	3	1.0
5386	519	3	1.0
4882	524	3	1.0
4882	696	3	1.0
5430	528	3	1.0
5430	1283	3	1.0
5430	1284	3	1.0
5173	530	3	1.0
5173	798	3	1.0
5173	962	3	1.0
5173	1674	3	1.0
5013	535	3	1.0
5013	734	3	1.0
5013	1577	3	1.0
5013	1856	3	1.0
5003	538	3	1.0
4771	543	3	1.0
4771	931	3	1.0
4771	1379	3	1.0
4771	1713	3	1.0
4771	1741	3	1.0
5341	545	3	1.0
5031	547	3	1.0
5031	1313	3	1.0
5031	1431	3	1.0
5000	548	3	1.0
5642	550	3	1.0
5327	551	3	1.0
4823	552	3	1.0
4823	565	3	1.0
4823	785	3	1.0
4823	832	3	1.0
4823	1092	3	1.0
4823	1100	3	1.0
4823	1141	3	1.0
4823	1490	3	1.0
4823	1756	3	1.0
4823	1877	3	1.0
5215	554	3	1.0
5326	555	3	1.0
5326	1258	3	1.0
5326	1889	3	1.0
5415	557	3	1.0
4932	558	3	1.0
5187	561	3	1.0
5517	562	3	1.0
5517	839	3	1.0
5517	1143	3	1.0
4749	563	3	1.0
5230	564	3	1.0
4891	567	3	1.0
4891	1540	3	1.0
4891	1737	3	1.0
5454	572	3	1.0
5454	615	3	1.0
5454	689	3	1.0
4955	573	3	1.0
5510	575	3	1.0
5243	578	3	1.0
5243	622	3	1.0
5243	1581	3	1.0
5243	1675	3	1.0
5309	583	3	1.0
5309	2066	3	1.0
5601	584	3	1.0
5360	585	3	1.0
5360	612	3	1.0
5360	1089	3	1.0
4777	589	3	1.0
4777	1104	3	1.0
4777	2097	3	1.0
4884	590	3	1.0
4884	692	3	1.0
4884	729	3	1.0
4884	788	3	1.0
4884	815	3	1.0
4884	877	3	1.0
4884	899	3	1.0
4884	905	3	1.0
4884	1126	3	1.0
4884	1310	3	1.0
4884	1318	3	1.0
4884	1453	3	1.0
4884	1454	3	1.0
4884	1690	3	1.0
4884	1881	3	1.0
4884	1925	3	1.0
5237	596	3	1.0
5237	1056	3	1.0
5531	597	3	1.0
5531	801	3	1.0
5635	598	3	1.0
5635	1287	3	1.0
5024	599	3	1.0
5024	859	3	1.0
4930	601	3	1.0
5150	602	3	1.0
5150	1340	3	1.0
5574	607	3	1.0
5574	740	3	1.0
5574	1097	3	1.0
5574	1334	3	1.0
5574	1356	3	1.0
5574	1814	3	1.0
5308	611	3	1.0
5308	1203	3	1.0
5565	613	3	1.0
5479	614	3	1.0
5479	1307	3	1.0
5479	1807	3	1.0
4985	616	3	1.0
4985	721	3	1.0
5569	617	3	1.0
5569	1042	3	1.0
5569	1425	3	1.0
4795	618	3	1.0
4795	646	3	1.0
4795	1727	3	1.0
4900	624	3	1.0
5208	625	3	1.0
5208	982	3	1.0
5208	1958	3	1.0
5459	627	3	1.0
5459	902	3	1.0
5459	976	3	1.0
5459	1256	3	1.0
5459	1378	3	1.0
5459	1538	3	1.0
5270	628	3	1.0
4941	629	3	1.0
5188	631	3	1.0
5587	632	3	1.0
5587	708	3	1.0
5587	749	3	1.0
5587	1840	3	1.0
4916	635	3	1.0
4916	1072	3	1.0
4916	1273	3	1.0
4916	1468	3	1.0
4830	644	3	1.0
5268	649	3	1.0
5268	736	3	1.0
5268	1133	3	1.0
5396	651	3	1.0
5632	654	3	1.0
5632	1366	3	1.0
5493	655	3	1.0
5464	659	3	1.0
5464	706	3	1.0
5464	1339	3	1.0
5464	1783	3	1.0
5088	662	3	1.0
5560	665	3	1.0
5560	844	3	1.0
5560	935	3	1.0
5560	950	3	1.0
5560	1419	3	1.0
5560	1512	3	1.0
5560	1863	3	1.0
5560	1890	3	1.0
4924	666	3	1.0
4924	988	3	1.0
4837	668	3	1.0
4837	718	3	1.0
4837	1187	3	1.0
4837	1841	3	1.0
4837	1929	3	1.0
4836	670	3	1.0
4836	732	3	1.0
4836	968	3	1.0
4836	1395	3	1.0
4836	1617	3	1.0
4836	1952	3	1.0
5562	672	3	1.0
5562	810	3	1.0
4861	673	3	1.0
5302	674	3	1.0
5302	1159	3	1.0
5164	676	3	1.0
5164	703	3	1.0
5164	1532	3	1.0
5495	677	3	1.0
5219	678	3	1.0
5009	679	3	1.0
4926	681	3	1.0
4926	941	3	1.0
4926	1074	3	1.0
4926	1684	3	1.0
4926	1905	3	1.0
4926	1930	3	1.0
4794	682	3	1.0
5094	683	3	1.0
5094	800	3	1.0
5094	1065	3	1.0
5094	1172	3	1.0
5094	1405	3	1.0
5027	685	3	1.0
5033	686	3	1.0
5152	688	3	1.0
5152	1223	3	1.0
5152	1878	3	1.0
5487	690	3	1.0
5487	1608	3	1.0
5487	1850	3	1.0
5041	691	3	1.0
5041	702	3	1.0
5041	946	3	1.0
5041	1012	3	1.0
5041	1455	3	1.0
5222	693	3	1.0
4954	695	3	1.0
4954	845	3	1.0
4954	971	3	1.0
4954	1131	3	1.0
4954	1615	3	1.0
4954	1680	3	1.0
5182	697	3	1.0
5564	698	3	1.0
5564	773	3	1.0
5124	699	3	1.0
5124	1194	3	1.0
5124	1670	3	1.0
5462	700	3	1.0
5040	704	3	1.0
5040	1162	3	1.0
5123	705	3	1.0
5123	937	3	1.0
5123	1487	3	1.0
5123	1504	3	1.0
5123	1611	3	1.0
4845	707	3	1.0
4845	806	3	1.0
4845	838	3	1.0
4845	856	3	1.0
4845	1255	3	1.0
5509	710	3	1.0
5509	1671	3	1.0
5370	711	3	1.0
5611	715	3	1.0
5470	716	3	1.0
5470	1795	3	1.0
4741	717	3	1.0
5627	719	3	1.0
5627	1823	3	1.0
4919	722	3	1.0
4919	1331	3	1.0
4919	2048	3	1.0
5621	723	3	1.0
5621	1806	3	1.0
5425	725	3	1.0
5130	726	3	1.0
5590	727	3	1.0
5537	728	3	1.0
5537	912	3	1.0
5537	1170	3	1.0
5537	1225	3	1.0
5537	1423	3	1.0
5282	731	3	1.0
5282	774	3	1.0
5282	1660	3	1.0
5408	733	3	1.0
4783	739	3	1.0
5511	741	3	1.0
5511	851	3	1.0
5511	1117	3	1.0
5278	744	3	1.0
5278	924	3	1.0
5278	2042	3	1.0
5146	745	3	1.0
5146	1662	3	1.0
5146	1995	3	1.0
5217	747	3	1.0
5331	751	3	1.0
5499	755	3	1.0
5499	1151	3	1.0
5499	1510	3	1.0
5108	756	3	1.0
5108	994	3	1.0
5629	761	3	1.0
5629	999	3	1.0
5629	1860	3	1.0
4994	763	3	1.0
4994	803	3	1.0
4994	1375	3	1.0
5599	772	3	1.0
5599	858	3	1.0
5599	898	3	1.0
5114	776	3	1.0
5114	963	3	1.0
4744	778	3	1.0
4744	911	3	1.0
4744	1780	3	1.0
5134	779	3	1.0
5134	1253	3	1.0
5382	781	3	1.0
4742	782	3	1.0
4742	1779	3	1.0
5637	783	3	1.0
5637	923	3	1.0
5637	1917	3	1.0
5637	1967	3	1.0
5214	786	3	1.0
5407	787	3	1.0
5407	1047	3	1.0
5523	792	3	1.0
5523	1333	3	1.0
5523	1748	3	1.0
5205	793	3	1.0
5482	794	3	1.0
5482	1790	3	1.0
5461	795	3	1.0
5204	796	3	1.0
5068	797	3	1.0
5068	983	3	1.0
5544	799	3	1.0
5626	804	3	1.0
5626	2047	3	1.0
4980	805	3	1.0
4980	947	3	1.0
4980	1127	3	1.0
4980	1421	3	1.0
5446	808	3	1.0
5446	1208	3	1.0
5503	814	3	1.0
5503	1920	3	1.0
5465	817	3	1.0
5465	892	3	1.0
5465	1079	3	1.0
5465	1214	3	1.0
5465	1270	3	1.0
5465	1590	3	1.0
5465	1652	3	1.0
5465	2011	3	1.0
5465	2072	3	1.0
4894	819	3	1.0
4894	1000	3	1.0
4894	1066	3	1.0
4894	1279	3	1.0
4894	1327	3	1.0
5421	823	3	1.0
5086	825	3	1.0
5579	826	3	1.0
5579	1346	3	1.0
5579	1541	3	1.0
4914	827	3	1.0
4914	867	3	1.0
4914	886	3	1.0
5337	828	3	1.0
5423	830	3	1.0
5423	1189	3	1.0
5423	1692	3	1.0
5381	831	3	1.0
5553	833	3	1.0
5553	1447	3	1.0
5553	1725	3	1.0
5161	834	3	1.0
5161	1102	3	1.0
5161	1403	3	1.0
4872	835	3	1.0
4872	1466	3	1.0
4872	1641	3	1.0
5346	847	3	1.0
5346	1543	3	1.0
5346	1556	3	1.0
5346	1789	3	1.0
5346	1866	3	1.0
5346	2058	3	1.0
5431	849	3	1.0
5431	1247	3	1.0
5431	1445	3	1.0
5530	853	3	1.0
5530	1021	3	1.0
5530	1290	3	1.0
5530	1762	3	1.0
5530	1897	3	1.0
4835	854	3	1.0
4835	1068	3	1.0
4835	1090	3	1.0
4835	1349	3	1.0
4835	1778	3	1.0
4984	855	3	1.0
4984	1093	3	1.0
4984	1404	3	1.0
4984	1430	3	1.0
5400	860	3	1.0
5400	1351	3	1.0
5400	1575	3	1.0
5400	1978	3	1.0
5122	861	3	1.0
5122	960	3	1.0
4805	862	3	1.0
5085	864	3	1.0
5085	913	3	1.0
5085	1115	3	1.0
4773	865	3	1.0
4773	1221	3	1.0
4773	1710	3	1.0
4773	1743	3	1.0
4773	1880	3	1.0
4773	2000	3	1.0
5077	866	3	1.0
5077	895	3	1.0
5291	868	3	1.0
4776	869	3	1.0
4999	870	3	1.0
4999	1184	3	1.0
4999	1232	3	1.0
4999	1637	3	1.0
4999	1903	3	1.0
5610	871	3	1.0
4739	872	3	1.0
5536	874	3	1.0
5536	1792	3	1.0
5183	876	3	1.0
5048	880	3	1.0
5048	1534	3	1.0
5048	2015	3	1.0
5167	881	3	1.0
5558	883	3	1.0
5142	884	3	1.0
5142	1638	3	1.0
4755	888	3	1.0
4801	889	3	1.0
4847	890	3	1.0
4847	1053	3	1.0
4847	1518	3	1.0
5559	891	3	1.0
4902	893	3	1.0
4763	897	3	1.0
4763	1260	3	1.0
5411	901	3	1.0
4768	903	3	1.0
4768	1060	3	1.0
4768	1259	3	1.0
4768	1301	3	1.0
5128	907	3	1.0
5128	1171	3	1.0
5128	1619	3	1.0
5128	1786	3	1.0
5128	2014	3	1.0
5631	909	3	1.0
5631	1169	3	1.0
5631	1428	3	1.0
5631	1598	3	1.0
5159	914	3	1.0
5159	1498	3	1.0
4917	916	3	1.0
4917	1620	3	1.0
4917	1665	3	1.0
4917	1752	3	1.0
5112	917	3	1.0
5112	1147	3	1.0
5112	1676	3	1.0
4890	918	3	1.0
5373	919	3	1.0
5445	925	3	1.0
5445	1485	3	1.0
5445	1931	3	1.0
4904	926	3	1.0
4904	1179	3	1.0
4904	1321	3	1.0
5012	928	3	1.0
5372	930	3	1.0
5372	1609	3	1.0
5079	932	3	1.0
5079	1544	3	1.0
5439	934	3	1.0
5439	989	3	1.0
5054	944	3	1.0
5054	1192	3	1.0
5365	949	3	1.0
5365	969	3	1.0
5365	1157	3	1.0
4940	952	3	1.0
5628	953	3	1.0
5628	1377	3	1.0
5628	1516	3	1.0
5392	954	3	1.0
5392	1083	3	1.0
5392	1156	3	1.0
5576	955	3	1.0
4761	956	3	1.0
5376	957	3	1.0
5535	958	3	1.0
5535	1589	3	1.0
5535	1822	3	1.0
5535	1871	3	1.0
5535	1996	3	1.0
5535	2053	3	1.0
5366	959	3	1.0
4826	966	3	1.0
4826	1114	3	1.0
5578	967	3	1.0
4937	970	3	1.0
4937	1086	3	1.0
4937	1855	3	1.0
4937	2071	3	1.0
4942	979	3	1.0
4942	1493	3	1.0
5583	985	3	1.0
5475	986	3	1.0
5475	1046	3	1.0
5475	1146	3	1.0
5259	987	3	1.0
5259	991	3	1.0
5296	993	3	1.0
4996	995	3	1.0
5126	996	3	1.0
5491	997	3	1.0
5491	1144	3	1.0
4929	1003	3	1.0
4929	1384	3	1.0
4929	1802	3	1.0
5402	1004	3	1.0
5402	1411	3	1.0
5402	1551	3	1.0
5127	1005	3	1.0
5127	1701	3	1.0
4922	1006	3	1.0
5196	1007	3	1.0
5288	1010	3	1.0
5138	1011	3	1.0
5157	1013	3	1.0
5157	1481	3	1.0
5512	1014	3	1.0
5512	2022	3	1.0
5567	1015	3	1.0
5526	1017	3	1.0
5526	1755	3	1.0
5526	1867	3	1.0
5526	2007	3	1.0
4814	1018	3	1.0
4905	1023	3	1.0
5017	1026	3	1.0
5017	1033	3	1.0
5017	1712	3	1.0
5362	1027	3	1.0
5242	1028	3	1.0
4802	1029	3	1.0
4802	1235	3	1.0
4834	1034	3	1.0
5303	1035	3	1.0
5383	1037	3	1.0
5383	1178	3	1.0
5383	1539	3	1.0
5383	1643	3	1.0
5383	1894	3	1.0
5383	1957	3	1.0
5036	1038	3	1.0
5036	1991	3	1.0
5036	2012	3	1.0
5474	1041	3	1.0
5474	1336	3	1.0
4841	1043	3	1.0
4841	1105	3	1.0
4841	1621	3	1.0
5139	1048	3	1.0
5139	1099	3	1.0
5432	1049	3	1.0
5432	1578	3	1.0
5186	1051	3	1.0
4797	1054	3	1.0
4797	1460	3	1.0
5280	1055	3	1.0
5280	1923	3	1.0
5137	1057	3	1.0
5137	1120	3	1.0
5137	1483	3	1.0
5137	1600	3	1.0
5137	1627	3	1.0
5140	1058	3	1.0
4779	1059	3	1.0
5195	1062	3	1.0
5195	1961	3	1.0
4973	1063	3	1.0
4973	1399	3	1.0
5527	1064	3	1.0
5067	1067	3	1.0
5025	1069	3	1.0
4790	1071	3	1.0
5135	1073	3	1.0
4780	1075	3	1.0
4780	1135	3	1.0
4780	1332	3	1.0
4780	1457	3	1.0
5498	1078	3	1.0
5210	1085	3	1.0
5210	1175	3	1.0
5210	1294	3	1.0
5210	1733	3	1.0
4971	1088	3	1.0
5352	1106	3	1.0
5352	1245	3	1.0
5352	1456	3	1.0
5352	1629	3	1.0
5351	1109	3	1.0
5351	1288	3	1.0
5351	1469	3	1.0
5351	1523	3	1.0
5273	1112	3	1.0
4843	1118	3	1.0
5358	1121	3	1.0
5358	2037	3	1.0
4748	1123	3	1.0
5399	1124	3	1.0
5389	1125	3	1.0
4887	1130	3	1.0
5116	1132	3	1.0
5029	1134	3	1.0
5066	1137	3	1.0
5066	1341	3	1.0
4947	1138	3	1.0
5209	1139	3	1.0
5534	1145	3	1.0
5534	1391	3	1.0
5534	1742	3	1.0
4876	1148	3	1.0
4876	1185	3	1.0
5198	1153	3	1.0
5198	1376	3	1.0
5368	1154	3	1.0
4990	1158	3	1.0
4990	1486	3	1.0
5058	1160	3	1.0
5058	1885	3	1.0
5184	1161	3	1.0
5528	1164	3	1.0
4796	1165	3	1.0
5541	1166	3	1.0
5541	1971	3	1.0
5061	1167	3	1.0
4965	1168	3	1.0
4943	1173	3	1.0
4943	1739	3	1.0
4856	1174	3	1.0
5620	1176	3	1.0
5264	1180	3	1.0
5264	1630	3	1.0
5264	1732	3	1.0
5264	1989	3	1.0
5105	1181	3	1.0
5299	1182	3	1.0
4873	1183	3	1.0
5092	1186	3	1.0
5266	1188	3	1.0
5010	1190	3	1.0
5450	1193	3	1.0
5401	1195	3	1.0
5181	1197	3	1.0
5096	1199	3	1.0
5494	1201	3	1.0
4855	1207	3	1.0
5179	1213	3	1.0
5179	1829	3	1.0
4912	1215	3	1.0
5203	1216	3	1.0
5361	1218	3	1.0
5361	1415	3	1.0
5361	1657	3	1.0
4925	1220	3	1.0
5260	1222	3	1.0
5260	1479	3	1.0
5244	1226	3	1.0
5244	1444	3	1.0
5552	1229	3	1.0
5552	1642	3	1.0
5385	1230	3	1.0
5385	1240	3	1.0
5385	1729	3	1.0
5385	1767	3	1.0
5385	2068	3	1.0
4921	1231	3	1.0
5060	1233	3	1.0
5492	1234	3	1.0
5232	1236	3	1.0
5232	1723	3	1.0
5232	2062	3	1.0
4972	1237	3	1.0
4972	1272	3	1.0
4972	1299	3	1.0
4972	1705	3	1.0
4972	1901	3	1.0
5101	1238	3	1.0
5226	1241	3	1.0
5226	1316	3	1.0
5226	1834	3	1.0
5226	1898	3	1.0
4875	1242	3	1.0
4854	1243	3	1.0
4854	1252	3	1.0
4850	1244	3	1.0
4850	1308	3	1.0
4850	1784	3	1.0
4850	2031	3	1.0
4975	1248	3	1.0
5057	1250	3	1.0
5057	1853	3	1.0
5554	1251	3	1.0
5506	1257	3	1.0
5506	1429	3	1.0
5506	1606	3	1.0
5506	1714	3	1.0
4870	1262	3	1.0
5639	1264	3	1.0
5225	1277	3	1.0
5225	1977	3	1.0
5223	1285	3	1.0
5320	1286	3	1.0
5374	1293	3	1.0
4998	1296	3	1.0
4745	1302	3	1.0
5261	1303	3	1.0
5261	1775	3	1.0
5261	1882	3	1.0
5020	1304	3	1.0
5316	1305	3	1.0
5316	1618	3	1.0
5557	1306	3	1.0
5317	1311	3	1.0
5052	1314	3	1.0
5052	1449	3	1.0
5052	1909	3	1.0
5332	1315	3	1.0
5507	1319	3	1.0
5568	1320	3	1.0
4862	1322	3	1.0
5609	1323	3	1.0
5405	1324	3	1.0
4997	1326	3	1.0
4892	1328	3	1.0
4759	1329	3	1.0
5633	1330	3	1.0
5448	1335	3	1.0
5229	1337	3	1.0
5413	1338	3	1.0
5238	1342	3	1.0
5238	1549	3	1.0
5238	1604	3	1.0
5238	1708	3	1.0
5238	1764	3	1.0
5238	1796	3	1.0
5238	1884	3	1.0
5091	1344	3	1.0
5039	1347	3	1.0
5252	1350	3	1.0
5485	1353	3	1.0
5485	1654	3	1.0
5485	1699	3	1.0
5485	1749	3	1.0
4812	1357	3	1.0
4812	1567	3	1.0
5340	1359	3	1.0
5093	1360	3	1.0
5093	2089	3	1.0
5115	1364	3	1.0
5614	1365	3	1.0
5211	1367	3	1.0
5211	1893	3	1.0
5051	1370	3	1.0
5019	1372	3	1.0
5019	1400	3	1.0
5019	1849	3	1.0
5429	1373	3	1.0
5050	1374	3	1.0
5103	1381	3	1.0
4864	1382	3	1.0
5508	1383	3	1.0
5175	1385	3	1.0
4903	1386	3	1.0
4818	1387	3	1.0
4818	1442	3	1.0
5449	1389	3	1.0
5348	1390	3	1.0
4935	1392	3	1.0
4935	1592	3	1.0
5082	1397	3	1.0
5145	1401	3	1.0
5200	1402	3	1.0
5136	1407	3	1.0
4913	1408	3	1.0
4913	2077	3	1.0
5325	1413	3	1.0
5053	1414	3	1.0
4953	1416	3	1.0
5591	1418	3	1.0
5604	1420	3	1.0
5344	1422	3	1.0
4789	1424	3	1.0
5251	1427	3	1.0
5133	1433	3	1.0
5062	1437	3	1.0
5062	1800	3	1.0
5319	1440	3	1.0
5607	1441	3	1.0
5538	1452	3	1.0
5563	1459	3	1.0
5084	1462	3	1.0
4754	1463	3	1.0
4754	1959	3	1.0
5177	1464	3	1.0
5435	1465	3	1.0
5435	2087	3	1.0
4868	1467	3	1.0
4868	1558	3	1.0
5311	1471	3	1.0
4979	1472	3	1.0
5641	1476	3	1.0
5641	1683	3	1.0
5641	1924	3	1.0
5641	2043	3	1.0
5641	2055	3	1.0
5641	2059	3	1.0
5406	1477	3	1.0
5575	1478	3	1.0
5638	1480	3	1.0
5546	1484	3	1.0
5071	1492	3	1.0
5246	1495	3	1.0
5589	1496	3	1.0
5083	1500	3	1.0
5083	1974	3	1.0
5083	1983	3	1.0
5083	2036	3	1.0
5384	1502	3	1.0
5155	1505	3	1.0
5600	1506	3	1.0
5228	1507	3	1.0
5228	1791	3	1.0
5255	1508	3	1.0
5416	1509	3	1.0
5519	1511	3	1.0
5283	1513	3	1.0
5540	1514	3	1.0
5617	1515	3	1.0
5573	1517	3	1.0
5573	1696	3	1.0
4831	1519	3	1.0
4758	1521	3	1.0
5354	1522	3	1.0
4857	1524	3	1.0
4857	1963	3	1.0
5380	1525	3	1.0
5380	1868	3	1.0
5234	1526	3	1.0
5234	2094	3	1.0
5089	1527	3	1.0
5220	1529	3	1.0
4967	1530	3	1.0
5357	1533	3	1.0
5623	1535	3	1.0
5636	1536	3	1.0
5007	1537	3	1.0
5007	1595	3	1.0
5007	1788	3	1.0
5007	1827	3	1.0
4869	1542	3	1.0
5095	1545	3	1.0
5353	1546	3	1.0
4772	1547	3	1.0
4772	1861	3	1.0
5330	1548	3	1.0
5443	1550	3	1.0
5515	1553	3	1.0
5355	1554	3	1.0
5315	1555	3	1.0
5547	1557	3	1.0
5547	1846	3	1.0
5202	1559	3	1.0
4889	1560	3	1.0
4765	1561	3	1.0
5253	1562	3	1.0
5240	1563	3	1.0
5240	1919	3	1.0
5433	1566	3	1.0
4991	1568	3	1.0
5364	1569	3	1.0
5254	1570	3	1.0
5030	1571	3	1.0
4966	1572	3	1.0
4963	1574	3	1.0
4803	1579	3	1.0
4803	1953	3	1.0
5437	1580	3	1.0
5437	1669	3	1.0
5437	1883	3	1.0
5437	1891	3	1.0
4951	1582	3	1.0
5147	1583	3	1.0
5480	1584	3	1.0
5055	1587	3	1.0
5213	1605	3	1.0
5324	1610	3	1.0
5072	1613	3	1.0
5072	2096	3	1.0
5081	1614	3	1.0
5460	1623	3	1.0
5099	1624	3	1.0
5099	1934	3	1.0
4740	1625	3	1.0
4846	1626	3	1.0
4846	1910	3	1.0
4920	1631	3	1.0
5441	1632	3	1.0
5350	1634	3	1.0
4844	1635	3	1.0
4844	1915	3	1.0
5500	1639	3	1.0
5595	1640	3	1.0
5595	2080	3	1.0
5419	1644	3	1.0
5502	1648	3	1.0
5447	1649	3	1.0
5447	1810	3	1.0
5447	1955	3	1.0
5447	2078	3	1.0
4960	1650	3	1.0
5298	1651	3	1.0
5117	1653	3	1.0
5117	1940	3	1.0
5117	2025	3	1.0
5505	1663	3	1.0
5216	1677	3	1.0
5304	1679	3	1.0
4767	1681	3	1.0
4821	1682	3	1.0
4976	1686	3	1.0
4976	1805	3	1.0
5306	1693	3	1.0
5321	1700	3	1.0
5314	1703	3	1.0
5521	1707	3	1.0
4853	1709	3	1.0
4993	1715	3	1.0
5618	1717	3	1.0
5618	1932	3	1.0
5618	1964	3	1.0
5618	1966	3	1.0
5118	1718	3	1.0
5154	1719	3	1.0
5038	1722	3	1.0
4807	1726	3	1.0
4851	1730	3	1.0
5132	1731	3	1.0
4867	1734	3	1.0
4989	1735	3	1.0
4989	2074	3	1.0
4813	1736	3	1.0
5276	1740	3	1.0
5545	1744	3	1.0
4959	1745	3	1.0
5034	1746	3	1.0
5034	1813	3	1.0
5233	1747	3	1.0
5442	1750	3	1.0
4822	1751	3	1.0
4896	1753	3	1.0
5160	1758	3	1.0
5160	2057	3	1.0
5586	1759	3	1.0
5356	1760	3	1.0
4946	1761	3	1.0
4946	1859	3	1.0
5104	1763	3	1.0
5570	1765	3	1.0
5418	1766	3	1.0
5097	1768	3	1.0
4952	1769	3	1.0
5069	1771	3	1.0
4811	1772	3	1.0
5444	1773	3	1.0
5156	1774	3	1.0
5156	1997	3	1.0
5453	1776	3	1.0
4839	1777	3	1.0
5594	1782	3	1.0
5369	1785	3	1.0
5367	1787	3	1.0
5176	1793	3	1.0
5438	1794	3	1.0
5438	2093	3	1.0
4893	1797	3	1.0
5141	1798	3	1.0
5141	2054	3	1.0
5141	2091	3	1.0
5271	1799	3	1.0
5427	1803	3	1.0
5100	1804	3	1.0
4792	1808	3	1.0
5468	1809	3	1.0
5022	1811	3	1.0
5630	1812	3	1.0
5201	1815	3	1.0
5056	1816	3	1.0
5172	1818	3	1.0
5514	1819	3	1.0
5577	1820	3	1.0
5577	1873	3	1.0
5272	1821	3	1.0
5249	1824	3	1.0
5045	1830	3	1.0
4824	1833	3	1.0
5347	1835	3	1.0
5347	1976	3	1.0
5028	1836	3	1.0
5014	1837	3	1.0
4957	1843	3	1.0
4756	1844	3	1.0
5227	1845	3	1.0
5451	1847	3	1.0
5287	1848	3	1.0
5613	1857	3	1.0
5305	1862	3	1.0
5106	1864	3	1.0
4988	1865	3	1.0
4781	1869	3	1.0
5165	1870	3	1.0
5339	1872	3	1.0
5294	1874	3	1.0
5490	1875	3	1.0
5110	1886	3	1.0
4880	1887	3	1.0
5328	1892	3	1.0
4901	1900	3	1.0
5042	1902	3	1.0
5619	1904	3	1.0
4987	1906	3	1.0
4838	1907	3	1.0
4816	1908	3	1.0
5239	1911	3	1.0
4874	1913	3	1.0
4927	1914	3	1.0
5486	1916	3	1.0
5129	1918	3	1.0
5616	1926	3	1.0
5616	1987	3	1.0
5566	1928	3	1.0
5191	1936	3	1.0
5608	1938	3	1.0
5131	1939	3	1.0
4886	1941	3	1.0
5113	1945	3	1.0
5391	1949	3	1.0
5098	1950	3	1.0
5551	1962	3	1.0
5581	1965	3	1.0
5168	1968	3	1.0
4736	1969	3	1.0
4793	1970	3	1.0
5297	1972	3	1.0
5197	1973	3	1.0
5602	1975	3	1.0
5001	1980	3	1.0
4787	1981	3	1.0
5032	1982	3	1.0
5153	1986	3	1.0
5190	1990	3	1.0
5598	1993	3	1.0
5148	1994	3	1.0
4766	2003	3	1.0
5318	2004	3	1.0
5111	2005	3	1.0
5582	2006	3	1.0
4782	2008	3	1.0
5109	2010	3	1.0
4961	2013	3	1.0
5518	2016	3	1.0
5555	2018	3	1.0
5329	2021	3	1.0
5307	2024	3	1.0
5533	2026	3	1.0
5398	2027	3	1.0
5375	2030	3	1.0
4865	2032	3	1.0
4760	2033	3	1.0
5018	2034	3	1.0
4815	2035	3	1.0
5277	2039	3	1.0
5076	2040	3	1.0
5312	2044	3	1.0
4858	2051	3	1.0
4897	2056	3	1.0
4819	2063	3	1.0
4907	2069	3	1.0
4806	2070	3	1.0
5023	2073	3	1.0
5333	2075	3	1.0
4751	2076	3	1.0
5174	2081	3	1.0
5063	2082	3	1.0
5379	2083	3	1.0
5265	2084	3	1.0
5596	2085	3	1.0
5263	2086	3	1.0
4859	2088	3	1.0
5343	2090	3	1.0
4778	2092	3	1.0
5207	2098	3	1.0
4909	2099	3	1.0
