0	4334	0	1.0
0	3420	0	1.0
0	5478	0	1.0
1	3841	0	1.0
1	5529	0	1.0
1	3348	0	1.0
2	2800	0	1.0
2	3947	0	1.0
2	6138	0	1.0
3	2835	0	1.0
3	4622	0	1.0
3	5206	0	1.0
4	2399	0	1.0
4	4603	0	1.0
4	4398	0	1.0
5	2247	0	1.0
5	5336	0	1.0
5	4651	0	1.0
6	3166	0	1.0
6	5295	0	1.0
6	5909	0	1.0
7	3309	0	1.0
7	4151	0	1.0
7	2183	0	1.0
8	2377	0	1.0
8	2378	0	1.0
8	5520	0	1.0
9	2694	0	1.0
9	3513	0	1.0
9	5005	0	1.0
10	4436	0	1.0
10	5045	0	1.0
10	5200	0	1.0
11	4297	0	1.0
11	4591	0	1.0
11	4827	0	1.0
12	3245	0	1.0
12	5374	0	1.0
12	4167	0	1.0
13	4891	0	1.0
13	5418	0	1.0
13	5377	0	1.0
14	5016	0	1.0
14	5249	0	1.0
14	3987	0	1.0
15	5895	0	1.0
15	5498	0	1.0
15	2250	0	1.0
16	4936	0	1.0
16	2295	0	1.0
16	4680	0	1.0
17	4692	0	1.0
17	4744	0	1.0
17	4848	0	1.0
18	5212	0	1.0
18	4176	0	1.0
18	4055	0	1.0
19	2247	0	1.0
19	4838	0	1.0
19	3287	0	1.0
20	4468	0	1.0
20	4158	0	1.0
20	2982	0	1.0
21	4002	0	1.0
21	5563	0	1.0
21	5645	0	1.0
22	4414	0	1.0
22	5856	0	1.0
22	3724	0	1.0
23	3327	0	1.0
23	3661	0	1.0
23	4687	0	1.0
24	2689	0	1.0
24	3343	0	1.0
24	4196	0	1.0
25	5568	0	1.0
25	2721	0	1.0
25	4250	0	1.0
26	5818	0	1.0
26	3049	0	1.0
26	3082	0	1.0
27	3169	0	1.0
27	4537	0	1.0
27	4782	0	1.0
28	5179	0	1.0
28	2919	0	1.0
28	4594	0	1.0
29	2377	0	1.0
29	4855	0	1.0
29	5839	0	1.0
30	4459	0	1.0
30	2427	0	1.0
30	4409	0	1.0
31	3305	0	1.0
31	5415	0	1.0
31	5694	0	1.0
32	2308	0	1.0
32	4805	0	1.0
32	4231	0	1.0
33	2207	0	1.0
33	3172	0	1.0
33	4183	0	1.0
34	3790	0	1.0
34	4772	0	1.0
34	5719	0	1.0
35	2983	0	1.0
35	4799	0	1.0
35	5945	0	1.0
36	5451	0	1.0
36	3655	0	1.0
36	3022	0	1.0
37	5734	0	1.0
37	3898	0	1.0
37	4902	0	1.0
38	4505	0	1.0
38	5542	0	1.0
38	5952	0	1.0
39	5482	0	1.0
39	2805	0	1.0
39	3968	0	1.0
40	5016	0	1.0
40	5419	0	1.0
40	4788	0	1.0
41	2385	0	1.0
41	2803	0	1.0
41	4521	0	1.0
42	3287	0	1.0
42	4071	0	1.0
42	4823	0	1.0
43	3895	0	1.0
43	5888	0	1.0
43	4679	0	1.0
44	3688	0	1.0
44	2947	0	1.0
44	2708	0	1.0
45	5296	0	1.0
45	5183	0	1.0
45	2355	0	1.0
46	5915	0	1.0
46	4085	0	1.0
46	4042	0	1.0
47	2797	0	1.0
47	4264	0	1.0
47	4538	0	1.0
48	4471	0	1.0
48	2260	0	1.0
48	5275	0	1.0
49	4436	0	1.0
49	4995	0	1.0
49	6054	0	1.0
50	2919	0	1.0
50	5926	0	1.0
50	3728	0	1.0
51	2352	0	1.0
51	3236	0	1.0
51	2615	0	1.0
52	5016	0	1.0
52	4414	0	1.0
52	5232	0	1.0
53	2949	0	1.0
53	5981	0	1.0
53	5143	0	1.0
54	3613	0	1.0
54	4269	0	1.0
54	5585	0	1.0
55	2529	0	1.0
55	2272	0	1.0
55	5934	0	1.0
56	6077	0	1.0
56	5400	0	1.0
56	2764	0	1.0
57	4993	0	1.0
57	4007	0	1.0
57	4523	0	1.0
58	5236	0	1.0
58	6146	0	1.0
58	3407	0	1.0
59	2547	0	1.0
59	2707	0	1.0
59	5614	0	1.0
60	3882	0	1.0
60	3373	0	1.0
60	5919	0	1.0
61	5888	0	1.0
61	2352	0	1.0
61	4987	0	1.0
62	5268	0	1.0
62	4474	0	1.0
62	4632	0	1.0
63	4351	0	1.0
63	2575	0	1.0
63	5917	0	1.0
64	5016	0	1.0
64	3976	0	1.0
64	4224	0	1.0
65	3308	0	1.0
65	4956	0	1.0
65	4787	0	1.0
66	5498	0	1.0
66	2772	0	1.0
66	2368	0	1.0
67	2836	0	1.0
67	3050	0	1.0
67	5771	0	1.0
68	4770	0	1.0
68	5424	0	1.0
68	2838	0	1.0
69	4933	0	1.0
69	4729	0	1.0
69	3134	0	1.0
70	2496	0	1.0
70	3673	0	1.0
70	5024	0	1.0
71	2949	0	1.0
71	3132	0	1.0
71	2807	0	1.0
72	2575	0	1.0
72	2580	0	1.0
72	4669	0	1.0
73	2751	0	1.0
73	2917	0	1.0
73	2981	0	1.0
74	4586	0	1.0
74	3554	0	1.0
74	5061	0	1.0
75	5374	0	1.0
75	2745	0	1.0
75	3422	0	1.0
76	4142	0	1.0
76	3409	0	1.0
76	5555	0	1.0
77	4262	0	1.0
77	4763	0	1.0
77	4237	0	1.0
78	3782	0	1.0
78	5960	0	1.0
78	4206	0	1.0
79	4085	0	1.0
79	4843	0	1.0
79	6117	0	1.0
80	2337	0	1.0
80	3354	0	1.0
80	5775	0	1.0
81	2272	0	1.0
81	5059	0	1.0
81	5886	0	1.0
82	4347	0	1.0
82	2935	0	1.0
82	4289	0	1.0
83	4351	0	1.0
83	3620	0	1.0
83	3684	0	1.0
84	4850	0	1.0
84	4214	0	1.0
84	4811	0	1.0
85	2256	0	1.0
85	5636	0	1.0
85	4619	0	1.0
86	5734	0	1.0
86	3440	0	1.0
86	2446	0	1.0
87	3840	0	1.0
87	4817	0	1.0
87	5323	0	1.0
88	3804	0	1.0
88	4644	0	1.0
88	2998	0	1.0
89	2664	0	1.0
89	5129	0	1.0
89	5287	0	1.0
90	3976	0	1.0
90	4206	0	1.0
90	3638	0	1.0
91	2423	0	1.0
91	6126	0	1.0
91	3426	0	1.0
92	2949	0	1.0
92	4253	0	1.0
92	5646	0	1.0
93	4906	0	1.0
93	4163	0	1.0
93	5629	0	1.0
94	3080	0	1.0
94	4195	0	1.0
94	4316	0	1.0
95	3681	0	1.0
95	2267	0	1.0
95	5257	0	1.0
96	2420	0	1.0
96	3081	0	1.0
96	4280	0	1.0
97	4071	0	1.0
97	2555	0	1.0
97	4674	0	1.0
98	4214	0	1.0
98	3725	0	1.0
98	2656	0	1.0
99	5798	0	1.0
99	3658	0	1.0
99	4312	0	1.0
100	3513	0	1.0
100	5926	0	1.0
100	5916	0	1.0
101	2496	0	1.0
101	3641	0	1.0
101	4797	0	1.0
102	2629	0	1.0
102	5318	0	1.0
102	4156	0	1.0
103	2661	0	1.0
103	2210	0	1.0
103	5782	0	1.0
104	4334	0	1.0
104	5507	0	1.0
104	5146	0	1.0
105	6117	0	1.0
105	5761	0	1.0
105	3398	0	1.0
106	2913	0	1.0
106	3915	0	1.0
106	5505	0	1.0
107	2676	0	1.0
107	4440	0	1.0
107	5988	0	1.0
108	2900	0	1.0
108	5265	0	1.0
108	5009	0	1.0
109	2430	0	1.0
109	2201	0	1.0
109	4759	0	1.0
110	4519	0	1.0
110	2601	0	1.0
110	2477	0	1.0
111	5905	0	1.0
111	3985	0	1.0
111	4645	0	1.0
112	2337	0	1.0
112	5508	0	1.0
112	5289	0	1.0
113	2741	0	1.0
113	5425	0	1.0
113	4309	0	1.0
114	3124	0	1.0
114	4853	0	1.0
114	4373	0	1.0
115	3346	0	1.0
115	2646	0	1.0
115	5526	0	1.0
116	5374	0	1.0
116	5895	0	1.0
116	2947	0	1.0
117	3308	0	1.0
117	3997	0	1.0
117	4286	0	1.0
118	5995	0	1.0
118	3138	0	1.0
118	4281	0	1.0
119	5727	0	1.0
119	3836	0	1.0
119	3896	0	1.0
120	2735	0	1.0
120	4542	0	1.0
120	4608	0	1.0
121	2417	0	1.0
121	2784	0	1.0
121	3955	0	1.0
122	3176	0	1.0
122	5695	0	1.0
122	3583	0	1.0
123	3202	0	1.0
123	5987	0	1.0
123	3639	0	1.0
124	4687	0	1.0
124	3897	0	1.0
124	6048	0	1.0
125	2666	0	1.0
125	2178	0	1.0
125	3934	0	1.0
126	4332	0	1.0
126	5359	0	1.0
126	5633	0	1.0
127	4799	0	1.0
127	3886	0	1.0
127	2724	0	1.0
128	3912	0	1.0
128	5307	0	1.0
128	5852	0	1.0
129	2980	0	1.0
129	3774	0	1.0
129	5365	0	1.0
130	4567	0	1.0
130	6043	0	1.0
130	5109	0	1.0
131	2817	0	1.0
131	3849	0	1.0
131	5081	0	1.0
132	3943	0	1.0
132	4583	0	1.0
132	5932	0	1.0
133	4925	0	1.0
133	4301	0	1.0
133	4457	0	1.0
134	5525	0	1.0
134	3606	0	1.0
134	3235	0	1.0
135	5482	0	1.0
135	2920	0	1.0
135	2283	0	1.0
136	6041	0	1.0
136	3314	0	1.0
136	5157	0	1.0
137	5059	0	1.0
137	3781	0	1.0
137	3875	0	1.0
138	6077	0	1.0
138	2985	0	1.0
138	2814	0	1.0
139	2282	0	1.0
139	4697	0	1.0
139	3336	0	1.0
140	4291	0	1.0
140	3888	0	1.0
140	4691	0	1.0
141	3148	0	1.0
141	4934	0	1.0
141	5991	0	1.0
142	2612	0	1.0
142	4512	0	1.0
142	5607	0	1.0
143	5792	0	1.0
143	2196	0	1.0
143	4589	0	1.0
144	2411	0	1.0
144	3592	0	1.0
144	2520	0	1.0
145	2630	0	1.0
145	2658	0	1.0
145	4596	0	1.0
146	2642	0	1.0
146	3467	0	1.0
146	2787	0	1.0
147	5856	0	1.0
147	4388	0	1.0
147	4767	0	1.0
148	6001	0	1.0
148	2723	0	1.0
148	4284	0	1.0
149	3176	0	1.0
149	2453	0	1.0
149	4462	0	1.0
150	2479	0	1.0
150	3084	0	1.0
150	4046	0	1.0
151	4993	0	1.0
151	3602	0	1.0
151	5242	0	1.0
152	3132	0	1.0
152	4142	0	1.0
152	2815	0	1.0
153	3956	0	1.0
153	4607	0	1.0
153	6091	0	1.0
154	2909	0	1.0
154	2926	0	1.0
154	3103	0	1.0
155	2784	0	1.0
155	5148	0	1.0
155	3718	0	1.0
156	5129	0	1.0
156	2234	0	1.0
156	3917	0	1.0
157	5129	0	1.0
157	6023	0	1.0
157	2908	0	1.0
158	3241	0	1.0
158	5463	0	1.0
158	3768	0	1.0
159	2618	0	1.0
159	3083	0	1.0
159	3514	0	1.0
160	4120	0	1.0
160	2606	0	1.0
160	2711	0	1.0
161	3813	0	1.0
161	2954	0	1.0
161	2806	0	1.0
162	3804	0	1.0
162	4569	0	1.0
162	3573	0	1.0
163	5375	0	1.0
163	5973	0	1.0
163	4725	0	1.0
164	3241	0	1.0
164	5463	0	1.0
164	3768	0	1.0
165	3584	0	1.0
165	3786	0	1.0
165	5809	0	1.0
166	5926	0	1.0
166	4214	0	1.0
166	2255	0	1.0
167	2417	0	1.0
167	4162	0	1.0
167	4408	0	1.0
168	4719	0	1.0
168	3019	0	1.0
168	5519	0	1.0
169	4319	0	1.0
169	3410	0	1.0
169	5426	0	1.0
170	5408	0	1.0
170	4115	0	1.0
170	4358	0	1.0
171	4884	0	1.0
171	4405	0	1.0
171	5841	0	1.0
172	2668	0	1.0
172	3570	0	1.0
172	3603	0	1.0
173	3790	0	1.0
173	2777	0	1.0
173	3746	0	1.0
174	5157	0	1.0
174	3355	0	1.0
174	5240	0	1.0
175	5148	0	1.0
175	4650	0	1.0
175	5428	0	1.0
176	3229	0	1.0
176	2687	0	1.0
176	2532	0	1.0
177	3473	0	1.0
177	2473	0	1.0
177	5241	0	1.0
178	2575	0	1.0
178	2555	0	1.0
178	2666	0	1.0
179	2903	0	1.0
179	3393	0	1.0
179	6040	0	1.0
180	4269	0	1.0
180	3893	0	1.0
180	3770	0	1.0
181	3717	0	1.0
181	4618	0	1.0
181	5600	0	1.0
182	4447	0	1.0
182	5145	0	1.0
182	2394	0	1.0
183	5686	0	1.0
183	4916	0	1.0
183	2388	0	1.0
184	3410	0	1.0
184	4423	0	1.0
184	3013	0	1.0
185	2649	0	1.0
185	3439	0	1.0
185	3338	0	1.0
186	2329	0	1.0
186	2589	0	1.0
186	4188	0	1.0
187	2544	0	1.0
187	2557	0	1.0
187	3991	0	1.0
188	3757	0	1.0
188	3110	0	1.0
188	3116	0	1.0
189	5562	0	1.0
189	4288	0	1.0
189	2853	0	1.0
190	4836	0	1.0
190	6037	0	1.0
190	3577	0	1.0
191	3757	0	1.0
191	4889	0	1.0
191	3850	0	1.0
192	2331	0	1.0
192	2333	0	1.0
192	5970	0	1.0
193	2911	0	1.0
193	5108	0	1.0
193	4597	0	1.0
194	3725	0	1.0
194	2354	0	1.0
194	2962	0	1.0
195	6077	0	1.0
195	3804	0	1.0
195	5949	0	1.0
196	4884	0	1.0
196	4159	0	1.0
196	3180	0	1.0
197	5016	0	1.0
197	4414	0	1.0
197	5232	0	1.0
198	5386	0	1.0
198	4429	0	1.0
198	5458	0	1.0
199	3220	0	1.0
199	2294	0	1.0
199	5961	0	1.0
200	4085	0	1.0
200	2331	0	1.0
200	5940	0	1.0
201	5915	0	1.0
201	3134	0	1.0
201	3840	0	1.0
202	6036	0	1.0
202	3379	0	1.0
202	3887	0	1.0
203	4674	0	1.0
203	2635	0	1.0
203	4204	0	1.0
204	3665	0	1.0
204	4616	0	1.0
204	4503	0	1.0
205	5960	0	1.0
205	6117	0	1.0
205	3116	0	1.0
206	4468	0	1.0
206	4971	0	1.0
206	5622	0	1.0
207	2857	0	1.0
207	2750	0	1.0
207	4088	0	1.0
208	5067	0	1.0
208	2319	0	1.0
208	5407	0	1.0
209	2764	0	1.0
209	3649	0	1.0
209	2414	0	1.0
210	3918	0	1.0
210	2970	0	1.0
210	2384	0	1.0
211	6000	0	1.0
211	4972	0	1.0
211	4562	0	1.0
212	5446	0	1.0
212	5700	0	1.0
212	5972	0	1.0
213	5686	0	1.0
213	4916	0	1.0
213	5903	0	1.0
214	3023	0	1.0
214	4182	0	1.0
214	4860	0	1.0
215	6028	0	1.0
215	5754	0	1.0
215	3988	0	1.0
216	5064	0	1.0
216	3299	0	1.0
216	5159	0	1.0
217	5826	0	1.0
217	3716	0	1.0
217	4172	0	1.0
218	3976	0	1.0
218	2727	0	1.0
218	5549	0	1.0
219	5074	0	1.0
219	2928	0	1.0
219	5816	0	1.0
220	5870	0	1.0
220	4901	0	1.0
220	2497	0	1.0
221	3887	0	1.0
221	6045	0	1.0
221	4302	0	1.0
222	2760	0	1.0
222	3052	0	1.0
222	4623	0	1.0
223	3765	0	1.0
223	2659	0	1.0
223	6106	0	1.0
224	4770	0	1.0
224	3398	0	1.0
224	4366	0	1.0
225	2720	0	1.0
225	4861	0	1.0
225	5484	0	1.0
226	3564	0	1.0
226	5814	0	1.0
226	3215	0	1.0
227	5438	0	1.0
227	4139	0	1.0
227	3796	0	1.0
228	4569	0	1.0
228	2742	0	1.0
228	3144	0	1.0
229	5829	0	1.0
229	5922	0	1.0
229	5738	0	1.0
230	2555	0	1.0
230	5841	0	1.0
230	5786	0	1.0
231	5910	0	1.0
231	5923	0	1.0
231	2216	0	1.0
232	2791	0	1.0
232	5161	0	1.0
232	5669	0	1.0
233	4305	0	1.0
233	5180	0	1.0
233	2440	0	1.0
234	2913	0	1.0
234	3892	0	1.0
234	3137	0	1.0
235	5940	0	1.0
235	4261	0	1.0
235	3671	0	1.0
236	4347	0	1.0
236	6092	0	1.0
236	3242	0	1.0
237	2990	0	1.0
237	5072	0	1.0
237	5250	0	1.0
238	3946	0	1.0
238	4364	0	1.0
238	5020	0	1.0
239	4933	0	1.0
239	4919	0	1.0
239	2481	0	1.0
240	5442	0	1.0
240	2523	0	1.0
240	2322	0	1.0
241	2263	0	1.0
241	3256	0	1.0
241	2253	0	1.0
242	5683	0	1.0
242	2535	0	1.0
242	4450	0	1.0
243	2805	0	1.0
243	5236	0	1.0
243	6146	0	1.0
244	5265	0	1.0
244	2535	0	1.0
244	3811	0	1.0
245	3510	0	1.0
245	3556	0	1.0
245	3750	0	1.0
246	5415	0	1.0
246	2276	0	1.0
246	5789	0	1.0
247	3882	0	1.0
247	2742	0	1.0
247	3543	0	1.0
248	5819	0	1.0
248	4822	0	1.0
248	4371	0	1.0
249	4334	0	1.0
249	2831	0	1.0
249	3330	0	1.0
250	5415	0	1.0
250	2998	0	1.0
250	3936	0	1.0
251	3425	0	1.0
251	3183	0	1.0
251	4417	0	1.0
252	5374	0	1.0
252	4788	0	1.0
252	4061	0	1.0
253	4334	0	1.0
253	5374	0	1.0
253	4055	0	1.0
254	2272	0	1.0
254	2202	0	1.0
254	2891	0	1.0
255	3606	0	1.0
255	3216	0	1.0
255	4950	0	1.0
256	2207	0	1.0
256	2921	0	1.0
256	2325	0	1.0
257	3196	0	1.0
257	5251	0	1.0
257	6042	0	1.0
258	5374	0	1.0
258	3813	0	1.0
258	5787	0	1.0
259	2811	0	1.0
259	4793	0	1.0
259	3975	0	1.0
260	2411	0	1.0
260	3763	0	1.0
260	2343	0	1.0
261	3308	0	1.0
261	2555	0	1.0
261	2604	0	1.0
262	5148	0	1.0
262	4447	0	1.0
262	6102	0	1.0
263	3305	0	1.0
263	3242	0	1.0
263	5675	0	1.0
264	3561	0	1.0
264	5298	0	1.0
264	2570	0	1.0
265	5761	0	1.0
265	3781	0	1.0
265	4965	0	1.0
266	4130	0	1.0
266	3734	0	1.0
266	2885	0	1.0
267	4304	0	1.0
267	3458	0	1.0
267	4869	0	1.0
268	3116	0	1.0
268	3731	0	1.0
268	3654	0	1.0
269	3804	0	1.0
269	5858	0	1.0
269	2541	0	1.0
270	4459	0	1.0
270	3828	0	1.0
270	2287	0	1.0
271	4167	0	1.0
271	4042	0	1.0
271	3134	0	1.0
272	5478	0	1.0
272	2263	0	1.0
272	5469	0	1.0
273	3544	0	1.0
273	2200	0	1.0
273	2718	0	1.0
274	4457	0	1.0
274	5872	0	1.0
274	4185	0	1.0
275	2741	0	1.0
275	3606	0	1.0
275	3918	0	1.0
276	4731	0	1.0
276	3940	0	1.0
276	5597	0	1.0
277	2871	0	1.0
277	3364	0	1.0
277	4547	0	1.0
278	5525	0	1.0
278	2304	0	1.0
278	5068	0	1.0
279	4805	0	1.0
279	4896	0	1.0
279	4913	0	1.0
280	2532	0	1.0
280	2604	0	1.0
280	4236	0	1.0
281	2845	0	1.0
281	2619	0	1.0
281	5248	0	1.0
282	5562	0	1.0
282	4641	0	1.0
282	5162	0	1.0
283	3676	0	1.0
283	3842	0	1.0
283	5667	0	1.0
284	2427	0	1.0
284	2512	0	1.0
284	5196	0	1.0
285	3176	0	1.0
285	5018	0	1.0
285	5030	0	1.0
286	4313	0	1.0
286	5444	0	1.0
286	4128	0	1.0
287	2319	0	1.0
287	5877	0	1.0
287	3018	0	1.0
288	6092	0	1.0
288	5683	0	1.0
288	4092	0	1.0
289	4254	0	1.0
289	3209	0	1.0
289	3397	0	1.0
290	6078	0	1.0
290	4242	0	1.0
290	4992	0	1.0
291	4423	0	1.0
291	5877	0	1.0
291	2872	0	1.0
292	5478	0	1.0
292	2518	0	1.0
292	2389	0	1.0
293	6081	0	1.0
293	4548	0	1.0
293	2240	0	1.0
294	5102	0	1.0
294	3484	0	1.0
294	3838	0	1.0
295	3918	0	1.0
295	2833	0	1.0
295	2633	0	1.0
296	3625	0	1.0
296	3074	0	1.0
296	3491	0	1.0
297	5204	0	1.0
297	3657	0	1.0
297	5031	0	1.0
298	3602	0	1.0
298	5350	0	1.0
298	3240	0	1.0
299	2696	0	1.0
299	5202	0	1.0
299	6139	0	1.0
300	2857	0	1.0
300	2199	0	1.0
300	2217	0	1.0
301	2871	0	1.0
301	2582	0	1.0
301	3377	0	1.0
302	2417	0	1.0
302	5252	0	1.0
302	3966	0	1.0
303	2306	0	1.0
303	3969	0	1.0
303	3001	0	1.0
304	6029	0	1.0
304	5921	0	1.0
304	4290	0	1.0
305	3875	0	1.0
305	2263	0	1.0
305	2605	0	1.0
306	4298	0	1.0
306	4247	0	1.0
306	5528	0	1.0
307	6117	0	1.0
307	4383	0	1.0
307	4792	0	1.0
308	5344	0	1.0
308	5235	0	1.0
308	3004	0	1.0
309	5645	0	1.0
309	2742	0	1.0
309	3761	0	1.0
310	2661	0	1.0
310	2815	0	1.0
310	3261	0	1.0
311	5374	0	1.0
311	3956	0	1.0
311	2578	0	1.0
312	5734	0	1.0
312	3875	0	1.0
312	5204	0	1.0
313	4176	0	1.0
313	5485	0	1.0
313	4844	0	1.0
314	3040	0	1.0
314	4311	0	1.0
314	4833	0	1.0
315	2387	0	1.0
315	2443	0	1.0
315	2984	0	1.0
316	3987	0	1.0
316	3782	0	1.0
316	4656	0	1.0
317	4468	0	1.0
317	6045	0	1.0
317	2577	0	1.0
318	5926	0	1.0
318	2913	0	1.0
318	5465	0	1.0
319	4505	0	1.0
319	4987	0	1.0
319	5870	0	1.0
320	2412	0	1.0
320	3277	0	1.0
320	3322	0	1.0
321	5485	0	1.0
321	5977	0	1.0
321	3146	0	1.0
322	3308	0	1.0
322	2604	0	1.0
322	4116	0	1.0
323	3725	0	1.0
323	6143	0	1.0
323	2585	0	1.0
324	3584	0	1.0
324	4711	0	1.0
324	5844	0	1.0
325	4383	0	1.0
325	4831	0	1.0
325	2922	0	1.0
326	2180	0	1.0
326	5777	0	1.0
326	4737	0	1.0
327	4450	0	1.0
327	3218	0	1.0
327	3574	0	1.0
328	4823	0	1.0
328	4644	0	1.0
328	5408	0	1.0
329	5375	0	1.0
329	4386	0	1.0
329	2934	0	1.0
330	3440	0	1.0
330	6045	0	1.0
330	3262	0	1.0
331	5377	0	1.0
331	4956	0	1.0
331	4394	0	1.0
332	5062	0	1.0
332	2225	0	1.0
332	2812	0	1.0
333	2427	0	1.0
333	4956	0	1.0
333	3370	0	1.0
334	2777	0	1.0
334	2369	0	1.0
334	2771	0	1.0
335	5859	0	1.0
335	3250	0	1.0
335	4568	0	1.0
336	2954	0	1.0
336	5085	0	1.0
336	4882	0	1.0
337	4759	0	1.0
337	5033	0	1.0
337	3281	0	1.0
338	4956	0	1.0
338	2606	0	1.0
338	5680	0	1.0
339	2339	0	1.0
339	4186	0	1.0
339	5863	0	1.0
340	3514	0	1.0
340	2578	0	1.0
340	3260	0	1.0
341	2645	0	1.0
341	3578	0	1.0
341	5460	0	1.0
342	2964	0	1.0
342	3054	0	1.0
342	3024	0	1.0
343	5734	0	1.0
343	5960	0	1.0
343	2546	0	1.0
344	2791	0	1.0
344	5230	0	1.0
344	5557	0	1.0
345	5570	0	1.0
345	3106	0	1.0
345	4434	0	1.0
346	4340	0	1.0
346	4967	0	1.0
346	6047	0	1.0
347	5032	0	1.0
347	5167	0	1.0
347	5554	0	1.0
348	4811	0	1.0
348	3044	0	1.0
348	3727	0	1.0
349	2855	0	1.0
349	2927	0	1.0
349	3526	0	1.0
350	3897	0	1.0
350	6070	0	1.0
350	2474	0	1.0
351	2247	0	1.0
351	2757	0	1.0
351	5953	0	1.0
352	3237	0	1.0
352	5985	0	1.0
352	3255	0	1.0
353	4247	0	1.0
353	5723	0	1.0
353	3459	0	1.0
354	2407	0	1.0
354	3414	0	1.0
354	3598	0	1.0
355	5377	0	1.0
355	4773	0	1.0
355	2565	0	1.0
356	2664	0	1.0
356	4535	0	1.0
356	5752	0	1.0
357	3004	0	1.0
357	2562	0	1.0
357	6125	0	1.0
358	5517	0	1.0
358	3145	0	1.0
358	4482	0	1.0
359	2555	0	1.0
359	2810	0	1.0
359	6110	0	1.0
360	2757	0	1.0
360	4708	0	1.0
360	4300	0	1.0
361	3606	0	1.0
361	2630	0	1.0
361	4438	0	1.0
362	4351	0	1.0
362	2234	0	1.0
362	2441	0	1.0
363	3089	0	1.0
363	2501	0	1.0
363	5627	0	1.0
364	4933	0	1.0
364	3410	0	1.0
364	2899	0	1.0
365	2671	0	1.0
365	3865	0	1.0
365	3913	0	1.0
366	2397	0	1.0
366	2484	0	1.0
366	5560	0	1.0
367	3435	0	1.0
367	2415	0	1.0
367	4507	0	1.0
368	3824	0	1.0
368	4147	0	1.0
368	3629	0	1.0
369	4678	0	1.0
369	2363	0	1.0
369	3994	0	1.0
370	4473	0	1.0
370	5133	0	1.0
370	4054	0	1.0
371	4700	0	1.0
371	2816	0	1.0
371	2755	0	1.0
372	5905	0	1.0
372	5910	0	1.0
372	5718	0	1.0
373	4434	0	1.0
373	3200	0	1.0
373	4588	0	1.0
374	2630	0	1.0
374	5787	0	1.0
374	2818	0	1.0
375	3613	0	1.0
375	4413	0	1.0
375	2808	0	1.0
376	3142	0	1.0
376	2490	0	1.0
376	2722	0	1.0
377	5173	0	1.0
377	4240	0	1.0
377	5784	0	1.0
378	3235	0	1.0
378	3803	0	1.0
378	5210	0	1.0
379	5605	0	1.0
379	4338	0	1.0
379	5774	0	1.0
380	6077	0	1.0
380	4925	0	1.0
380	3261	0	1.0
381	4788	0	1.0
381	3956	0	1.0
381	5056	0	1.0
382	5202	0	1.0
382	4883	0	1.0
382	5642	0	1.0
383	4311	0	1.0
383	3816	0	1.0
383	4756	0	1.0
384	4880	0	1.0
384	3532	0	1.0
384	5417	0	1.0
385	4066	0	1.0
385	2323	0	1.0
385	6049	0	1.0
386	4925	0	1.0
386	5978	0	1.0
386	2716	0	1.0
387	2343	0	1.0
387	4558	0	1.0
387	4372	0	1.0
388	4471	0	1.0
388	2331	0	1.0
388	5219	0	1.0
389	3979	0	1.0
389	4467	0	1.0
389	5089	0	1.0
390	5374	0	1.0
390	4689	0	1.0
390	4497	0	1.0
391	2304	0	1.0
391	3122	0	1.0
391	3710	0	1.0
392	5734	0	1.0
392	6067	0	1.0
392	3275	0	1.0
393	5189	0	1.0
393	4189	0	1.0
393	4452	0	1.0
394	3425	0	1.0
394	3183	0	1.0
394	4417	0	1.0
395	2427	0	1.0
395	2633	0	1.0
395	5008	0	1.0
396	3718	0	1.0
396	4930	0	1.0
396	2802	0	1.0
397	3750	0	1.0
397	5861	0	1.0
397	5077	0	1.0
398	4703	0	1.0
398	3313	0	1.0
398	3705	0	1.0
399	4214	0	1.0
399	5033	0	1.0
399	3808	0	1.0
400	5044	0	1.0
400	5036	0	1.0
400	5626	0	1.0
401	4159	0	1.0
401	6028	0	1.0
401	5948	0	1.0
402	3138	0	1.0
402	5846	0	1.0
402	2591	0	1.0
403	2382	0	1.0
403	2703	0	1.0
403	4777	0	1.0
404	5602	0	1.0
404	5026	0	1.0
404	5898	0	1.0
405	4351	0	1.0
405	2913	0	1.0
405	4342	0	1.0
406	2858	0	1.0
406	4110	0	1.0
406	2507	0	1.0
407	4444	0	1.0
407	4203	0	1.0
407	5474	0	1.0
408	4703	0	1.0
408	3249	0	1.0
408	5535	0	1.0
409	4704	0	1.0
409	5590	0	1.0
409	5986	0	1.0
410	4257	0	1.0
410	5637	0	1.0
410	6115	0	1.0
411	4042	0	1.0
411	4219	0	1.0
411	4643	0	1.0
412	4313	0	1.0
412	4711	0	1.0
412	4038	0	1.0
413	4269	0	1.0
413	5741	0	1.0
413	3164	0	1.0
414	5289	0	1.0
414	2234	0	1.0
414	4574	0	1.0
415	2417	0	1.0
415	3763	0	1.0
415	3622	0	1.0
416	3021	0	1.0
416	3914	0	1.0
416	5037	0	1.0
417	2985	0	1.0
417	3183	0	1.0
417	3271	0	1.0
418	3132	0	1.0
418	2751	0	1.0
418	4812	0	1.0
419	2207	0	1.0
419	2917	0	1.0
419	3524	0	1.0
420	4214	0	1.0
420	2342	0	1.0
420	5726	0	1.0
421	4850	0	1.0
421	2188	0	1.0
421	3451	0	1.0
422	2919	0	1.0
422	5809	0	1.0
422	2475	0	1.0
423	2295	0	1.0
423	5859	0	1.0
423	2667	0	1.0
424	2510	0	1.0
424	4508	0	1.0
424	5807	0	1.0
425	5562	0	1.0
425	2318	0	1.0
425	5123	0	1.0
426	5408	0	1.0
426	2668	0	1.0
426	3726	0	1.0
427	4846	0	1.0
427	3835	0	1.0
427	5714	0	1.0
428	4644	0	1.0
428	4889	0	1.0
428	4965	0	1.0
429	3473	0	1.0
429	3892	0	1.0
429	2188	0	1.0
430	2247	0	1.0
430	5374	0	1.0
430	5376	0	1.0
431	5585	0	1.0
431	5844	0	1.0
431	3444	0	1.0
432	3895	0	1.0
432	4672	0	1.0
432	2644	0	1.0
433	3895	0	1.0
433	4656	0	1.0
433	4690	0	1.0
434	2635	0	1.0
434	3742	0	1.0
434	5114	0	1.0
435	5296	0	1.0
435	4956	0	1.0
435	2555	0	1.0
436	3997	0	1.0
436	5298	0	1.0
436	2669	0	1.0
437	3622	0	1.0
437	4113	0	1.0
437	2370	0	1.0
438	3236	0	1.0
438	6164	0	1.0
438	3482	0	1.0
439	4468	0	1.0
439	4085	0	1.0
439	2556	0	1.0
440	6172	0	1.0
440	2628	0	1.0
440	5592	0	1.0
441	4651	0	1.0
441	2810	0	1.0
441	3860	0	1.0
442	4770	0	1.0
442	4512	0	1.0
442	2808	0	1.0
443	4224	0	1.0
443	5457	0	1.0
443	3167	0	1.0
444	2588	0	1.0
444	2436	0	1.0
444	3292	0	1.0
445	3227	0	1.0
445	3567	0	1.0
445	2778	0	1.0
446	2936	0	1.0
446	3270	0	1.0
446	5692	0	1.0
447	6110	0	1.0
447	4689	0	1.0
447	5075	0	1.0
448	4916	0	1.0
448	6045	0	1.0
448	5806	0	1.0
449	4334	0	1.0
449	3850	0	1.0
449	5420	0	1.0
450	4239	0	1.0
450	5653	0	1.0
450	6136	0	1.0
451	3725	0	1.0
451	6043	0	1.0
451	2659	0	1.0
452	3757	0	1.0
452	4366	0	1.0
452	3042	0	1.0
453	3976	0	1.0
453	3751	0	1.0
453	2728	0	1.0
454	3746	0	1.0
454	3181	0	1.0
454	5959	0	1.0
455	4224	0	1.0
455	5950	0	1.0
455	5509	0	1.0
456	4334	0	1.0
456	5482	0	1.0
456	6077	0	1.0
457	4836	0	1.0
457	3061	0	1.0
457	4428	0	1.0
458	6001	0	1.0
458	5446	0	1.0
458	5392	0	1.0
459	5500	0	1.0
459	5594	0	1.0
459	3286	0	1.0
460	3763	0	1.0
460	4659	0	1.0
460	3488	0	1.0
461	4641	0	1.0
461	2512	0	1.0
461	4704	0	1.0
462	4127	0	1.0
462	4169	0	1.0
462	5551	0	1.0
463	5734	0	1.0
463	4902	0	1.0
463	2737	0	1.0
464	3613	0	1.0
464	5174	0	1.0
464	4226	0	1.0
465	5888	0	1.0
465	2853	0	1.0
465	5553	0	1.0
466	3306	0	1.0
466	2992	0	1.0
466	6141	0	1.0
467	4459	0	1.0
467	4765	0	1.0
467	4963	0	1.0
468	2784	0	1.0
468	5481	0	1.0
468	5136	0	1.0
469	3355	0	1.0
469	3763	0	1.0
469	4965	0	1.0
470	2283	0	1.0
470	6029	0	1.0
470	5176	0	1.0
471	4505	0	1.0
471	4213	0	1.0
471	3372	0	1.0
472	2680	0	1.0
472	3680	0	1.0
472	5857	0	1.0
473	5895	0	1.0
473	3706	0	1.0
473	3660	0	1.0
474	4891	0	1.0
474	5657	0	1.0
474	5547	0	1.0
475	3988	0	1.0
475	4025	0	1.0
475	4555	0	1.0
476	2614	0	1.0
476	3883	0	1.0
476	5027	0	1.0
477	4459	0	1.0
477	3105	0	1.0
477	4166	0	1.0
478	2210	0	1.0
478	5731	0	1.0
478	5742	0	1.0
479	2422	0	1.0
479	2974	0	1.0
479	4520	0	1.0
480	5250	0	1.0
480	3368	0	1.0
480	3474	0	1.0
481	3134	0	1.0
481	3138	0	1.0
481	4285	0	1.0
482	3297	0	1.0
482	3455	0	1.0
482	5364	0	1.0
483	4843	0	1.0
483	3473	0	1.0
483	2600	0	1.0
484	4726	0	1.0
484	3362	0	1.0
484	3594	0	1.0
485	2247	0	1.0
485	4305	0	1.0
485	4138	0	1.0
486	4457	0	1.0
486	4984	0	1.0
486	3852	0	1.0
487	3084	0	1.0
487	4682	0	1.0
487	5433	0	1.0
488	5478	0	1.0
488	5143	0	1.0
488	4251	0	1.0
489	2705	0	1.0
489	5328	0	1.0
489	5641	0	1.0
490	5985	0	1.0
490	2739	0	1.0
490	2567	0	1.0
491	5926	0	1.0
491	2903	0	1.0
491	5335	0	1.0
492	3706	0	1.0
492	3569	0	1.0
492	6035	0	1.0
493	5336	0	1.0
493	3889	0	1.0
493	3058	0	1.0
494	5374	0	1.0
494	2785	0	1.0
494	3178	0	1.0
495	4305	0	1.0
495	3328	0	1.0
495	2834	0	1.0
496	3189	0	1.0
496	2561	0	1.0
496	4893	0	1.0
497	2785	0	1.0
497	2896	0	1.0
497	2663	0	1.0
498	5455	0	1.0
498	4939	0	1.0
498	5393	0	1.0
499	2331	0	1.0
499	4971	0	1.0
499	5621	0	1.0
500	4763	0	1.0
500	4572	0	1.0
500	4370	0	1.0
501	6023	0	1.0
501	5261	0	1.0
501	2775	0	1.0
502	5298	0	1.0
502	2808	0	1.0
502	5423	0	1.0
503	5585	0	1.0
503	2748	0	1.0
503	3829	0	1.0
504	4436	0	1.0
504	4995	0	1.0
504	4335	0	1.0
505	3080	0	1.0
505	5985	0	1.0
505	5588	0	1.0
506	6028	0	1.0
506	3608	0	1.0
506	4546	0	1.0
507	2286	0	1.0
507	3826	0	1.0
507	5440	0	1.0
508	2757	0	1.0
508	2332	0	1.0
508	4118	0	1.0
509	3124	0	1.0
509	2666	0	1.0
509	4034	0	1.0
510	3013	0	1.0
510	2535	0	1.0
510	3332	0	1.0
511	4825	0	1.0
511	2284	0	1.0
511	2464	0	1.0
512	4906	0	1.0
512	2349	0	1.0
512	5753	0	1.0
513	5645	0	1.0
513	4839	0	1.0
513	4274	0	1.0
514	2647	0	1.0
514	3041	0	1.0
514	4218	0	1.0
515	3100	0	1.0
515	4329	0	1.0
515	5052	0	1.0
516	4204	0	1.0
516	3491	0	1.0
516	2549	0	1.0
517	3467	0	1.0
517	5408	0	1.0
517	2923	0	1.0
518	5607	0	1.0
518	6001	0	1.0
518	5621	0	1.0
519	3440	0	1.0
519	3629	0	1.0
519	5794	0	1.0
520	5754	0	1.0
520	5746	0	1.0
520	3922	0	1.0
521	3718	0	1.0
521	3362	0	1.0
521	5893	0	1.0
522	5418	0	1.0
522	5500	0	1.0
522	5993	0	1.0
523	5508	0	1.0
523	5612	0	1.0
523	4960	0	1.0
524	4674	0	1.0
524	4711	0	1.0
524	3569	0	1.0
525	5446	0	1.0
525	5423	0	1.0
525	3720	0	1.0
526	5736	0	1.0
526	4605	0	1.0
526	5184	0	1.0
527	3976	0	1.0
527	2315	0	1.0
527	3339	0	1.0
528	4409	0	1.0
528	5738	0	1.0
528	2419	0	1.0
529	3155	0	1.0
529	3980	0	1.0
529	5810	0	1.0
530	4960	0	1.0
530	2704	0	1.0
530	4760	0	1.0
531	2487	0	1.0
531	4818	0	1.0
531	4663	0	1.0
532	2659	0	1.0
532	3144	0	1.0
532	6078	0	1.0
533	3757	0	1.0
533	2688	0	1.0
533	3470	0	1.0
534	4386	0	1.0
534	5037	0	1.0
534	2340	0	1.0
535	2917	0	1.0
535	2773	0	1.0
535	5118	0	1.0
536	3843	0	1.0
536	4108	0	1.0
536	3246	0	1.0
537	2529	0	1.0
537	3522	0	1.0
537	4380	0	1.0
538	3655	0	1.0
538	3886	0	1.0
538	3235	0	1.0
539	2920	0	1.0
539	4413	0	1.0
539	4768	0	1.0
540	2417	0	1.0
540	5449	0	1.0
540	2550	0	1.0
541	2401	0	1.0
541	4826	0	1.0
541	4029	0	1.0
542	5926	0	1.0
542	2913	0	1.0
542	5562	0	1.0
543	4179	0	1.0
543	3644	0	1.0
543	4676	0	1.0
544	3132	0	1.0
544	4596	0	1.0
544	4103	0	1.0
545	3602	0	1.0
545	3626	0	1.0
545	2500	0	1.0
546	4474	0	1.0
546	5917	0	1.0
546	5918	0	1.0
547	2377	0	1.0
547	5800	0	1.0
547	6156	0	1.0
548	5296	0	1.0
548	4973	0	1.0
548	2955	0	1.0
549	2748	0	1.0
549	5811	0	1.0
549	6016	0	1.0
550	3042	0	1.0
550	5550	0	1.0
550	5652	0	1.0
551	4358	0	1.0
551	2857	0	1.0
551	2896	0	1.0
552	4055	0	1.0
552	2742	0	1.0
552	3228	0	1.0
553	4773	0	1.0
553	2270	0	1.0
553	3563	0	1.0
554	2970	0	1.0
554	4111	0	1.0
554	3948	0	1.0
555	2396	0	1.0
555	2631	0	1.0
555	4255	0	1.0
556	3110	0	1.0
556	3569	0	1.0
556	4818	0	1.0
557	6041	0	1.0
557	3706	0	1.0
557	5514	0	1.0
558	2578	0	1.0
558	3727	0	1.0
558	5281	0	1.0
559	4190	0	1.0
559	2227	0	1.0
559	3194	0	1.0
560	5375	0	1.0
560	3660	0	1.0
560	4764	0	1.0
561	5488	0	1.0
561	5598	0	1.0
561	5930	0	1.0
562	4313	0	1.0
562	3766	0	1.0
562	4815	0	1.0
563	2268	0	1.0
563	3604	0	1.0
563	4794	0	1.0
564	4583	0	1.0
564	5932	0	1.0
564	4454	0	1.0
565	3090	0	1.0
565	3341	0	1.0
565	5885	0	1.0
566	3660	0	1.0
566	2701	0	1.0
566	3225	0	1.0
567	5935	0	1.0
567	5728	0	1.0
567	2317	0	1.0
568	5068	0	1.0
568	5824	0	1.0
568	3797	0	1.0
569	4823	0	1.0
569	3710	0	1.0
569	2376	0	1.0
570	2263	0	1.0
570	2416	0	1.0
570	4363	0	1.0
571	2628	0	1.0
571	3359	0	1.0
571	4561	0	1.0
572	5507	0	1.0
572	3154	0	1.0
572	4638	0	1.0
573	2317	0	1.0
573	6149	0	1.0
573	4215	0	1.0
574	2683	0	1.0
574	4601	0	1.0
574	5228	0	1.0
575	2666	0	1.0
575	5068	0	1.0
575	2266	0	1.0
576	3658	0	1.0
576	2971	0	1.0
576	4991	0	1.0
577	6129	0	1.0
577	5483	0	1.0
577	6135	0	1.0
578	2439	0	1.0
578	3963	0	1.0
578	4716	0	1.0
579	5903	0	1.0
579	4084	0	1.0
579	5286	0	1.0
580	3651	0	1.0
580	4769	0	1.0
580	5802	0	1.0
581	5321	0	1.0
581	2358	0	1.0
581	4271	0	1.0
582	2857	0	1.0
582	2293	0	1.0
582	4256	0	1.0
583	5363	0	1.0
583	3752	0	1.0
583	2924	0	1.0
584	3828	0	1.0
584	2600	0	1.0
584	3843	0	1.0
585	2242	0	1.0
585	5823	0	1.0
585	5850	0	1.0
586	2721	0	1.0
586	2778	0	1.0
586	5083	0	1.0
587	2803	0	1.0
587	3582	0	1.0
587	6065	0	1.0
588	5208	0	1.0
588	3611	0	1.0
588	6142	0	1.0
589	3608	0	1.0
589	4274	0	1.0
589	5175	0	1.0
590	5374	0	1.0
590	6162	0	1.0
590	3832	0	1.0
591	4156	0	1.0
591	3512	0	1.0
591	4337	0	1.0
592	3005	0	1.0
592	5595	0	1.0
592	6050	0	1.0
593	2935	0	1.0
593	4723	0	1.0
593	4532	0	1.0
594	2831	0	1.0
594	4776	0	1.0
594	3739	0	1.0
595	2489	0	1.0
595	2823	0	1.0
595	5747	0	1.0
596	3435	0	1.0
596	2663	0	1.0
596	4374	0	1.0
597	2805	0	1.0
597	4904	0	1.0
597	5703	0	1.0
598	2976	0	1.0
598	2865	0	1.0
598	6161	0	1.0
599	5905	0	1.0
599	2934	0	1.0
599	5303	0	1.0
600	5465	0	1.0
600	5813	0	1.0
600	4465	0	1.0
601	5159	0	1.0
601	5174	0	1.0
601	4403	0	1.0
602	2751	0	1.0
602	4507	0	1.0
602	5390	0	1.0
603	5585	0	1.0
603	5545	0	1.0
603	3326	0	1.0
604	3167	0	1.0
604	4575	0	1.0
604	5663	0	1.0
605	3897	0	1.0
605	4973	0	1.0
605	2313	0	1.0
606	6041	0	1.0
606	6036	0	1.0
606	5169	0	1.0
607	3564	0	1.0
607	3457	0	1.0
607	5748	0	1.0
608	5787	0	1.0
608	5170	0	1.0
608	5412	0	1.0
609	4162	0	1.0
609	3360	0	1.0
609	3395	0	1.0
610	5481	0	1.0
610	5749	0	1.0
610	3601	0	1.0
611	4417	0	1.0
611	5860	0	1.0
611	3831	0	1.0
612	6077	0	1.0
612	4066	0	1.0
612	5878	0	1.0
613	4553	0	1.0
613	5155	0	1.0
613	5651	0	1.0
614	3761	0	1.0
614	5621	0	1.0
614	3085	0	1.0
615	4735	0	1.0
615	5221	0	1.0
615	4722	0	1.0
616	5482	0	1.0
616	3410	0	1.0
616	3279	0	1.0
617	4459	0	1.0
617	3220	0	1.0
617	5053	0	1.0
618	2642	0	1.0
618	3297	0	1.0
618	5100	0	1.0
619	3759	0	1.0
619	3480	0	1.0
619	3964	0	1.0
620	4071	0	1.0
620	4438	0	1.0
620	4307	0	1.0
621	3639	0	1.0
621	2257	0	1.0
621	5571	0	1.0
622	5498	0	1.0
622	3241	0	1.0
622	3692	0	1.0
623	3040	0	1.0
623	4831	0	1.0
623	3967	0	1.0
624	2784	0	1.0
624	6035	0	1.0
624	2401	0	1.0
625	4176	0	1.0
625	4747	0	1.0
625	2277	0	1.0
626	4042	0	1.0
626	4770	0	1.0
626	2370	0	1.0
627	4891	0	1.0
627	4491	0	1.0
627	6064	0	1.0
628	2433	0	1.0
628	3416	0	1.0
628	5511	0	1.0
629	5734	0	1.0
629	4214	0	1.0
629	3237	0	1.0
630	2392	0	1.0
630	3076	0	1.0
630	5211	0	1.0
631	5506	0	1.0
631	5582	0	1.0
631	3486	0	1.0
632	3481	0	1.0
632	2648	0	1.0
632	4028	0	1.0
633	5040	0	1.0
633	2320	0	1.0
633	4469	0	1.0
634	3114	0	1.0
634	4045	0	1.0
634	4748	0	1.0
635	4015	0	1.0
635	5224	0	1.0
635	5608	0	1.0
636	3917	0	1.0
636	4896	0	1.0
636	5465	0	1.0
637	4347	0	1.0
637	3215	0	1.0
637	3265	0	1.0
638	4597	0	1.0
638	6092	0	1.0
638	5269	0	1.0
639	5605	0	1.0
639	5347	0	1.0
639	4252	0	1.0
640	2451	0	1.0
640	2590	0	1.0
640	5356	0	1.0
641	5961	0	1.0
641	4082	0	1.0
641	5825	0	1.0
642	2737	0	1.0
642	3251	0	1.0
642	5534	0	1.0
643	3321	0	1.0
643	3432	0	1.0
643	4199	0	1.0
644	5408	0	1.0
644	4896	0	1.0
644	4711	0	1.0
645	2247	0	1.0
645	2427	0	1.0
645	3537	0	1.0
646	2555	0	1.0
646	4139	0	1.0
646	3607	0	1.0
647	4334	0	1.0
647	4477	0	1.0
647	2882	0	1.0
648	3418	0	1.0
648	4943	0	1.0
648	4114	0	1.0
649	5148	0	1.0
649	4313	0	1.0
649	2892	0	1.0
650	4916	0	1.0
650	3451	0	1.0
650	4614	0	1.0
651	4879	0	1.0
651	3111	0	1.0
651	4241	0	1.0
652	2570	0	1.0
652	2871	0	1.0
652	2595	0	1.0
653	5910	0	1.0
653	2546	0	1.0
653	4685	0	1.0
654	5320	0	1.0
654	3234	0	1.0
654	5317	0	1.0
655	3262	0	1.0
655	4374	0	1.0
655	5632	0	1.0
656	4301	0	1.0
656	2206	0	1.0
656	3408	0	1.0
657	4240	0	1.0
657	3492	0	1.0
657	2246	0	1.0
658	5054	0	1.0
658	3747	0	1.0
658	5429	0	1.0
659	5926	0	1.0
659	2750	0	1.0
659	5162	0	1.0
660	3159	0	1.0
660	2371	0	1.0
660	2969	0	1.0
661	2665	0	1.0
661	2390	0	1.0
661	5890	0	1.0
662	2547	0	1.0
662	5250	0	1.0
662	6012	0	1.0
663	4880	0	1.0
663	4066	0	1.0
663	4234	0	1.0
664	4281	0	1.0
664	4884	0	1.0
664	6004	0	1.0
665	3828	0	1.0
665	2600	0	1.0
665	3843	0	1.0
666	2446	0	1.0
666	2301	0	1.0
666	2186	0	1.0
667	3813	0	1.0
667	4711	0	1.0
667	3492	0	1.0
668	3339	0	1.0
668	3359	0	1.0
668	5495	0	1.0
669	4307	0	1.0
669	2517	0	1.0
669	4258	0	1.0
670	3757	0	1.0
670	2765	0	1.0
670	5497	0	1.0
671	3339	0	1.0
671	3839	0	1.0
671	5656	0	1.0
672	3021	0	1.0
672	3937	0	1.0
672	2991	0	1.0
673	3352	0	1.0
673	2768	0	1.0
673	4400	0	1.0
674	5910	0	1.0
674	6107	0	1.0
674	5925	0	1.0
675	2954	0	1.0
675	4880	0	1.0
675	5070	0	1.0
676	4788	0	1.0
676	6043	0	1.0
676	4467	0	1.0
677	4311	0	1.0
677	2883	0	1.0
677	5739	0	1.0
678	2560	0	1.0
678	3239	0	1.0
678	5331	0	1.0
679	4167	0	1.0
679	2612	0	1.0
679	5607	0	1.0
680	2555	0	1.0
680	2923	0	1.0
680	5060	0	1.0
681	2649	0	1.0
681	3183	0	1.0
681	3098	0	1.0
682	2750	0	1.0
682	5434	0	1.0
682	5887	0	1.0
683	3811	0	1.0
683	4146	0	1.0
683	6111	0	1.0
684	2820	0	1.0
684	2516	0	1.0
684	5997	0	1.0
685	3134	0	1.0
685	5007	0	1.0
685	2770	0	1.0
686	3905	0	1.0
686	5677	0	1.0
686	5745	0	1.0
687	2448	0	1.0
687	4814	0	1.0
687	5285	0	1.0
688	4316	0	1.0
688	5120	0	1.0
688	2682	0	1.0
689	5507	0	1.0
689	4735	0	1.0
689	5975	0	1.0
690	5860	0	1.0
690	6068	0	1.0
690	2710	0	1.0
691	5045	0	1.0
691	2764	0	1.0
691	5365	0	1.0
692	3898	0	1.0
692	5145	0	1.0
692	6039	0	1.0
693	5895	0	1.0
693	3242	0	1.0
693	4146	0	1.0
694	2207	0	1.0
694	3660	0	1.0
694	5203	0	1.0
695	4992	0	1.0
695	4379	0	1.0
695	4437	0	1.0
696	2754	0	1.0
696	2781	0	1.0
696	3733	0	1.0
697	4334	0	1.0
697	4889	0	1.0
697	2716	0	1.0
698	3467	0	1.0
698	3159	0	1.0
698	5729	0	1.0
699	4334	0	1.0
699	3287	0	1.0
699	4335	0	1.0
700	4088	0	1.0
700	2846	0	1.0
700	3017	0	1.0
701	3001	0	1.0
701	4080	0	1.0
701	3871	0	1.0
702	5735	0	1.0
702	3675	0	1.0
702	2289	0	1.0
703	6078	0	1.0
703	5221	0	1.0
703	3846	0	1.0
704	5695	0	1.0
704	5600	0	1.0
704	2524	0	1.0
705	4214	0	1.0
705	3667	0	1.0
705	5603	0	1.0
706	4071	0	1.0
706	5463	0	1.0
706	2387	0	1.0
707	6068	0	1.0
707	5729	0	1.0
707	6101	0	1.0
708	4645	0	1.0
708	5735	0	1.0
708	5360	0	1.0
709	4358	0	1.0
709	2306	0	1.0
709	5729	0	1.0
710	3355	0	1.0
710	2535	0	1.0
710	5703	0	1.0
711	3000	0	1.0
711	4011	0	1.0
711	4420	0	1.0
712	4262	0	1.0
712	4977	0	1.0
712	3923	0	1.0
713	2709	0	1.0
713	2905	0	1.0
713	4014	0	1.0
714	5323	0	1.0
714	5683	0	1.0
714	3368	0	1.0
715	3782	0	1.0
715	3425	0	1.0
715	5044	0	1.0
716	2532	0	1.0
716	5203	0	1.0
716	5096	0	1.0
717	3223	0	1.0
717	3687	0	1.0
717	3693	0	1.0
718	5265	0	1.0
718	2528	0	1.0
718	2854	0	1.0
719	3892	0	1.0
719	3524	0	1.0
719	3952	0	1.0
720	5806	0	1.0
720	3923	0	1.0
720	3043	0	1.0
721	2831	0	1.0
721	3430	0	1.0
721	5894	0	1.0
722	2247	0	1.0
722	3895	0	1.0
722	4774	0	1.0
723	4142	0	1.0
723	5250	0	1.0
723	3366	0	1.0
724	2262	0	1.0
724	3400	0	1.0
724	6060	0	1.0
725	3348	0	1.0
725	3159	0	1.0
725	5388	0	1.0
726	4853	0	1.0
726	3473	0	1.0
726	4429	0	1.0
727	5179	0	1.0
727	6097	0	1.0
727	4443	0	1.0
728	3176	0	1.0
728	4512	0	1.0
728	3893	0	1.0
729	2430	0	1.0
729	3330	0	1.0
729	3279	0	1.0
730	5949	0	1.0
730	2895	0	1.0
730	3130	0	1.0
731	2225	0	1.0
731	5573	0	1.0
731	5873	0	1.0
732	4301	0	1.0
732	3178	0	1.0
732	5007	0	1.0
733	4843	0	1.0
733	3757	0	1.0
733	3525	0	1.0
734	4956	0	1.0
734	3207	0	1.0
734	4611	0	1.0
735	3125	0	1.0
735	3233	0	1.0
735	5387	0	1.0
736	4902	0	1.0
736	4562	0	1.0
736	4056	0	1.0
737	4459	0	1.0
737	5053	0	1.0
737	4912	0	1.0
738	2417	0	1.0
738	3956	0	1.0
738	2767	0	1.0
739	3782	0	1.0
739	2811	0	1.0
739	5373	0	1.0
740	4958	0	1.0
740	5300	0	1.0
740	5624	0	1.0
741	4301	0	1.0
741	4773	0	1.0
741	2315	0	1.0
742	4735	0	1.0
742	2719	0	1.0
742	5565	0	1.0
743	3124	0	1.0
743	3467	0	1.0
743	5389	0	1.0
744	4744	0	1.0
744	4896	0	1.0
744	5204	0	1.0
745	4417	0	1.0
745	6078	0	1.0
745	3889	0	1.0
746	4965	0	1.0
746	2219	0	1.0
746	5042	0	1.0
747	2535	0	1.0
747	2517	0	1.0
747	3495	0	1.0
748	2661	0	1.0
748	3871	0	1.0
748	3095	0	1.0
749	2502	0	1.0
749	4985	0	1.0
749	5599	0	1.0
750	6066	0	1.0
750	4360	0	1.0
750	4193	0	1.0
751	6035	0	1.0
751	2413	0	1.0
751	2796	0	1.0
752	3708	0	1.0
752	3431	0	1.0
752	4863	0	1.0
753	2879	0	1.0
753	3591	0	1.0
753	5046	0	1.0
754	5062	0	1.0
754	2237	0	1.0
754	5422	0	1.0
755	3513	0	1.0
755	2469	0	1.0
755	4531	0	1.0
756	5477	0	1.0
756	4328	0	1.0
756	4384	0	1.0
757	4691	0	1.0
757	4896	0	1.0
757	3016	0	1.0
758	5408	0	1.0
758	3038	0	1.0
758	3642	0	1.0
759	3016	0	1.0
759	5896	0	1.0
759	4395	0	1.0
760	3998	0	1.0
760	3213	0	1.0
760	3880	0	1.0
761	4347	0	1.0
761	2326	0	1.0
761	4279	0	1.0
762	2858	0	1.0
762	3450	0	1.0
762	4854	0	1.0
763	4973	0	1.0
763	5347	0	1.0
763	4419	0	1.0
764	2375	0	1.0
764	4106	0	1.0
764	6100	0	1.0
765	3770	0	1.0
765	2820	0	1.0
765	3821	0	1.0
766	5481	0	1.0
766	3323	0	1.0
766	3617	0	1.0
767	4176	0	1.0
767	3875	0	1.0
767	5829	0	1.0
768	2186	0	1.0
768	5574	0	1.0
768	2215	0	1.0
769	4896	0	1.0
769	5716	0	1.0
769	2426	0	1.0
770	2935	0	1.0
770	4578	0	1.0
770	5527	0	1.0
771	5003	0	1.0
771	5294	0	1.0
771	5583	0	1.0
772	4880	0	1.0
772	5806	0	1.0
772	3542	0	1.0
773	4386	0	1.0
773	3208	0	1.0
773	3211	0	1.0
774	4261	0	1.0
774	5350	0	1.0
774	6164	0	1.0
775	2214	0	1.0
775	2945	0	1.0
775	5848	0	1.0
776	2780	0	1.0
776	4910	0	1.0
776	5618	0	1.0
777	3966	0	1.0
777	4308	0	1.0
777	4829	0	1.0
778	3137	0	1.0
778	2481	0	1.0
778	6014	0	1.0
779	2774	0	1.0
779	3696	0	1.0
779	5668	0	1.0
780	4635	0	1.0
780	5596	0	1.0
780	5606	0	1.0
781	5281	0	1.0
781	3831	0	1.0
781	3640	0	1.0
782	3967	0	1.0
782	3927	0	1.0
782	4048	0	1.0
783	3261	0	1.0
783	4082	0	1.0
783	4554	0	1.0
784	6115	0	1.0
784	4190	0	1.0
784	2972	0	1.0
785	2694	0	1.0
785	3215	0	1.0
785	5979	0	1.0
786	4679	0	1.0
786	4347	0	1.0
786	6069	0	1.0
787	3018	0	1.0
787	3316	0	1.0
787	6022	0	1.0
788	4880	0	1.0
788	4066	0	1.0
788	5420	0	1.0
789	3620	0	1.0
789	4101	0	1.0
789	2243	0	1.0
790	3142	0	1.0
790	3186	0	1.0
790	2678	0	1.0
791	4782	0	1.0
791	4587	0	1.0
791	2303	0	1.0
792	3708	0	1.0
792	3312	0	1.0
792	3864	0	1.0
793	3008	0	1.0
793	5416	0	1.0
793	3925	0	1.0
794	5663	0	1.0
794	4095	0	1.0
794	5698	0	1.0
795	4508	0	1.0
795	2437	0	1.0
795	2717	0	1.0
796	4796	0	1.0
796	3678	0	1.0
796	3973	0	1.0
797	4351	0	1.0
797	3956	0	1.0
797	5375	0	1.0
798	5570	0	1.0
798	4545	0	1.0
798	4856	0	1.0
799	4180	0	1.0
799	2684	0	1.0
799	5755	0	1.0
800	4334	0	1.0
800	2777	0	1.0
800	2290	0	1.0
801	5035	0	1.0
801	4246	0	1.0
801	4550	0	1.0
802	5608	0	1.0
802	4232	0	1.0
802	6018	0	1.0
803	4347	0	1.0
803	4074	0	1.0
803	5578	0	1.0
804	5139	0	1.0
804	5946	0	1.0
804	5443	0	1.0
805	3142	0	1.0
805	4506	0	1.0
805	3226	0	1.0
806	4120	0	1.0
806	5092	0	1.0
806	5619	0	1.0
807	5313	0	1.0
807	2271	0	1.0
807	4557	0	1.0
808	3757	0	1.0
808	6045	0	1.0
808	2570	0	1.0
809	5525	0	1.0
809	3606	0	1.0
809	3822	0	1.0
810	4834	0	1.0
810	2545	0	1.0
810	5971	0	1.0
811	6143	0	1.0
811	5038	0	1.0
811	5402	0	1.0
812	5446	0	1.0
812	4403	0	1.0
812	5634	0	1.0
813	3440	0	1.0
813	3352	0	1.0
813	5151	0	1.0
814	3875	0	1.0
814	3473	0	1.0
814	6102	0	1.0
815	4992	0	1.0
815	6029	0	1.0
815	3646	0	1.0
816	3126	0	1.0
816	3174	0	1.0
816	5255	0	1.0
817	3893	0	1.0
817	5821	0	1.0
817	5104	0	1.0
818	2629	0	1.0
818	3137	0	1.0
818	3020	0	1.0
819	5204	0	1.0
819	3098	0	1.0
819	3479	0	1.0
820	3441	0	1.0
820	2713	0	1.0
820	4610	0	1.0
821	3221	0	1.0
821	4350	0	1.0
821	5014	0	1.0
822	4313	0	1.0
822	2550	0	1.0
822	5441	0	1.0
823	4080	0	1.0
823	4724	0	1.0
823	2826	0	1.0
824	2546	0	1.0
824	3208	0	1.0
824	4903	0	1.0
825	2401	0	1.0
825	4027	0	1.0
825	5398	0	1.0
826	4034	0	1.0
826	2714	0	1.0
826	3307	0	1.0
827	2970	0	1.0
827	3465	0	1.0
827	2559	0	1.0
828	2352	0	1.0
828	5736	0	1.0
828	3053	0	1.0
829	2831	0	1.0
829	3237	0	1.0
829	3819	0	1.0
830	5554	0	1.0
830	2783	0	1.0
830	4585	0	1.0
831	4370	0	1.0
831	4157	0	1.0
831	4483	0	1.0
832	4444	0	1.0
832	5474	0	1.0
832	3472	0	1.0
833	5629	0	1.0
833	6081	0	1.0
833	5229	0	1.0
834	3755	0	1.0
834	5172	0	1.0
834	6030	0	1.0
835	5374	0	1.0
835	4124	0	1.0
835	2967	0	1.0
836	2832	0	1.0
836	4389	0	1.0
836	5864	0	1.0
837	3398	0	1.0
837	4328	0	1.0
837	5164	0	1.0
838	2369	0	1.0
838	6061	0	1.0
838	4043	0	1.0
839	2739	0	1.0
839	5435	0	1.0
839	6171	0	1.0
840	3339	0	1.0
840	5545	0	1.0
840	4094	0	1.0
841	4473	0	1.0
841	5133	0	1.0
841	3066	0	1.0
842	5586	0	1.0
842	3187	0	1.0
842	5756	0	1.0
843	3579	0	1.0
843	3609	0	1.0
843	5744	0	1.0
844	4199	0	1.0
844	5313	0	1.0
844	4757	0	1.0
845	4822	0	1.0
845	4879	0	1.0
845	2752	0	1.0
846	3154	0	1.0
846	3837	0	1.0
846	3800	0	1.0
847	3875	0	1.0
847	2532	0	1.0
847	3118	0	1.0
848	3074	0	1.0
848	2249	0	1.0
848	3442	0	1.0
849	3166	0	1.0
849	2595	0	1.0
849	2842	0	1.0
850	3810	0	1.0
850	3067	0	1.0
850	4892	0	1.0
851	4729	0	1.0
851	2815	0	1.0
851	4923	0	1.0
852	2656	0	1.0
852	5797	0	1.0
852	3729	0	1.0
853	5423	0	1.0
853	2509	0	1.0
853	5684	0	1.0
854	4614	0	1.0
854	4746	0	1.0
854	5990	0	1.0
855	2871	0	1.0
855	2192	0	1.0
855	2598	0	1.0
856	4364	0	1.0
856	5769	0	1.0
856	6134	0	1.0
857	5143	0	1.0
857	2188	0	1.0
857	5522	0	1.0
858	5608	0	1.0
858	2850	0	1.0
858	3971	0	1.0
859	3154	0	1.0
859	2822	0	1.0
859	4513	0	1.0
860	5391	0	1.0
861	4685	0	1.0
861	2731	0	1.0
861	5998	0	1.0
862	5356	0	1.0
862	4232	0	1.0
862	2904	0	1.0
863	4675	0	1.0
863	5073	0	1.0
863	5084	0	1.0
864	2211	0	1.0
864	4577	0	1.0
864	5260	0	1.0
865	4673	0	1.0
865	6085	0	1.0
865	6109	0	1.0
866	3112	0	1.0
866	5195	0	1.0
866	5395	0	1.0
867	2527	0	1.0
867	3518	0	1.0
867	4983	0	1.0
868	5200	0	1.0
868	2666	0	1.0
868	3330	0	1.0
869	3167	0	1.0
869	4575	0	1.0
869	3960	0	1.0
870	3763	0	1.0
870	4840	0	1.0
870	3785	0	1.0
871	3849	0	1.0
871	2649	0	1.0
871	4476	0	1.0
872	2381	0	1.0
872	3264	0	1.0
872	5004	0	1.0
873	5915	0	1.0
873	3664	0	1.0
873	5105	0	1.0
874	5735	0	1.0
874	3951	0	1.0
874	5751	0	1.0
875	2731	0	1.0
875	4665	0	1.0
875	3411	0	1.0
876	3092	0	1.0
876	4762	0	1.0
876	5034	0	1.0
877	3894	0	1.0
877	4661	0	1.0
877	5740	0	1.0
878	3439	0	1.0
878	2899	0	1.0
878	5112	0	1.0
879	5525	0	1.0
879	6067	0	1.0
879	2595	0	1.0
880	3377	0	1.0
880	3121	0	1.0
880	4563	0	1.0
881	2411	0	1.0
881	2671	0	1.0
881	4113	0	1.0
882	3584	0	1.0
882	5829	0	1.0
882	2220	0	1.0
883	4122	0	1.0
883	4509	0	1.0
883	4571	0	1.0
884	4689	0	1.0
884	2969	0	1.0
884	2632	0	1.0
885	3134	0	1.0
885	2629	0	1.0
885	4240	0	1.0
886	3142	0	1.0
886	3500	0	1.0
886	5834	0	1.0
887	4651	0	1.0
887	5721	0	1.0
887	4276	0	1.0
888	2954	0	1.0
888	5983	0	1.0
888	5584	0	1.0
889	3602	0	1.0
889	3042	0	1.0
889	2883	0	1.0
890	3409	0	1.0
890	3725	0	1.0
890	3612	0	1.0
891	4711	0	1.0
891	2346	0	1.0
891	4238	0	1.0
892	2831	0	1.0
892	4175	0	1.0
892	5515	0	1.0
893	5870	0	1.0
893	3763	0	1.0
893	6164	0	1.0
894	2919	0	1.0
894	5325	0	1.0
894	5552	0	1.0
895	5044	0	1.0
895	2896	0	1.0
895	4155	0	1.0
896	2295	0	1.0
896	3160	0	1.0
896	5069	0	1.0
897	2515	0	1.0
897	2860	0	1.0
897	4857	0	1.0
898	2982	0	1.0
898	3308	0	1.0
898	3434	0	1.0
899	3757	0	1.0
899	4379	0	1.0
899	4000	0	1.0
900	2741	0	1.0
900	3237	0	1.0
900	5985	0	1.0
901	5861	0	1.0
901	2699	0	1.0
901	2236	0	1.0
902	4843	0	1.0
902	4644	0	1.0
902	2718	0	1.0
903	2497	0	1.0
903	4992	0	1.0
903	3761	0	1.0
904	3606	0	1.0
904	4067	0	1.0
904	4640	0	1.0
905	2427	0	1.0
905	6000	0	1.0
905	5523	0	1.0
906	3898	0	1.0
906	5921	0	1.0
906	3094	0	1.0
907	3956	0	1.0
907	3692	0	1.0
907	5198	0	1.0
908	2739	0	1.0
908	3708	0	1.0
908	3311	0	1.0
909	2727	0	1.0
909	5866	0	1.0
909	6010	0	1.0
910	3813	0	1.0
910	6031	0	1.0
910	4303	0	1.0
911	3913	0	1.0
911	6165	0	1.0
911	3959	0	1.0
912	5498	0	1.0
912	2578	0	1.0
912	5368	0	1.0
913	2913	0	1.0
913	3956	0	1.0
913	3529	0	1.0
914	4358	0	1.0
914	2350	0	1.0
914	4399	0	1.0
915	4040	0	1.0
915	3381	0	1.0
915	4630	0	1.0
916	3773	0	1.0
916	4194	0	1.0
916	4684	0	1.0
917	2659	0	1.0
917	3675	0	1.0
917	5441	0	1.0
918	3920	0	1.0
918	2288	0	1.0
918	5937	0	1.0
919	5463	0	1.0
919	2777	0	1.0
919	3621	0	1.0
920	5375	0	1.0
920	2304	0	1.0
920	5409	0	1.0
921	2741	0	1.0
921	5754	0	1.0
921	2407	0	1.0
922	3638	0	1.0
922	2299	0	1.0
922	4282	0	1.0
923	3236	0	1.0
923	6077	0	1.0
923	3752	0	1.0
924	5465	0	1.0
924	3486	0	1.0
924	5467	0	1.0
925	2601	0	1.0
925	2630	0	1.0
925	3040	0	1.0
926	6091	0	1.0
926	4796	0	1.0
926	2821	0	1.0
927	3685	0	1.0
927	6105	0	1.0
927	6153	0	1.0
928	4915	0	1.0
928	5801	0	1.0
928	5849	0	1.0
929	5059	0	1.0
929	5148	0	1.0
929	3828	0	1.0
930	5727	0	1.0
930	4160	0	1.0
930	5454	0	1.0
931	4118	0	1.0
931	3555	0	1.0
931	5238	0	1.0
932	3735	0	1.0
932	4422	0	1.0
932	5459	0	1.0
933	2750	0	1.0
933	2519	0	1.0
933	3028	0	1.0
934	4534	0	1.0
934	4758	0	1.0
934	4962	0	1.0
935	4537	0	1.0
935	2777	0	1.0
935	3862	0	1.0
936	5700	0	1.0
936	4181	0	1.0
936	4653	0	1.0
937	3122	0	1.0
937	3977	0	1.0
937	2410	0	1.0
938	2948	0	1.0
938	3636	0	1.0
938	5576	0	1.0
939	4933	0	1.0
939	3938	0	1.0
939	5117	0	1.0
940	4770	0	1.0
940	6001	0	1.0
940	6045	0	1.0
941	2400	0	1.0
941	3433	0	1.0
941	3466	0	1.0
942	6028	0	1.0
942	5291	0	1.0
942	6170	0	1.0
943	3725	0	1.0
943	2697	0	1.0
943	5900	0	1.0
944	3169	0	1.0
944	5060	0	1.0
944	3291	0	1.0
945	3409	0	1.0
945	2908	0	1.0
945	2643	0	1.0
946	4006	0	1.0
946	2505	0	1.0
946	4959	0	1.0
947	2257	0	1.0
947	3837	0	1.0
947	2801	0	1.0
948	4197	0	1.0
948	5131	0	1.0
948	4924	0	1.0
949	3718	0	1.0
949	3909	0	1.0
949	5319	0	1.0
950	2619	0	1.0
950	5867	0	1.0
950	3324	0	1.0
951	3725	0	1.0
951	4889	0	1.0
951	2896	0	1.0
952	3875	0	1.0
952	2659	0	1.0
952	2785	0	1.0
953	3249	0	1.0
953	5530	0	1.0
953	5447	0	1.0
954	5517	0	1.0
954	5066	0	1.0
954	4964	0	1.0
955	2578	0	1.0
955	6038	0	1.0
955	3908	0	1.0
956	3176	0	1.0
956	4512	0	1.0
956	3893	0	1.0
957	4794	0	1.0
957	4829	0	1.0
957	4652	0	1.0
958	2243	0	1.0
958	4981	0	1.0
958	5284	0	1.0
959	4686	0	1.0
959	5492	0	1.0
959	6017	0	1.0
960	2739	0	1.0
960	3481	0	1.0
960	3010	0	1.0
961	3296	0	1.0
961	3906	0	1.0
961	4751	0	1.0
962	5582	0	1.0
962	4112	0	1.0
962	3740	0	1.0
963	4334	0	1.0
963	3782	0	1.0
963	3725	0	1.0
964	6091	0	1.0
964	2483	0	1.0
964	3494	0	1.0
965	3895	0	1.0
965	3725	0	1.0
965	5253	0	1.0
966	2239	0	1.0
966	2608	0	1.0
966	3034	0	1.0
967	3142	0	1.0
967	4506	0	1.0
967	3950	0	1.0
968	2247	0	1.0
968	5376	0	1.0
968	4660	0	1.0
969	4835	0	1.0
969	2961	0	1.0
969	4421	0	1.0
970	2805	0	1.0
970	4113	0	1.0
970	6164	0	1.0
971	3655	0	1.0
971	3485	0	1.0
971	3683	0	1.0
972	2282	0	1.0
972	2757	0	1.0
972	4735	0	1.0
973	3489	0	1.0
973	6122	0	1.0
973	2897	0	1.0
974	2900	0	1.0
974	3425	0	1.0
974	2910	0	1.0
975	5482	0	1.0
975	5154	0	1.0
975	5494	0	1.0
976	4512	0	1.0
976	4413	0	1.0
976	3469	0	1.0
977	4438	0	1.0
977	3278	0	1.0
977	5732	0	1.0
978	2272	0	1.0
978	5375	0	1.0
978	5820	0	1.0
979	5204	0	1.0
979	4359	0	1.0
979	4819	0	1.0
980	5734	0	1.0
980	5500	0	1.0
980	5231	0	1.0
981	4891	0	1.0
981	5657	0	1.0
981	5547	0	1.0
982	3379	0	1.0
982	5195	0	1.0
982	3908	0	1.0
983	3142	0	1.0
983	2858	0	1.0
983	3647	0	1.0
984	2547	0	1.0
984	2707	0	1.0
984	6004	0	1.0
985	4467	0	1.0
985	3087	0	1.0
985	4696	0	1.0
986	4324	0	1.0
986	4314	0	1.0
986	5341	0	1.0
987	4366	0	1.0
987	5068	0	1.0
987	4992	0	1.0
988	5442	0	1.0
988	2266	0	1.0
988	3635	0	1.0
989	4850	0	1.0
989	3438	0	1.0
989	5171	0	1.0
990	2555	0	1.0
990	2546	0	1.0
990	5376	0	1.0
991	4513	0	1.0
991	5322	0	1.0
991	4152	0	1.0
992	4896	0	1.0
992	4973	0	1.0
992	3036	0	1.0
993	2913	0	1.0
993	4276	0	1.0
993	5833	0	1.0
994	5403	0	1.0
994	2492	0	1.0
994	3701	0	1.0
995	5634	0	1.0
995	3508	0	1.0
995	4091	0	1.0
996	4672	0	1.0
996	2438	0	1.0
996	3694	0	1.0
997	3066	0	1.0
997	3113	0	1.0
997	5453	0	1.0
998	3882	0	1.0
998	3377	0	1.0
998	4461	0	1.0
999	2330	0	1.0
999	2261	0	1.0
999	4821	0	1.0
1000	2417	0	1.0
1000	4908	0	1.0
1000	4979	0	1.0
1001	5224	0	1.0
1001	5608	0	1.0
1001	2438	0	1.0
1002	4108	0	1.0
1002	2307	0	1.0
1002	5263	0	1.0
1003	4728	0	1.0
1003	5875	0	1.0
1003	4228	0	1.0
1004	3746	0	1.0
1004	2663	0	1.0
1004	2795	0	1.0
1005	4831	0	1.0
1005	3228	0	1.0
1005	4357	0	1.0
1006	3620	0	1.0
1006	2532	0	1.0
1006	3969	0	1.0
1007	5680	0	1.0
1007	3372	0	1.0
1007	2463	0	1.0
1008	3598	0	1.0
1008	4444	0	1.0
1008	5510	0	1.0
1009	4659	0	1.0
1009	3288	0	1.0
1009	3891	0	1.0
1010	5646	0	1.0
1010	5910	0	1.0
1010	5343	0	1.0
1011	2708	0	1.0
1011	4956	0	1.0
1011	3972	0	1.0
1012	2739	0	1.0
1012	3741	0	1.0
1012	5838	0	1.0
1013	2835	0	1.0
1013	3709	0	1.0
1013	5994	0	1.0
1014	2823	0	1.0
1014	3344	0	1.0
1014	4975	0	1.0
1015	3487	0	1.0
1015	3139	0	1.0
1015	5780	0	1.0
1016	5275	0	1.0
1016	5826	0	1.0
1016	4386	0	1.0
1017	4965	0	1.0
1017	4113	0	1.0
1017	5253	0	1.0
1018	4653	0	1.0
1018	5322	0	1.0
1018	5324	0	1.0
1019	4711	0	1.0
1019	2729	0	1.0
1020	4553	0	1.0
1020	5060	0	1.0
1020	3263	0	1.0
1021	4115	0	1.0
1021	5735	0	1.0
1021	4551	0	1.0
1022	2985	0	1.0
1022	4616	0	1.0
1022	4561	0	1.0
1023	4439	0	1.0
1023	5992	0	1.0
1023	6140	0	1.0
1024	4884	0	1.0
1024	2813	0	1.0
1024	5142	0	1.0
1025	3305	0	1.0
1025	4902	0	1.0
1025	4162	0	1.0
1026	5044	0	1.0
1026	2579	0	1.0
1026	3060	0	1.0
1027	4855	0	1.0
1027	4521	0	1.0
1027	5717	0	1.0
1028	2659	0	1.0
1028	2268	0	1.0
1028	3984	0	1.0
1029	2873	0	1.0
1029	3109	0	1.0
1029	4210	0	1.0
1030	4152	0	1.0
1030	2511	0	1.0
1030	2856	0	1.0
1031	4891	0	1.0
1031	2201	0	1.0
1031	2911	0	1.0
1032	2935	0	1.0
1032	4532	0	1.0
1032	5051	0	1.0
1033	3551	0	1.0
1033	4058	0	1.0
1033	4170	0	1.0
1034	3246	0	1.0
1034	5306	0	1.0
1034	5954	0	1.0
1035	3632	0	1.0
1035	4013	0	1.0
1035	4613	0	1.0
1036	4042	0	1.0
1036	5873	0	1.0
1036	5441	0	1.0
1037	3902	0	1.0
1037	5039	0	1.0
1037	3521	0	1.0
1038	4531	0	1.0
1038	2228	0	1.0
1038	4946	0	1.0
1039	3534	0	1.0
1039	4396	0	1.0
1039	5671	0	1.0
1040	3956	0	1.0
1040	4829	0	1.0
1040	2621	0	1.0
1041	6050	0	1.0
1041	2374	0	1.0
1041	3387	0	1.0
1042	3113	0	1.0
1042	3935	0	1.0
1042	4582	0	1.0
1043	4031	0	1.0
1043	4499	0	1.0
1043	4948	0	1.0
1044	3348	0	1.0
1044	3012	0	1.0
1044	5445	0	1.0
1045	4426	0	1.0
1045	5353	0	1.0
1045	5531	0	1.0
1046	3409	0	1.0
1046	2954	0	1.0
1046	2418	0	1.0
1047	5547	0	1.0
1047	3851	0	1.0
1047	5577	0	1.0
1048	3560	0	1.0
1048	3762	0	1.0
1048	4627	0	1.0
1049	4153	0	1.0
1049	4740	0	1.0
1049	4783	0	1.0
1050	4811	0	1.0
1050	3769	0	1.0
1050	5019	0	1.0
1051	5498	0	1.0
1051	5916	0	1.0
1051	3802	0	1.0
1052	2619	0	1.0
1052	3324	0	1.0
1052	3302	0	1.0
1053	3839	0	1.0
1053	4146	0	1.0
1053	2290	0	1.0
1054	5683	0	1.0
1054	5409	0	1.0
1054	4713	0	1.0
1055	2777	0	1.0
1055	5538	0	1.0
1055	5711	0	1.0
1056	5734	0	1.0
1056	6126	0	1.0
1056	3225	0	1.0
1057	5281	0	1.0
1057	5836	0	1.0
1057	3873	0	1.0
1058	2295	0	1.0
1058	5517	0	1.0
1058	5506	0	1.0
1059	4799	0	1.0
1059	2639	0	1.0
1059	5150	0	1.0
1060	2676	0	1.0
1060	2870	0	1.0
1060	3404	0	1.0
1061	5723	0	1.0
1061	4636	0	1.0
1061	4743	0	1.0
1062	2536	0	1.0
1062	2907	0	1.0
1062	4481	0	1.0
1063	3355	0	1.0
1063	3835	0	1.0
1063	4008	0	1.0
1064	4071	0	1.0
1064	5905	0	1.0
1064	4287	0	1.0
1065	5076	0	1.0
1065	5346	0	1.0
1065	5758	0	1.0
1066	4217	0	1.0
1066	4272	0	1.0
1066	5828	0	1.0
1067	3232	0	1.0
1067	3294	0	1.0
1067	3547	0	1.0
1068	3279	0	1.0
1068	4137	0	1.0
1068	2195	0	1.0
1069	3956	0	1.0
1069	5736	0	1.0
1069	2965	0	1.0
1070	5317	0	1.0
1070	5353	0	1.0
1070	3493	0	1.0
1071	2555	0	1.0
1071	2632	0	1.0
1071	5414	0	1.0
1072	3887	0	1.0
1072	5824	0	1.0
1072	4155	0	1.0
1073	5068	0	1.0
1073	5806	0	1.0
1073	5338	0	1.0
1074	2784	0	1.0
1074	4302	0	1.0
1074	4305	0	1.0
1075	5482	0	1.0
1075	2954	0	1.0
1075	3335	0	1.0
1076	4644	0	1.0
1076	2238	0	1.0
1076	4032	0	1.0
1077	4110	0	1.0
1077	3899	0	1.0
1077	4464	0	1.0
1078	4055	0	1.0
1078	2742	0	1.0
1078	4831	0	1.0
1079	3186	0	1.0
1079	2220	0	1.0
1079	5904	0	1.0
1080	2556	0	1.0
1080	5891	0	1.0
1080	5078	0	1.0
1081	4503	0	1.0
1081	5806	0	1.0
1081	2632	0	1.0
1082	5520	0	1.0
1082	5239	0	1.0
1082	5333	0	1.0
1083	4831	0	1.0
1083	2854	0	1.0
1083	4395	0	1.0
1084	4462	0	1.0
1084	2921	0	1.0
1084	4147	0	1.0
1085	4298	0	1.0
1085	3871	0	1.0
1085	4050	0	1.0
1086	2934	0	1.0
1086	2883	0	1.0
1086	3051	0	1.0
1087	5675	0	1.0
1087	3086	0	1.0
1087	2190	0	1.0
1088	4735	0	1.0
1088	2611	0	1.0
1088	5340	0	1.0
1089	4042	0	1.0
1089	2351	0	1.0
1089	2674	0	1.0
1090	3813	0	1.0
1090	3458	0	1.0
1090	3042	0	1.0
1091	5059	0	1.0
1091	3725	0	1.0
1091	2604	0	1.0
1092	6077	0	1.0
1092	2215	0	1.0
1092	4540	0	1.0
1093	3372	0	1.0
1093	2955	0	1.0
1093	3171	0	1.0
1094	3176	0	1.0
1094	3396	0	1.0
1094	6051	0	1.0
1095	3587	0	1.0
1095	3205	0	1.0
1095	2328	0	1.0
1096	4334	0	1.0
1096	4224	0	1.0
1096	5570	0	1.0
1097	3956	0	1.0
1097	2617	0	1.0
1097	2421	0	1.0
1098	3669	0	1.0
1098	5272	0	1.0
1098	6113	0	1.0
1099	4116	0	1.0
1099	3963	0	1.0
1099	4852	0	1.0
1100	3220	0	1.0
1100	5545	0	1.0
1100	4412	0	1.0
1101	2363	0	1.0
1101	4026	0	1.0
1101	4907	0	1.0
1102	2434	0	1.0
1102	5475	0	1.0
1102	5901	0	1.0
1103	2302	0	1.0
1103	4927	0	1.0
1103	5237	0	1.0
1104	3620	0	1.0
1104	5446	0	1.0
1104	2728	0	1.0
1105	2787	0	1.0
1105	4564	0	1.0
1105	5218	0	1.0
1106	5761	0	1.0
1106	5937	0	1.0
1106	3443	0	1.0
1107	4365	0	1.0
1107	6062	0	1.0
1107	6090	0	1.0
1108	4697	0	1.0
1108	2186	0	1.0
1108	4789	0	1.0
1109	4446	0	1.0
1109	4809	0	1.0
1109	5086	0	1.0
1110	5517	0	1.0
1110	2670	0	1.0
1110	5141	0	1.0
1111	4198	0	1.0
1111	4599	0	1.0
1111	4798	0	1.0
1112	2234	0	1.0
1112	4270	0	1.0
1112	5521	0	1.0
1113	2526	0	1.0
1113	4945	0	1.0
1113	4974	0	1.0
1114	3892	0	1.0
1114	6165	0	1.0
1114	2706	0	1.0
1115	2563	0	1.0
1115	5473	0	1.0
1115	3944	0	1.0
1116	5870	0	1.0
1116	3152	0	1.0
1116	5355	0	1.0
1117	5060	0	1.0
1117	3792	0	1.0
1117	5187	0	1.0
1118	4788	0	1.0
1118	6000	0	1.0
1118	3810	0	1.0
1119	5570	0	1.0
1119	5551	0	1.0
1119	4735	0	1.0
1120	5634	0	1.0
1120	2492	0	1.0
1120	3643	0	1.0
1121	4307	0	1.0
1121	5875	0	1.0
1121	2738	0	1.0
1122	4566	0	1.0
1122	5225	0	1.0
1122	5401	0	1.0
1123	5059	0	1.0
1123	5683	0	1.0
1123	2767	0	1.0
1124	2234	0	1.0
1124	2923	0	1.0
1124	4022	0	1.0
1125	2911	0	1.0
1125	3211	0	1.0
1125	5581	0	1.0
1126	3687	0	1.0
1126	2965	0	1.0
1126	5421	0	1.0
1127	2417	0	1.0
1127	4455	0	1.0
1127	5635	0	1.0
1128	4668	0	1.0
1128	5976	0	1.0
1128	6132	0	1.0
1129	2547	0	1.0
1129	4822	0	1.0
1129	2558	0	1.0
1130	4024	0	1.0
1130	4898	0	1.0
1130	5965	0	1.0
1131	4076	0	1.0
1131	4081	0	1.0
1131	4976	0	1.0
1132	3416	0	1.0
1132	5586	0	1.0
1132	5523	0	1.0
1133	2443	0	1.0
1133	2438	0	1.0
1133	5093	0	1.0
1134	4870	0	1.0
1134	5882	0	1.0
1134	3247	0	1.0
1135	3363	0	1.0
1135	6063	0	1.0
1135	6071	0	1.0
1136	2470	0	1.0
1136	4073	0	1.0
1136	4914	0	1.0
1137	3256	0	1.0
1137	5393	0	1.0
1137	5280	0	1.0
1138	4040	0	1.0
1138	2513	0	1.0
1138	2309	0	1.0
1139	2871	0	1.0
1139	4324	0	1.0
1139	5808	0	1.0
1140	5035	0	1.0
1140	2454	0	1.0
1140	4998	0	1.0
1141	5562	0	1.0
1141	4113	0	1.0
1141	5936	0	1.0
1142	5734	0	1.0
1142	5562	0	1.0
1142	5794	0	1.0
1143	4214	0	1.0
1143	3956	0	1.0
1143	4342	0	1.0
1144	2390	0	1.0
1144	2480	0	1.0
1144	5725	0	1.0
1145	3428	0	1.0
1145	3580	0	1.0
1145	3861	0	1.0
1146	5145	0	1.0
1146	2888	0	1.0
1146	4552	0	1.0
1147	2301	0	1.0
1147	4522	0	1.0
1147	3427	0	1.0
1148	4061	0	1.0
1148	5457	0	1.0
1148	3014	0	1.0
1149	3330	0	1.0
1149	5545	0	1.0
1149	4008	0	1.0
1150	3867	0	1.0
1150	3868	0	1.0
1150	4227	0	1.0
1151	5206	0	1.0
1151	2265	0	1.0
1151	3974	0	1.0
1152	3652	0	1.0
1152	4475	0	1.0
1152	5654	0	1.0
1153	5754	0	1.0
1153	2438	0	1.0
1153	4576	0	1.0
1154	4042	0	1.0
1154	4322	0	1.0
1154	3059	0	1.0
1155	3959	0	1.0
1155	2950	0	1.0
1155	4881	0	1.0
1156	4083	0	1.0
1156	4267	0	1.0
1156	5432	0	1.0
1157	2578	0	1.0
1157	5083	0	1.0
1157	5617	0	1.0
1158	2244	0	1.0
1158	4161	0	1.0
1158	5790	0	1.0
1159	5321	0	1.0
1159	5472	0	1.0
1159	2653	0	1.0
1160	2701	0	1.0
1160	3551	0	1.0
1160	2197	0	1.0
1161	5517	0	1.0
1161	2912	0	1.0
1161	3929	0	1.0
1162	2548	0	1.0
1162	3507	0	1.0
1162	5840	0	1.0
1163	2564	0	1.0
1163	2191	0	1.0
1163	5223	0	1.0
1164	2604	0	1.0
1164	4038	0	1.0
1164	5766	0	1.0
1165	2489	0	1.0
1165	2823	0	1.0
1165	5747	0	1.0
1166	3624	0	1.0
1166	3903	0	1.0
1166	4062	0	1.0
1167	3358	0	1.0
1167	3672	0	1.0
1167	3933	0	1.0
1168	5320	0	1.0
1168	3859	0	1.0
1168	6020	0	1.0
1169	2678	0	1.0
1169	2743	0	1.0
1169	3645	0	1.0
1170	4071	0	1.0
1170	5903	0	1.0
1170	6122	0	1.0
1171	2659	0	1.0
1171	2773	0	1.0
1171	5225	0	1.0
1172	3790	0	1.0
1172	5135	0	1.0
1172	5379	0	1.0
1173	2427	0	1.0
1173	3145	0	1.0
1173	2416	0	1.0
1174	3895	0	1.0
1174	4735	0	1.0
1174	3128	0	1.0
1175	3355	0	1.0
1175	3835	0	1.0
1175	2637	0	1.0
1176	4162	0	1.0
1176	3471	0	1.0
1176	3801	0	1.0
1177	3964	0	1.0
1177	5735	0	1.0
1177	4458	0	1.0
1178	5891	0	1.0
1178	3634	0	1.0
1178	6104	0	1.0
1179	3745	0	1.0
1179	5908	0	1.0
1179	5931	0	1.0
1180	3423	0	1.0
1180	2311	0	1.0
1180	2930	0	1.0
1181	5897	0	1.0
1181	4020	0	1.0
1181	4164	0	1.0
1182	3381	0	1.0
1182	6120	0	1.0
1182	3149	0	1.0
1183	2207	0	1.0
1183	6164	0	1.0
1183	5736	0	1.0
1184	6092	0	1.0
1184	5935	0	1.0
1184	3077	0	1.0
1185	2529	0	1.0
1185	2866	0	1.0
1185	4929	0	1.0
1186	4042	0	1.0
1186	4770	0	1.0
1186	2370	0	1.0
1187	5627	0	1.0
1187	2595	0	1.0
1187	2698	0	1.0
1188	4167	0	1.0
1188	3146	0	1.0
1188	4563	0	1.0
1189	4347	0	1.0
1189	5602	0	1.0
1189	3675	0	1.0
1190	5195	0	1.0
1190	3859	0	1.0
1190	3483	0	1.0
1191	5787	0	1.0
1191	4478	0	1.0
1191	5166	0	1.0
1192	4993	0	1.0
1192	4523	0	1.0
1192	4368	0	1.0
1193	3782	0	1.0
1193	3627	0	1.0
1193	5245	0	1.0
1194	4618	0	1.0
1194	2994	0	1.0
1194	4699	0	1.0
1195	5252	0	1.0
1195	3223	0	1.0
1195	5192	0	1.0
1196	3934	0	1.0
1196	3587	0	1.0
1196	5266	0	1.0
1197	4735	0	1.0
1197	2897	0	1.0
1197	4905	0	1.0
1198	3287	0	1.0
1198	5738	0	1.0
1198	3001	0	1.0
1199	3055	0	1.0
1199	5370	0	1.0
1199	6103	0	1.0
1200	4690	0	1.0
1200	2896	0	1.0
1200	5125	0	1.0
1201	2880	0	1.0
1201	5491	0	1.0
1201	5730	0	1.0
1202	5350	0	1.0
1202	4016	0	1.0
1202	6005	0	1.0
1203	3392	0	1.0
1203	3505	0	1.0
1203	3528	0	1.0
1204	3440	0	1.0
1204	4880	0	1.0
1204	5471	0	1.0
1205	3235	0	1.0
1205	3887	0	1.0
1205	6116	0	1.0
1206	2212	0	1.0
1206	3468	0	1.0
1206	3633	0	1.0
1207	3183	0	1.0
1207	2613	0	1.0
1207	4406	0	1.0
1208	2916	0	1.0
1208	4377	0	1.0
1208	4926	0	1.0
1209	4569	0	1.0
1209	5108	0	1.0
1209	3359	0	1.0
1210	4623	0	1.0
1210	4629	0	1.0
1210	5764	0	1.0
1211	5393	0	1.0
1211	3126	0	1.0
1211	5015	0	1.0
1212	2707	0	1.0
1212	3414	0	1.0
1212	3608	0	1.0
1213	3480	0	1.0
1213	3406	0	1.0
1213	4845	0	1.0
1214	4471	0	1.0
1214	4003	0	1.0
1214	5658	0	1.0
1215	4286	0	1.0
1215	4971	0	1.0
1215	3939	0	1.0
1216	3377	0	1.0
1216	4080	0	1.0
1216	4093	0	1.0
1217	4305	0	1.0
1217	2524	0	1.0
1217	4707	0	1.0
1218	3800	0	1.0
1218	4899	0	1.0
1218	2726	0	1.0
1219	2661	0	1.0
1219	5547	0	1.0
1219	5673	0	1.0
1220	4370	0	1.0
1220	4828	0	1.0
1220	5063	0	1.0
1221	2255	0	1.0
1221	3441	0	1.0
1221	3559	0	1.0
1222	2530	0	1.0
1222	2734	0	1.0
1222	5881	0	1.0
1223	4214	0	1.0
1223	3873	0	1.0
1223	4496	0	1.0
1224	3620	0	1.0
1224	2583	0	1.0
1224	2958	0	1.0
1225	6077	0	1.0
1225	5729	0	1.0
1225	5576	0	1.0
1226	4319	0	1.0
1226	2382	0	1.0
1226	5481	0	1.0
1227	3898	0	1.0
1227	5296	0	1.0
1227	2831	0	1.0
1228	3808	0	1.0
1228	2988	0	1.0
1228	3057	0	1.0
1229	3918	0	1.0
1229	5389	0	1.0
1229	5158	0	1.0
1230	5811	0	1.0
1230	3154	0	1.0
1230	4089	0	1.0
1231	4569	0	1.0
1231	4793	0	1.0
1231	4625	0	1.0
1232	4497	0	1.0
1232	5880	0	1.0
1232	6114	0	1.0
1233	3985	0	1.0
1233	3560	0	1.0
1233	4352	0	1.0
1234	2373	0	1.0
1234	3035	0	1.0
1234	4556	0	1.0
1235	6028	0	1.0
1235	3998	0	1.0
1235	3381	0	1.0
1236	2245	0	1.0
1236	2539	0	1.0
1236	3037	0	1.0
1237	3177	0	1.0
1237	3957	0	1.0
1237	5282	0	1.0
1238	4231	0	1.0
1238	5978	0	1.0
1238	2786	0	1.0
1239	2207	0	1.0
1239	4674	0	1.0
1239	3288	0	1.0
1240	4140	0	1.0
1240	4378	0	1.0
1240	5128	0	1.0
1241	4042	0	1.0
1241	3355	0	1.0
1241	5536	0	1.0
1242	2937	0	1.0
1242	4600	0	1.0
1242	4766	0	1.0
1243	4544	0	1.0
1243	4666	0	1.0
1243	5933	0	1.0
1244	3044	0	1.0
1244	3199	0	1.0
1244	3509	0	1.0
1245	3639	0	1.0
1245	2693	0	1.0
1245	5650	0	1.0
1246	3955	0	1.0
1246	2331	0	1.0
1246	4064	0	1.0
1247	3625	0	1.0
1247	4229	0	1.0
1247	5098	0	1.0
1248	2559	0	1.0
1248	3384	0	1.0
1248	3048	0	1.0
1249	3467	0	1.0
1249	4084	0	1.0
1249	2794	0	1.0
1250	3348	0	1.0
1250	5842	0	1.0
1250	5002	0	1.0
1251	5016	0	1.0
1251	3702	0	1.0
1251	5927	0	1.0
1252	3781	0	1.0
1252	4489	0	1.0
1252	5687	0	1.0
1253	3584	0	1.0
1253	5509	0	1.0
1253	3071	0	1.0
1254	4843	0	1.0
1254	2940	0	1.0
1254	4970	0	1.0
1255	4071	0	1.0
1255	4971	0	1.0
1255	3588	0	1.0
1256	3230	0	1.0
1256	4807	0	1.0
1256	4874	0	1.0
1257	3714	0	1.0
1257	4145	0	1.0
1257	4890	0	1.0
1258	4936	0	1.0
1258	5985	0	1.0
1258	2566	0	1.0
1259	3218	0	1.0
1259	3726	0	1.0
1259	5376	0	1.0
1260	5657	0	1.0
1260	5736	0	1.0
1260	3223	0	1.0
1261	4236	0	1.0
1261	5640	0	1.0
1261	5381	0	1.0
1262	4162	0	1.0
1262	5813	0	1.0
1262	5467	0	1.0
1263	2970	0	1.0
1263	3183	0	1.0
1263	3561	0	1.0
1264	2551	0	1.0
1264	3965	0	1.0
1264	4518	0	1.0
1265	3840	0	1.0
1265	3772	0	1.0
1265	2576	0	1.0
1266	5478	0	1.0
1266	4351	0	1.0
1266	6128	0	1.0
1267	3127	0	1.0
1267	3310	0	1.0
1267	3712	0	1.0
1268	4215	0	1.0
1268	4610	0	1.0
1268	2702	0	1.0
1269	2537	0	1.0
1269	3161	0	1.0
1269	3162	0	1.0
1270	3513	0	1.0
1270	5628	0	1.0
1270	3738	0	1.0
1271	5535	0	1.0
1271	3756	0	1.0
1271	6158	0	1.0
1272	6165	0	1.0
1272	3201	0	1.0
1272	4321	0	1.0
1273	3242	0	1.0
1273	3265	0	1.0
1273	5722	0	1.0
1274	4738	0	1.0
1274	5130	0	1.0
1274	6095	0	1.0
1275	5738	0	1.0
1275	4854	0	1.0
1275	2673	0	1.0
1276	2655	0	1.0
1276	4432	0	1.0
1276	2849	0	1.0
1277	4351	0	1.0
1277	5674	0	1.0
1277	3780	0	1.0
1278	3898	0	1.0
1278	4139	0	1.0
1278	6039	0	1.0
1279	3795	0	1.0
1279	5316	0	1.0
1279	5456	0	1.0
1280	5446	0	1.0
1280	5204	0	1.0
1280	2185	0	1.0
1281	2859	0	1.0
1281	4299	0	1.0
1281	5193	0	1.0
1282	4644	0	1.0
1282	3288	0	1.0
1282	4529	0	1.0
1283	4135	0	1.0
1283	4872	0	1.0
1283	4947	0	1.0
1284	3955	0	1.0
1284	4061	0	1.0
1284	4134	0	1.0
1285	5097	0	1.0
1285	2278	0	1.0
1285	5541	0	1.0
1286	4692	0	1.0
1286	3763	0	1.0
1286	3778	0	1.0
1287	3515	0	1.0
1287	3758	0	1.0
1287	3986	0	1.0
1288	3382	0	1.0
1288	3597	0	1.0
1288	3805	0	1.0
1289	5108	0	1.0
1289	5002	0	1.0
1289	3107	0	1.0
1290	2777	0	1.0
1290	5657	0	1.0
1290	5315	0	1.0
1291	4893	0	1.0
1291	3677	0	1.0
1291	6131	0	1.0
1292	2906	0	1.0
1292	4620	0	1.0
1292	5017	0	1.0
1293	3828	0	1.0
1293	3843	0	1.0
1293	3016	0	1.0
1294	4126	0	1.0
1294	2425	0	1.0
1294	5678	0	1.0
1295	3172	0	1.0
1295	5507	0	1.0
1295	5728	0	1.0
1296	5050	0	1.0
1296	2461	0	1.0
1296	4565	0	1.0
1297	4459	0	1.0
1297	4115	0	1.0
1297	2756	0	1.0
1298	3971	0	1.0
1298	3163	0	1.0
1298	5524	0	1.0
1299	5563	0	1.0
1299	4798	0	1.0
1299	4528	0	1.0
1300	2607	0	1.0
1300	3203	0	1.0
1300	4220	0	1.0
1301	3167	0	1.0
1301	5663	0	1.0
1301	2528	0	1.0
1302	5029	0	1.0
1302	5226	0	1.0
1302	5518	0	1.0
1303	4822	0	1.0
1303	4390	0	1.0
1303	4820	0	1.0
1304	5281	0	1.0
1304	3621	0	1.0
1304	2251	0	1.0
1305	3378	0	1.0
1305	3374	0	1.0
1305	4705	0	1.0
1306	4246	0	1.0
1306	5278	0	1.0
1306	5812	0	1.0
1307	2191	0	1.0
1307	5091	0	1.0
1307	6027	0	1.0
1308	2935	0	1.0
1308	4532	0	1.0
1308	5051	0	1.0
1309	4744	0	1.0
1309	3838	0	1.0
1309	3020	0	1.0
1310	4902	0	1.0
1310	3956	0	1.0
1310	5728	0	1.0
1311	2457	0	1.0
1311	5773	0	1.0
1311	5939	0	1.0
1312	3212	0	1.0
1312	4141	0	1.0
1312	5486	0	1.0
1313	2555	0	1.0
1313	5562	0	1.0
1313	2740	0	1.0
1314	5645	0	1.0
1314	6117	0	1.0
1314	2718	0	1.0
1315	2939	0	1.0
1315	3197	0	1.0
1315	3546	0	1.0
1316	2831	0	1.0
1316	2518	0	1.0
1316	4700	0	1.0
1317	3622	0	1.0
1317	5170	0	1.0
1317	4604	0	1.0
1318	4006	0	1.0
1318	3721	0	1.0
1318	3046	0	1.0
1319	5016	0	1.0
1319	5993	0	1.0
1319	4152	0	1.0
1320	4503	0	1.0
1320	4375	0	1.0
1320	4921	0	1.0
1321	2536	0	1.0
1321	2907	0	1.0
1321	4481	0	1.0
1322	2478	0	1.0
1322	3096	0	1.0
1322	3605	0	1.0
1323	3528	0	1.0
1323	4235	0	1.0
1323	5665	0	1.0
1324	6126	0	1.0
1324	4120	0	1.0
1324	4794	0	1.0
1325	3186	0	1.0
1325	3772	0	1.0
1325	3549	0	1.0
1326	3261	0	1.0
1326	2456	0	1.0
1326	4657	0	1.0
1327	4940	0	1.0
1327	5699	0	1.0
1327	2462	0	1.0
1328	3285	0	1.0
1328	4460	0	1.0
1328	4511	0	1.0
1329	5562	0	1.0
1329	4298	0	1.0
1329	3486	0	1.0
1330	2727	0	1.0
1330	3333	0	1.0
1330	3350	0	1.0
1331	2388	0	1.0
1331	2968	0	1.0
1331	3204	0	1.0
1332	4916	0	1.0
1332	3377	0	1.0
1332	4880	0	1.0
1333	5145	0	1.0
1333	5634	0	1.0
1333	3350	0	1.0
1334	4296	0	1.0
1334	4932	0	1.0
1334	5851	0	1.0
1335	6036	0	1.0
1335	5168	0	1.0
1335	6089	0	1.0
1336	2510	0	1.0
1336	3512	0	1.0
1336	3390	0	1.0
1337	3349	0	1.0
1337	2466	0	1.0
1337	3454	0	1.0
1338	3684	0	1.0
1338	2896	0	1.0
1338	3381	0	1.0
1339	5448	0	1.0
1339	4065	0	1.0
1339	5207	0	1.0
1340	3220	0	1.0
1340	2801	0	1.0
1340	2348	0	1.0
1341	4462	0	1.0
1341	5500	0	1.0
1341	2315	0	1.0
1342	5727	0	1.0
1342	3913	0	1.0
1342	4443	0	1.0
1343	4853	0	1.0
1343	2551	0	1.0
1343	6144	0	1.0
1344	3440	0	1.0
1344	2742	0	1.0
1344	4386	0	1.0
1345	3718	0	1.0
1345	2643	0	1.0
1345	5980	0	1.0
1346	5203	0	1.0
1346	3854	0	1.0
1346	2184	0	1.0
1347	4519	0	1.0
1347	4251	0	1.0
1347	4954	0	1.0
1348	5729	0	1.0
1348	4796	0	1.0
1348	2408	0	1.0
1349	2570	0	1.0
1349	4796	0	1.0
1349	5354	0	1.0
1350	5281	0	1.0
1350	2292	0	1.0
1350	3267	0	1.0
1351	3346	0	1.0
1351	2784	0	1.0
1351	5347	0	1.0
1352	4152	0	1.0
1352	4259	0	1.0
1352	5490	0	1.0
1353	3127	0	1.0
1353	4362	0	1.0
1353	4442	0	1.0
1354	5016	0	1.0
1354	5975	0	1.0
1354	5436	0	1.0
1355	2984	0	1.0
1355	5187	0	1.0
1355	5256	0	1.0
1356	6028	0	1.0
1356	4374	0	1.0
1356	3585	0	1.0
1357	4400	0	1.0
1357	2531	0	1.0
1357	4222	0	1.0
1358	4691	0	1.0
1358	3410	0	1.0
1358	2946	0	1.0
1359	2218	0	1.0
1359	2442	0	1.0
1359	3630	0	1.0
1360	5033	0	1.0
1360	4100	0	1.0
1360	6160	0	1.0
1361	2407	0	1.0
1361	2672	0	1.0
1361	5156	0	1.0
1362	2258	0	1.0
1362	5243	0	1.0
1362	5361	0	1.0
1363	4956	0	1.0
1363	2518	0	1.0
1363	5409	0	1.0
1364	5061	0	1.0
1364	5500	0	1.0
1364	3015	0	1.0
1365	4544	0	1.0
1365	2233	0	1.0
1365	3317	0	1.0
1366	2925	0	1.0
1366	4802	0	1.0
1366	5012	0	1.0
1367	4240	0	1.0
1367	3569	0	1.0
1367	4606	0	1.0
1368	6050	0	1.0
1368	2894	0	1.0
1368	3942	0	1.0
1369	3124	0	1.0
1369	3372	0	1.0
1369	3499	0	1.0
1370	3225	0	1.0
1370	5582	0	1.0
1370	3231	0	1.0
1371	4623	0	1.0
1371	3069	0	1.0
1371	2391	0	1.0
1372	3266	0	1.0
1372	3357	0	1.0
1372	4339	0	1.0
1373	2573	0	1.0
1373	4265	0	1.0
1373	3662	0	1.0
1374	2593	0	1.0
1374	3376	0	1.0
1374	5487	0	1.0
1375	3784	0	1.0
1375	3857	0	1.0
1375	4615	0	1.0
1376	3116	0	1.0
1376	5449	0	1.0
1376	5185	0	1.0
1377	3326	0	1.0
1377	2654	0	1.0
1377	3527	0	1.0
1378	2795	0	1.0
1378	3150	0	1.0
1378	5244	0	1.0
1379	4933	0	1.0
1379	4919	0	1.0
1379	2481	0	1.0
1380	5393	0	1.0
1380	5144	0	1.0
1380	5779	0	1.0
1381	5376	0	1.0
1381	3381	0	1.0
1381	6090	0	1.0
1382	3504	0	1.0
1382	3619	0	1.0
1382	5862	0	1.0
1383	5293	0	1.0
1383	4595	0	1.0
1383	5911	0	1.0
1384	5686	0	1.0
1384	4413	0	1.0
1384	5002	0	1.0
1385	2534	0	1.0
1385	3663	0	1.0
1385	4244	0	1.0
1386	4238	0	1.0
1386	5357	0	1.0
1386	2280	0	1.0
1387	3388	0	1.0
1387	3389	0	1.0
1387	5604	0	1.0
1388	2778	0	1.0
1388	4825	0	1.0
1388	5942	0	1.0
1389	3289	0	1.0
1389	3535	0	1.0
1389	5299	0	1.0
1390	5771	0	1.0
1390	5724	0	1.0
1390	2310	0	1.0
1391	3169	0	1.0
1391	3773	0	1.0
1391	5472	0	1.0
1392	3420	0	1.0
1392	4459	0	1.0
1392	2234	0	1.0
1393	2495	0	1.0
1393	2620	0	1.0
1393	4052	0	1.0
1394	5926	0	1.0
1394	4635	0	1.0
1394	4445	0	1.0
1395	2491	0	1.0
1395	4500	0	1.0
1395	5182	0	1.0
1396	4822	0	1.0
1396	4752	0	1.0
1396	4087	0	1.0
1397	5934	0	1.0
1397	4992	0	1.0
1397	4066	0	1.0
1398	3757	0	1.0
1398	4311	0	1.0
1398	4379	0	1.0
1399	3197	0	1.0
1399	3499	0	1.0
1399	3656	0	1.0
1400	3840	0	1.0
1400	4365	0	1.0
1400	5685	0	1.0
1401	5371	0	1.0
1401	4037	0	1.0
1401	6079	0	1.0
1402	2504	0	1.0
1402	2915	0	1.0
1402	5178	0	1.0
1403	5400	0	1.0
1403	5648	0	1.0
1403	3818	0	1.0
1404	2428	0	1.0
1404	3993	0	1.0
1404	4701	0	1.0
1405	3422	0	1.0
1405	4051	0	1.0
1405	4830	0	1.0
1406	4562	0	1.0
1406	2623	0	1.0
1406	4294	0	1.0
1407	3575	0	1.0
1407	5312	0	1.0
1407	5688	0	1.0
1408	2986	0	1.0
1408	4205	0	1.0
1408	5830	0	1.0
1409	3720	0	1.0
1409	6058	0	1.0
1409	5399	0	1.0
1410	2978	0	1.0
1410	3293	0	1.0
1410	6151	0	1.0
1411	3538	0	1.0
1411	4012	0	1.0
1411	5080	0	1.0
1412	3409	0	1.0
1412	3440	0	1.0
1412	4306	0	1.0
1413	6078	0	1.0
1413	5449	0	1.0
1413	4999	0	1.0
1414	6077	0	1.0
1414	6164	0	1.0
1414	2973	0	1.0
1415	4101	0	1.0
1415	3487	0	1.0
1415	5564	0	1.0
1416	3146	0	1.0
1416	4376	0	1.0
1416	4942	0	1.0
1417	2834	0	1.0
1417	2309	0	1.0
1417	2569	0	1.0
1418	3398	0	1.0
1418	3276	0	1.0
1418	5396	0	1.0
1419	4810	0	1.0
1419	4649	0	1.0
1419	3571	0	1.0
1420	2502	0	1.0
1420	5254	0	1.0
1420	5649	0	1.0
1421	3761	0	1.0
1421	2289	0	1.0
1421	4451	0	1.0
1422	2807	0	1.0
1422	5354	0	1.0
1422	3877	0	1.0
1423	4575	0	1.0
1423	3616	0	1.0
1423	3158	0	1.0
1424	3124	0	1.0
1424	4305	0	1.0
1424	2468	0	1.0
1425	2213	0	1.0
1425	3253	0	1.0
1425	4938	0	1.0
1426	2401	0	1.0
1426	4714	0	1.0
1426	4090	0	1.0
1427	3725	0	1.0
1427	2818	0	1.0
1427	4774	0	1.0
1428	2307	0	1.0
1428	5604	0	1.0
1428	2297	0	1.0
1429	3016	0	1.0
1429	5631	0	1.0
1429	4063	0	1.0
1430	2935	0	1.0
1430	4539	0	1.0
1430	5468	0	1.0
1431	3782	0	1.0
1431	2658	0	1.0
1431	5216	0	1.0
1432	2296	0	1.0
1432	3593	0	1.0
1432	5855	0	1.0
1433	6149	0	1.0
1433	3033	0	1.0
1433	5575	0	1.0
1434	2453	0	1.0
1434	3251	0	1.0
1434	5259	0	1.0
1435	5413	0	1.0
1435	5165	0	1.0
1435	5884	0	1.0
1436	4269	0	1.0
1436	3487	0	1.0
1436	4119	0	1.0
1437	4906	0	1.0
1437	5517	0	1.0
1437	5466	0	1.0
1438	2222	0	1.0
1438	2395	0	1.0
1438	3429	0	1.0
1439	4792	0	1.0
1439	4028	0	1.0
1439	2761	0	1.0
1440	4418	0	1.0
1440	6008	0	1.0
1440	6118	0	1.0
1441	5180	0	1.0
1441	2349	0	1.0
1441	5847	0	1.0
1442	2737	0	1.0
1442	6112	0	1.0
1442	6130	0	1.0
1443	4519	0	1.0
1443	3548	0	1.0
1443	4694	0	1.0
1444	3640	0	1.0
1444	3320	0	1.0
1444	4344	0	1.0
1445	4192	0	1.0
1445	5876	0	1.0
1445	4023	0	1.0
1446	4506	0	1.0
1446	3517	0	1.0
1446	3659	0	1.0
1447	5862	0	1.0
1447	3191	0	1.0
1447	4484	0	1.0
1448	3370	0	1.0
1448	5657	0	1.0
1448	4259	0	1.0
1449	2529	0	1.0
1449	2748	0	1.0
1449	5740	0	1.0
1450	3396	0	1.0
1450	3792	0	1.0
1450	3075	0	1.0
1451	4834	0	1.0
1451	2545	0	1.0
1451	3156	0	1.0
1452	4454	0	1.0
1452	4991	0	1.0
1452	3025	0	1.0
1453	3126	0	1.0
1453	4152	0	1.0
1453	5466	0	1.0
1454	4954	0	1.0
1454	3101	0	1.0
1454	4887	0	1.0
1455	4140	0	1.0
1455	2677	0	1.0
1455	3730	0	1.0
1456	3566	0	1.0
1456	4472	0	1.0
1456	6019	0	1.0
1457	4823	0	1.0
1457	2546	0	1.0
1457	4308	0	1.0
1458	3331	0	1.0
1458	4490	0	1.0
1458	6015	0	1.0
1459	3734	0	1.0
1459	6090	0	1.0
1459	5601	0	1.0
1460	2448	0	1.0
1460	5456	0	1.0
1460	5944	0	1.0
1461	3229	0	1.0
1461	2659	0	1.0
1461	6087	0	1.0
1462	5280	0	1.0
1462	3097	0	1.0
1462	3436	0	1.0
1463	2920	0	1.0
1463	3042	0	1.0
1463	4411	0	1.0
1464	2570	0	1.0
1464	2584	0	1.0
1464	4493	0	1.0
1465	3183	0	1.0
1465	4880	0	1.0
1465	5070	0	1.0
1466	3859	0	1.0
1466	5658	0	1.0
1466	3252	0	1.0
1467	5698	0	1.0
1467	4932	0	1.0
1467	4753	0	1.0
1468	3183	0	1.0
1468	2941	0	1.0
1468	3135	0	1.0
1469	3611	0	1.0
1469	4932	0	1.0
1469	6052	0	1.0
1470	4916	0	1.0
1470	3970	0	1.0
1470	4132	0	1.0
1471	2449	0	1.0
1471	2471	0	1.0
1471	5579	0	1.0
1472	4018	0	1.0
1472	4317	0	1.0
1472	5384	0	1.0
1473	2179	0	1.0
1473	2393	0	1.0
1473	3788	0	1.0
1474	4512	0	1.0
1474	4324	0	1.0
1474	2898	0	1.0
1475	2343	0	1.0
1475	4558	0	1.0
1475	3501	0	1.0
1476	4015	0	1.0
1476	4492	0	1.0
1476	5593	0	1.0
1477	2443	0	1.0
1477	3967	0	1.0
1477	5066	0	1.0
1478	2640	0	1.0
1478	2692	0	1.0
1478	3070	0	1.0
1479	5553	0	1.0
1479	5300	0	1.0
1479	3694	0	1.0
1480	5858	0	1.0
1480	5053	0	1.0
1480	2405	0	1.0
1481	3219	0	1.0
1481	4353	0	1.0
1481	3496	0	1.0
1482	5507	0	1.0
1482	5329	0	1.0
1482	5762	0	1.0
1483	2349	0	1.0
1483	4735	0	1.0
1483	5362	0	1.0
1484	4142	0	1.0
1484	4155	0	1.0
1484	3876	0	1.0
1485	4853	0	1.0
1485	3473	0	1.0
1485	2943	0	1.0
1486	3568	0	1.0
1486	3553	0	1.0
1486	5999	0	1.0
1487	5846	0	1.0
1487	4952	0	1.0
1487	5271	0	1.0
1488	4085	0	1.0
1488	3220	0	1.0
1488	5204	0	1.0
1489	3236	0	1.0
1489	3995	0	1.0
1489	5385	0	1.0
1490	4071	0	1.0
1490	3588	0	1.0
1490	4841	0	1.0
1491	4893	0	1.0
1491	3677	0	1.0
1491	3945	0	1.0
1492	2862	0	1.0
1492	4800	0	1.0
1492	5411	0	1.0
1493	3567	0	1.0
1493	4922	0	1.0
1493	5366	0	1.0
1494	4302	0	1.0
1494	3678	0	1.0
1494	3334	0	1.0
1495	2985	0	1.0
1495	2588	0	1.0
1495	5387	0	1.0
1496	4290	0	1.0
1496	6101	0	1.0
1496	2641	0	1.0
1497	4811	0	1.0
1497	3614	0	1.0
1497	3834	0	1.0
1498	3568	0	1.0
1498	6145	0	1.0
1498	4761	0	1.0
1499	4334	0	1.0
1499	2207	0	1.0
1499	2372	0	1.0
1500	2183	0	1.0
1500	6043	0	1.0
1500	4479	0	1.0
1501	4814	0	1.0
1501	6083	0	1.0
1501	2581	0	1.0
1502	3499	0	1.0
1502	2876	0	1.0
1502	3572	0	1.0
1503	2317	0	1.0
1503	4341	0	1.0
1503	5394	0	1.0
1504	3330	0	1.0
1504	2622	0	1.0
1504	4077	0	1.0
1505	3569	0	1.0
1505	5117	0	1.0
1505	5190	0	1.0
1506	4799	0	1.0
1506	5444	0	1.0
1506	4403	0	1.0
1507	2234	0	1.0
1507	3686	0	1.0
1507	3961	0	1.0
1508	3031	0	1.0
1508	3062	0	1.0
1508	4988	0	1.0
1509	4843	0	1.0
1509	5826	0	1.0
1509	5804	0	1.0
1510	2814	0	1.0
1510	2354	0	1.0
1510	5912	0	1.0
1511	4061	0	1.0
1511	3301	0	1.0
1511	4348	0	1.0
1512	2352	0	1.0
1512	2859	0	1.0
1512	3737	0	1.0
1513	2465	0	1.0
1513	3445	0	1.0
1513	5055	0	1.0
1514	4822	0	1.0
1514	2281	0	1.0
1514	3953	0	1.0
1515	5716	0	1.0
1515	5502	0	1.0
1515	5548	0	1.0
1516	4060	0	1.0
1516	4150	0	1.0
1516	5623	0	1.0
1517	3368	0	1.0
1517	3375	0	1.0
1517	3744	0	1.0
1518	3137	0	1.0
1518	3621	0	1.0
1518	4466	0	1.0
1519	3422	0	1.0
1519	4884	0	1.0
1519	5703	0	1.0
1520	4142	0	1.0
1520	5640	0	1.0
1520	2956	0	1.0
1521	3388	0	1.0
1521	4702	0	1.0
1521	5079	0	1.0
1522	5862	0	1.0
1522	2406	0	1.0
1522	3539	0	1.0
1523	5011	0	1.0
1523	2429	0	1.0
1523	5569	0	1.0
1524	4835	0	1.0
1524	2620	0	1.0
1524	3219	0	1.0
1525	4791	0	1.0
1525	5058	0	1.0
1525	5101	0	1.0
1526	4260	0	1.0
1526	4581	0	1.0
1526	5103	0	1.0
1527	5229	0	1.0
1527	2321	0	1.0
1527	3565	0	1.0
1528	3273	0	1.0
1528	3704	0	1.0
1528	5152	0	1.0
1529	3503	0	1.0
1529	3992	0	1.0
1529	4986	0	1.0
1530	5841	0	1.0
1530	4575	0	1.0
1530	5170	0	1.0
1531	3971	0	1.0
1531	6027	0	1.0
1531	5532	0	1.0
1532	5179	0	1.0
1532	5099	0	1.0
1532	6002	0	1.0
1533	3686	0	1.0
1533	2732	0	1.0
1533	3419	0	1.0
1534	3746	0	1.0
1534	4418	0	1.0
1534	2753	0	1.0
1535	2450	0	1.0
1535	3637	0	1.0
1535	5348	0	1.0
1536	5698	0	1.0
1536	3351	0	1.0
1536	3700	0	1.0
1537	4575	0	1.0
1537	3071	0	1.0
1537	3616	0	1.0
1538	2223	0	1.0
1538	2224	0	1.0
1538	3982	0	1.0
1539	3126	0	1.0
1539	5674	0	1.0
1539	5466	0	1.0
1540	3997	0	1.0
1540	5605	0	1.0
1540	4410	0	1.0
1541	4071	0	1.0
1541	2773	0	1.0
1541	2892	0	1.0
1542	3735	0	1.0
1542	2574	0	1.0
1542	6155	0	1.0
1543	5353	0	1.0
1543	3108	0	1.0
1543	2957	0	1.0
1544	2260	0	1.0
1544	3720	0	1.0
1544	3349	0	1.0
1545	5915	0	1.0
1545	2773	0	1.0
1545	3352	0	1.0
1546	4566	0	1.0
1546	5413	0	1.0
1546	5496	0	1.0
1547	5098	0	1.0
1547	4781	0	1.0
1547	6072	0	1.0
1548	2989	0	1.0
1548	3073	0	1.0
1548	4367	0	1.0
1549	5985	0	1.0
1549	4240	0	1.0
1549	3401	0	1.0
1550	2453	0	1.0
1550	4852	0	1.0
1550	3949	0	1.0
1551	3170	0	1.0
1551	3596	0	1.0
1551	3599	0	1.0
1552	3858	0	1.0
1552	4859	0	1.0
1552	5110	0	1.0
1553	4651	0	1.0
1553	5517	0	1.0
1553	2559	0	1.0
1554	3977	0	1.0
1554	2472	0	1.0
1554	3932	0	1.0
1555	2864	0	1.0
1555	5556	0	1.0
1555	5815	0	1.0
1556	3420	0	1.0
1556	2357	0	1.0
1556	4125	0	1.0
1557	4151	0	1.0
1557	5547	0	1.0
1557	2336	0	1.0
1558	3898	0	1.0
1558	5612	0	1.0
1558	3102	0	1.0
1559	6092	0	1.0
1559	3262	0	1.0
1559	4801	0	1.0
1560	2552	0	1.0
1560	5733	0	1.0
1560	5803	0	1.0
1561	2663	0	1.0
1561	3149	0	1.0
1561	5906	0	1.0
1562	3467	0	1.0
1562	5729	0	1.0
1562	4003	0	1.0
1563	2714	0	1.0
1563	4217	0	1.0
1563	3497	0	1.0
1564	4386	0	1.0
1564	2438	0	1.0
1564	5662	0	1.0
1565	3752	0	1.0
1565	4441	0	1.0
1565	5837	0	1.0
1566	4471	0	1.0
1566	5253	0	1.0
1566	5147	0	1.0
1567	4503	0	1.0
1567	5217	0	1.0
1567	2467	0	1.0
1568	3081	0	1.0
1568	2896	0	1.0
1568	2747	0	1.0
1569	3613	0	1.0
1569	2529	0	1.0
1569	2362	0	1.0
1570	4596	0	1.0
1570	4752	0	1.0
1570	4177	0	1.0
1571	3068	0	1.0
1571	5107	0	1.0
1571	2424	0	1.0
1572	5676	0	1.0
1572	4295	0	1.0
1572	4343	0	1.0
1573	5723	0	1.0
1573	4112	0	1.0
1573	3740	0	1.0
1574	5586	0	1.0
1574	4149	0	1.0
1574	2540	0	1.0
1575	3351	0	1.0
1575	2503	0	1.0
1575	5290	0	1.0
1576	2235	0	1.0
1576	4129	0	1.0
1576	5302	0	1.0
1577	4838	0	1.0
1577	2294	0	1.0
1577	3352	0	1.0
1578	2479	0	1.0
1578	3663	0	1.0
1578	2226	0	1.0
1579	5923	0	1.0
1579	2872	0	1.0
1579	4554	0	1.0
1580	4085	0	1.0
1580	5199	0	1.0
1580	4894	0	1.0
1581	5455	0	1.0
1581	3391	0	1.0
1581	5941	0	1.0
1582	3719	0	1.0
1582	5023	0	1.0
1582	5589	0	1.0
1583	2180	0	1.0
1583	3643	0	1.0
1583	4528	0	1.0
1584	3122	0	1.0
1584	2289	0	1.0
1584	4578	0	1.0
1585	3938	0	1.0
1585	4484	0	1.0
1585	3558	0	1.0
1586	3934	0	1.0
1586	2602	0	1.0
1586	3353	0	1.0
1587	5489	0	1.0
1587	5659	0	1.0
1587	6163	0	1.0
1588	3839	0	1.0
1588	5479	0	1.0
1588	3799	0	1.0
1589	2996	0	1.0
1589	5247	0	1.0
1589	5709	0	1.0
1590	5840	0	1.0
1590	2987	0	1.0
1590	4944	0	1.0
1591	2601	0	1.0
1591	4251	0	1.0
1591	5013	0	1.0
1592	4178	0	1.0
1592	5163	0	1.0
1592	5783	0	1.0
1593	2460	0	1.0
1593	2599	0	1.0
1593	4806	0	1.0
1594	5451	0	1.0
1594	2798	0	1.0
1594	4667	0	1.0
1595	3088	0	1.0
1595	2715	0	1.0
1595	5957	0	1.0
1596	3794	0	1.0
1596	4612	0	1.0
1596	5630	0	1.0
1597	5393	0	1.0
1597	4506	0	1.0
1597	3007	0	1.0
1598	3930	0	1.0
1598	4488	0	1.0
1598	5209	0	1.0
1599	6117	0	1.0
1599	4021	0	1.0
1599	4790	0	1.0
1600	6117	0	1.0
1600	4562	0	1.0
1600	4027	0	1.0
1601	5376	0	1.0
1601	2652	0	1.0
1601	6108	0	1.0
1602	2665	0	1.0
1602	6012	0	1.0
1602	4336	0	1.0
1603	2377	0	1.0
1603	2400	0	1.0
1603	3653	0	1.0
1604	3790	0	1.0
1604	4506	0	1.0
1604	5648	0	1.0
1605	2625	0	1.0
1605	2312	0	1.0
1605	3872	0	1.0
1606	2208	0	1.0
1606	3329	0	1.0
1606	4148	0	1.0
1607	4680	0	1.0
1607	5590	0	1.0
1607	5986	0	1.0
1608	2278	0	1.0
1608	2514	0	1.0
1608	5791	0	1.0
1609	3491	0	1.0
1609	4939	0	1.0
1609	3748	0	1.0
1610	5698	0	1.0
1610	2886	0	1.0
1610	3631	0	1.0
1611	2685	0	1.0
1611	2763	0	1.0
1611	4862	0	1.0
1612	3470	0	1.0
1612	3699	0	1.0
1612	4813	0	1.0
1613	4120	0	1.0
1613	3002	0	1.0
1613	3798	0	1.0
1614	6011	0	1.0
1614	2264	0	1.0
1614	4621	0	1.0
1615	2218	0	1.0
1615	3552	0	1.0
1615	4107	0	1.0
1616	3655	0	1.0
1616	4328	0	1.0
1616	5540	0	1.0
1617	3106	0	1.0
1617	2749	0	1.0
1617	4039	0	1.0
1618	3902	0	1.0
1618	4407	0	1.0
1618	5647	0	1.0
1619	2624	0	1.0
1619	4001	0	1.0
1619	4997	0	1.0
1620	3174	0	1.0
1620	4027	0	1.0
1620	5982	0	1.0
1621	2603	0	1.0
1621	4900	0	1.0
1621	4951	0	1.0
1622	5997	0	1.0
1622	3303	0	1.0
1622	4097	0	1.0
1623	3641	0	1.0
1623	3461	0	1.0
1623	5334	0	1.0
1624	3725	0	1.0
1624	2831	0	1.0
1624	5038	0	1.0
1625	3086	0	1.0
1625	4441	0	1.0
1625	5785	0	1.0
1626	2570	0	1.0
1626	4147	0	1.0
1626	3315	0	1.0
1627	2629	0	1.0
1627	5318	0	1.0
1627	4156	0	1.0
1628	5194	0	1.0
1628	5270	0	1.0
1628	5693	0	1.0
1629	2444	0	1.0
1629	5439	0	1.0
1629	6150	0	1.0
1630	2290	0	1.0
1630	3063	0	1.0
1630	2476	0	1.0
1631	2661	0	1.0
1631	5657	0	1.0
1631	6159	0	1.0
1632	2238	0	1.0
1632	3014	0	1.0
1632	4592	0	1.0
1633	2260	0	1.0
1633	2575	0	1.0
1633	3803	0	1.0
1634	4354	0	1.0
1634	4706	0	1.0
1634	6148	0	1.0
1635	2857	0	1.0
1635	3707	0	1.0
1635	3863	0	1.0
1636	3420	0	1.0
1636	4644	0	1.0
1636	5408	0	1.0
1637	3924	0	1.0
1637	4044	0	1.0
1637	4978	0	1.0
1638	3881	0	1.0
1638	4318	0	1.0
1638	5712	0	1.0
1639	2586	0	1.0
1639	4200	0	1.0
1639	5613	0	1.0
1640	4212	0	1.0
1640	4989	0	1.0
1640	5134	0	1.0
1641	5734	0	1.0
1641	5176	0	1.0
1641	5423	0	1.0
1642	2578	0	1.0
1642	2421	0	1.0
1642	4201	0	1.0
1643	3915	0	1.0
1643	4710	0	1.0
1643	2691	0	1.0
1644	5492	0	1.0
1644	3847	0	1.0
1644	5533	0	1.0
1645	3422	0	1.0
1645	6036	0	1.0
1645	2869	0	1.0
1646	2411	0	1.0
1646	3916	0	1.0
1646	2779	0	1.0
1647	4787	0	1.0
1647	5119	0	1.0
1647	2353	0	1.0
1648	2811	0	1.0
1648	3843	0	1.0
1648	2991	0	1.0
1649	4206	0	1.0
1649	2603	0	1.0
1649	4864	0	1.0
1650	4679	0	1.0
1650	4763	0	1.0
1650	2822	0	1.0
1651	4104	0	1.0
1651	4184	0	1.0
1651	4832	0	1.0
1652	3773	0	1.0
1652	4941	0	1.0
1652	5670	0	1.0
1653	5271	0	1.0
1653	4273	0	1.0
1653	5378	0	1.0
1654	2914	0	1.0
1654	3682	0	1.0
1654	4415	0	1.0
1655	3885	0	1.0
1655	5188	0	1.0
1655	5928	0	1.0
1656	4598	0	1.0
1656	2993	0	1.0
1656	6096	0	1.0
1657	6117	0	1.0
1657	4529	0	1.0
1657	2776	0	1.0
1658	5002	0	1.0
1658	4631	0	1.0
1658	5311	0	1.0
1659	3369	0	1.0
1659	5351	0	1.0
1659	5831	0	1.0
1660	4567	0	1.0
1660	3763	0	1.0
1660	4647	0	1.0
1661	5038	0	1.0
1661	5490	0	1.0
1661	4720	0	1.0
1662	2521	0	1.0
1662	3540	0	1.0
1662	5770	0	1.0
1663	4296	0	1.0
1663	4211	0	1.0
1663	5149	0	1.0
1664	5498	0	1.0
1664	5184	0	1.0
1664	2955	0	1.0
1665	5221	0	1.0
1665	4086	0	1.0
1665	4121	0	1.0
1666	2681	0	1.0
1666	5201	0	1.0
1666	6154	0	1.0
1667	3541	0	1.0
1667	6099	0	1.0
1667	4283	0	1.0
1668	3045	0	1.0
1668	5962	0	1.0
1668	6119	0	1.0
1669	5903	0	1.0
1669	4308	0	1.0
1669	2508	0	1.0
1670	4240	0	1.0
1670	2999	0	1.0
1670	3698	0	1.0
1671	5174	0	1.0
1671	4082	0	1.0
1671	2426	0	1.0
1672	3079	0	1.0
1672	4875	0	1.0
1672	5138	0	1.0
1673	5482	0	1.0
1673	5515	0	1.0
1673	3337	0	1.0
1674	5498	0	1.0
1674	2947	0	1.0
1674	5083	0	1.0
1675	4310	0	1.0
1675	2230	0	1.0
1675	2232	0	1.0
1676	4202	0	1.0
1676	4498	0	1.0
1676	5214	0	1.0
1677	2805	0	1.0
1677	4142	0	1.0
1677	5220	0	1.0
1678	4404	0	1.0
1678	5222	0	1.0
1678	5301	0	1.0
1679	5177	0	1.0
1679	5246	0	1.0
1679	5681	0	1.0
1680	3377	0	1.0
1680	2204	0	1.0
1680	4504	0	1.0
1681	2462	0	1.0
1681	2691	0	1.0
1681	5106	0	1.0
1682	4351	0	1.0
1682	2420	0	1.0
1682	5071	0	1.0
1683	4204	0	1.0
1683	4660	0	1.0
1683	4320	0	1.0
1684	3491	0	1.0
1684	4244	0	1.0
1684	5685	0	1.0
1685	2977	0	1.0
1685	5160	0	1.0
1685	2356	0	1.0
1686	5233	0	1.0
1686	3217	0	1.0
1686	3530	0	1.0
1687	5413	0	1.0
1687	5149	0	1.0
1687	2884	0	1.0
1688	2234	0	1.0
1688	3808	0	1.0
1688	3087	0	1.0
1689	2550	0	1.0
1689	3190	0	1.0
1689	4803	0	1.0
1690	2609	0	1.0
1690	3600	0	1.0
1690	5795	0	1.0
1691	5231	0	1.0
1691	3188	0	1.0
1691	3723	0	1.0
1692	5734	0	1.0
1692	3470	0	1.0
1692	4082	0	1.0
1693	4453	0	1.0
1693	5689	0	1.0
1693	5969	0	1.0
1694	4320	0	1.0
1694	3674	0	1.0
1694	3954	0	1.0
1695	2616	0	1.0
1695	4323	0	1.0
1695	4549	0	1.0
1696	5912	0	1.0
1696	4243	0	1.0
1696	5000	0	1.0
1697	5824	0	1.0
1697	3349	0	1.0
1697	2837	0	1.0
1698	4936	0	1.0
1698	2455	0	1.0
1698	4536	0	1.0
1699	3778	0	1.0
1699	5041	0	1.0
1699	6076	0	1.0
1700	2343	0	1.0
1700	4215	0	1.0
1700	3358	0	1.0
1701	5413	0	1.0
1701	3550	0	1.0
1701	4059	0	1.0
1702	5926	0	1.0
1702	5683	0	1.0
1702	4192	0	1.0
1703	3917	0	1.0
1703	3691	0	1.0
1703	2327	0	1.0
1704	5083	0	1.0
1704	3104	0	1.0
1704	4966	0	1.0
1705	5029	0	1.0
1705	4463	0	1.0
1705	4982	0	1.0
1706	3976	0	1.0
1706	5657	0	1.0
1706	5715	0	1.0
1707	4484	0	1.0
1707	2404	0	1.0
1707	3855	0	1.0
1708	3112	0	1.0
1708	4932	0	1.0
1708	3191	0	1.0
1709	2432	0	1.0
1709	4851	0	1.0
1709	5638	0	1.0
1710	3236	0	1.0
1710	2898	0	1.0
1710	4655	0	1.0
1711	4371	0	1.0
1711	3349	0	1.0
1711	5835	0	1.0
1712	2209	0	1.0
1712	4949	0	1.0
1712	6123	0	1.0
1713	4485	0	1.0
1713	5049	0	1.0
1713	6133	0	1.0
1714	5841	0	1.0
1714	3608	0	1.0
1714	2874	0	1.0
1715	2739	0	1.0
1715	3866	0	1.0
1715	4858	0	1.0
1716	4142	0	1.0
1716	5014	0	1.0
1716	4634	0	1.0
1717	4770	0	1.0
1717	5973	0	1.0
1717	4308	0	1.0
1718	2794	0	1.0
1718	4451	0	1.0
1718	3238	0	1.0
1719	2589	0	1.0
1719	3184	0	1.0
1719	4268	0	1.0
1720	2885	0	1.0
1720	5862	0	1.0
1720	3855	0	1.0
1721	5446	0	1.0
1721	4173	0	1.0
1721	4431	0	1.0
1722	3280	0	1.0
1722	5082	0	1.0
1722	6084	0	1.0
1723	2638	0	1.0
1723	3907	0	1.0
1723	5567	0	1.0
1724	3658	0	1.0
1724	2971	0	1.0
1724	4991	0	1.0
1725	4739	0	1.0
1725	5504	0	1.0
1725	5793	0	1.0
1726	2661	0	1.0
1726	4793	0	1.0
1726	5547	0	1.0
1727	6035	0	1.0
1727	2401	0	1.0
1727	3807	0	1.0
1728	5949	0	1.0
1728	3120	0	1.0
1728	4871	0	1.0
1729	5312	0	1.0
1729	3476	0	1.0
1729	4448	0	1.0
1730	2505	0	1.0
1730	5778	0	1.0
1730	5480	0	1.0
1731	2306	0	1.0
1731	5574	0	1.0
1731	3185	0	1.0
1732	3330	0	1.0
1732	3863	0	1.0
1732	5501	0	1.0
1733	5478	0	1.0
1733	5768	0	1.0
1733	5853	0	1.0
1734	5921	0	1.0
1734	4796	0	1.0
1734	2925	0	1.0
1735	4487	0	1.0
1735	4590	0	1.0
1735	6059	0	1.0
1736	4009	0	1.0
1736	3878	0	1.0
1736	3941	0	1.0
1737	4992	0	1.0
1737	3366	0	1.0
1737	3195	0	1.0
1738	4189	0	1.0
1738	4003	0	1.0
1738	4005	0	1.0
1739	3437	0	1.0
1739	5153	0	1.0
1739	5707	0	1.0
1740	2630	0	1.0
1740	2234	0	1.0
1740	2592	0	1.0
1741	2986	0	1.0
1741	5830	0	1.0
1741	5883	0	1.0
1742	6045	0	1.0
1742	4929	0	1.0
1742	3463	0	1.0
1743	3851	0	1.0
1743	3051	0	1.0
1743	3962	0	1.0
1744	5350	0	1.0
1744	3029	0	1.0
1744	3910	0	1.0
1745	2636	0	1.0
1745	4017	0	1.0
1745	5437	0	1.0
1746	3968	0	1.0
1746	4008	0	1.0
1746	4734	0	1.0
1747	2384	0	1.0
1747	3760	0	1.0
1747	4808	0	1.0
1748	4798	0	1.0
1748	3119	0	1.0
1748	5664	0	1.0
1749	2662	0	1.0
1749	2700	0	1.0
1749	4935	0	1.0
1750	4361	0	1.0
1750	5021	0	1.0
1750	5544	0	1.0
1751	4843	0	1.0
1751	2784	0	1.0
1751	5145	0	1.0
1752	3989	0	1.0
1752	4671	0	1.0
1752	4928	0	1.0
1753	3761	0	1.0
1753	2644	0	1.0
1753	5875	0	1.0
1754	4075	0	1.0
1754	4842	0	1.0
1754	4233	0	1.0
1755	5910	0	1.0
1755	5376	0	1.0
1755	3086	0	1.0
1756	5882	0	1.0
1756	2488	0	1.0
1756	4559	0	1.0
1757	3537	0	1.0
1757	5461	0	1.0
1757	4327	0	1.0
1758	4947	0	1.0
1758	4698	0	1.0
1758	4784	0	1.0
1759	3452	0	1.0
1759	4019	0	1.0
1759	6152	0	1.0
1760	4414	0	1.0
1760	2843	0	1.0
1760	2952	0	1.0
1761	2753	0	1.0
1761	2675	0	1.0
1761	2679	0	1.0
1762	3828	0	1.0
1762	3145	0	1.0
1762	3843	0	1.0
1763	5987	0	1.0
1763	5090	0	1.0
1763	5966	0	1.0
1764	5734	0	1.0
1764	3110	0	1.0
1764	2718	0	1.0
1765	2736	0	1.0
1765	4315	0	1.0
1765	4510	0	1.0
1766	5174	0	1.0
1766	3320	0	1.0
1766	4192	0	1.0
1767	5727	0	1.0
1767	5864	0	1.0
1767	3511	0	1.0
1768	2666	0	1.0
1768	4888	0	1.0
1768	2725	0	1.0
1769	2485	0	1.0
1769	3269	0	1.0
1769	4909	0	1.0
1770	4744	0	1.0
1770	4430	0	1.0
1770	5871	0	1.0
1771	5934	0	1.0
1771	4142	0	1.0
1771	2201	0	1.0
1772	2191	0	1.0
1772	5516	0	1.0
1772	5984	0	1.0
1773	5045	0	1.0
1773	2669	0	1.0
1773	4709	0	1.0
1774	4409	0	1.0
1774	3505	0	1.0
1774	3978	0	1.0
1775	3415	0	1.0
1775	3812	0	1.0
1775	5279	0	1.0
1776	5038	0	1.0
1776	3890	0	1.0
1776	4105	0	1.0
1777	5413	0	1.0
1777	2499	0	1.0
1777	6057	0	1.0
1778	5258	0	1.0
1778	3295	0	1.0
1778	3383	0	1.0
1779	5180	0	1.0
1779	4397	0	1.0
1779	5750	0	1.0
1780	3849	0	1.0
1780	3488	0	1.0
1780	3006	0	1.0
1781	3613	0	1.0
1781	2522	0	1.0
1781	6168	0	1.0
1782	4131	0	1.0
1782	6009	0	1.0
1782	6121	0	1.0
1783	4240	0	1.0
1783	4083	0	1.0
1783	4136	0	1.0
1784	4958	0	1.0
1784	4463	0	1.0
1784	5262	0	1.0
1785	4729	0	1.0
1785	3458	0	1.0
1785	5441	0	1.0
1786	5456	0	1.0
1786	4037	0	1.0
1786	3921	0	1.0
1787	4933	0	1.0
1787	2666	0	1.0
1787	3195	0	1.0
1788	3235	0	1.0
1788	4971	0	1.0
1788	2892	0	1.0
1789	5568	0	1.0
1789	6045	0	1.0
1789	3211	0	1.0
1790	5734	0	1.0
1790	2822	0	1.0
1790	5231	0	1.0
1791	3460	0	1.0
1791	5025	0	1.0
1791	5701	0	1.0
1792	2275	0	1.0
1792	4541	0	1.0
1792	5297	0	1.0
1793	3833	0	1.0
1793	3325	0	1.0
1793	4664	0	1.0
1794	2944	0	1.0
1794	4425	0	1.0
1794	6166	0	1.0
1795	5408	0	1.0
1795	5550	0	1.0
1795	4095	0	1.0
1796	3224	0	1.0
1796	4070	0	1.0
1796	6124	0	1.0
1797	2435	0	1.0
1797	4133	0	1.0
1797	4968	0	1.0
1798	4659	0	1.0
1798	5566	0	1.0
1798	3958	0	1.0
1799	5996	0	1.0
1799	3129	0	1.0
1799	5314	0	1.0
1800	3084	0	1.0
1800	5701	0	1.0
1800	3347	0	1.0
1801	2789	0	1.0
1801	2839	0	1.0
1801	6024	0	1.0
1802	2260	0	1.0
1802	3752	0	1.0
1802	2650	0	1.0
1803	2695	0	1.0
1803	2893	0	1.0
1803	5292	0	1.0
1804	5482	0	1.0
1804	2991	0	1.0
1804	5997	0	1.0
1805	5083	0	1.0
1805	3475	0	1.0
1805	3502	0	1.0
1806	2907	0	1.0
1806	5776	0	1.0
1806	5845	0	1.0
1807	2627	0	1.0
1807	2875	0	1.0
1807	5546	0	1.0
1808	3421	0	1.0
1808	3870	0	1.0
1808	5580	0	1.0
1809	3193	0	1.0
1809	3689	0	1.0
1809	6127	0	1.0
1810	6012	0	1.0
1810	4077	0	1.0
1810	4736	0	1.0
1811	2885	0	1.0
1811	3674	0	1.0
1811	2929	0	1.0
1812	4677	0	1.0
1812	5452	0	1.0
1812	5805	0	1.0
1813	5260	0	1.0
1813	3477	0	1.0
1813	5639	0	1.0
1814	2659	0	1.0
1814	5430	0	1.0
1814	3928	0	1.0
1815	2707	0	1.0
1815	5787	0	1.0
1815	2675	0	1.0
1816	2606	0	1.0
1816	2848	0	1.0
1816	3533	0	1.0
1817	2266	0	1.0
1817	5779	0	1.0
1817	3666	0	1.0
1818	5374	0	1.0
1818	2263	0	1.0
1818	5170	0	1.0
1819	4506	0	1.0
1819	3736	0	1.0
1819	5989	0	1.0
1820	2525	0	1.0
1820	4609	0	1.0
1820	5405	0	1.0
1821	3467	0	1.0
1821	4150	0	1.0
1821	4480	0	1.0
1822	3650	0	1.0
1822	4955	0	1.0
1822	5493	0	1.0
1823	5478	0	1.0
1823	4034	0	1.0
1823	4885	0	1.0
1824	4308	0	1.0
1824	3384	0	1.0
1824	5122	0	1.0
1825	2764	0	1.0
1825	2960	0	1.0
1825	3610	0	1.0
1826	3117	0	1.0
1826	3777	0	1.0
1826	4990	0	1.0
1827	3405	0	1.0
1827	3771	0	1.0
1827	5326	0	1.0
1828	4163	0	1.0
1828	2279	0	1.0
1828	4994	0	1.0
1829	6049	0	1.0
1829	2194	0	1.0
1829	5309	0	1.0
1830	5244	0	1.0
1830	3825	0	1.0
1830	5369	0	1.0
1831	3654	0	1.0
1831	5204	0	1.0
1831	2692	0	1.0
1832	3895	0	1.0
1832	3725	0	1.0
1832	5253	0	1.0
1833	5973	0	1.0
1833	2597	0	1.0
1833	4223	0	1.0
1834	2606	0	1.0
1834	2848	0	1.0
1834	4144	0	1.0
1835	3458	0	1.0
1835	3764	0	1.0
1835	3911	0	1.0
1836	2769	0	1.0
1836	4837	0	1.0
1836	4911	0	1.0
1837	5375	0	1.0
1837	2380	0	1.0
1837	4969	0	1.0
1838	4286	0	1.0
1838	6036	0	1.0
1838	2418	0	1.0
1839	5926	0	1.0
1839	4635	0	1.0
1839	4445	0	1.0
1840	4691	0	1.0
1840	4992	0	1.0
1840	4175	0	1.0
1841	5078	0	1.0
1841	2999	0	1.0
1841	3284	0	1.0
1842	4267	0	1.0
1842	3222	0	1.0
1842	5048	0	1.0
1843	5691	0	1.0
1843	2594	0	1.0
1843	5559	0	1.0
1844	6075	0	1.0
1844	3417	0	1.0
1844	5342	0	1.0
1845	4200	0	1.0
1845	3853	0	1.0
1845	4593	0	1.0
1846	3167	0	1.0
1846	4575	0	1.0
1846	5663	0	1.0
1847	5964	0	1.0
1847	3147	0	1.0
1847	4727	0	1.0
1848	5143	0	1.0
1848	6164	0	1.0
1848	5640	0	1.0
1849	2745	0	1.0
1849	3053	0	1.0
1849	4225	0	1.0
1850	3410	0	1.0
1850	2180	0	1.0
1850	2225	0	1.0
1851	4558	0	1.0
1851	2785	0	1.0
1851	5370	0	1.0
1852	3782	0	1.0
1852	4960	0	1.0
1852	5057	0	1.0
1853	5267	0	1.0
1853	5561	0	1.0
1853	5610	0	1.0
1854	4447	0	1.0
1854	5108	0	1.0
1854	2781	0	1.0
1855	2706	0	1.0
1855	5757	0	1.0
1855	6007	0	1.0
1856	3262	0	1.0
1856	5656	0	1.0
1856	4221	0	1.0
1857	4818	0	1.0
1857	5920	0	1.0
1857	2182	0	1.0
1858	2187	0	1.0
1858	4355	0	1.0
1858	5462	0	1.0
1859	3398	0	1.0
1859	4898	0	1.0
1859	4775	0	1.0
1860	2431	0	1.0
1860	4123	0	1.0
1860	5914	0	1.0
1861	5266	0	1.0
1861	4739	0	1.0
1861	5273	0	1.0
1862	3072	0	1.0
1862	2890	0	1.0
1862	4980	0	1.0
1863	4826	0	1.0
1863	4122	0	1.0
1863	3615	0	1.0
1864	2221	0	1.0
1864	5113	0	1.0
1864	5116	0	1.0
1865	3789	0	1.0
1865	4524	0	1.0
1865	6137	0	1.0
1866	4142	0	1.0
1866	3803	0	1.0
1866	3783	0	1.0
1867	3300	0	1.0
1867	3590	0	1.0
1867	6082	0	1.0
1868	2356	0	1.0
1868	4096	0	1.0
1868	4102	0	1.0
1869	5041	0	1.0
1869	2300	0	1.0
1869	4785	0	1.0
1870	4843	0	1.0
1870	3679	0	1.0
1870	5121	0	1.0
1871	3803	0	1.0
1871	3408	0	1.0
1871	6013	0	1.0
1872	3904	0	1.0
1872	5572	0	1.0
1872	6003	0	1.0
1873	3074	0	1.0
1873	3926	0	1.0
1873	4624	0	1.0
1874	4561	0	1.0
1874	3424	0	1.0
1874	3623	0	1.0
1875	2364	0	1.0
1875	3456	0	1.0
1875	4275	0	1.0
1876	2482	0	1.0
1876	3848	0	1.0
1876	5276	0	1.0
1877	4296	0	1.0
1877	3690	0	1.0
1877	4391	0	1.0
1878	2354	0	1.0
1878	3839	0	1.0
1878	4728	0	1.0
1879	2180	0	1.0
1879	3779	0	1.0
1879	5022	0	1.0
1880	5266	0	1.0
1880	2316	0	1.0
1880	4401	0	1.0
1881	3234	0	1.0
1881	5054	0	1.0
1881	4530	0	1.0
1882	2234	0	1.0
1882	5078	0	1.0
1882	3815	0	1.0
1883	2805	0	1.0
1883	2588	0	1.0
1883	3902	0	1.0
1884	3998	0	1.0
1884	2492	0	1.0
1884	3153	0	1.0
1885	3820	0	1.0
1885	4292	0	1.0
1885	5470	0	1.0
1886	3516	0	1.0
1886	4109	0	1.0
1886	6169	0	1.0
1887	5296	0	1.0
1887	5019	0	1.0
1887	4658	0	1.0
1888	6071	0	1.0
1888	2867	0	1.0
1888	5759	0	1.0
1889	4584	0	1.0
1889	5213	0	1.0
1889	5767	0	1.0
1890	2596	0	1.0
1890	2804	0	1.0
1890	4349	0	1.0
1891	3823	0	1.0
1891	3830	0	1.0
1891	5660	0	1.0
1892	4554	0	1.0
1892	4441	0	1.0
1892	4168	0	1.0
1893	5446	0	1.0
1893	5700	0	1.0
1893	5972	0	1.0
1894	2895	0	1.0
1894	3158	0	1.0
1894	2878	0	1.0
1895	4326	0	1.0
1895	2744	0	1.0
1895	3519	0	1.0
1896	6001	0	1.0
1896	3227	0	1.0
1896	4878	0	1.0
1897	4204	0	1.0
1897	5412	0	1.0
1897	4660	0	1.0
1898	4172	0	1.0
1898	3487	0	1.0
1898	4345	0	1.0
1899	2298	0	1.0
1899	2361	0	1.0
1899	6046	0	1.0
1900	3449	0	1.0
1900	5047	0	1.0
1900	5115	0	1.0
1901	4236	0	1.0
1901	3247	0	1.0
1901	3065	0	1.0
1902	5308	0	1.0
1902	5543	0	1.0
1902	5679	0	1.0
1903	4778	0	1.0
1903	2231	0	1.0
1903	2447	0	1.0
1904	2306	0	1.0
1904	4796	0	1.0
1904	3737	0	1.0
1905	2403	0	1.0
1905	3192	0	1.0
1905	5503	0	1.0
1906	2198	0	1.0
1906	4035	0	1.0
1906	5310	0	1.0
1907	3606	0	1.0
1907	3216	0	1.0
1907	4950	0	1.0
1908	4113	0	1.0
1908	5362	0	1.0
1908	3754	0	1.0
1909	2847	0	1.0
1909	5705	0	1.0
1909	5832	0	1.0
1910	5232	0	1.0
1910	5457	0	1.0
1910	2588	0	1.0
1911	4993	0	1.0
1911	2446	0	1.0
1911	3799	0	1.0
1912	2446	0	1.0
1912	5360	0	1.0
1912	3814	0	1.0
1913	2966	0	1.0
1913	3478	0	1.0
1913	3586	0	1.0
1914	3509	0	1.0
1914	4072	0	1.0
1914	4515	0	1.0
1915	3236	0	1.0
1915	2851	0	1.0
1915	4868	0	1.0
1916	4424	0	1.0
1916	5197	0	1.0
1916	5609	0	1.0
1917	3626	0	1.0
1917	2844	0	1.0
1917	4266	0	1.0
1918	2324	0	1.0
1918	3198	0	1.0
1918	5899	0	1.0
1919	4778	0	1.0
1919	4143	0	1.0
1919	6021	0	1.0
1920	3413	0	1.0
1920	3447	0	1.0
1920	4527	0	1.0
1921	4674	0	1.0
1921	3151	0	1.0
1921	4779	0	1.0
1922	2889	0	1.0
1922	3648	0	1.0
1922	5043	0	1.0
1923	4302	0	1.0
1923	4226	0	1.0
1923	5882	0	1.0
1924	5477	0	1.0
1924	5913	0	1.0
1924	6147	0	1.0
1925	4447	0	1.0
1925	2452	0	1.0
1925	3257	0	1.0
1926	2793	0	1.0
1926	4356	0	1.0
1926	5616	0	1.0
1927	2379	0	1.0
1927	2568	0	1.0
1927	5760	0	1.0
1928	4381	0	1.0
1928	2933	0	1.0
1928	4330	0	1.0
1929	3608	0	1.0
1929	5427	0	1.0
1929	4573	0	1.0
1930	5888	0	1.0
1930	2814	0	1.0
1930	3434	0	1.0
1931	4690	0	1.0
1931	4638	0	1.0
1931	3878	0	1.0
1932	4385	0	1.0
1932	3703	0	1.0
1932	3869	0	1.0
1933	3473	0	1.0
1933	2473	0	1.0
1933	5241	0	1.0
1934	3864	0	1.0
1934	3173	0	1.0
1934	5708	0	1.0
1935	2829	0	1.0
1935	5283	0	1.0
1935	5304	0	1.0
1936	4150	0	1.0
1936	5907	0	1.0
1936	4996	0	1.0
1937	2458	0	1.0
1937	3711	0	1.0
1937	6088	0	1.0
1938	5176	0	1.0
1938	3333	0	1.0
1938	4402	0	1.0
1939	2657	0	1.0
1939	2203	0	1.0
1939	6056	0	1.0
1940	4191	0	1.0
1940	4393	0	1.0
1940	4525	0	1.0
1941	6071	0	1.0
1941	2235	0	1.0
1941	3210	0	1.0
1942	4956	0	1.0
1942	5859	0	1.0
1942	3365	0	1.0
1943	5478	0	1.0
1943	5968	0	1.0
1943	3879	0	1.0
1944	3699	0	1.0
1944	2241	0	1.0
1944	4749	0	1.0
1945	3649	0	1.0
1945	2792	0	1.0
1945	5410	0	1.0
1946	4768	0	1.0
1946	3011	0	1.0
1946	5710	0	1.0
1947	4799	0	1.0
1947	4739	0	1.0
1947	4517	0	1.0
1948	6043	0	1.0
1948	4172	0	1.0
1948	4449	0	1.0
1949	3254	0	1.0
1949	3319	0	1.0
1949	3531	0	1.0
1950	2498	0	1.0
1950	3099	0	1.0
1950	5817	0	1.0
1951	5703	0	1.0
1951	2963	0	1.0
1951	3047	0	1.0
1952	3831	0	1.0
1952	6107	0	1.0
1952	2626	0	1.0
1953	5002	0	1.0
1953	2383	0	1.0
1953	3371	0	1.0
1954	5755	0	1.0
1954	5473	0	1.0
1954	4560	0	1.0
1955	3431	0	1.0
1955	3448	0	1.0
1955	4617	0	1.0
1956	3498	0	1.0
1956	5137	0	1.0
1956	5349	0	1.0
1957	3804	0	1.0
1957	2351	0	1.0
1957	5499	0	1.0
1958	2365	0	1.0
1958	3027	0	1.0
1958	5697	0	1.0
1959	3340	0	1.0
1959	4263	0	1.0
1959	4331	0	1.0
1960	2538	0	1.0
1960	5088	0	1.0
1960	5661	0	1.0
1961	2572	0	1.0
1961	3003	0	1.0
1961	5558	0	1.0
1962	3997	0	1.0
1962	4716	0	1.0
1962	2189	0	1.0
1963	3997	0	1.0
1963	5176	0	1.0
1963	5151	0	1.0
1964	5584	0	1.0
1964	5266	0	1.0
1964	2966	0	1.0
1965	4330	0	1.0
1965	3039	0	1.0
1965	4470	0	1.0
1966	4628	0	1.0
1966	4917	0	1.0
1966	6167	0	1.0
1967	5248	0	1.0
1967	2445	0	1.0
1967	3133	0	1.0
1968	4330	0	1.0
1968	2542	0	1.0
1968	2953	0	1.0
1969	5555	0	1.0
1969	4082	0	1.0
1969	6094	0	1.0
1970	5573	0	1.0
1970	5441	0	1.0
1970	5963	0	1.0
1971	3626	0	1.0
1971	4561	0	1.0
1971	3247	0	1.0
1972	2547	0	1.0
1972	4831	0	1.0
1972	5176	0	1.0
1973	4929	0	1.0
1973	2898	0	1.0
1973	4494	0	1.0
1974	4286	0	1.0
1974	5605	0	1.0
1974	4689	0	1.0
1975	5059	0	1.0
1975	2411	0	1.0
1975	5865	0	1.0
1976	4187	0	1.0
1976	4897	0	1.0
1976	5799	0	1.0
1977	2600	0	1.0
1977	5010	0	1.0
1977	5889	0	1.0
1978	4931	0	1.0
1978	3767	0	1.0
1978	3999	0	1.0
1979	3589	0	1.0
1979	3743	0	1.0
1979	2746	0	1.0
1980	2439	0	1.0
1980	3963	0	1.0
1980	4716	0	1.0
1981	2338	0	1.0
1981	3462	0	1.0
1981	5947	0	1.0
1982	5478	0	1.0
1982	2892	0	1.0
1982	3244	0	1.0
1983	5564	0	1.0
1983	5345	0	1.0
1983	6073	0	1.0
1984	3984	0	1.0
1984	3691	0	1.0
1984	4248	0	1.0
1985	3959	0	1.0
1985	2402	0	1.0
1985	4730	0	1.0
1986	4169	0	1.0
1986	2827	0	1.0
1986	4745	0	1.0
1987	2574	0	1.0
1987	6155	0	1.0
1987	6157	0	1.0
1988	5249	0	1.0
1988	4763	0	1.0
1988	2256	0	1.0
1989	2661	0	1.0
1989	6165	0	1.0
1989	5704	0	1.0
1990	3915	0	1.0
1990	5083	0	1.0
1990	5060	0	1.0
1991	2248	0	1.0
1991	4053	0	1.0
1991	6032	0	1.0
1992	4876	0	1.0
1992	5868	0	1.0
1992	5924	0	1.0
1993	2647	0	1.0
1993	3041	0	1.0
1993	4218	0	1.0
1994	4592	0	1.0
1994	2830	0	1.0
1994	2887	0	1.0
1995	3896	0	1.0
1995	5264	0	1.0
1995	6033	0	1.0
1996	3385	0	1.0
1996	3901	0	1.0
1996	4688	0	1.0
1997	3283	0	1.0
1997	4392	0	1.0
1997	5539	0	1.0
1998	5111	0	1.0
1998	4648	0	1.0
1998	5095	0	1.0
1999	4412	0	1.0
1999	3506	0	1.0
1999	4741	0	1.0
2000	3792	0	1.0
2000	5001	0	1.0
2000	5879	0	1.0
2001	3444	0	1.0
2001	3131	0	1.0
2001	4543	0	1.0
2002	5059	0	1.0
2002	5860	0	1.0
2002	5041	0	1.0
2003	4047	0	1.0
2003	4209	0	1.0
2003	4501	0	1.0
2004	2799	0	1.0
2004	3900	0	1.0
2004	4849	0	1.0
2005	3531	0	1.0
2005	3157	0	1.0
2005	3490	0	1.0
2006	2809	0	1.0
2006	3290	0	1.0
2006	5827	0	1.0
2007	4836	0	1.0
2007	3446	0	1.0
2007	5028	0	1.0
2008	2193	0	1.0
2008	2254	0	1.0
2008	3732	0	1.0
2009	4084	0	1.0
2009	4082	0	1.0
2009	3159	0	1.0
2010	3144	0	1.0
2010	2347	0	1.0
2010	3367	0	1.0
2011	4839	0	1.0
2011	3323	0	1.0
2011	5843	0	1.0
2012	3925	0	1.0
2012	2314	0	1.0
2012	3304	0	1.0
2013	3064	0	1.0
2013	5765	0	1.0
2013	5938	0	1.0
2014	4189	0	1.0
2014	2285	0	1.0
2014	5127	0	1.0
2015	5960	0	1.0
2015	2367	0	1.0
2015	4865	0	1.0
2016	5489	0	1.0
2016	3464	0	1.0
2016	5450	0	1.0
2017	2203	0	1.0
2017	3141	0	1.0
2017	5234	0	1.0
2018	4866	0	1.0
2018	4216	0	1.0
2018	3453	0	1.0
2019	3345	0	1.0
2019	3695	0	1.0
2019	4495	0	1.0
2020	4464	0	1.0
2020	4579	0	1.0
2020	6055	0	1.0
2021	4807	0	1.0
2021	4387	0	1.0
2021	5743	0	1.0
2022	3746	0	1.0
2022	4036	0	1.0
2022	4416	0	1.0
2023	4562	0	1.0
2023	3706	0	1.0
2023	5181	0	1.0
2024	2886	0	1.0
2024	2252	0	1.0
2024	6053	0	1.0
2025	2386	0	1.0
2025	4695	0	1.0
2025	5682	0	1.0
2026	4507	0	1.0
2026	3819	0	1.0
2026	4325	0	1.0
2027	2201	0	1.0
2027	6043	0	1.0
2027	6028	0	1.0
2028	6158	0	1.0
2028	3809	0	1.0
2028	5672	0	1.0
2029	3138	0	1.0
2029	5053	0	1.0
2029	2215	0	1.0
2030	4293	0	1.0
2030	4637	0	1.0
2030	5854	0	1.0
2031	2997	0	1.0
2031	4533	0	1.0
2031	6080	0	1.0
2032	4060	0	1.0
2032	4533	0	1.0
2032	6080	0	1.0
2033	3297	0	1.0
2033	3247	0	1.0
2033	4225	0	1.0
2034	3866	0	1.0
2034	2409	0	1.0
2034	3557	0	1.0
2035	6122	0	1.0
2035	3545	0	1.0
2035	3715	0	1.0
2036	4969	0	1.0
2036	5380	0	1.0
2036	3268	0	1.0
2037	3239	0	1.0
2037	2840	0	1.0
2037	3182	0	1.0
2038	2291	0	1.0
2038	3032	0	1.0
2038	4369	0	1.0
2039	3966	0	1.0
2039	5372	0	1.0
2039	5796	0	1.0
2040	3282	0	1.0
2040	4693	0	1.0
2040	5967	0	1.0
2041	5787	0	1.0
2041	4673	0	1.0
2041	3055	0	1.0
2042	5818	0	1.0
2042	3981	0	1.0
2042	5476	0	1.0
2043	5215	0	1.0
2043	5274	0	1.0
2043	5464	0	1.0
2044	2496	0	1.0
2044	4286	0	1.0
2044	2229	0	1.0
2045	4725	0	1.0
2045	3206	0	1.0
2045	3791	0	1.0
2046	3355	0	1.0
2046	4711	0	1.0
2046	4008	0	1.0
2047	2475	0	1.0
2047	2617	0	1.0
2047	5277	0	1.0
2048	5383	0	1.0
2048	3628	0	1.0
2048	5431	0	1.0
2049	2918	0	1.0
2049	3845	0	1.0
2049	5094	0	1.0
2050	5018	0	1.0
2050	4399	0	1.0
2050	5713	0	1.0
2051	4558	0	1.0
2051	4886	0	1.0
2051	2825	0	1.0
2052	2398	0	1.0
2052	5227	0	1.0
2052	5358	0	1.0
2053	2493	0	1.0
2053	4277	0	1.0
2053	5006	0	1.0
2054	5249	0	1.0
2054	3412	0	1.0
2054	4712	0	1.0
2055	2553	0	1.0
2055	2758	0	1.0
2055	5337	0	1.0
2056	2415	0	1.0
2056	5040	0	1.0
2056	2345	0	1.0
2057	3902	0	1.0
2057	2766	0	1.0
2057	3394	0	1.0
2058	5444	0	1.0
2058	2326	0	1.0
2058	4033	0	1.0
2059	2901	0	1.0
2059	3749	0	1.0
2059	5513	0	1.0
2060	5039	0	1.0
2060	3576	0	1.0
2060	3776	0	1.0
2061	4143	0	1.0
2061	3168	0	1.0
2061	3399	0	1.0
2062	4795	0	1.0
2062	4961	0	1.0
2062	5958	0	1.0
2063	3214	0	1.0
2063	3115	0	1.0
2063	4642	0	1.0
2064	2934	0	1.0
2064	4333	0	1.0
2064	4514	0	1.0
2065	3298	0	1.0
2065	3931	0	1.0
2065	4681	0	1.0
2066	2762	0	1.0
2066	3136	0	1.0
2066	3403	0	1.0
2067	4208	0	1.0
2067	5869	0	1.0
2067	6025	0	1.0
2068	5703	0	1.0
2068	4165	0	1.0
2068	5763	0	1.0
2069	2877	0	1.0
2069	4041	0	1.0
2069	5305	0	1.0
2070	5664	0	1.0
2070	3753	0	1.0
2070	5955	0	1.0
2071	2651	0	1.0
2071	4732	0	1.0
2071	5643	0	1.0
2072	5916	0	1.0
2072	3787	0	1.0
2072	4718	0	1.0
2073	3562	0	1.0
2073	4639	0	1.0
2073	6044	0	1.0
2074	2984	0	1.0
2074	4117	0	1.0
2074	4717	0	1.0
2075	2841	0	1.0
2075	4953	0	1.0
2075	6086	0	1.0
2076	3790	0	1.0
2076	5135	0	1.0
2076	5379	0	1.0
2077	5732	0	1.0
2077	3668	0	1.0
2077	3983	0	1.0
2078	4080	0	1.0
2078	2273	0	1.0
2078	2571	0	1.0
2079	2899	0	1.0
2079	2269	0	1.0
2079	3520	0	1.0
2080	3523	0	1.0
2080	4526	0	1.0
2080	4580	0	1.0
2081	2824	0	1.0
2081	4816	0	1.0
2081	4824	0	1.0
2082	5070	0	1.0
2082	3086	0	1.0
2082	4516	0	1.0
2083	3143	0	1.0
2083	5591	0	1.0
2083	5696	0	1.0
2084	2959	0	1.0
2084	4433	0	1.0
2084	6093	0	1.0
2085	2757	0	1.0
2085	3058	0	1.0
2085	4230	0	1.0
2086	2205	0	1.0
2086	2533	0	1.0
2086	4662	0	1.0
2087	3568	0	1.0
2087	3900	0	1.0
2087	3272	0	1.0
2088	2305	0	1.0
2088	5772	0	1.0
2088	6026	0	1.0
2089	3258	0	1.0
2089	3595	0	1.0
2089	5788	0	1.0
2090	4679	0	1.0
2090	2671	0	1.0
2090	3839	0	1.0
2091	4024	0	1.0
2091	6094	0	1.0
2091	3078	0	1.0
2092	4792	0	1.0
2092	2660	0	1.0
2092	4098	0	1.0
2093	2782	0	1.0
2093	3581	0	1.0
2093	4057	0	1.0
2094	3259	0	1.0
2094	4733	0	1.0
2094	5397	0	1.0
2095	5288	0	1.0
2095	5132	0	1.0
2095	5404	0	1.0
2096	5499	0	1.0
2096	3259	0	1.0
2096	2274	0	1.0
2097	2344	0	1.0
2097	2486	0	1.0
2097	4918	0	1.0
2098	5911	0	1.0
2098	2819	0	1.0
2098	6006	0	1.0
2099	5485	0	1.0
2099	4079	0	1.0
2099	5951	0	1.0
2100	2359	0	1.0
2100	2360	0	1.0
2100	3713	0	1.0
2101	6098	0	1.0
2101	3402	0	1.0
2101	5406	0	1.0
2102	4016	0	1.0
2102	4633	0	1.0
2102	4780	0	1.0
2103	2759	0	1.0
2103	3996	0	1.0
2103	5666	0	1.0
2104	2185	0	1.0
2104	5430	0	1.0
2104	2506	0	1.0
2105	3030	0	1.0
2105	3536	0	1.0
2105	4654	0	1.0
2106	3356	0	1.0
2106	4626	0	1.0
2106	4750	0	1.0
2107	2543	0	1.0
2107	4004	0	1.0
2107	4456	0	1.0
2108	2554	0	1.0
2108	2863	0	1.0
2108	5191	0	1.0
2109	3618	0	1.0
2109	3722	0	1.0
2109	5512	0	1.0
2110	3798	0	1.0
2110	2852	0	1.0
2110	2931	0	1.0
2111	4638	0	1.0
2111	4771	0	1.0
2111	4877	0	1.0
2112	2856	0	1.0
2112	3069	0	1.0
2112	5138	0	1.0
2113	2856	0	1.0
2113	3069	0	1.0
2113	5138	0	1.0
2114	3212	0	1.0
2114	4141	0	1.0
2114	5486	0	1.0
2115	4570	0	1.0
2115	5205	0	1.0
2115	5352	0	1.0
2116	2475	0	1.0
2116	4973	0	1.0
2116	3844	0	1.0
2117	3417	0	1.0
2117	2861	0	1.0
2117	5332	0	1.0
2118	2278	0	1.0
2118	3340	0	1.0
2118	5620	0	1.0
2119	4069	0	1.0
2119	4683	0	1.0
2119	5720	0	1.0
2120	3634	0	1.0
2120	5396	0	1.0
2120	4245	0	1.0
2121	4313	0	1.0
2121	3262	0	1.0
2121	3481	0	1.0
2122	2868	0	1.0
2122	4435	0	1.0
2122	6074	0	1.0
2123	2634	0	1.0
2123	3380	0	1.0
2123	4382	0	1.0
2124	2644	0	1.0
2124	3352	0	1.0
2124	3274	0	1.0
2125	4046	0	1.0
2125	2459	0	1.0
2125	5644	0	1.0
2126	2881	0	1.0
2126	3670	0	1.0
2126	4068	0	1.0
2127	4644	0	1.0
2127	2902	0	1.0
2127	5706	0	1.0
2128	3739	0	1.0
2128	4786	0	1.0
2128	5874	0	1.0
2129	5866	0	1.0
2129	5382	0	1.0
2129	5902	0	1.0
2130	2181	0	1.0
2130	4867	0	1.0
2130	5737	0	1.0
2131	2334	0	1.0
2131	2341	0	1.0
2131	2790	0	1.0
2132	2896	0	1.0
2132	3775	0	1.0
2132	5587	0	1.0
2133	4651	0	1.0
2133	2411	0	1.0
2133	4427	0	1.0
2134	4502	0	1.0
2134	5974	0	1.0
2134	6034	0	1.0
2135	4286	0	1.0
2135	2277	0	1.0
2135	4427	0	1.0
2136	2942	0	1.0
2136	3342	0	1.0
2136	4171	0	1.0
2137	4830	0	1.0
2137	4754	0	1.0
2137	5625	0	1.0
2138	4715	0	1.0
2138	5124	0	1.0
2138	5611	0	1.0
2139	5690	0	1.0
2139	4010	0	1.0
2139	4602	0	1.0
2140	4787	0	1.0
2140	4427	0	1.0
2140	3884	0	1.0
2141	5339	0	1.0
2141	2938	0	1.0
2141	3919	0	1.0
2142	2934	0	1.0
2142	2335	0	1.0
2142	2788	0	1.0
2143	3123	0	1.0
2143	3806	0	1.0
2143	5126	0	1.0
2144	4231	0	1.0
2144	4082	0	1.0
2144	4249	0	1.0
2145	5143	0	1.0
2145	3243	0	1.0
2145	2975	0	1.0
2146	2828	0	1.0
2146	3140	0	1.0
2146	3697	0	1.0
2147	2497	0	1.0
2147	4078	0	1.0
2147	5655	0	1.0
2148	6159	0	1.0
2148	4099	0	1.0
2148	4646	0	1.0
2149	2366	0	1.0
2149	4174	0	1.0
2149	4207	0	1.0
2150	4847	0	1.0
2150	3091	0	1.0
2150	5943	0	1.0
2151	3835	0	1.0
2151	2637	0	1.0
2151	3874	0	1.0
2152	2587	0	1.0
2152	3175	0	1.0
2153	2366	0	1.0
2153	4174	0	1.0
2153	4207	0	1.0
2154	4721	0	1.0
2154	3827	0	1.0
2154	5702	0	1.0
2155	4904	0	1.0
2155	4670	0	1.0
2155	4742	0	1.0
2156	3427	0	1.0
2156	2733	0	1.0
2156	5087	0	1.0
2157	4713	0	1.0
2157	4842	0	1.0
2157	4216	0	1.0
2158	3856	0	1.0
2158	5330	0	1.0
2158	5929	0	1.0
2159	2979	0	1.0
2159	4873	0	1.0
2159	5892	0	1.0
2160	4346	0	1.0
2160	5781	0	1.0
2160	5956	0	1.0
2161	5620	0	1.0
2161	3817	0	1.0
2161	4486	0	1.0
2162	2259	0	1.0
2162	2610	0	1.0
2162	5367	0	1.0
2163	4638	0	1.0
2163	4228	0	1.0
2163	2494	0	1.0
2164	4937	0	1.0
2164	5065	0	1.0
2164	5140	0	1.0
2165	3165	0	1.0
2165	3248	0	1.0
2165	4895	0	1.0
2166	4583	0	1.0
2166	3179	0	1.0
2166	2686	0	1.0
2167	3386	0	1.0
2167	4920	0	1.0
2167	4957	0	1.0
2168	3318	0	1.0
2168	4804	0	1.0
2168	5822	0	1.0
2169	3990	0	1.0
2169	4049	0	1.0
2169	4154	0	1.0
2170	5183	0	1.0
2170	5706	0	1.0
2170	3793	0	1.0
2171	2730	0	1.0
2171	3093	0	1.0
2171	5615	0	1.0
2172	2712	0	1.0
2172	2932	0	1.0
2172	5186	0	1.0
2173	4030	0	1.0
2173	5327	0	1.0
2173	5537	0	1.0
2174	2690	0	1.0
2174	3009	0	1.0
2174	4278	0	1.0
2175	3326	0	1.0
2175	2951	0	1.0
2175	3026	0	1.0
2176	3056	0	1.0
2176	3361	0	1.0
2176	4755	0	1.0
2177	2256	0	1.0
2177	3275	0	1.0
2177	2995	0	1.0
4334	0	1	1.0
3420	0	1	1.0
5478	0	1	1.0
4334	104	1	1.0
4334	249	1	1.0
4334	253	1	1.0
5478	272	1	1.0
5478	292	1	1.0
4334	449	1	1.0
4334	456	1	1.0
5478	488	1	1.0
4334	647	1	1.0
4334	697	1	1.0
4334	699	1	1.0
4334	800	1	1.0
4334	963	1	1.0
4334	1096	1	1.0
5478	1266	1	1.0
3420	1392	1	1.0
4334	1499	1	1.0
3420	1556	1	1.0
3420	1636	1	1.0
5478	1733	1	1.0
5478	1823	1	1.0
5478	1943	1	1.0
5478	1982	1	1.0
3841	1	1	1.0
5529	1	1	1.0
3348	1	1	1.0
3348	725	1	1.0
3348	1044	1	1.0
3348	1250	1	1.0
2800	2	1	1.0
3947	2	1	1.0
6138	2	1	1.0
2835	3	1	1.0
4622	3	1	1.0
5206	3	1	1.0
2835	1013	1	1.0
5206	1151	1	1.0
2399	4	1	1.0
4603	4	1	1.0
4398	4	1	1.0
2247	5	1	1.0
5336	5	1	1.0
4651	5	1	1.0
2247	19	1	1.0
2247	351	1	1.0
2247	430	1	1.0
4651	441	1	1.0
2247	485	1	1.0
5336	493	1	1.0
2247	645	1	1.0
2247	722	1	1.0
4651	887	1	1.0
2247	968	1	1.0
4651	1553	1	1.0
4651	2133	1	1.0
3166	6	1	1.0
5295	6	1	1.0
5909	6	1	1.0
3166	849	1	1.0
3309	7	1	1.0
4151	7	1	1.0
2183	7	1	1.0
2183	1500	1	1.0
4151	1557	1	1.0
2377	8	1	1.0
2378	8	1	1.0
5520	8	1	1.0
2377	29	1	1.0
2377	547	1	1.0
5520	1082	1	1.0
2377	1603	1	1.0
2694	9	1	1.0
3513	9	1	1.0
5005	9	1	1.0
3513	100	1	1.0
3513	755	1	1.0
2694	785	1	1.0
3513	1270	1	1.0
4436	10	1	1.0
5045	10	1	1.0
5200	10	1	1.0
4436	49	1	1.0
4436	504	1	1.0
5045	691	1	1.0
5200	868	1	1.0
5045	1773	1	1.0
4297	11	1	1.0
4591	11	1	1.0
4827	11	1	1.0
3245	12	1	1.0
5374	12	1	1.0
4167	12	1	1.0
5374	75	1	1.0
5374	116	1	1.0
5374	252	1	1.0
5374	253	1	1.0
5374	258	1	1.0
4167	271	1	1.0
5374	311	1	1.0
5374	390	1	1.0
5374	430	1	1.0
5374	494	1	1.0
5374	590	1	1.0
4167	679	1	1.0
5374	835	1	1.0
4167	1188	1	1.0
5374	1818	1	1.0
4891	13	1	1.0
5418	13	1	1.0
5377	13	1	1.0
5377	331	1	1.0
5377	355	1	1.0
4891	474	1	1.0
5418	522	1	1.0
4891	627	1	1.0
4891	981	1	1.0
4891	1031	1	1.0
5016	14	1	1.0
5249	14	1	1.0
3987	14	1	1.0
5016	40	1	1.0
5016	52	1	1.0
5016	64	1	1.0
5016	197	1	1.0
3987	316	1	1.0
5016	1251	1	1.0
5016	1319	1	1.0
5016	1354	1	1.0
5249	1988	1	1.0
5249	2054	1	1.0
5895	15	1	1.0
5498	15	1	1.0
2250	15	1	1.0
5498	66	1	1.0
5895	116	1	1.0
5895	473	1	1.0
5498	622	1	1.0
5895	693	1	1.0
5498	912	1	1.0
5498	1051	1	1.0
5498	1664	1	1.0
5498	1674	1	1.0
4936	16	1	1.0
2295	16	1	1.0
4680	16	1	1.0
2295	423	1	1.0
2295	896	1	1.0
2295	1058	1	1.0
4936	1258	1	1.0
4680	1607	1	1.0
4936	1698	1	1.0
4692	17	1	1.0
4744	17	1	1.0
4848	17	1	1.0
4744	744	1	1.0
4692	1286	1	1.0
4744	1309	1	1.0
4744	1770	1	1.0
5212	18	1	1.0
4176	18	1	1.0
4055	18	1	1.0
4055	253	1	1.0
4176	313	1	1.0
4055	552	1	1.0
4176	625	1	1.0
4176	767	1	1.0
4055	1078	1	1.0
4838	19	1	1.0
3287	19	1	1.0
3287	42	1	1.0
3287	699	1	1.0
3287	1198	1	1.0
4838	1577	1	1.0
4468	20	1	1.0
4158	20	1	1.0
2982	20	1	1.0
4468	206	1	1.0
4468	317	1	1.0
4468	439	1	1.0
2982	898	1	1.0
4002	21	1	1.0
5563	21	1	1.0
5645	21	1	1.0
5645	309	1	1.0
5645	513	1	1.0
5563	1299	1	1.0
5645	1314	1	1.0
4414	22	1	1.0
5856	22	1	1.0
3724	22	1	1.0
4414	52	1	1.0
5856	147	1	1.0
4414	197	1	1.0
4414	1760	1	1.0
3327	23	1	1.0
3661	23	1	1.0
4687	23	1	1.0
4687	124	1	1.0
2689	24	1	1.0
3343	24	1	1.0
4196	24	1	1.0
5568	25	1	1.0
2721	25	1	1.0
4250	25	1	1.0
2721	586	1	1.0
5568	1789	1	1.0
5818	26	1	1.0
3049	26	1	1.0
3082	26	1	1.0
5818	2042	1	1.0
3169	27	1	1.0
4537	27	1	1.0
4782	27	1	1.0
4782	791	1	1.0
4537	935	1	1.0
3169	944	1	1.0
3169	1391	1	1.0
5179	28	1	1.0
2919	28	1	1.0
4594	28	1	1.0
2919	50	1	1.0
2919	422	1	1.0
5179	727	1	1.0
2919	894	1	1.0
5179	1532	1	1.0
4855	29	1	1.0
5839	29	1	1.0
4855	1027	1	1.0
4459	30	1	1.0
2427	30	1	1.0
4409	30	1	1.0
4459	270	1	1.0
2427	284	1	1.0
2427	333	1	1.0
2427	395	1	1.0
4459	467	1	1.0
4459	477	1	1.0
4409	528	1	1.0
4459	617	1	1.0
2427	645	1	1.0
4459	737	1	1.0
2427	905	1	1.0
2427	1173	1	1.0
4459	1297	1	1.0
4459	1392	1	1.0
4409	1774	1	1.0
3305	31	1	1.0
5415	31	1	1.0
5694	31	1	1.0
5415	246	1	1.0
5415	250	1	1.0
3305	263	1	1.0
3305	1025	1	1.0
2308	32	1	1.0
4805	32	1	1.0
4231	32	1	1.0
4805	279	1	1.0
4231	1238	1	1.0
4231	2144	1	1.0
2207	33	1	1.0
3172	33	1	1.0
4183	33	1	1.0
2207	256	1	1.0
2207	419	1	1.0
2207	694	1	1.0
2207	1183	1	1.0
2207	1239	1	1.0
3172	1295	1	1.0
2207	1499	1	1.0
3790	34	1	1.0
4772	34	1	1.0
5719	34	1	1.0
3790	173	1	1.0
3790	1172	1	1.0
3790	1604	1	1.0
3790	2076	1	1.0
2983	35	1	1.0
4799	35	1	1.0
5945	35	1	1.0
4799	127	1	1.0
4799	1059	1	1.0
4799	1506	1	1.0
4799	1947	1	1.0
5451	36	1	1.0
3655	36	1	1.0
3022	36	1	1.0
3655	538	1	1.0
3655	971	1	1.0
5451	1594	1	1.0
3655	1616	1	1.0
5734	37	1	1.0
3898	37	1	1.0
4902	37	1	1.0
5734	86	1	1.0
5734	312	1	1.0
5734	343	1	1.0
5734	392	1	1.0
5734	463	1	1.0
4902	463	1	1.0
5734	629	1	1.0
3898	692	1	1.0
4902	736	1	1.0
3898	906	1	1.0
5734	980	1	1.0
4902	1025	1	1.0
5734	1056	1	1.0
5734	1142	1	1.0
3898	1227	1	1.0
3898	1278	1	1.0
4902	1310	1	1.0
3898	1558	1	1.0
5734	1641	1	1.0
5734	1692	1	1.0
5734	1764	1	1.0
5734	1790	1	1.0
4505	38	1	1.0
5542	38	1	1.0
5952	38	1	1.0
4505	319	1	1.0
4505	471	1	1.0
5482	39	1	1.0
2805	39	1	1.0
3968	39	1	1.0
5482	135	1	1.0
2805	243	1	1.0
5482	456	1	1.0
2805	597	1	1.0
5482	616	1	1.0
2805	970	1	1.0
5482	975	1	1.0
5482	1075	1	1.0
5482	1673	1	1.0
2805	1677	1	1.0
3968	1746	1	1.0
5482	1804	1	1.0
2805	1883	1	1.0
5419	40	1	1.0
4788	40	1	1.0
4788	252	1	1.0
4788	381	1	1.0
4788	676	1	1.0
4788	1118	1	1.0
2385	41	1	1.0
2803	41	1	1.0
4521	41	1	1.0
2803	587	1	1.0
4521	1027	1	1.0
4071	42	1	1.0
4823	42	1	1.0
4071	97	1	1.0
4823	328	1	1.0
4823	569	1	1.0
4071	620	1	1.0
4071	706	1	1.0
4071	1064	1	1.0
4071	1170	1	1.0
4071	1255	1	1.0
4823	1457	1	1.0
4071	1490	1	1.0
4071	1541	1	1.0
3895	43	1	1.0
5888	43	1	1.0
4679	43	1	1.0
5888	61	1	1.0
3895	432	1	1.0
3895	433	1	1.0
5888	465	1	1.0
3895	722	1	1.0
4679	786	1	1.0
3895	965	1	1.0
3895	1174	1	1.0
4679	1650	1	1.0
3895	1832	1	1.0
5888	1930	1	1.0
4679	2090	1	1.0
3688	44	1	1.0
2947	44	1	1.0
2708	44	1	1.0
2947	116	1	1.0
2708	1011	1	1.0
2947	1674	1	1.0
5296	45	1	1.0
5183	45	1	1.0
2355	45	1	1.0
5296	435	1	1.0
5296	548	1	1.0
5296	1227	1	1.0
5296	1887	1	1.0
5183	2170	1	1.0
5915	46	1	1.0
4085	46	1	1.0
4042	46	1	1.0
4085	79	1	1.0
4085	200	1	1.0
5915	201	1	1.0
4042	271	1	1.0
4042	411	1	1.0
4085	439	1	1.0
4042	626	1	1.0
5915	873	1	1.0
4042	1036	1	1.0
4042	1089	1	1.0
4042	1154	1	1.0
4042	1186	1	1.0
4042	1241	1	1.0
4085	1488	1	1.0
5915	1545	1	1.0
4085	1580	1	1.0
2797	47	1	1.0
4264	47	1	1.0
4538	47	1	1.0
4471	48	1	1.0
2260	48	1	1.0
5275	48	1	1.0
4471	388	1	1.0
5275	1016	1	1.0
4471	1214	1	1.0
2260	1544	1	1.0
4471	1566	1	1.0
2260	1633	1	1.0
2260	1802	1	1.0
4995	49	1	1.0
6054	49	1	1.0
4995	504	1	1.0
5926	50	1	1.0
3728	50	1	1.0
5926	100	1	1.0
5926	166	1	1.0
5926	318	1	1.0
5926	491	1	1.0
5926	542	1	1.0
5926	659	1	1.0
5926	1394	1	1.0
5926	1702	1	1.0
5926	1839	1	1.0
2352	51	1	1.0
3236	51	1	1.0
2615	51	1	1.0
2352	61	1	1.0
3236	438	1	1.0
2352	828	1	1.0
3236	923	1	1.0
3236	1489	1	1.0
2352	1512	1	1.0
3236	1710	1	1.0
3236	1915	1	1.0
5232	52	1	1.0
5232	197	1	1.0
5232	1910	1	1.0
2949	53	1	1.0
5981	53	1	1.0
5143	53	1	1.0
2949	71	1	1.0
2949	92	1	1.0
5143	488	1	1.0
5143	857	1	1.0
5143	1848	1	1.0
5143	2145	1	1.0
3613	54	1	1.0
4269	54	1	1.0
5585	54	1	1.0
4269	180	1	1.0
3613	375	1	1.0
4269	413	1	1.0
5585	431	1	1.0
3613	464	1	1.0
5585	503	1	1.0
5585	603	1	1.0
4269	1436	1	1.0
3613	1569	1	1.0
3613	1781	1	1.0
2529	55	1	1.0
2272	55	1	1.0
5934	55	1	1.0
2272	81	1	1.0
2272	254	1	1.0
2529	537	1	1.0
2272	978	1	1.0
2529	1185	1	1.0
5934	1397	1	1.0
2529	1449	1	1.0
2529	1569	1	1.0
5934	1771	1	1.0
6077	56	1	1.0
5400	56	1	1.0
2764	56	1	1.0
6077	138	1	1.0
6077	195	1	1.0
2764	209	1	1.0
6077	380	1	1.0
6077	456	1	1.0
6077	612	1	1.0
2764	691	1	1.0
6077	923	1	1.0
6077	1092	1	1.0
6077	1225	1	1.0
5400	1403	1	1.0
6077	1414	1	1.0
2764	1825	1	1.0
4993	57	1	1.0
4007	57	1	1.0
4523	57	1	1.0
4993	151	1	1.0
4993	1192	1	1.0
4523	1192	1	1.0
4993	1911	1	1.0
5236	58	1	1.0
6146	58	1	1.0
3407	58	1	1.0
5236	243	1	1.0
6146	243	1	1.0
2547	59	1	1.0
2707	59	1	1.0
5614	59	1	1.0
2547	662	1	1.0
2547	984	1	1.0
2707	984	1	1.0
2547	1129	1	1.0
2707	1212	1	1.0
2707	1815	1	1.0
2547	1972	1	1.0
3882	60	1	1.0
3373	60	1	1.0
5919	60	1	1.0
3882	247	1	1.0
3882	998	1	1.0
4987	61	1	1.0
4987	319	1	1.0
5268	62	1	1.0
4474	62	1	1.0
4632	62	1	1.0
4474	546	1	1.0
4351	63	1	1.0
2575	63	1	1.0
5917	63	1	1.0
2575	72	1	1.0
4351	83	1	1.0
2575	178	1	1.0
4351	362	1	1.0
4351	405	1	1.0
5917	546	1	1.0
4351	797	1	1.0
4351	1266	1	1.0
4351	1277	1	1.0
2575	1633	1	1.0
4351	1682	1	1.0
3976	64	1	1.0
4224	64	1	1.0
3976	90	1	1.0
3976	218	1	1.0
4224	443	1	1.0
3976	453	1	1.0
4224	455	1	1.0
3976	527	1	1.0
4224	1096	1	1.0
3976	1706	1	1.0
3308	65	1	1.0
4956	65	1	1.0
4787	65	1	1.0
3308	117	1	1.0
3308	261	1	1.0
3308	322	1	1.0
4956	331	1	1.0
4956	333	1	1.0
4956	338	1	1.0
4956	435	1	1.0
4956	734	1	1.0
3308	898	1	1.0
4956	1011	1	1.0
4956	1363	1	1.0
4787	1647	1	1.0
4956	1942	1	1.0
4787	2140	1	1.0
2772	66	1	1.0
2368	66	1	1.0
2836	67	1	1.0
3050	67	1	1.0
5771	67	1	1.0
5771	1390	1	1.0
4770	68	1	1.0
5424	68	1	1.0
2838	68	1	1.0
4770	224	1	1.0
4770	442	1	1.0
4770	626	1	1.0
4770	940	1	1.0
4770	1186	1	1.0
4770	1717	1	1.0
4933	69	1	1.0
4729	69	1	1.0
3134	69	1	1.0
3134	201	1	1.0
4933	239	1	1.0
3134	271	1	1.0
4933	364	1	1.0
3134	481	1	1.0
3134	685	1	1.0
4729	851	1	1.0
3134	885	1	1.0
4933	939	1	1.0
4933	1379	1	1.0
4729	1785	1	1.0
4933	1787	1	1.0
2496	70	1	1.0
3673	70	1	1.0
5024	70	1	1.0
2496	101	1	1.0
2496	2044	1	1.0
3132	71	1	1.0
2807	71	1	1.0
3132	152	1	1.0
3132	418	1	1.0
3132	544	1	1.0
2807	1422	1	1.0
2580	72	1	1.0
4669	72	1	1.0
2751	73	1	1.0
2917	73	1	1.0
2981	73	1	1.0
2751	418	1	1.0
2917	419	1	1.0
2917	535	1	1.0
2751	602	1	1.0
4586	74	1	1.0
3554	74	1	1.0
5061	74	1	1.0
5061	1364	1	1.0
2745	75	1	1.0
3422	75	1	1.0
3422	1405	1	1.0
3422	1519	1	1.0
3422	1645	1	1.0
2745	1849	1	1.0
4142	76	1	1.0
3409	76	1	1.0
5555	76	1	1.0
4142	152	1	1.0
4142	723	1	1.0
3409	890	1	1.0
3409	945	1	1.0
3409	1046	1	1.0
3409	1412	1	1.0
4142	1484	1	1.0
4142	1520	1	1.0
4142	1677	1	1.0
4142	1716	1	1.0
4142	1771	1	1.0
4142	1866	1	1.0
5555	1969	1	1.0
4262	77	1	1.0
4763	77	1	1.0
4237	77	1	1.0
4763	500	1	1.0
4262	712	1	1.0
4763	1650	1	1.0
4763	1988	1	1.0
3782	78	1	1.0
5960	78	1	1.0
4206	78	1	1.0
4206	90	1	1.0
5960	205	1	1.0
3782	316	1	1.0
5960	343	1	1.0
3782	715	1	1.0
3782	739	1	1.0
3782	963	1	1.0
3782	1193	1	1.0
3782	1431	1	1.0
4206	1649	1	1.0
3782	1852	1	1.0
5960	2015	1	1.0
4843	79	1	1.0
6117	79	1	1.0
6117	105	1	1.0
6117	205	1	1.0
6117	307	1	1.0
4843	483	1	1.0
4843	733	1	1.0
4843	902	1	1.0
4843	1254	1	1.0
6117	1314	1	1.0
4843	1509	1	1.0
6117	1599	1	1.0
6117	1600	1	1.0
6117	1657	1	1.0
4843	1751	1	1.0
4843	1870	1	1.0
2337	80	1	1.0
3354	80	1	1.0
5775	80	1	1.0
2337	112	1	1.0
5059	81	1	1.0
5886	81	1	1.0
5059	137	1	1.0
5059	929	1	1.0
5059	1091	1	1.0
5059	1123	1	1.0
5059	1975	1	1.0
5059	2002	1	1.0
4347	82	1	1.0
2935	82	1	1.0
4289	82	1	1.0
4347	236	1	1.0
2935	593	1	1.0
4347	637	1	1.0
4347	761	1	1.0
2935	770	1	1.0
4347	786	1	1.0
4347	803	1	1.0
2935	1032	1	1.0
4347	1189	1	1.0
2935	1308	1	1.0
2935	1430	1	1.0
3620	83	1	1.0
3684	83	1	1.0
3620	789	1	1.0
3620	1006	1	1.0
3620	1104	1	1.0
3620	1224	1	1.0
3684	1338	1	1.0
4850	84	1	1.0
4214	84	1	1.0
4811	84	1	1.0
4214	98	1	1.0
4214	166	1	1.0
4811	348	1	1.0
4214	399	1	1.0
4214	420	1	1.0
4850	421	1	1.0
4214	629	1	1.0
4214	705	1	1.0
4850	989	1	1.0
4811	1050	1	1.0
4214	1143	1	1.0
4214	1223	1	1.0
4811	1497	1	1.0
2256	85	1	1.0
5636	85	1	1.0
4619	85	1	1.0
2256	1988	1	1.0
2256	2177	1	1.0
3440	86	1	1.0
2446	86	1	1.0
3440	330	1	1.0
3440	519	1	1.0
2446	666	1	1.0
3440	813	1	1.0
3440	1204	1	1.0
3440	1344	1	1.0
3440	1412	1	1.0
2446	1911	1	1.0
2446	1912	1	1.0
3840	87	1	1.0
4817	87	1	1.0
5323	87	1	1.0
3840	201	1	1.0
5323	714	1	1.0
3840	1265	1	1.0
3840	1400	1	1.0
3804	88	1	1.0
4644	88	1	1.0
2998	88	1	1.0
3804	162	1	1.0
3804	195	1	1.0
2998	250	1	1.0
3804	269	1	1.0
4644	328	1	1.0
4644	428	1	1.0
4644	902	1	1.0
4644	1076	1	1.0
4644	1282	1	1.0
4644	1636	1	1.0
3804	1957	1	1.0
4644	2127	1	1.0
2664	89	1	1.0
5129	89	1	1.0
5287	89	1	1.0
5129	156	1	1.0
5129	157	1	1.0
2664	356	1	1.0
3638	90	1	1.0
3638	922	1	1.0
2423	91	1	1.0
6126	91	1	1.0
3426	91	1	1.0
6126	1056	1	1.0
6126	1324	1	1.0
4253	92	1	1.0
5646	92	1	1.0
5646	1010	1	1.0
4906	93	1	1.0
4163	93	1	1.0
5629	93	1	1.0
4906	512	1	1.0
5629	833	1	1.0
4906	1437	1	1.0
4163	1828	1	1.0
3080	94	1	1.0
4195	94	1	1.0
4316	94	1	1.0
3080	505	1	1.0
4316	688	1	1.0
3681	95	1	1.0
2267	95	1	1.0
5257	95	1	1.0
2420	96	1	1.0
3081	96	1	1.0
4280	96	1	1.0
3081	1568	1	1.0
2420	1682	1	1.0
2555	97	1	1.0
4674	97	1	1.0
2555	178	1	1.0
4674	203	1	1.0
2555	230	1	1.0
2555	261	1	1.0
2555	359	1	1.0
2555	435	1	1.0
4674	524	1	1.0
2555	646	1	1.0
2555	680	1	1.0
2555	990	1	1.0
2555	1071	1	1.0
4674	1239	1	1.0
2555	1313	1	1.0
4674	1921	1	1.0
3725	98	1	1.0
2656	98	1	1.0
3725	194	1	1.0
3725	323	1	1.0
3725	451	1	1.0
2656	852	1	1.0
3725	890	1	1.0
3725	943	1	1.0
3725	951	1	1.0
3725	963	1	1.0
3725	965	1	1.0
3725	1091	1	1.0
3725	1427	1	1.0
3725	1624	1	1.0
3725	1832	1	1.0
5798	99	1	1.0
3658	99	1	1.0
4312	99	1	1.0
3658	576	1	1.0
3658	1724	1	1.0
5916	100	1	1.0
5916	1051	1	1.0
5916	2072	1	1.0
3641	101	1	1.0
4797	101	1	1.0
3641	1623	1	1.0
2629	102	1	1.0
5318	102	1	1.0
4156	102	1	1.0
4156	591	1	1.0
2629	818	1	1.0
2629	885	1	1.0
2629	1627	1	1.0
5318	1627	1	1.0
4156	1627	1	1.0
2661	103	1	1.0
2210	103	1	1.0
5782	103	1	1.0
2661	310	1	1.0
2210	478	1	1.0
2661	748	1	1.0
2661	1219	1	1.0
2661	1631	1	1.0
2661	1726	1	1.0
2661	1989	1	1.0
5507	104	1	1.0
5146	104	1	1.0
5507	572	1	1.0
5507	689	1	1.0
5507	1295	1	1.0
5507	1482	1	1.0
5761	105	1	1.0
3398	105	1	1.0
3398	224	1	1.0
5761	265	1	1.0
3398	837	1	1.0
5761	1106	1	1.0
3398	1418	1	1.0
3398	1859	1	1.0
2913	106	1	1.0
3915	106	1	1.0
5505	106	1	1.0
2913	234	1	1.0
2913	318	1	1.0
2913	405	1	1.0
2913	542	1	1.0
2913	913	1	1.0
2913	993	1	1.0
3915	1643	1	1.0
3915	1990	1	1.0
2676	107	1	1.0
4440	107	1	1.0
5988	107	1	1.0
2676	1060	1	1.0
2900	108	1	1.0
5265	108	1	1.0
5009	108	1	1.0
5265	244	1	1.0
5265	718	1	1.0
2900	974	1	1.0
2430	109	1	1.0
2201	109	1	1.0
4759	109	1	1.0
4759	337	1	1.0
2430	729	1	1.0
2201	1031	1	1.0
2201	1771	1	1.0
2201	2027	1	1.0
4519	110	1	1.0
2601	110	1	1.0
2477	110	1	1.0
2601	925	1	1.0
4519	1347	1	1.0
4519	1443	1	1.0
2601	1591	1	1.0
5905	111	1	1.0
3985	111	1	1.0
4645	111	1	1.0
5905	372	1	1.0
5905	599	1	1.0
4645	708	1	1.0
5905	1064	1	1.0
3985	1233	1	1.0
5508	112	1	1.0
5289	112	1	1.0
5289	414	1	1.0
5508	523	1	1.0
2741	113	1	1.0
5425	113	1	1.0
4309	113	1	1.0
2741	275	1	1.0
2741	900	1	1.0
2741	921	1	1.0
3124	114	1	1.0
4853	114	1	1.0
4373	114	1	1.0
3124	509	1	1.0
4853	726	1	1.0
3124	743	1	1.0
4853	1343	1	1.0
3124	1369	1	1.0
3124	1424	1	1.0
4853	1485	1	1.0
3346	115	1	1.0
2646	115	1	1.0
5526	115	1	1.0
3346	1351	1	1.0
3997	117	1	1.0
4286	117	1	1.0
3997	436	1	1.0
4286	1215	1	1.0
3997	1540	1	1.0
4286	1838	1	1.0
3997	1962	1	1.0
3997	1963	1	1.0
4286	1974	1	1.0
4286	2044	1	1.0
4286	2135	1	1.0
5995	118	1	1.0
3138	118	1	1.0
4281	118	1	1.0
3138	402	1	1.0
3138	481	1	1.0
4281	664	1	1.0
3138	2029	1	1.0
5727	119	1	1.0
3836	119	1	1.0
3896	119	1	1.0
5727	930	1	1.0
5727	1342	1	1.0
5727	1767	1	1.0
3896	1995	1	1.0
2735	120	1	1.0
4542	120	1	1.0
4608	120	1	1.0
2417	121	1	1.0
2784	121	1	1.0
3955	121	1	1.0
2784	155	1	1.0
2417	167	1	1.0
2417	302	1	1.0
2417	415	1	1.0
2784	468	1	1.0
2417	540	1	1.0
2784	624	1	1.0
2417	738	1	1.0
2417	1000	1	1.0
2784	1074	1	1.0
2417	1127	1	1.0
3955	1246	1	1.0
3955	1284	1	1.0
2784	1351	1	1.0
2784	1751	1	1.0
3176	122	1	1.0
5695	122	1	1.0
3583	122	1	1.0
3176	149	1	1.0
3176	285	1	1.0
5695	704	1	1.0
3176	728	1	1.0
3176	956	1	1.0
3176	1094	1	1.0
3202	123	1	1.0
5987	123	1	1.0
3639	123	1	1.0
3639	621	1	1.0
3639	1245	1	1.0
5987	1763	1	1.0
3897	124	1	1.0
6048	124	1	1.0
3897	350	1	1.0
3897	605	1	1.0
2666	125	1	1.0
2178	125	1	1.0
3934	125	1	1.0
2666	178	1	1.0
2666	509	1	1.0
2666	575	1	1.0
2666	868	1	1.0
3934	1196	1	1.0
3934	1586	1	1.0
2666	1768	1	1.0
2666	1787	1	1.0
4332	126	1	1.0
5359	126	1	1.0
5633	126	1	1.0
3886	127	1	1.0
2724	127	1	1.0
3886	538	1	1.0
3912	128	1	1.0
5307	128	1	1.0
5852	128	1	1.0
2980	129	1	1.0
3774	129	1	1.0
5365	129	1	1.0
5365	691	1	1.0
4567	130	1	1.0
6043	130	1	1.0
5109	130	1	1.0
6043	451	1	1.0
6043	676	1	1.0
6043	1500	1	1.0
4567	1660	1	1.0
6043	1948	1	1.0
6043	2027	1	1.0
2817	131	1	1.0
3849	131	1	1.0
5081	131	1	1.0
3849	871	1	1.0
3849	1780	1	1.0
3943	132	1	1.0
4583	132	1	1.0
5932	132	1	1.0
4583	564	1	1.0
5932	564	1	1.0
4583	2166	1	1.0
4925	133	1	1.0
4301	133	1	1.0
4457	133	1	1.0
4457	274	1	1.0
4925	380	1	1.0
4925	386	1	1.0
4457	486	1	1.0
4301	656	1	1.0
4301	732	1	1.0
4301	741	1	1.0
5525	134	1	1.0
3606	134	1	1.0
3235	134	1	1.0
3606	255	1	1.0
3606	275	1	1.0
5525	278	1	1.0
3606	361	1	1.0
3235	378	1	1.0
3235	538	1	1.0
5525	809	1	1.0
3606	809	1	1.0
5525	879	1	1.0
3606	904	1	1.0
3235	1205	1	1.0
3235	1788	1	1.0
3606	1907	1	1.0
2920	135	1	1.0
2283	135	1	1.0
2283	470	1	1.0
2920	539	1	1.0
2920	1463	1	1.0
6041	136	1	1.0
3314	136	1	1.0
5157	136	1	1.0
5157	174	1	1.0
6041	557	1	1.0
6041	606	1	1.0
3781	137	1	1.0
3875	137	1	1.0
3781	265	1	1.0
3875	305	1	1.0
3875	312	1	1.0
3875	767	1	1.0
3875	814	1	1.0
3875	847	1	1.0
3875	952	1	1.0
3781	1252	1	1.0
2985	138	1	1.0
2814	138	1	1.0
2985	417	1	1.0
2985	1022	1	1.0
2985	1495	1	1.0
2814	1510	1	1.0
2814	1930	1	1.0
2282	139	1	1.0
4697	139	1	1.0
3336	139	1	1.0
2282	972	1	1.0
4697	1108	1	1.0
4291	140	1	1.0
3888	140	1	1.0
4691	140	1	1.0
4691	757	1	1.0
4691	1358	1	1.0
4691	1840	1	1.0
3148	141	1	1.0
4934	141	1	1.0
5991	141	1	1.0
2612	142	1	1.0
4512	142	1	1.0
5607	142	1	1.0
4512	442	1	1.0
5607	518	1	1.0
2612	679	1	1.0
5607	679	1	1.0
4512	728	1	1.0
4512	956	1	1.0
4512	976	1	1.0
4512	1474	1	1.0
5792	143	1	1.0
2196	143	1	1.0
4589	143	1	1.0
2411	144	1	1.0
3592	144	1	1.0
2520	144	1	1.0
2411	260	1	1.0
2411	881	1	1.0
2411	1646	1	1.0
2411	1975	1	1.0
2411	2133	1	1.0
2630	145	1	1.0
2658	145	1	1.0
4596	145	1	1.0
2630	361	1	1.0
2630	374	1	1.0
4596	544	1	1.0
2630	925	1	1.0
2658	1431	1	1.0
4596	1570	1	1.0
2630	1740	1	1.0
2642	146	1	1.0
3467	146	1	1.0
2787	146	1	1.0
3467	517	1	1.0
2642	618	1	1.0
3467	698	1	1.0
3467	743	1	1.0
2787	1105	1	1.0
3467	1249	1	1.0
3467	1562	1	1.0
3467	1821	1	1.0
4388	147	1	1.0
4767	147	1	1.0
6001	148	1	1.0
2723	148	1	1.0
4284	148	1	1.0
6001	458	1	1.0
6001	518	1	1.0
6001	940	1	1.0
6001	1896	1	1.0
2453	149	1	1.0
4462	149	1	1.0
4462	1084	1	1.0
4462	1341	1	1.0
2453	1434	1	1.0
2453	1550	1	1.0
2479	150	1	1.0
3084	150	1	1.0
4046	150	1	1.0
3084	487	1	1.0
2479	1578	1	1.0
3084	1800	1	1.0
4046	2125	1	1.0
3602	151	1	1.0
5242	151	1	1.0
3602	298	1	1.0
3602	545	1	1.0
3602	889	1	1.0
2815	152	1	1.0
2815	310	1	1.0
2815	851	1	1.0
3956	153	1	1.0
4607	153	1	1.0
6091	153	1	1.0
3956	311	1	1.0
3956	381	1	1.0
3956	738	1	1.0
3956	797	1	1.0
3956	907	1	1.0
3956	913	1	1.0
6091	926	1	1.0
6091	964	1	1.0
3956	1040	1	1.0
3956	1069	1	1.0
3956	1097	1	1.0
3956	1143	1	1.0
3956	1310	1	1.0
2909	154	1	1.0
2926	154	1	1.0
3103	154	1	1.0
5148	155	1	1.0
3718	155	1	1.0
5148	175	1	1.0
5148	262	1	1.0
3718	396	1	1.0
3718	521	1	1.0
5148	649	1	1.0
5148	929	1	1.0
3718	949	1	1.0
3718	1345	1	1.0
2234	156	1	1.0
3917	156	1	1.0
2234	362	1	1.0
2234	414	1	1.0
3917	636	1	1.0
2234	1112	1	1.0
2234	1124	1	1.0
2234	1392	1	1.0
2234	1507	1	1.0
2234	1688	1	1.0
3917	1703	1	1.0
2234	1740	1	1.0
2234	1882	1	1.0
6023	157	1	1.0
2908	157	1	1.0
6023	501	1	1.0
2908	945	1	1.0
3241	158	1	1.0
5463	158	1	1.0
3768	158	1	1.0
3241	164	1	1.0
5463	164	1	1.0
3768	164	1	1.0
3241	622	1	1.0
5463	706	1	1.0
5463	919	1	1.0
2618	159	1	1.0
3083	159	1	1.0
3514	159	1	1.0
3514	340	1	1.0
4120	160	1	1.0
2606	160	1	1.0
2711	160	1	1.0
2606	338	1	1.0
4120	806	1	1.0
4120	1324	1	1.0
4120	1613	1	1.0
2606	1816	1	1.0
2606	1834	1	1.0
3813	161	1	1.0
2954	161	1	1.0
2806	161	1	1.0
3813	258	1	1.0
2954	336	1	1.0
3813	667	1	1.0
2954	675	1	1.0
2954	888	1	1.0
3813	910	1	1.0
2954	1046	1	1.0
2954	1075	1	1.0
3813	1090	1	1.0
4569	162	1	1.0
3573	162	1	1.0
4569	228	1	1.0
4569	1209	1	1.0
4569	1231	1	1.0
5375	163	1	1.0
5973	163	1	1.0
4725	163	1	1.0
5375	329	1	1.0
5375	560	1	1.0
5375	797	1	1.0
5375	920	1	1.0
5375	978	1	1.0
5973	1717	1	1.0
5973	1833	1	1.0
5375	1837	1	1.0
4725	2045	1	1.0
3584	165	1	1.0
3786	165	1	1.0
5809	165	1	1.0
3584	324	1	1.0
5809	422	1	1.0
3584	882	1	1.0
3584	1253	1	1.0
2255	166	1	1.0
2255	1221	1	1.0
4162	167	1	1.0
4408	167	1	1.0
4162	609	1	1.0
4162	1025	1	1.0
4162	1176	1	1.0
4162	1262	1	1.0
4719	168	1	1.0
3019	168	1	1.0
5519	168	1	1.0
4319	169	1	1.0
3410	169	1	1.0
5426	169	1	1.0
3410	184	1	1.0
3410	364	1	1.0
3410	616	1	1.0
4319	1226	1	1.0
3410	1358	1	1.0
3410	1850	1	1.0
5408	170	1	1.0
4115	170	1	1.0
4358	170	1	1.0
5408	328	1	1.0
5408	426	1	1.0
5408	517	1	1.0
4358	551	1	1.0
5408	644	1	1.0
4358	709	1	1.0
5408	758	1	1.0
4358	914	1	1.0
4115	1021	1	1.0
4115	1297	1	1.0
5408	1636	1	1.0
5408	1795	1	1.0
4884	171	1	1.0
4405	171	1	1.0
5841	171	1	1.0
4884	196	1	1.0
5841	230	1	1.0
4884	664	1	1.0
4884	1024	1	1.0
4884	1519	1	1.0
5841	1530	1	1.0
5841	1714	1	1.0
2668	172	1	1.0
3570	172	1	1.0
3603	172	1	1.0
2668	426	1	1.0
2777	173	1	1.0
3746	173	1	1.0
2777	334	1	1.0
3746	454	1	1.0
2777	800	1	1.0
2777	919	1	1.0
2777	935	1	1.0
3746	1004	1	1.0
2777	1055	1	1.0
2777	1290	1	1.0
3746	1534	1	1.0
3746	2022	1	1.0
3355	174	1	1.0
5240	174	1	1.0
3355	469	1	1.0
3355	710	1	1.0
3355	1063	1	1.0
3355	1175	1	1.0
3355	1241	1	1.0
3355	2046	1	1.0
4650	175	1	1.0
5428	175	1	1.0
3229	176	1	1.0
2687	176	1	1.0
2532	176	1	1.0
2532	280	1	1.0
2532	716	1	1.0
2532	847	1	1.0
2532	1006	1	1.0
3229	1461	1	1.0
3473	177	1	1.0
2473	177	1	1.0
5241	177	1	1.0
3473	429	1	1.0
3473	483	1	1.0
3473	726	1	1.0
3473	814	1	1.0
3473	1485	1	1.0
3473	1933	1	1.0
2473	1933	1	1.0
5241	1933	1	1.0
2903	179	1	1.0
3393	179	1	1.0
6040	179	1	1.0
2903	491	1	1.0
3893	180	1	1.0
3770	180	1	1.0
3893	728	1	1.0
3770	765	1	1.0
3893	817	1	1.0
3893	956	1	1.0
3717	181	1	1.0
4618	181	1	1.0
5600	181	1	1.0
5600	704	1	1.0
4618	1194	1	1.0
4447	182	1	1.0
5145	182	1	1.0
2394	182	1	1.0
4447	262	1	1.0
5145	692	1	1.0
5145	1146	1	1.0
5145	1333	1	1.0
5145	1751	1	1.0
4447	1854	1	1.0
4447	1925	1	1.0
5686	183	1	1.0
4916	183	1	1.0
2388	183	1	1.0
5686	213	1	1.0
4916	213	1	1.0
4916	448	1	1.0
4916	650	1	1.0
2388	1331	1	1.0
4916	1332	1	1.0
5686	1384	1	1.0
4916	1470	1	1.0
4423	184	1	1.0
3013	184	1	1.0
4423	291	1	1.0
3013	510	1	1.0
2649	185	1	1.0
3439	185	1	1.0
3338	185	1	1.0
2649	681	1	1.0
2649	871	1	1.0
3439	878	1	1.0
2329	186	1	1.0
2589	186	1	1.0
4188	186	1	1.0
2589	1719	1	1.0
2544	187	1	1.0
2557	187	1	1.0
3991	187	1	1.0
3757	188	1	1.0
3110	188	1	1.0
3116	188	1	1.0
3757	191	1	1.0
3116	205	1	1.0
3116	268	1	1.0
3757	452	1	1.0
3757	533	1	1.0
3110	556	1	1.0
3757	670	1	1.0
3757	733	1	1.0
3757	808	1	1.0
3757	899	1	1.0
3116	1376	1	1.0
3757	1398	1	1.0
3110	1764	1	1.0
5562	189	1	1.0
4288	189	1	1.0
2853	189	1	1.0
5562	282	1	1.0
5562	425	1	1.0
2853	465	1	1.0
5562	542	1	1.0
5562	1141	1	1.0
5562	1142	1	1.0
5562	1313	1	1.0
5562	1329	1	1.0
4836	190	1	1.0
6037	190	1	1.0
3577	190	1	1.0
4836	457	1	1.0
4836	2007	1	1.0
4889	191	1	1.0
3850	191	1	1.0
4889	428	1	1.0
3850	449	1	1.0
4889	697	1	1.0
4889	951	1	1.0
2331	192	1	1.0
2333	192	1	1.0
5970	192	1	1.0
2331	200	1	1.0
2331	388	1	1.0
2331	499	1	1.0
2331	1246	1	1.0
2911	193	1	1.0
5108	193	1	1.0
4597	193	1	1.0
4597	638	1	1.0
2911	1031	1	1.0
2911	1125	1	1.0
5108	1209	1	1.0
5108	1289	1	1.0
5108	1854	1	1.0
2354	194	1	1.0
2962	194	1	1.0
2354	1510	1	1.0
2354	1878	1	1.0
5949	195	1	1.0
5949	730	1	1.0
5949	1728	1	1.0
4159	196	1	1.0
3180	196	1	1.0
4159	401	1	1.0
5386	198	1	1.0
4429	198	1	1.0
5458	198	1	1.0
4429	726	1	1.0
3220	199	1	1.0
2294	199	1	1.0
5961	199	1	1.0
3220	617	1	1.0
5961	641	1	1.0
3220	1100	1	1.0
3220	1340	1	1.0
3220	1488	1	1.0
2294	1577	1	1.0
5940	200	1	1.0
5940	235	1	1.0
6036	202	1	1.0
3379	202	1	1.0
3887	202	1	1.0
3887	221	1	1.0
6036	606	1	1.0
3379	982	1	1.0
3887	1072	1	1.0
3887	1205	1	1.0
6036	1335	1	1.0
6036	1645	1	1.0
6036	1838	1	1.0
2635	203	1	1.0
4204	203	1	1.0
2635	434	1	1.0
4204	516	1	1.0
4204	1683	1	1.0
4204	1897	1	1.0
3665	204	1	1.0
4616	204	1	1.0
4503	204	1	1.0
4616	1022	1	1.0
4503	1081	1	1.0
4503	1320	1	1.0
4503	1567	1	1.0
4971	206	1	1.0
5622	206	1	1.0
4971	499	1	1.0
4971	1215	1	1.0
4971	1255	1	1.0
4971	1788	1	1.0
2857	207	1	1.0
2750	207	1	1.0
4088	207	1	1.0
2857	300	1	1.0
2857	551	1	1.0
2857	582	1	1.0
2750	659	1	1.0
2750	682	1	1.0
4088	700	1	1.0
2750	933	1	1.0
2857	1635	1	1.0
5067	208	1	1.0
2319	208	1	1.0
5407	208	1	1.0
2319	287	1	1.0
3649	209	1	1.0
2414	209	1	1.0
3649	1945	1	1.0
3918	210	1	1.0
2970	210	1	1.0
2384	210	1	1.0
3918	275	1	1.0
3918	295	1	1.0
2970	554	1	1.0
2970	827	1	1.0
3918	1229	1	1.0
2970	1263	1	1.0
2384	1747	1	1.0
6000	211	1	1.0
4972	211	1	1.0
4562	211	1	1.0
4562	736	1	1.0
6000	905	1	1.0
6000	1118	1	1.0
4562	1406	1	1.0
4562	1600	1	1.0
4562	2023	1	1.0
5446	212	1	1.0
5700	212	1	1.0
5972	212	1	1.0
5446	458	1	1.0
5446	525	1	1.0
5446	812	1	1.0
5700	936	1	1.0
5446	1104	1	1.0
5446	1280	1	1.0
5446	1721	1	1.0
5446	1893	1	1.0
5700	1893	1	1.0
5972	1893	1	1.0
5903	213	1	1.0
5903	579	1	1.0
5903	1170	1	1.0
5903	1669	1	1.0
3023	214	1	1.0
4182	214	1	1.0
4860	214	1	1.0
6028	215	1	1.0
5754	215	1	1.0
3988	215	1	1.0
6028	401	1	1.0
3988	475	1	1.0
6028	506	1	1.0
5754	520	1	1.0
5754	921	1	1.0
6028	942	1	1.0
5754	1153	1	1.0
6028	1235	1	1.0
6028	1356	1	1.0
6028	2027	1	1.0
5064	216	1	1.0
3299	216	1	1.0
5159	216	1	1.0
5159	601	1	1.0
5826	217	1	1.0
3716	217	1	1.0
4172	217	1	1.0
5826	1016	1	1.0
5826	1509	1	1.0
4172	1898	1	1.0
4172	1948	1	1.0
2727	218	1	1.0
5549	218	1	1.0
2727	909	1	1.0
2727	1330	1	1.0
5074	219	1	1.0
2928	219	1	1.0
5816	219	1	1.0
5870	220	1	1.0
4901	220	1	1.0
2497	220	1	1.0
5870	319	1	1.0
5870	893	1	1.0
2497	903	1	1.0
5870	1116	1	1.0
2497	2147	1	1.0
6045	221	1	1.0
4302	221	1	1.0
6045	317	1	1.0
6045	330	1	1.0
6045	448	1	1.0
6045	808	1	1.0
6045	940	1	1.0
4302	1074	1	1.0
4302	1494	1	1.0
6045	1742	1	1.0
6045	1789	1	1.0
4302	1923	1	1.0
2760	222	1	1.0
3052	222	1	1.0
4623	222	1	1.0
4623	1210	1	1.0
4623	1371	1	1.0
3765	223	1	1.0
2659	223	1	1.0
6106	223	1	1.0
2659	451	1	1.0
2659	532	1	1.0
2659	917	1	1.0
2659	952	1	1.0
2659	1028	1	1.0
2659	1171	1	1.0
2659	1461	1	1.0
2659	1814	1	1.0
4366	224	1	1.0
4366	452	1	1.0
4366	987	1	1.0
2720	225	1	1.0
4861	225	1	1.0
5484	225	1	1.0
3564	226	1	1.0
5814	226	1	1.0
3215	226	1	1.0
3564	607	1	1.0
3215	637	1	1.0
3215	785	1	1.0
5438	227	1	1.0
4139	227	1	1.0
3796	227	1	1.0
4139	646	1	1.0
4139	1278	1	1.0
2742	228	1	1.0
3144	228	1	1.0
2742	247	1	1.0
2742	309	1	1.0
3144	532	1	1.0
2742	552	1	1.0
2742	1078	1	1.0
2742	1344	1	1.0
3144	2010	1	1.0
5829	229	1	1.0
5922	229	1	1.0
5738	229	1	1.0
5738	528	1	1.0
5829	767	1	1.0
5829	882	1	1.0
5738	1198	1	1.0
5738	1275	1	1.0
5786	230	1	1.0
5910	231	1	1.0
5923	231	1	1.0
2216	231	1	1.0
5910	372	1	1.0
5910	653	1	1.0
5910	674	1	1.0
5910	1010	1	1.0
5923	1579	1	1.0
5910	1755	1	1.0
2791	232	1	1.0
5161	232	1	1.0
5669	232	1	1.0
2791	344	1	1.0
4305	233	1	1.0
5180	233	1	1.0
2440	233	1	1.0
4305	485	1	1.0
4305	495	1	1.0
4305	1074	1	1.0
4305	1217	1	1.0
4305	1424	1	1.0
5180	1441	1	1.0
5180	1779	1	1.0
3892	234	1	1.0
3137	234	1	1.0
3892	429	1	1.0
3892	719	1	1.0
3137	778	1	1.0
3137	818	1	1.0
3892	1114	1	1.0
3137	1518	1	1.0
4261	235	1	1.0
3671	235	1	1.0
4261	774	1	1.0
6092	236	1	1.0
3242	236	1	1.0
3242	263	1	1.0
6092	288	1	1.0
6092	638	1	1.0
3242	693	1	1.0
6092	1184	1	1.0
3242	1273	1	1.0
6092	1559	1	1.0
2990	237	1	1.0
5072	237	1	1.0
5250	237	1	1.0
5250	480	1	1.0
5250	662	1	1.0
5250	723	1	1.0
3946	238	1	1.0
4364	238	1	1.0
5020	238	1	1.0
4364	856	1	1.0
4919	239	1	1.0
2481	239	1	1.0
2481	778	1	1.0
4919	1379	1	1.0
2481	1379	1	1.0
5442	240	1	1.0
2523	240	1	1.0
2322	240	1	1.0
5442	988	1	1.0
2263	241	1	1.0
3256	241	1	1.0
2253	241	1	1.0
2263	272	1	1.0
2263	305	1	1.0
2263	570	1	1.0
3256	1137	1	1.0
2263	1818	1	1.0
5683	242	1	1.0
2535	242	1	1.0
4450	242	1	1.0
2535	244	1	1.0
5683	288	1	1.0
4450	327	1	1.0
2535	510	1	1.0
2535	710	1	1.0
5683	714	1	1.0
2535	747	1	1.0
5683	1054	1	1.0
5683	1123	1	1.0
5683	1702	1	1.0
3811	244	1	1.0
3811	683	1	1.0
3510	245	1	1.0
3556	245	1	1.0
3750	245	1	1.0
3750	397	1	1.0
2276	246	1	1.0
5789	246	1	1.0
3543	247	1	1.0
5819	248	1	1.0
4822	248	1	1.0
4371	248	1	1.0
4822	845	1	1.0
4822	1129	1	1.0
4822	1303	1	1.0
4822	1396	1	1.0
4822	1514	1	1.0
4371	1711	1	1.0
2831	249	1	1.0
3330	249	1	1.0
2831	594	1	1.0
2831	721	1	1.0
3330	729	1	1.0
2831	829	1	1.0
3330	868	1	1.0
2831	892	1	1.0
3330	1149	1	1.0
2831	1227	1	1.0
2831	1316	1	1.0
3330	1504	1	1.0
2831	1624	1	1.0
3330	1732	1	1.0
3936	250	1	1.0
3425	251	1	1.0
3183	251	1	1.0
4417	251	1	1.0
3425	394	1	1.0
3183	394	1	1.0
4417	394	1	1.0
3183	417	1	1.0
4417	611	1	1.0
3183	681	1	1.0
3425	715	1	1.0
4417	745	1	1.0
3425	974	1	1.0
3183	1207	1	1.0
3183	1263	1	1.0
3183	1465	1	1.0
3183	1468	1	1.0
4061	252	1	1.0
4061	1148	1	1.0
4061	1284	1	1.0
4061	1511	1	1.0
2202	254	1	1.0
2891	254	1	1.0
3216	255	1	1.0
4950	255	1	1.0
3216	1907	1	1.0
4950	1907	1	1.0
2921	256	1	1.0
2325	256	1	1.0
2921	1084	1	1.0
3196	257	1	1.0
5251	257	1	1.0
6042	257	1	1.0
5787	258	1	1.0
5787	374	1	1.0
5787	608	1	1.0
5787	1191	1	1.0
5787	1815	1	1.0
5787	2041	1	1.0
2811	259	1	1.0
4793	259	1	1.0
3975	259	1	1.0
2811	739	1	1.0
4793	1231	1	1.0
2811	1648	1	1.0
4793	1726	1	1.0
3763	260	1	1.0
2343	260	1	1.0
2343	387	1	1.0
3763	415	1	1.0
3763	460	1	1.0
3763	469	1	1.0
3763	870	1	1.0
3763	893	1	1.0
3763	1286	1	1.0
2343	1475	1	1.0
3763	1660	1	1.0
2343	1700	1	1.0
2604	261	1	1.0
2604	280	1	1.0
2604	322	1	1.0
2604	1091	1	1.0
2604	1164	1	1.0
6102	262	1	1.0
6102	814	1	1.0
5675	263	1	1.0
5675	1087	1	1.0
3561	264	1	1.0
5298	264	1	1.0
2570	264	1	1.0
5298	436	1	1.0
5298	502	1	1.0
2570	652	1	1.0
2570	808	1	1.0
3561	1263	1	1.0
2570	1349	1	1.0
2570	1464	1	1.0
2570	1626	1	1.0
4965	265	1	1.0
4965	428	1	1.0
4965	469	1	1.0
4965	746	1	1.0
4965	1017	1	1.0
4130	266	1	1.0
3734	266	1	1.0
2885	266	1	1.0
3734	1459	1	1.0
2885	1720	1	1.0
2885	1811	1	1.0
4304	267	1	1.0
3458	267	1	1.0
4869	267	1	1.0
3458	1090	1	1.0
3458	1785	1	1.0
3458	1835	1	1.0
3731	268	1	1.0
3654	268	1	1.0
3654	1831	1	1.0
5858	269	1	1.0
2541	269	1	1.0
5858	1480	1	1.0
3828	270	1	1.0
2287	270	1	1.0
3828	584	1	1.0
3828	665	1	1.0
3828	929	1	1.0
3828	1293	1	1.0
3828	1762	1	1.0
5469	272	1	1.0
3544	273	1	1.0
2200	273	1	1.0
2718	273	1	1.0
2718	902	1	1.0
2718	1314	1	1.0
2718	1764	1	1.0
5872	274	1	1.0
4185	274	1	1.0
4731	276	1	1.0
3940	276	1	1.0
5597	276	1	1.0
2871	277	1	1.0
3364	277	1	1.0
4547	277	1	1.0
2871	301	1	1.0
2871	652	1	1.0
2871	855	1	1.0
2871	1139	1	1.0
2304	278	1	1.0
5068	278	1	1.0
2304	391	1	1.0
5068	568	1	1.0
5068	575	1	1.0
2304	920	1	1.0
5068	987	1	1.0
5068	1073	1	1.0
4896	279	1	1.0
4913	279	1	1.0
4896	636	1	1.0
4896	644	1	1.0
4896	744	1	1.0
4896	757	1	1.0
4896	769	1	1.0
4896	992	1	1.0
4236	280	1	1.0
4236	1261	1	1.0
4236	1901	1	1.0
2845	281	1	1.0
2619	281	1	1.0
5248	281	1	1.0
2619	950	1	1.0
2619	1052	1	1.0
5248	1967	1	1.0
4641	282	1	1.0
5162	282	1	1.0
4641	461	1	1.0
5162	659	1	1.0
3676	283	1	1.0
3842	283	1	1.0
5667	283	1	1.0
2512	284	1	1.0
5196	284	1	1.0
2512	461	1	1.0
5018	285	1	1.0
5030	285	1	1.0
5018	2050	1	1.0
4313	286	1	1.0
5444	286	1	1.0
4128	286	1	1.0
4313	412	1	1.0
4313	562	1	1.0
4313	649	1	1.0
4313	822	1	1.0
5444	1506	1	1.0
5444	2058	1	1.0
4313	2121	1	1.0
5877	287	1	1.0
3018	287	1	1.0
5877	291	1	1.0
3018	787	1	1.0
4092	288	1	1.0
4254	289	1	1.0
3209	289	1	1.0
3397	289	1	1.0
6078	290	1	1.0
4242	290	1	1.0
4992	290	1	1.0
6078	532	1	1.0
4992	695	1	1.0
6078	703	1	1.0
6078	745	1	1.0
4992	815	1	1.0
4992	903	1	1.0
4992	987	1	1.0
4992	1397	1	1.0
6078	1413	1	1.0
4992	1737	1	1.0
4992	1840	1	1.0
2872	291	1	1.0
2872	1579	1	1.0
2518	292	1	1.0
2389	292	1	1.0
2518	1316	1	1.0
2518	1363	1	1.0
6081	293	1	1.0
4548	293	1	1.0
2240	293	1	1.0
6081	833	1	1.0
5102	294	1	1.0
3484	294	1	1.0
3838	294	1	1.0
3838	1309	1	1.0
2833	295	1	1.0
2633	295	1	1.0
2633	395	1	1.0
3625	296	1	1.0
3074	296	1	1.0
3491	296	1	1.0
3491	516	1	1.0
3074	848	1	1.0
3625	1247	1	1.0
3491	1609	1	1.0
3491	1684	1	1.0
3074	1873	1	1.0
5204	297	1	1.0
3657	297	1	1.0
5031	297	1	1.0
5204	312	1	1.0
5204	744	1	1.0
5204	819	1	1.0
5204	979	1	1.0
5204	1280	1	1.0
5204	1488	1	1.0
5204	1831	1	1.0
5350	298	1	1.0
3240	298	1	1.0
5350	774	1	1.0
5350	1202	1	1.0
5350	1744	1	1.0
2696	299	1	1.0
5202	299	1	1.0
6139	299	1	1.0
5202	382	1	1.0
2199	300	1	1.0
2217	300	1	1.0
2582	301	1	1.0
3377	301	1	1.0
3377	880	1	1.0
3377	998	1	1.0
3377	1216	1	1.0
3377	1332	1	1.0
3377	1680	1	1.0
5252	302	1	1.0
3966	302	1	1.0
3966	777	1	1.0
5252	1195	1	1.0
3966	2039	1	1.0
2306	303	1	1.0
3969	303	1	1.0
3001	303	1	1.0
3001	701	1	1.0
2306	709	1	1.0
3969	1006	1	1.0
3001	1198	1	1.0
2306	1731	1	1.0
2306	1904	1	1.0
6029	304	1	1.0
5921	304	1	1.0
4290	304	1	1.0
6029	470	1	1.0
6029	815	1	1.0
5921	906	1	1.0
4290	1496	1	1.0
5921	1734	1	1.0
2605	305	1	1.0
4298	306	1	1.0
4247	306	1	1.0
5528	306	1	1.0
4247	353	1	1.0
4298	1085	1	1.0
4298	1329	1	1.0
4383	307	1	1.0
4792	307	1	1.0
4383	325	1	1.0
4792	1439	1	1.0
4792	2092	1	1.0
5344	308	1	1.0
5235	308	1	1.0
3004	308	1	1.0
3004	357	1	1.0
3761	309	1	1.0
3761	614	1	1.0
3761	903	1	1.0
3761	1421	1	1.0
3761	1753	1	1.0
3261	310	1	1.0
3261	380	1	1.0
3261	783	1	1.0
3261	1326	1	1.0
2578	311	1	1.0
2578	340	1	1.0
2578	558	1	1.0
2578	912	1	1.0
2578	955	1	1.0
2578	1157	1	1.0
2578	1642	1	1.0
5485	313	1	1.0
4844	313	1	1.0
5485	321	1	1.0
5485	2099	1	1.0
3040	314	1	1.0
4311	314	1	1.0
4833	314	1	1.0
4311	383	1	1.0
3040	623	1	1.0
4311	677	1	1.0
3040	925	1	1.0
4311	1398	1	1.0
2387	315	1	1.0
2443	315	1	1.0
2984	315	1	1.0
2387	706	1	1.0
2443	1133	1	1.0
2984	1355	1	1.0
2443	1477	1	1.0
2984	2074	1	1.0
4656	316	1	1.0
4656	433	1	1.0
2577	317	1	1.0
5465	318	1	1.0
5465	600	1	1.0
5465	636	1	1.0
5465	924	1	1.0
2412	320	1	1.0
3277	320	1	1.0
3322	320	1	1.0
5977	321	1	1.0
3146	321	1	1.0
3146	1188	1	1.0
3146	1416	1	1.0
4116	322	1	1.0
4116	1099	1	1.0
6143	323	1	1.0
2585	323	1	1.0
6143	811	1	1.0
4711	324	1	1.0
5844	324	1	1.0
4711	412	1	1.0
5844	431	1	1.0
4711	524	1	1.0
4711	644	1	1.0
4711	667	1	1.0
4711	891	1	1.0
4711	1019	1	1.0
4711	2046	1	1.0
4831	325	1	1.0
2922	325	1	1.0
4831	623	1	1.0
4831	1005	1	1.0
4831	1078	1	1.0
4831	1083	1	1.0
4831	1972	1	1.0
2180	326	1	1.0
5777	326	1	1.0
4737	326	1	1.0
2180	1583	1	1.0
2180	1850	1	1.0
2180	1879	1	1.0
3218	327	1	1.0
3574	327	1	1.0
3218	1259	1	1.0
4386	329	1	1.0
2934	329	1	1.0
4386	534	1	1.0
2934	599	1	1.0
4386	773	1	1.0
4386	1016	1	1.0
2934	1086	1	1.0
4386	1344	1	1.0
4386	1564	1	1.0
2934	2064	1	1.0
2934	2142	1	1.0
3262	330	1	1.0
3262	655	1	1.0
3262	1559	1	1.0
3262	1856	1	1.0
3262	2121	1	1.0
4394	331	1	1.0
5062	332	1	1.0
2225	332	1	1.0
2812	332	1	1.0
2225	731	1	1.0
5062	754	1	1.0
2225	1850	1	1.0
3370	333	1	1.0
3370	1448	1	1.0
2369	334	1	1.0
2771	334	1	1.0
2369	838	1	1.0
5859	335	1	1.0
3250	335	1	1.0
4568	335	1	1.0
5859	423	1	1.0
5859	1942	1	1.0
5085	336	1	1.0
4882	336	1	1.0
5033	337	1	1.0
3281	337	1	1.0
5033	399	1	1.0
5033	1360	1	1.0
5680	338	1	1.0
5680	1007	1	1.0
2339	339	1	1.0
4186	339	1	1.0
5863	339	1	1.0
3260	340	1	1.0
2645	341	1	1.0
3578	341	1	1.0
5460	341	1	1.0
2964	342	1	1.0
3054	342	1	1.0
3024	342	1	1.0
2546	343	1	1.0
2546	653	1	1.0
2546	824	1	1.0
2546	990	1	1.0
2546	1457	1	1.0
5230	344	1	1.0
5557	344	1	1.0
5570	345	1	1.0
3106	345	1	1.0
4434	345	1	1.0
4434	373	1	1.0
5570	798	1	1.0
5570	1096	1	1.0
5570	1119	1	1.0
3106	1617	1	1.0
4340	346	1	1.0
4967	346	1	1.0
6047	346	1	1.0
5032	347	1	1.0
5167	347	1	1.0
5554	347	1	1.0
5554	830	1	1.0
3044	348	1	1.0
3727	348	1	1.0
3727	558	1	1.0
3044	1244	1	1.0
2855	349	1	1.0
2927	349	1	1.0
3526	349	1	1.0
6070	350	1	1.0
2474	350	1	1.0
2757	351	1	1.0
5953	351	1	1.0
2757	360	1	1.0
2757	508	1	1.0
2757	972	1	1.0
2757	2085	1	1.0
3237	352	1	1.0
5985	352	1	1.0
3255	352	1	1.0
5985	490	1	1.0
5985	505	1	1.0
3237	629	1	1.0
3237	829	1	1.0
3237	900	1	1.0
5985	900	1	1.0
5985	1258	1	1.0
5985	1549	1	1.0
5723	353	1	1.0
3459	353	1	1.0
5723	1061	1	1.0
5723	1573	1	1.0
2407	354	1	1.0
3414	354	1	1.0
3598	354	1	1.0
2407	921	1	1.0
3598	1008	1	1.0
3414	1212	1	1.0
2407	1361	1	1.0
4773	355	1	1.0
2565	355	1	1.0
4773	553	1	1.0
4773	741	1	1.0
4535	356	1	1.0
5752	356	1	1.0
2562	357	1	1.0
6125	357	1	1.0
5517	358	1	1.0
3145	358	1	1.0
4482	358	1	1.0
5517	954	1	1.0
5517	1058	1	1.0
5517	1110	1	1.0
5517	1161	1	1.0
3145	1173	1	1.0
5517	1437	1	1.0
5517	1553	1	1.0
3145	1762	1	1.0
2810	359	1	1.0
6110	359	1	1.0
2810	441	1	1.0
6110	447	1	1.0
4708	360	1	1.0
4300	360	1	1.0
4438	361	1	1.0
4438	620	1	1.0
4438	977	1	1.0
2441	362	1	1.0
3089	363	1	1.0
2501	363	1	1.0
5627	363	1	1.0
5627	1187	1	1.0
2899	364	1	1.0
2899	878	1	1.0
2899	2079	1	1.0
2671	365	1	1.0
3865	365	1	1.0
3913	365	1	1.0
2671	881	1	1.0
3913	911	1	1.0
3913	1342	1	1.0
2671	2090	1	1.0
2397	366	1	1.0
2484	366	1	1.0
5560	366	1	1.0
3435	367	1	1.0
2415	367	1	1.0
4507	367	1	1.0
3435	596	1	1.0
4507	602	1	1.0
4507	2026	1	1.0
2415	2056	1	1.0
3824	368	1	1.0
4147	368	1	1.0
3629	368	1	1.0
3629	519	1	1.0
4147	1084	1	1.0
4147	1626	1	1.0
4678	369	1	1.0
2363	369	1	1.0
3994	369	1	1.0
2363	1101	1	1.0
4473	370	1	1.0
5133	370	1	1.0
4054	370	1	1.0
4473	841	1	1.0
5133	841	1	1.0
4700	371	1	1.0
2816	371	1	1.0
2755	371	1	1.0
4700	1316	1	1.0
5718	372	1	1.0
3200	373	1	1.0
4588	373	1	1.0
2818	374	1	1.0
2818	1427	1	1.0
4413	375	1	1.0
2808	375	1	1.0
2808	442	1	1.0
2808	502	1	1.0
4413	539	1	1.0
4413	976	1	1.0
4413	1384	1	1.0
3142	376	1	1.0
2490	376	1	1.0
2722	376	1	1.0
3142	790	1	1.0
3142	805	1	1.0
3142	886	1	1.0
3142	967	1	1.0
3142	983	1	1.0
5173	377	1	1.0
4240	377	1	1.0
5784	377	1	1.0
4240	657	1	1.0
4240	885	1	1.0
4240	1367	1	1.0
4240	1549	1	1.0
4240	1670	1	1.0
4240	1783	1	1.0
3803	378	1	1.0
5210	378	1	1.0
3803	1633	1	1.0
3803	1866	1	1.0
3803	1871	1	1.0
5605	379	1	1.0
4338	379	1	1.0
5774	379	1	1.0
5605	639	1	1.0
5605	1540	1	1.0
5605	1974	1	1.0
5056	381	1	1.0
4883	382	1	1.0
5642	382	1	1.0
3816	383	1	1.0
4756	383	1	1.0
4880	384	1	1.0
3532	384	1	1.0
5417	384	1	1.0
4880	663	1	1.0
4880	675	1	1.0
4880	772	1	1.0
4880	788	1	1.0
4880	1204	1	1.0
4880	1332	1	1.0
4880	1465	1	1.0
4066	385	1	1.0
2323	385	1	1.0
6049	385	1	1.0
4066	612	1	1.0
4066	663	1	1.0
4066	788	1	1.0
4066	1397	1	1.0
6049	1829	1	1.0
5978	386	1	1.0
2716	386	1	1.0
2716	697	1	1.0
5978	1238	1	1.0
4558	387	1	1.0
4372	387	1	1.0
4558	1475	1	1.0
4558	1851	1	1.0
4558	2051	1	1.0
5219	388	1	1.0
3979	389	1	1.0
4467	389	1	1.0
5089	389	1	1.0
4467	676	1	1.0
4467	985	1	1.0
4689	390	1	1.0
4497	390	1	1.0
4689	447	1	1.0
4689	884	1	1.0
4497	1232	1	1.0
4689	1974	1	1.0
3122	391	1	1.0
3710	391	1	1.0
3710	569	1	1.0
3122	937	1	1.0
3122	1584	1	1.0
6067	392	1	1.0
3275	392	1	1.0
6067	879	1	1.0
3275	2177	1	1.0
5189	393	1	1.0
4189	393	1	1.0
4452	393	1	1.0
4189	1738	1	1.0
4189	2014	1	1.0
5008	395	1	1.0
4930	396	1	1.0
2802	396	1	1.0
5861	397	1	1.0
5077	397	1	1.0
5861	901	1	1.0
4703	398	1	1.0
3313	398	1	1.0
3705	398	1	1.0
4703	408	1	1.0
3808	399	1	1.0
3808	1228	1	1.0
3808	1688	1	1.0
5044	400	1	1.0
5036	400	1	1.0
5626	400	1	1.0
5044	715	1	1.0
5044	895	1	1.0
5044	1026	1	1.0
5948	401	1	1.0
5846	402	1	1.0
2591	402	1	1.0
5846	1487	1	1.0
2382	403	1	1.0
2703	403	1	1.0
4777	403	1	1.0
2382	1226	1	1.0
5602	404	1	1.0
5026	404	1	1.0
5898	404	1	1.0
5602	1189	1	1.0
4342	405	1	1.0
4342	1143	1	1.0
2858	406	1	1.0
4110	406	1	1.0
2507	406	1	1.0
2858	762	1	1.0
2858	983	1	1.0
4110	1077	1	1.0
4444	407	1	1.0
4203	407	1	1.0
5474	407	1	1.0
4444	832	1	1.0
5474	832	1	1.0
4444	1008	1	1.0
3249	408	1	1.0
5535	408	1	1.0
3249	953	1	1.0
5535	1271	1	1.0
4704	409	1	1.0
5590	409	1	1.0
5986	409	1	1.0
4704	461	1	1.0
5590	1607	1	1.0
5986	1607	1	1.0
4257	410	1	1.0
5637	410	1	1.0
6115	410	1	1.0
6115	784	1	1.0
4219	411	1	1.0
4643	411	1	1.0
4038	412	1	1.0
4038	1164	1	1.0
5741	413	1	1.0
3164	413	1	1.0
4574	414	1	1.0
3622	415	1	1.0
3622	437	1	1.0
3622	1317	1	1.0
3021	416	1	1.0
3914	416	1	1.0
5037	416	1	1.0
5037	534	1	1.0
3021	672	1	1.0
3271	417	1	1.0
4812	418	1	1.0
3524	419	1	1.0
3524	719	1	1.0
2342	420	1	1.0
5726	420	1	1.0
2188	421	1	1.0
3451	421	1	1.0
2188	429	1	1.0
3451	650	1	1.0
2188	857	1	1.0
2475	422	1	1.0
2475	2047	1	1.0
2475	2116	1	1.0
2667	423	1	1.0
2510	424	1	1.0
4508	424	1	1.0
5807	424	1	1.0
4508	795	1	1.0
2510	1336	1	1.0
2318	425	1	1.0
5123	425	1	1.0
3726	426	1	1.0
3726	1259	1	1.0
4846	427	1	1.0
3835	427	1	1.0
5714	427	1	1.0
3835	1063	1	1.0
3835	1175	1	1.0
3835	2151	1	1.0
5376	430	1	1.0
5376	968	1	1.0
5376	990	1	1.0
5376	1259	1	1.0
5376	1381	1	1.0
5376	1601	1	1.0
5376	1755	1	1.0
3444	431	1	1.0
3444	2001	1	1.0
4672	432	1	1.0
2644	432	1	1.0
4672	996	1	1.0
2644	1753	1	1.0
2644	2124	1	1.0
4690	433	1	1.0
4690	1200	1	1.0
4690	1931	1	1.0
3742	434	1	1.0
5114	434	1	1.0
2669	436	1	1.0
2669	1773	1	1.0
4113	437	1	1.0
2370	437	1	1.0
2370	626	1	1.0
4113	881	1	1.0
4113	970	1	1.0
4113	1017	1	1.0
4113	1141	1	1.0
2370	1186	1	1.0
4113	1908	1	1.0
6164	438	1	1.0
3482	438	1	1.0
6164	774	1	1.0
6164	893	1	1.0
6164	970	1	1.0
6164	1183	1	1.0
6164	1414	1	1.0
6164	1848	1	1.0
2556	439	1	1.0
2556	1080	1	1.0
6172	440	1	1.0
2628	440	1	1.0
5592	440	1	1.0
2628	571	1	1.0
3860	441	1	1.0
5457	443	1	1.0
3167	443	1	1.0
3167	604	1	1.0
3167	869	1	1.0
5457	1148	1	1.0
3167	1301	1	1.0
3167	1846	1	1.0
5457	1910	1	1.0
2588	444	1	1.0
2436	444	1	1.0
3292	444	1	1.0
2588	1495	1	1.0
2588	1883	1	1.0
2588	1910	1	1.0
3227	445	1	1.0
3567	445	1	1.0
2778	445	1	1.0
2778	586	1	1.0
2778	1388	1	1.0
3567	1493	1	1.0
3227	1896	1	1.0
2936	446	1	1.0
3270	446	1	1.0
5692	446	1	1.0
5075	447	1	1.0
5806	448	1	1.0
5806	720	1	1.0
5806	772	1	1.0
5806	1073	1	1.0
5806	1081	1	1.0
5420	449	1	1.0
5420	788	1	1.0
4239	450	1	1.0
5653	450	1	1.0
6136	450	1	1.0
3042	452	1	1.0
3042	550	1	1.0
3042	889	1	1.0
3042	1090	1	1.0
3042	1463	1	1.0
3751	453	1	1.0
2728	453	1	1.0
2728	1104	1	1.0
3181	454	1	1.0
5959	454	1	1.0
5950	455	1	1.0
5509	455	1	1.0
5509	1253	1	1.0
3061	457	1	1.0
4428	457	1	1.0
5392	458	1	1.0
5500	459	1	1.0
5594	459	1	1.0
3286	459	1	1.0
5500	522	1	1.0
5500	980	1	1.0
5500	1341	1	1.0
5500	1364	1	1.0
4659	460	1	1.0
3488	460	1	1.0
4659	1009	1	1.0
3488	1780	1	1.0
4659	1798	1	1.0
4127	462	1	1.0
4169	462	1	1.0
5551	462	1	1.0
5551	1119	1	1.0
4169	1986	1	1.0
2737	463	1	1.0
2737	642	1	1.0
2737	1442	1	1.0
5174	464	1	1.0
4226	464	1	1.0
5174	601	1	1.0
5174	1671	1	1.0
5174	1766	1	1.0
4226	1923	1	1.0
5553	465	1	1.0
5553	1479	1	1.0
3306	466	1	1.0
2992	466	1	1.0
6141	466	1	1.0
4765	467	1	1.0
4963	467	1	1.0
5481	468	1	1.0
5136	468	1	1.0
5481	610	1	1.0
5481	766	1	1.0
5481	1226	1	1.0
5176	470	1	1.0
5176	1641	1	1.0
5176	1938	1	1.0
5176	1963	1	1.0
5176	1972	1	1.0
4213	471	1	1.0
3372	471	1	1.0
3372	1007	1	1.0
3372	1093	1	1.0
3372	1369	1	1.0
2680	472	1	1.0
3680	472	1	1.0
5857	472	1	1.0
3706	473	1	1.0
3660	473	1	1.0
3706	492	1	1.0
3706	557	1	1.0
3660	560	1	1.0
3660	566	1	1.0
3660	694	1	1.0
3706	2023	1	1.0
5657	474	1	1.0
5547	474	1	1.0
5657	981	1	1.0
5547	981	1	1.0
5547	1047	1	1.0
5547	1219	1	1.0
5657	1260	1	1.0
5657	1290	1	1.0
5657	1448	1	1.0
5547	1557	1	1.0
5657	1631	1	1.0
5657	1706	1	1.0
5547	1726	1	1.0
4025	475	1	1.0
4555	475	1	1.0
2614	476	1	1.0
3883	476	1	1.0
5027	476	1	1.0
3105	477	1	1.0
4166	477	1	1.0
5731	478	1	1.0
5742	478	1	1.0
2422	479	1	1.0
2974	479	1	1.0
4520	479	1	1.0
3368	480	1	1.0
3474	480	1	1.0
3368	714	1	1.0
3368	1517	1	1.0
4285	481	1	1.0
3297	482	1	1.0
3455	482	1	1.0
5364	482	1	1.0
3297	618	1	1.0
3297	2033	1	1.0
2600	483	1	1.0
2600	584	1	1.0
2600	665	1	1.0
2600	1977	1	1.0
4726	484	1	1.0
3362	484	1	1.0
3594	484	1	1.0
3362	521	1	1.0
4138	485	1	1.0
4984	486	1	1.0
3852	486	1	1.0
4682	487	1	1.0
5433	487	1	1.0
4251	488	1	1.0
4251	1347	1	1.0
4251	1591	1	1.0
2705	489	1	1.0
5328	489	1	1.0
5641	489	1	1.0
2739	490	1	1.0
2567	490	1	1.0
2739	839	1	1.0
2739	908	1	1.0
2739	960	1	1.0
2739	1012	1	1.0
2739	1715	1	1.0
5335	491	1	1.0
3569	492	1	1.0
6035	492	1	1.0
3569	524	1	1.0
3569	556	1	1.0
6035	624	1	1.0
6035	751	1	1.0
3569	1367	1	1.0
3569	1505	1	1.0
6035	1727	1	1.0
3889	493	1	1.0
3058	493	1	1.0
3889	745	1	1.0
3058	2085	1	1.0
2785	494	1	1.0
3178	494	1	1.0
2785	497	1	1.0
3178	732	1	1.0
2785	952	1	1.0
2785	1851	1	1.0
3328	495	1	1.0
2834	495	1	1.0
2834	1417	1	1.0
3189	496	1	1.0
2561	496	1	1.0
4893	496	1	1.0
4893	1291	1	1.0
4893	1491	1	1.0
2896	497	1	1.0
2663	497	1	1.0
2896	551	1	1.0
2663	596	1	1.0
2896	895	1	1.0
2896	951	1	1.0
2663	1004	1	1.0
2896	1200	1	1.0
2896	1338	1	1.0
2663	1561	1	1.0
2896	1568	1	1.0
2896	2132	1	1.0
5455	498	1	1.0
4939	498	1	1.0
5393	498	1	1.0
5393	1137	1	1.0
5393	1211	1	1.0
5393	1380	1	1.0
5455	1581	1	1.0
5393	1597	1	1.0
4939	1609	1	1.0
5621	499	1	1.0
5621	518	1	1.0
5621	614	1	1.0
4572	500	1	1.0
4370	500	1	1.0
4370	831	1	1.0
4370	1220	1	1.0
5261	501	1	1.0
2775	501	1	1.0
5423	502	1	1.0
5423	525	1	1.0
5423	853	1	1.0
5423	1641	1	1.0
2748	503	1	1.0
3829	503	1	1.0
2748	549	1	1.0
2748	1449	1	1.0
4335	504	1	1.0
4335	699	1	1.0
5588	505	1	1.0
3608	506	1	1.0
4546	506	1	1.0
3608	589	1	1.0
3608	1212	1	1.0
3608	1714	1	1.0
3608	1929	1	1.0
2286	507	1	1.0
3826	507	1	1.0
5440	507	1	1.0
2332	508	1	1.0
4118	508	1	1.0
4118	931	1	1.0
4034	509	1	1.0
4034	826	1	1.0
4034	1823	1	1.0
3332	510	1	1.0
4825	511	1	1.0
2284	511	1	1.0
2464	511	1	1.0
4825	1388	1	1.0
2349	512	1	1.0
5753	512	1	1.0
2349	1441	1	1.0
2349	1483	1	1.0
4839	513	1	1.0
4274	513	1	1.0
4274	589	1	1.0
4839	2011	1	1.0
2647	514	1	1.0
3041	514	1	1.0
4218	514	1	1.0
2647	1993	1	1.0
3041	1993	1	1.0
4218	1993	1	1.0
3100	515	1	1.0
4329	515	1	1.0
5052	515	1	1.0
2549	516	1	1.0
2923	517	1	1.0
2923	680	1	1.0
2923	1124	1	1.0
5794	519	1	1.0
5794	1142	1	1.0
5746	520	1	1.0
3922	520	1	1.0
5893	521	1	1.0
5993	522	1	1.0
5993	1319	1	1.0
5612	523	1	1.0
4960	523	1	1.0
4960	530	1	1.0
5612	1558	1	1.0
4960	1852	1	1.0
3720	525	1	1.0
3720	1409	1	1.0
3720	1544	1	1.0
5736	526	1	1.0
4605	526	1	1.0
5184	526	1	1.0
5736	828	1	1.0
5736	1069	1	1.0
5736	1183	1	1.0
5736	1260	1	1.0
5184	1664	1	1.0
2315	527	1	1.0
3339	527	1	1.0
3339	668	1	1.0
3339	671	1	1.0
2315	741	1	1.0
3339	840	1	1.0
2315	1341	1	1.0
2419	528	1	1.0
3155	529	1	1.0
3980	529	1	1.0
5810	529	1	1.0
2704	530	1	1.0
4760	530	1	1.0
2487	531	1	1.0
4818	531	1	1.0
4663	531	1	1.0
4818	556	1	1.0
4818	1857	1	1.0
2688	533	1	1.0
3470	533	1	1.0
3470	1612	1	1.0
3470	1692	1	1.0
2340	534	1	1.0
2773	535	1	1.0
5118	535	1	1.0
2773	1171	1	1.0
2773	1541	1	1.0
2773	1545	1	1.0
3843	536	1	1.0
4108	536	1	1.0
3246	536	1	1.0
3843	584	1	1.0
3843	665	1	1.0
4108	1002	1	1.0
3246	1034	1	1.0
3843	1293	1	1.0
3843	1648	1	1.0
3843	1762	1	1.0
3522	537	1	1.0
4380	537	1	1.0
4768	539	1	1.0
4768	1946	1	1.0
5449	540	1	1.0
2550	540	1	1.0
2550	822	1	1.0
5449	1376	1	1.0
5449	1413	1	1.0
2550	1689	1	1.0
2401	541	1	1.0
4826	541	1	1.0
4029	541	1	1.0
2401	624	1	1.0
2401	825	1	1.0
2401	1426	1	1.0
2401	1727	1	1.0
4826	1863	1	1.0
4179	543	1	1.0
3644	543	1	1.0
4676	543	1	1.0
4103	544	1	1.0
3626	545	1	1.0
2500	545	1	1.0
3626	1917	1	1.0
3626	1971	1	1.0
5918	546	1	1.0
5800	547	1	1.0
6156	547	1	1.0
4973	548	1	1.0
2955	548	1	1.0
4973	605	1	1.0
4973	763	1	1.0
4973	992	1	1.0
2955	1093	1	1.0
2955	1664	1	1.0
4973	2116	1	1.0
5811	549	1	1.0
6016	549	1	1.0
5811	1230	1	1.0
5550	550	1	1.0
5652	550	1	1.0
5550	1795	1	1.0
3228	552	1	1.0
3228	1005	1	1.0
2270	553	1	1.0
3563	553	1	1.0
4111	554	1	1.0
3948	554	1	1.0
2396	555	1	1.0
2631	555	1	1.0
4255	555	1	1.0
5514	557	1	1.0
5281	558	1	1.0
5281	781	1	1.0
5281	1057	1	1.0
5281	1304	1	1.0
5281	1350	1	1.0
4190	559	1	1.0
2227	559	1	1.0
3194	559	1	1.0
4190	784	1	1.0
4764	560	1	1.0
5488	561	1	1.0
5598	561	1	1.0
5930	561	1	1.0
3766	562	1	1.0
4815	562	1	1.0
2268	563	1	1.0
3604	563	1	1.0
4794	563	1	1.0
4794	957	1	1.0
2268	1028	1	1.0
4794	1324	1	1.0
4454	564	1	1.0
4454	1452	1	1.0
3090	565	1	1.0
3341	565	1	1.0
5885	565	1	1.0
2701	566	1	1.0
3225	566	1	1.0
3225	1056	1	1.0
2701	1160	1	1.0
3225	1370	1	1.0
5935	567	1	1.0
5728	567	1	1.0
2317	567	1	1.0
2317	573	1	1.0
5935	1184	1	1.0
5728	1295	1	1.0
5728	1310	1	1.0
2317	1503	1	1.0
5824	568	1	1.0
3797	568	1	1.0
5824	1072	1	1.0
5824	1697	1	1.0
2376	569	1	1.0
2416	570	1	1.0
4363	570	1	1.0
2416	1173	1	1.0
3359	571	1	1.0
4561	571	1	1.0
3359	668	1	1.0
4561	1022	1	1.0
3359	1209	1	1.0
4561	1874	1	1.0
4561	1971	1	1.0
3154	572	1	1.0
4638	572	1	1.0
3154	846	1	1.0
3154	859	1	1.0
3154	1230	1	1.0
4638	1931	1	1.0
4638	2111	1	1.0
4638	2163	1	1.0
6149	573	1	1.0
4215	573	1	1.0
4215	1268	1	1.0
6149	1433	1	1.0
4215	1700	1	1.0
2683	574	1	1.0
4601	574	1	1.0
5228	574	1	1.0
2266	575	1	1.0
2266	988	1	1.0
2266	1817	1	1.0
2971	576	1	1.0
4991	576	1	1.0
4991	1452	1	1.0
2971	1724	1	1.0
4991	1724	1	1.0
6129	577	1	1.0
5483	577	1	1.0
6135	577	1	1.0
2439	578	1	1.0
3963	578	1	1.0
4716	578	1	1.0
3963	1099	1	1.0
4716	1962	1	1.0
2439	1980	1	1.0
3963	1980	1	1.0
4716	1980	1	1.0
4084	579	1	1.0
5286	579	1	1.0
4084	1249	1	1.0
4084	2009	1	1.0
3651	580	1	1.0
4769	580	1	1.0
5802	580	1	1.0
5321	581	1	1.0
2358	581	1	1.0
4271	581	1	1.0
5321	1159	1	1.0
2293	582	1	1.0
4256	582	1	1.0
5363	583	1	1.0
3752	583	1	1.0
2924	583	1	1.0
3752	923	1	1.0
3752	1565	1	1.0
3752	1802	1	1.0
2242	585	1	1.0
5823	585	1	1.0
5850	585	1	1.0
5083	586	1	1.0
5083	1157	1	1.0
5083	1674	1	1.0
5083	1704	1	1.0
5083	1805	1	1.0
5083	1990	1	1.0
3582	587	1	1.0
6065	587	1	1.0
5208	588	1	1.0
3611	588	1	1.0
6142	588	1	1.0
3611	1469	1	1.0
5175	589	1	1.0
6162	590	1	1.0
3832	590	1	1.0
3512	591	1	1.0
4337	591	1	1.0
3512	1336	1	1.0
3005	592	1	1.0
5595	592	1	1.0
6050	592	1	1.0
6050	1041	1	1.0
6050	1368	1	1.0
4723	593	1	1.0
4532	593	1	1.0
4532	1032	1	1.0
4532	1308	1	1.0
4776	594	1	1.0
3739	594	1	1.0
3739	2128	1	1.0
2489	595	1	1.0
2823	595	1	1.0
5747	595	1	1.0
2823	1014	1	1.0
2489	1165	1	1.0
2823	1165	1	1.0
5747	1165	1	1.0
4374	596	1	1.0
4374	655	1	1.0
4374	1356	1	1.0
4904	597	1	1.0
5703	597	1	1.0
5703	710	1	1.0
5703	1519	1	1.0
5703	1951	1	1.0
5703	2068	1	1.0
4904	2155	1	1.0
2976	598	1	1.0
2865	598	1	1.0
6161	598	1	1.0
5303	599	1	1.0
5813	600	1	1.0
4465	600	1	1.0
5813	1262	1	1.0
4403	601	1	1.0
4403	812	1	1.0
4403	1506	1	1.0
5390	602	1	1.0
5545	603	1	1.0
3326	603	1	1.0
5545	840	1	1.0
5545	1100	1	1.0
5545	1149	1	1.0
3326	1377	1	1.0
3326	2175	1	1.0
4575	604	1	1.0
5663	604	1	1.0
5663	794	1	1.0
4575	869	1	1.0
5663	1301	1	1.0
4575	1423	1	1.0
4575	1530	1	1.0
4575	1537	1	1.0
4575	1846	1	1.0
5663	1846	1	1.0
2313	605	1	1.0
5169	606	1	1.0
3457	607	1	1.0
5748	607	1	1.0
5170	608	1	1.0
5412	608	1	1.0
5170	1317	1	1.0
5170	1530	1	1.0
5170	1818	1	1.0
5412	1897	1	1.0
3360	609	1	1.0
3395	609	1	1.0
5749	610	1	1.0
3601	610	1	1.0
5860	611	1	1.0
3831	611	1	1.0
5860	690	1	1.0
3831	781	1	1.0
3831	1952	1	1.0
5860	2002	1	1.0
5878	612	1	1.0
4553	613	1	1.0
5155	613	1	1.0
5651	613	1	1.0
4553	1020	1	1.0
3085	614	1	1.0
4735	615	1	1.0
5221	615	1	1.0
4722	615	1	1.0
4735	689	1	1.0
5221	703	1	1.0
4735	742	1	1.0
4735	972	1	1.0
4735	1088	1	1.0
4735	1119	1	1.0
4735	1174	1	1.0
4735	1197	1	1.0
4735	1483	1	1.0
5221	1665	1	1.0
3279	616	1	1.0
3279	729	1	1.0
3279	1068	1	1.0
5053	617	1	1.0
5053	737	1	1.0
5053	1480	1	1.0
5053	2029	1	1.0
5100	618	1	1.0
3759	619	1	1.0
3480	619	1	1.0
3964	619	1	1.0
3964	1177	1	1.0
3480	1213	1	1.0
4307	620	1	1.0
4307	669	1	1.0
4307	1121	1	1.0
2257	621	1	1.0
5571	621	1	1.0
2257	947	1	1.0
3692	622	1	1.0
3692	907	1	1.0
3967	623	1	1.0
3967	782	1	1.0
3967	1477	1	1.0
4747	625	1	1.0
2277	625	1	1.0
2277	2135	1	1.0
4491	627	1	1.0
6064	627	1	1.0
2433	628	1	1.0
3416	628	1	1.0
5511	628	1	1.0
3416	1132	1	1.0
2392	630	1	1.0
3076	630	1	1.0
5211	630	1	1.0
5506	631	1	1.0
5582	631	1	1.0
3486	631	1	1.0
3486	924	1	1.0
5582	962	1	1.0
5506	1058	1	1.0
3486	1329	1	1.0
5582	1370	1	1.0
3481	632	1	1.0
2648	632	1	1.0
4028	632	1	1.0
3481	960	1	1.0
4028	1439	1	1.0
3481	2121	1	1.0
5040	633	1	1.0
2320	633	1	1.0
4469	633	1	1.0
5040	2056	1	1.0
3114	634	1	1.0
4045	634	1	1.0
4748	634	1	1.0
4015	635	1	1.0
5224	635	1	1.0
5608	635	1	1.0
5608	802	1	1.0
5608	858	1	1.0
5224	1001	1	1.0
5608	1001	1	1.0
4015	1476	1	1.0
3265	637	1	1.0
3265	1273	1	1.0
5269	638	1	1.0
5347	639	1	1.0
4252	639	1	1.0
5347	763	1	1.0
5347	1351	1	1.0
2451	640	1	1.0
2590	640	1	1.0
5356	640	1	1.0
5356	862	1	1.0
4082	641	1	1.0
5825	641	1	1.0
4082	783	1	1.0
4082	1671	1	1.0
4082	1692	1	1.0
4082	1969	1	1.0
4082	2009	1	1.0
4082	2144	1	1.0
3251	642	1	1.0
5534	642	1	1.0
3251	1434	1	1.0
3321	643	1	1.0
3432	643	1	1.0
4199	643	1	1.0
4199	844	1	1.0
3537	645	1	1.0
3537	1757	1	1.0
3607	646	1	1.0
4477	647	1	1.0
2882	647	1	1.0
3418	648	1	1.0
4943	648	1	1.0
4114	648	1	1.0
2892	649	1	1.0
2892	1541	1	1.0
2892	1788	1	1.0
2892	1982	1	1.0
4614	650	1	1.0
4614	854	1	1.0
4879	651	1	1.0
3111	651	1	1.0
4241	651	1	1.0
4879	845	1	1.0
2595	652	1	1.0
2595	849	1	1.0
2595	879	1	1.0
2595	1187	1	1.0
4685	653	1	1.0
4685	861	1	1.0
5320	654	1	1.0
3234	654	1	1.0
5317	654	1	1.0
5317	1070	1	1.0
5320	1168	1	1.0
3234	1881	1	1.0
5632	655	1	1.0
2206	656	1	1.0
3408	656	1	1.0
3408	1871	1	1.0
3492	657	1	1.0
2246	657	1	1.0
3492	667	1	1.0
5054	658	1	1.0
3747	658	1	1.0
5429	658	1	1.0
5054	1881	1	1.0
3159	660	1	1.0
2371	660	1	1.0
2969	660	1	1.0
3159	698	1	1.0
3159	725	1	1.0
2969	884	1	1.0
3159	2009	1	1.0
2665	661	1	1.0
2390	661	1	1.0
5890	661	1	1.0
2390	1144	1	1.0
2665	1602	1	1.0
6012	662	1	1.0
6012	1602	1	1.0
6012	1810	1	1.0
4234	663	1	1.0
6004	664	1	1.0
6004	984	1	1.0
2301	666	1	1.0
2186	666	1	1.0
2186	768	1	1.0
2186	1108	1	1.0
2301	1147	1	1.0
5495	668	1	1.0
2517	669	1	1.0
4258	669	1	1.0
2517	747	1	1.0
2765	670	1	1.0
5497	670	1	1.0
3839	671	1	1.0
5656	671	1	1.0
3839	1053	1	1.0
3839	1588	1	1.0
5656	1856	1	1.0
3839	1878	1	1.0
3839	2090	1	1.0
3937	672	1	1.0
2991	672	1	1.0
2991	1648	1	1.0
2991	1804	1	1.0
3352	673	1	1.0
2768	673	1	1.0
4400	673	1	1.0
3352	813	1	1.0
4400	1357	1	1.0
3352	1545	1	1.0
3352	1577	1	1.0
3352	2124	1	1.0
6107	674	1	1.0
5925	674	1	1.0
6107	1952	1	1.0
5070	675	1	1.0
5070	1465	1	1.0
5070	2082	1	1.0
2883	677	1	1.0
5739	677	1	1.0
2883	889	1	1.0
2883	1086	1	1.0
2560	678	1	1.0
3239	678	1	1.0
5331	678	1	1.0
3239	2037	1	1.0
5060	680	1	1.0
5060	944	1	1.0
5060	1020	1	1.0
5060	1117	1	1.0
5060	1990	1	1.0
3098	681	1	1.0
3098	819	1	1.0
5434	682	1	1.0
5887	682	1	1.0
4146	683	1	1.0
6111	683	1	1.0
4146	693	1	1.0
4146	1053	1	1.0
2820	684	1	1.0
2516	684	1	1.0
5997	684	1	1.0
2820	765	1	1.0
5997	1622	1	1.0
5997	1804	1	1.0
5007	685	1	1.0
2770	685	1	1.0
5007	732	1	1.0
3905	686	1	1.0
5677	686	1	1.0
5745	686	1	1.0
2448	687	1	1.0
4814	687	1	1.0
5285	687	1	1.0
2448	1460	1	1.0
4814	1501	1	1.0
5120	688	1	1.0
2682	688	1	1.0
5975	689	1	1.0
5975	1354	1	1.0
6068	690	1	1.0
2710	690	1	1.0
6068	707	1	1.0
6039	692	1	1.0
6039	1278	1	1.0
5203	694	1	1.0
5203	716	1	1.0
5203	1346	1	1.0
4379	695	1	1.0
4437	695	1	1.0
4379	899	1	1.0
4379	1398	1	1.0
2754	696	1	1.0
2781	696	1	1.0
3733	696	1	1.0
2781	1854	1	1.0
5729	698	1	1.0
5729	707	1	1.0
5729	709	1	1.0
5729	1225	1	1.0
5729	1348	1	1.0
5729	1562	1	1.0
2846	700	1	1.0
3017	700	1	1.0
4080	701	1	1.0
3871	701	1	1.0
3871	748	1	1.0
4080	823	1	1.0
3871	1085	1	1.0
4080	1216	1	1.0
4080	2078	1	1.0
5735	702	1	1.0
3675	702	1	1.0
2289	702	1	1.0
5735	708	1	1.0
5735	874	1	1.0
3675	917	1	1.0
5735	1021	1	1.0
5735	1177	1	1.0
3675	1189	1	1.0
2289	1421	1	1.0
2289	1584	1	1.0
3846	703	1	1.0
2524	704	1	1.0
2524	1217	1	1.0
3667	705	1	1.0
5603	705	1	1.0
6101	707	1	1.0
6101	1496	1	1.0
5360	708	1	1.0
5360	1912	1	1.0
3000	711	1	1.0
4011	711	1	1.0
4420	711	1	1.0
4977	712	1	1.0
3923	712	1	1.0
3923	720	1	1.0
2709	713	1	1.0
2905	713	1	1.0
4014	713	1	1.0
5096	716	1	1.0
3223	717	1	1.0
3687	717	1	1.0
3693	717	1	1.0
3687	1126	1	1.0
3223	1195	1	1.0
3223	1260	1	1.0
2528	718	1	1.0
2854	718	1	1.0
2854	1083	1	1.0
2528	1301	1	1.0
3952	719	1	1.0
3043	720	1	1.0
3430	721	1	1.0
5894	721	1	1.0
4774	722	1	1.0
4774	1427	1	1.0
3366	723	1	1.0
3366	1737	1	1.0
2262	724	1	1.0
3400	724	1	1.0
6060	724	1	1.0
5388	725	1	1.0
6097	727	1	1.0
4443	727	1	1.0
4443	1342	1	1.0
2895	730	1	1.0
3130	730	1	1.0
2895	1894	1	1.0
5573	731	1	1.0
5873	731	1	1.0
5873	1036	1	1.0
5573	1970	1	1.0
3525	733	1	1.0
3207	734	1	1.0
4611	734	1	1.0
3125	735	1	1.0
3233	735	1	1.0
5387	735	1	1.0
5387	1495	1	1.0
4056	736	1	1.0
4912	737	1	1.0
2767	738	1	1.0
2767	1123	1	1.0
5373	739	1	1.0
4958	740	1	1.0
5300	740	1	1.0
5624	740	1	1.0
5300	1479	1	1.0
4958	1784	1	1.0
2719	742	1	1.0
5565	742	1	1.0
5389	743	1	1.0
5389	1229	1	1.0
2219	746	1	1.0
5042	746	1	1.0
3495	747	1	1.0
3095	748	1	1.0
2502	749	1	1.0
4985	749	1	1.0
5599	749	1	1.0
2502	1420	1	1.0
6066	750	1	1.0
4360	750	1	1.0
4193	750	1	1.0
2413	751	1	1.0
2796	751	1	1.0
3708	752	1	1.0
3431	752	1	1.0
4863	752	1	1.0
3708	792	1	1.0
3708	908	1	1.0
3431	1955	1	1.0
2879	753	1	1.0
3591	753	1	1.0
5046	753	1	1.0
2237	754	1	1.0
5422	754	1	1.0
2469	755	1	1.0
4531	755	1	1.0
4531	1038	1	1.0
5477	756	1	1.0
4328	756	1	1.0
4384	756	1	1.0
4328	837	1	1.0
4328	1616	1	1.0
5477	1924	1	1.0
3016	757	1	1.0
3016	759	1	1.0
3016	1293	1	1.0
3016	1429	1	1.0
3038	758	1	1.0
3642	758	1	1.0
5896	759	1	1.0
4395	759	1	1.0
4395	1083	1	1.0
3998	760	1	1.0
3213	760	1	1.0
3880	760	1	1.0
3998	1235	1	1.0
3998	1884	1	1.0
2326	761	1	1.0
4279	761	1	1.0
2326	2058	1	1.0
3450	762	1	1.0
4854	762	1	1.0
4854	1275	1	1.0
4419	763	1	1.0
2375	764	1	1.0
4106	764	1	1.0
6100	764	1	1.0
3821	765	1	1.0
3323	766	1	1.0
3617	766	1	1.0
3323	2011	1	1.0
5574	768	1	1.0
2215	768	1	1.0
2215	1092	1	1.0
5574	1731	1	1.0
2215	2029	1	1.0
5716	769	1	1.0
2426	769	1	1.0
5716	1515	1	1.0
2426	1671	1	1.0
4578	770	1	1.0
5527	770	1	1.0
4578	1584	1	1.0
5003	771	1	1.0
5294	771	1	1.0
5583	771	1	1.0
3542	772	1	1.0
3208	773	1	1.0
3211	773	1	1.0
3208	824	1	1.0
3211	1125	1	1.0
3211	1789	1	1.0
2214	775	1	1.0
2945	775	1	1.0
5848	775	1	1.0
2780	776	1	1.0
4910	776	1	1.0
5618	776	1	1.0
4308	777	1	1.0
4829	777	1	1.0
4829	957	1	1.0
4829	1040	1	1.0
4308	1457	1	1.0
4308	1669	1	1.0
4308	1717	1	1.0
4308	1824	1	1.0
6014	778	1	1.0
2774	779	1	1.0
3696	779	1	1.0
5668	779	1	1.0
4635	780	1	1.0
5596	780	1	1.0
5606	780	1	1.0
4635	1394	1	1.0
4635	1839	1	1.0
3640	781	1	1.0
3640	1444	1	1.0
3927	782	1	1.0
4048	782	1	1.0
4554	783	1	1.0
4554	1579	1	1.0
4554	1892	1	1.0
2972	784	1	1.0
5979	785	1	1.0
6069	786	1	1.0
3316	787	1	1.0
6022	787	1	1.0
4101	789	1	1.0
2243	789	1	1.0
2243	958	1	1.0
4101	1415	1	1.0
3186	790	1	1.0
2678	790	1	1.0
3186	1079	1	1.0
2678	1169	1	1.0
3186	1325	1	1.0
4587	791	1	1.0
2303	791	1	1.0
3312	792	1	1.0
3864	792	1	1.0
3864	1934	1	1.0
3008	793	1	1.0
5416	793	1	1.0
3925	793	1	1.0
3925	2012	1	1.0
4095	794	1	1.0
5698	794	1	1.0
5698	1467	1	1.0
5698	1536	1	1.0
5698	1610	1	1.0
4095	1795	1	1.0
2437	795	1	1.0
2717	795	1	1.0
4796	796	1	1.0
3678	796	1	1.0
3973	796	1	1.0
4796	926	1	1.0
4796	1348	1	1.0
4796	1349	1	1.0
3678	1494	1	1.0
4796	1734	1	1.0
4796	1904	1	1.0
4545	798	1	1.0
4856	798	1	1.0
4180	799	1	1.0
2684	799	1	1.0
5755	799	1	1.0
5755	1954	1	1.0
2290	800	1	1.0
2290	1053	1	1.0
2290	1630	1	1.0
5035	801	1	1.0
4246	801	1	1.0
4550	801	1	1.0
5035	1140	1	1.0
4246	1306	1	1.0
4232	802	1	1.0
6018	802	1	1.0
4232	862	1	1.0
4074	803	1	1.0
5578	803	1	1.0
5139	804	1	1.0
5946	804	1	1.0
5443	804	1	1.0
4506	805	1	1.0
3226	805	1	1.0
4506	967	1	1.0
4506	1446	1	1.0
4506	1597	1	1.0
4506	1604	1	1.0
4506	1819	1	1.0
5092	806	1	1.0
5619	806	1	1.0
5313	807	1	1.0
2271	807	1	1.0
4557	807	1	1.0
5313	844	1	1.0
3822	809	1	1.0
4834	810	1	1.0
2545	810	1	1.0
5971	810	1	1.0
4834	1451	1	1.0
2545	1451	1	1.0
5038	811	1	1.0
5402	811	1	1.0
5038	1624	1	1.0
5038	1661	1	1.0
5038	1776	1	1.0
5634	812	1	1.0
5634	995	1	1.0
5634	1120	1	1.0
5634	1333	1	1.0
5151	813	1	1.0
5151	1963	1	1.0
3646	815	1	1.0
3126	816	1	1.0
3174	816	1	1.0
5255	816	1	1.0
3126	1211	1	1.0
3126	1453	1	1.0
3126	1539	1	1.0
3174	1620	1	1.0
5821	817	1	1.0
5104	817	1	1.0
3020	818	1	1.0
3020	1309	1	1.0
3479	819	1	1.0
3441	820	1	1.0
2713	820	1	1.0
4610	820	1	1.0
3441	1221	1	1.0
4610	1268	1	1.0
3221	821	1	1.0
4350	821	1	1.0
5014	821	1	1.0
5014	1716	1	1.0
5441	822	1	1.0
5441	917	1	1.0
5441	1036	1	1.0
5441	1785	1	1.0
5441	1970	1	1.0
4724	823	1	1.0
2826	823	1	1.0
4903	824	1	1.0
4027	825	1	1.0
5398	825	1	1.0
4027	1600	1	1.0
4027	1620	1	1.0
2714	826	1	1.0
3307	826	1	1.0
2714	1563	1	1.0
3465	827	1	1.0
2559	827	1	1.0
2559	1248	1	1.0
2559	1553	1	1.0
3053	828	1	1.0
3053	1849	1	1.0
3819	829	1	1.0
3819	2026	1	1.0
2783	830	1	1.0
4585	830	1	1.0
4157	831	1	1.0
4483	831	1	1.0
3472	832	1	1.0
5229	833	1	1.0
5229	1527	1	1.0
3755	834	1	1.0
5172	834	1	1.0
6030	834	1	1.0
4124	835	1	1.0
2967	835	1	1.0
2832	836	1	1.0
4389	836	1	1.0
5864	836	1	1.0
5864	1767	1	1.0
5164	837	1	1.0
6061	838	1	1.0
4043	838	1	1.0
5435	839	1	1.0
6171	839	1	1.0
4094	840	1	1.0
3066	841	1	1.0
3066	997	1	1.0
5586	842	1	1.0
3187	842	1	1.0
5756	842	1	1.0
5586	1132	1	1.0
5586	1574	1	1.0
3579	843	1	1.0
3609	843	1	1.0
5744	843	1	1.0
4757	844	1	1.0
2752	845	1	1.0
3837	846	1	1.0
3800	846	1	1.0
3837	947	1	1.0
3800	1218	1	1.0
3118	847	1	1.0
2249	848	1	1.0
3442	848	1	1.0
2842	849	1	1.0
3810	850	1	1.0
3067	850	1	1.0
4892	850	1	1.0
3810	1118	1	1.0
4923	851	1	1.0
5797	852	1	1.0
3729	852	1	1.0
2509	853	1	1.0
5684	853	1	1.0
4746	854	1	1.0
5990	854	1	1.0
2192	855	1	1.0
2598	855	1	1.0
5769	856	1	1.0
6134	856	1	1.0
5522	857	1	1.0
2850	858	1	1.0
3971	858	1	1.0
3971	1298	1	1.0
3971	1531	1	1.0
2822	859	1	1.0
4513	859	1	1.0
4513	991	1	1.0
2822	1650	1	1.0
2822	1790	1	1.0
5391	860	1	1.0
2731	861	1	1.0
5998	861	1	1.0
2731	875	1	1.0
2904	862	1	1.0
4675	863	1	1.0
5073	863	1	1.0
5084	863	1	1.0
2211	864	1	1.0
4577	864	1	1.0
5260	864	1	1.0
5260	1813	1	1.0
4673	865	1	1.0
6085	865	1	1.0
6109	865	1	1.0
4673	2041	1	1.0
3112	866	1	1.0
5195	866	1	1.0
5395	866	1	1.0
5195	982	1	1.0
5195	1190	1	1.0
3112	1708	1	1.0
2527	867	1	1.0
3518	867	1	1.0
4983	867	1	1.0
3960	869	1	1.0
4840	870	1	1.0
3785	870	1	1.0
4476	871	1	1.0
2381	872	1	1.0
3264	872	1	1.0
5004	872	1	1.0
3664	873	1	1.0
5105	873	1	1.0
3951	874	1	1.0
5751	874	1	1.0
4665	875	1	1.0
3411	875	1	1.0
3092	876	1	1.0
4762	876	1	1.0
5034	876	1	1.0
3894	877	1	1.0
4661	877	1	1.0
5740	877	1	1.0
5740	1449	1	1.0
5112	878	1	1.0
3121	880	1	1.0
4563	880	1	1.0
4563	1188	1	1.0
2220	882	1	1.0
2220	1079	1	1.0
4122	883	1	1.0
4509	883	1	1.0
4571	883	1	1.0
4122	1863	1	1.0
2632	884	1	1.0
2632	1071	1	1.0
2632	1081	1	1.0
3500	886	1	1.0
5834	886	1	1.0
5721	887	1	1.0
4276	887	1	1.0
4276	993	1	1.0
5983	888	1	1.0
5584	888	1	1.0
5584	1964	1	1.0
3612	890	1	1.0
2346	891	1	1.0
4238	891	1	1.0
4238	1386	1	1.0
4175	892	1	1.0
5515	892	1	1.0
5515	1673	1	1.0
4175	1840	1	1.0
5325	894	1	1.0
5552	894	1	1.0
4155	895	1	1.0
4155	1072	1	1.0
4155	1484	1	1.0
3160	896	1	1.0
5069	896	1	1.0
2515	897	1	1.0
2860	897	1	1.0
4857	897	1	1.0
3434	898	1	1.0
3434	1930	1	1.0
4000	899	1	1.0
2699	901	1	1.0
2236	901	1	1.0
4067	904	1	1.0
4640	904	1	1.0
5523	905	1	1.0
5523	1132	1	1.0
3094	906	1	1.0
5198	907	1	1.0
3311	908	1	1.0
5866	909	1	1.0
6010	909	1	1.0
5866	2129	1	1.0
6031	910	1	1.0
4303	910	1	1.0
6165	911	1	1.0
3959	911	1	1.0
6165	1114	1	1.0
3959	1155	1	1.0
6165	1272	1	1.0
3959	1985	1	1.0
6165	1989	1	1.0
5368	912	1	1.0
3529	913	1	1.0
2350	914	1	1.0
4399	914	1	1.0
4399	2050	1	1.0
4040	915	1	1.0
3381	915	1	1.0
4630	915	1	1.0
4040	1138	1	1.0
3381	1182	1	1.0
3381	1235	1	1.0
3381	1338	1	1.0
3381	1381	1	1.0
3773	916	1	1.0
4194	916	1	1.0
4684	916	1	1.0
3773	1391	1	1.0
3773	1652	1	1.0
3920	918	1	1.0
2288	918	1	1.0
5937	918	1	1.0
5937	1106	1	1.0
3621	919	1	1.0
3621	1304	1	1.0
3621	1518	1	1.0
5409	920	1	1.0
5409	1054	1	1.0
5409	1363	1	1.0
2299	922	1	1.0
4282	922	1	1.0
5467	924	1	1.0
5467	1262	1	1.0
2821	926	1	1.0
3685	927	1	1.0
6105	927	1	1.0
6153	927	1	1.0
4915	928	1	1.0
5801	928	1	1.0
5849	928	1	1.0
4160	930	1	1.0
5454	930	1	1.0
3555	931	1	1.0
5238	931	1	1.0
3735	932	1	1.0
4422	932	1	1.0
5459	932	1	1.0
3735	1542	1	1.0
2519	933	1	1.0
3028	933	1	1.0
4534	934	1	1.0
4758	934	1	1.0
4962	934	1	1.0
3862	935	1	1.0
4181	936	1	1.0
4653	936	1	1.0
4653	1018	1	1.0
3977	937	1	1.0
2410	937	1	1.0
3977	1554	1	1.0
2948	938	1	1.0
3636	938	1	1.0
5576	938	1	1.0
5576	1225	1	1.0
3938	939	1	1.0
5117	939	1	1.0
5117	1505	1	1.0
3938	1585	1	1.0
2400	941	1	1.0
3433	941	1	1.0
3466	941	1	1.0
2400	1603	1	1.0
5291	942	1	1.0
6170	942	1	1.0
2697	943	1	1.0
5900	943	1	1.0
3291	944	1	1.0
2643	945	1	1.0
2643	1345	1	1.0
4006	946	1	1.0
2505	946	1	1.0
4959	946	1	1.0
4006	1318	1	1.0
2505	1730	1	1.0
2801	947	1	1.0
2801	1340	1	1.0
4197	948	1	1.0
5131	948	1	1.0
4924	948	1	1.0
3909	949	1	1.0
5319	949	1	1.0
5867	950	1	1.0
3324	950	1	1.0
3324	1052	1	1.0
5530	953	1	1.0
5447	953	1	1.0
5066	954	1	1.0
4964	954	1	1.0
5066	1477	1	1.0
6038	955	1	1.0
3908	955	1	1.0
3908	982	1	1.0
4652	957	1	1.0
4981	958	1	1.0
5284	958	1	1.0
4686	959	1	1.0
5492	959	1	1.0
6017	959	1	1.0
5492	1644	1	1.0
3010	960	1	1.0
3296	961	1	1.0
3906	961	1	1.0
4751	961	1	1.0
4112	962	1	1.0
3740	962	1	1.0
4112	1573	1	1.0
3740	1573	1	1.0
2483	964	1	1.0
3494	964	1	1.0
5253	965	1	1.0
5253	1017	1	1.0
5253	1566	1	1.0
5253	1832	1	1.0
2239	966	1	1.0
2608	966	1	1.0
3034	966	1	1.0
3950	967	1	1.0
4660	968	1	1.0
4660	1683	1	1.0
4660	1897	1	1.0
4835	969	1	1.0
2961	969	1	1.0
4421	969	1	1.0
4835	1524	1	1.0
3485	971	1	1.0
3683	971	1	1.0
3489	973	1	1.0
6122	973	1	1.0
2897	973	1	1.0
6122	1170	1	1.0
2897	1197	1	1.0
6122	2035	1	1.0
2910	974	1	1.0
5154	975	1	1.0
5494	975	1	1.0
3469	976	1	1.0
3278	977	1	1.0
5732	977	1	1.0
5732	2077	1	1.0
5820	978	1	1.0
4359	979	1	1.0
4819	979	1	1.0
5231	980	1	1.0
5231	1691	1	1.0
5231	1790	1	1.0
3647	983	1	1.0
3087	985	1	1.0
4696	985	1	1.0
3087	1688	1	1.0
4324	986	1	1.0
4314	986	1	1.0
5341	986	1	1.0
4324	1139	1	1.0
4324	1474	1	1.0
3635	988	1	1.0
3438	989	1	1.0
5171	989	1	1.0
5322	991	1	1.0
4152	991	1	1.0
5322	1018	1	1.0
4152	1030	1	1.0
4152	1319	1	1.0
4152	1352	1	1.0
4152	1453	1	1.0
3036	992	1	1.0
5833	993	1	1.0
5403	994	1	1.0
2492	994	1	1.0
3701	994	1	1.0
2492	1120	1	1.0
2492	1884	1	1.0
3508	995	1	1.0
4091	995	1	1.0
2438	996	1	1.0
3694	996	1	1.0
2438	1001	1	1.0
2438	1133	1	1.0
2438	1153	1	1.0
3694	1479	1	1.0
2438	1564	1	1.0
3113	997	1	1.0
5453	997	1	1.0
3113	1042	1	1.0
4461	998	1	1.0
2330	999	1	1.0
2261	999	1	1.0
4821	999	1	1.0
4908	1000	1	1.0
4979	1000	1	1.0
2307	1002	1	1.0
5263	1002	1	1.0
2307	1428	1	1.0
4728	1003	1	1.0
5875	1003	1	1.0
4228	1003	1	1.0
5875	1121	1	1.0
5875	1753	1	1.0
4728	1878	1	1.0
4228	2163	1	1.0
2795	1004	1	1.0
2795	1378	1	1.0
4357	1005	1	1.0
2463	1007	1	1.0
5510	1008	1	1.0
3288	1009	1	1.0
3891	1009	1	1.0
3288	1239	1	1.0
3288	1282	1	1.0
5343	1010	1	1.0
3972	1011	1	1.0
3741	1012	1	1.0
5838	1012	1	1.0
3709	1013	1	1.0
5994	1013	1	1.0
3344	1014	1	1.0
4975	1014	1	1.0
3487	1015	1	1.0
3139	1015	1	1.0
5780	1015	1	1.0
3487	1415	1	1.0
3487	1436	1	1.0
3487	1898	1	1.0
5324	1018	1	1.0
2729	1019	1	1.0
3263	1020	1	1.0
4551	1021	1	1.0
4439	1023	1	1.0
5992	1023	1	1.0
6140	1023	1	1.0
2813	1024	1	1.0
5142	1024	1	1.0
2579	1026	1	1.0
3060	1026	1	1.0
5717	1027	1	1.0
3984	1028	1	1.0
3984	1984	1	1.0
2873	1029	1	1.0
3109	1029	1	1.0
4210	1029	1	1.0
2511	1030	1	1.0
2856	1030	1	1.0
2856	2112	1	1.0
2856	2113	1	1.0
5051	1032	1	1.0
5051	1308	1	1.0
3551	1033	1	1.0
4058	1033	1	1.0
4170	1033	1	1.0
3551	1160	1	1.0
5306	1034	1	1.0
5954	1034	1	1.0
3632	1035	1	1.0
4013	1035	1	1.0
4613	1035	1	1.0
3902	1037	1	1.0
5039	1037	1	1.0
3521	1037	1	1.0
3902	1618	1	1.0
3902	1883	1	1.0
3902	2057	1	1.0
5039	2060	1	1.0
2228	1038	1	1.0
4946	1038	1	1.0
3534	1039	1	1.0
4396	1039	1	1.0
5671	1039	1	1.0
2621	1040	1	1.0
2374	1041	1	1.0
3387	1041	1	1.0
3935	1042	1	1.0
4582	1042	1	1.0
4031	1043	1	1.0
4499	1043	1	1.0
4948	1043	1	1.0
3012	1044	1	1.0
5445	1044	1	1.0
4426	1045	1	1.0
5353	1045	1	1.0
5531	1045	1	1.0
5353	1070	1	1.0
5353	1543	1	1.0
2418	1046	1	1.0
2418	1838	1	1.0
3851	1047	1	1.0
5577	1047	1	1.0
3851	1743	1	1.0
3560	1048	1	1.0
3762	1048	1	1.0
4627	1048	1	1.0
3560	1233	1	1.0
4153	1049	1	1.0
4740	1049	1	1.0
4783	1049	1	1.0
3769	1050	1	1.0
5019	1050	1	1.0
5019	1887	1	1.0
3802	1051	1	1.0
3302	1052	1	1.0
4713	1054	1	1.0
4713	2157	1	1.0
5538	1055	1	1.0
5711	1055	1	1.0
5836	1057	1	1.0
3873	1057	1	1.0
3873	1223	1	1.0
2639	1059	1	1.0
5150	1059	1	1.0
2870	1060	1	1.0
3404	1060	1	1.0
4636	1061	1	1.0
4743	1061	1	1.0
2536	1062	1	1.0
2907	1062	1	1.0
4481	1062	1	1.0
2536	1321	1	1.0
2907	1321	1	1.0
4481	1321	1	1.0
2907	1806	1	1.0
4008	1063	1	1.0
4008	1149	1	1.0
4008	1746	1	1.0
4008	2046	1	1.0
4287	1064	1	1.0
5076	1065	1	1.0
5346	1065	1	1.0
5758	1065	1	1.0
4217	1066	1	1.0
4272	1066	1	1.0
5828	1066	1	1.0
4217	1563	1	1.0
3232	1067	1	1.0
3294	1067	1	1.0
3547	1067	1	1.0
4137	1068	1	1.0
2195	1068	1	1.0
2965	1069	1	1.0
2965	1126	1	1.0
3493	1070	1	1.0
5414	1071	1	1.0
5338	1073	1	1.0
3335	1075	1	1.0
2238	1076	1	1.0
4032	1076	1	1.0
2238	1632	1	1.0
3899	1077	1	1.0
4464	1077	1	1.0
4464	2020	1	1.0
5904	1079	1	1.0
5891	1080	1	1.0
5078	1080	1	1.0
5891	1178	1	1.0
5078	1841	1	1.0
5078	1882	1	1.0
5239	1082	1	1.0
5333	1082	1	1.0
4050	1085	1	1.0
3051	1086	1	1.0
3051	1743	1	1.0
3086	1087	1	1.0
2190	1087	1	1.0
3086	1625	1	1.0
3086	1755	1	1.0
3086	2082	1	1.0
2611	1088	1	1.0
5340	1088	1	1.0
2351	1089	1	1.0
2674	1089	1	1.0
2351	1957	1	1.0
4540	1092	1	1.0
3171	1093	1	1.0
3396	1094	1	1.0
6051	1094	1	1.0
3396	1450	1	1.0
3587	1095	1	1.0
3205	1095	1	1.0
2328	1095	1	1.0
3587	1196	1	1.0
2617	1097	1	1.0
2421	1097	1	1.0
2421	1642	1	1.0
2617	2047	1	1.0
3669	1098	1	1.0
5272	1098	1	1.0
6113	1098	1	1.0
4852	1099	1	1.0
4852	1550	1	1.0
4412	1100	1	1.0
4412	1999	1	1.0
4026	1101	1	1.0
4907	1101	1	1.0
2434	1102	1	1.0
5475	1102	1	1.0
5901	1102	1	1.0
2302	1103	1	1.0
4927	1103	1	1.0
5237	1103	1	1.0
4564	1105	1	1.0
5218	1105	1	1.0
3443	1106	1	1.0
4365	1107	1	1.0
6062	1107	1	1.0
6090	1107	1	1.0
6090	1381	1	1.0
4365	1400	1	1.0
6090	1459	1	1.0
4789	1108	1	1.0
4446	1109	1	1.0
4809	1109	1	1.0
5086	1109	1	1.0
2670	1110	1	1.0
5141	1110	1	1.0
4198	1111	1	1.0
4599	1111	1	1.0
4798	1111	1	1.0
4798	1299	1	1.0
4798	1748	1	1.0
4270	1112	1	1.0
5521	1112	1	1.0
2526	1113	1	1.0
4945	1113	1	1.0
4974	1113	1	1.0
2706	1114	1	1.0
2706	1855	1	1.0
2563	1115	1	1.0
5473	1115	1	1.0
3944	1115	1	1.0
5473	1954	1	1.0
3152	1116	1	1.0
5355	1116	1	1.0
3792	1117	1	1.0
5187	1117	1	1.0
5187	1355	1	1.0
3792	1450	1	1.0
3792	2000	1	1.0
3643	1120	1	1.0
3643	1583	1	1.0
2738	1121	1	1.0
4566	1122	1	1.0
5225	1122	1	1.0
5401	1122	1	1.0
5225	1171	1	1.0
4566	1546	1	1.0
4022	1124	1	1.0
5581	1125	1	1.0
5421	1126	1	1.0
4455	1127	1	1.0
5635	1127	1	1.0
4668	1128	1	1.0
5976	1128	1	1.0
6132	1128	1	1.0
2558	1129	1	1.0
4024	1130	1	1.0
4898	1130	1	1.0
5965	1130	1	1.0
4898	1859	1	1.0
4024	2091	1	1.0
4076	1131	1	1.0
4081	1131	1	1.0
4976	1131	1	1.0
5093	1133	1	1.0
4870	1134	1	1.0
5882	1134	1	1.0
3247	1134	1	1.0
5882	1756	1	1.0
3247	1901	1	1.0
5882	1923	1	1.0
3247	1971	1	1.0
3247	2033	1	1.0
3363	1135	1	1.0
6063	1135	1	1.0
6071	1135	1	1.0
6071	1888	1	1.0
6071	1941	1	1.0
2470	1136	1	1.0
4073	1136	1	1.0
4914	1136	1	1.0
5280	1137	1	1.0
5280	1462	1	1.0
2513	1138	1	1.0
2309	1138	1	1.0
2309	1417	1	1.0
5808	1139	1	1.0
2454	1140	1	1.0
4998	1140	1	1.0
5936	1141	1	1.0
2480	1144	1	1.0
5725	1144	1	1.0
3428	1145	1	1.0
3580	1145	1	1.0
3861	1145	1	1.0
2888	1146	1	1.0
4552	1146	1	1.0
4522	1147	1	1.0
3427	1147	1	1.0
3427	2156	1	1.0
3014	1148	1	1.0
3014	1632	1	1.0
3867	1150	1	1.0
3868	1150	1	1.0
4227	1150	1	1.0
2265	1151	1	1.0
3974	1151	1	1.0
3652	1152	1	1.0
4475	1152	1	1.0
5654	1152	1	1.0
4576	1153	1	1.0
4322	1154	1	1.0
3059	1154	1	1.0
2950	1155	1	1.0
4881	1155	1	1.0
4083	1156	1	1.0
4267	1156	1	1.0
5432	1156	1	1.0
4083	1783	1	1.0
4267	1842	1	1.0
5617	1157	1	1.0
2244	1158	1	1.0
4161	1158	1	1.0
5790	1158	1	1.0
5472	1159	1	1.0
2653	1159	1	1.0
5472	1391	1	1.0
2197	1160	1	1.0
2912	1161	1	1.0
3929	1161	1	1.0
2548	1162	1	1.0
3507	1162	1	1.0
5840	1162	1	1.0
5840	1590	1	1.0
2564	1163	1	1.0
2191	1163	1	1.0
5223	1163	1	1.0
2191	1307	1	1.0
2191	1772	1	1.0
5766	1164	1	1.0
3624	1166	1	1.0
3903	1166	1	1.0
4062	1166	1	1.0
3358	1167	1	1.0
3672	1167	1	1.0
3933	1167	1	1.0
3358	1700	1	1.0
3859	1168	1	1.0
6020	1168	1	1.0
3859	1190	1	1.0
3859	1466	1	1.0
2743	1169	1	1.0
3645	1169	1	1.0
5135	1172	1	1.0
5379	1172	1	1.0
5135	2076	1	1.0
5379	2076	1	1.0
3128	1174	1	1.0
2637	1175	1	1.0
2637	2151	1	1.0
3471	1176	1	1.0
3801	1176	1	1.0
4458	1177	1	1.0
3634	1178	1	1.0
6104	1178	1	1.0
3634	2120	1	1.0
3745	1179	1	1.0
5908	1179	1	1.0
5931	1179	1	1.0
3423	1180	1	1.0
2311	1180	1	1.0
2930	1180	1	1.0
5897	1181	1	1.0
4020	1181	1	1.0
4164	1181	1	1.0
6120	1182	1	1.0
3149	1182	1	1.0
3149	1561	1	1.0
3077	1184	1	1.0
2866	1185	1	1.0
4929	1185	1	1.0
4929	1742	1	1.0
4929	1973	1	1.0
2698	1187	1	1.0
3483	1190	1	1.0
4478	1191	1	1.0
5166	1191	1	1.0
4368	1192	1	1.0
3627	1193	1	1.0
5245	1193	1	1.0
2994	1194	1	1.0
4699	1194	1	1.0
5192	1195	1	1.0
5266	1196	1	1.0
5266	1861	1	1.0
5266	1880	1	1.0
5266	1964	1	1.0
4905	1197	1	1.0
3055	1199	1	1.0
5370	1199	1	1.0
6103	1199	1	1.0
5370	1851	1	1.0
3055	2041	1	1.0
5125	1200	1	1.0
2880	1201	1	1.0
5491	1201	1	1.0
5730	1201	1	1.0
4016	1202	1	1.0
6005	1202	1	1.0
4016	2102	1	1.0
3392	1203	1	1.0
3505	1203	1	1.0
3528	1203	1	1.0
3528	1323	1	1.0
3505	1774	1	1.0
5471	1204	1	1.0
6116	1205	1	1.0
2212	1206	1	1.0
3468	1206	1	1.0
3633	1206	1	1.0
2613	1207	1	1.0
4406	1207	1	1.0
2916	1208	1	1.0
4377	1208	1	1.0
4926	1208	1	1.0
4629	1210	1	1.0
5764	1210	1	1.0
5015	1211	1	1.0
3406	1213	1	1.0
4845	1213	1	1.0
4003	1214	1	1.0
5658	1214	1	1.0
5658	1466	1	1.0
4003	1562	1	1.0
4003	1738	1	1.0
3939	1215	1	1.0
4093	1216	1	1.0
4707	1217	1	1.0
4899	1218	1	1.0
2726	1218	1	1.0
5673	1219	1	1.0
4828	1220	1	1.0
5063	1220	1	1.0
3559	1221	1	1.0
2530	1222	1	1.0
2734	1222	1	1.0
5881	1222	1	1.0
4496	1223	1	1.0
2583	1224	1	1.0
2958	1224	1	1.0
2988	1228	1	1.0
3057	1228	1	1.0
5158	1229	1	1.0
4089	1230	1	1.0
4625	1231	1	1.0
5880	1232	1	1.0
6114	1232	1	1.0
4352	1233	1	1.0
2373	1234	1	1.0
3035	1234	1	1.0
4556	1234	1	1.0
2245	1236	1	1.0
2539	1236	1	1.0
3037	1236	1	1.0
3177	1237	1	1.0
3957	1237	1	1.0
5282	1237	1	1.0
2786	1238	1	1.0
4140	1240	1	1.0
4378	1240	1	1.0
5128	1240	1	1.0
4140	1455	1	1.0
5536	1241	1	1.0
2937	1242	1	1.0
4600	1242	1	1.0
4766	1242	1	1.0
4544	1243	1	1.0
4666	1243	1	1.0
5933	1243	1	1.0
4544	1365	1	1.0
3199	1244	1	1.0
3509	1244	1	1.0
3509	1914	1	1.0
2693	1245	1	1.0
5650	1245	1	1.0
4064	1246	1	1.0
4229	1247	1	1.0
5098	1247	1	1.0
5098	1547	1	1.0
3384	1248	1	1.0
3048	1248	1	1.0
3384	1824	1	1.0
2794	1249	1	1.0
2794	1718	1	1.0
5842	1250	1	1.0
5002	1250	1	1.0
5002	1289	1	1.0
5002	1384	1	1.0
5002	1658	1	1.0
5002	1953	1	1.0
3702	1251	1	1.0
5927	1251	1	1.0
4489	1252	1	1.0
5687	1252	1	1.0
3071	1253	1	1.0
3071	1537	1	1.0
2940	1254	1	1.0
4970	1254	1	1.0
3588	1255	1	1.0
3588	1490	1	1.0
3230	1256	1	1.0
4807	1256	1	1.0
4874	1256	1	1.0
4807	2021	1	1.0
3714	1257	1	1.0
4145	1257	1	1.0
4890	1257	1	1.0
2566	1258	1	1.0
5640	1261	1	1.0
5381	1261	1	1.0
5640	1520	1	1.0
5640	1848	1	1.0
2551	1264	1	1.0
3965	1264	1	1.0
4518	1264	1	1.0
2551	1343	1	1.0
3772	1265	1	1.0
2576	1265	1	1.0
3772	1325	1	1.0
6128	1266	1	1.0
3127	1267	1	1.0
3310	1267	1	1.0
3712	1267	1	1.0
3127	1353	1	1.0
2702	1268	1	1.0
2537	1269	1	1.0
3161	1269	1	1.0
3162	1269	1	1.0
5628	1270	1	1.0
3738	1270	1	1.0
3756	1271	1	1.0
6158	1271	1	1.0
6158	2028	1	1.0
3201	1272	1	1.0
4321	1272	1	1.0
5722	1273	1	1.0
4738	1274	1	1.0
5130	1274	1	1.0
6095	1274	1	1.0
2673	1275	1	1.0
2655	1276	1	1.0
4432	1276	1	1.0
2849	1276	1	1.0
5674	1277	1	1.0
3780	1277	1	1.0
5674	1539	1	1.0
3795	1279	1	1.0
5316	1279	1	1.0
5456	1279	1	1.0
5456	1460	1	1.0
5456	1786	1	1.0
2185	1280	1	1.0
2185	2104	1	1.0
2859	1281	1	1.0
4299	1281	1	1.0
5193	1281	1	1.0
2859	1512	1	1.0
4529	1282	1	1.0
4529	1657	1	1.0
4135	1283	1	1.0
4872	1283	1	1.0
4947	1283	1	1.0
4947	1758	1	1.0
4134	1284	1	1.0
5097	1285	1	1.0
2278	1285	1	1.0
5541	1285	1	1.0
2278	1608	1	1.0
2278	2118	1	1.0
3778	1286	1	1.0
3778	1699	1	1.0
3515	1287	1	1.0
3758	1287	1	1.0
3986	1287	1	1.0
3382	1288	1	1.0
3597	1288	1	1.0
3805	1288	1	1.0
3107	1289	1	1.0
5315	1290	1	1.0
3677	1291	1	1.0
6131	1291	1	1.0
3677	1491	1	1.0
2906	1292	1	1.0
4620	1292	1	1.0
5017	1292	1	1.0
4126	1294	1	1.0
2425	1294	1	1.0
5678	1294	1	1.0
5050	1296	1	1.0
2461	1296	1	1.0
4565	1296	1	1.0
2756	1297	1	1.0
3163	1298	1	1.0
5524	1298	1	1.0
4528	1299	1	1.0
4528	1583	1	1.0
2607	1300	1	1.0
3203	1300	1	1.0
4220	1300	1	1.0
5029	1302	1	1.0
5226	1302	1	1.0
5518	1302	1	1.0
5029	1705	1	1.0
4390	1303	1	1.0
4820	1303	1	1.0
2251	1304	1	1.0
3378	1305	1	1.0
3374	1305	1	1.0
4705	1305	1	1.0
5278	1306	1	1.0
5812	1306	1	1.0
5091	1307	1	1.0
6027	1307	1	1.0
6027	1531	1	1.0
2457	1311	1	1.0
5773	1311	1	1.0
5939	1311	1	1.0
3212	1312	1	1.0
4141	1312	1	1.0
5486	1312	1	1.0
3212	2114	1	1.0
4141	2114	1	1.0
5486	2114	1	1.0
2740	1313	1	1.0
2939	1315	1	1.0
3197	1315	1	1.0
3546	1315	1	1.0
3197	1399	1	1.0
4604	1317	1	1.0
3721	1318	1	1.0
3046	1318	1	1.0
4375	1320	1	1.0
4921	1320	1	1.0
2478	1322	1	1.0
3096	1322	1	1.0
3605	1322	1	1.0
4235	1323	1	1.0
5665	1323	1	1.0
3549	1325	1	1.0
2456	1326	1	1.0
4657	1326	1	1.0
4940	1327	1	1.0
5699	1327	1	1.0
2462	1327	1	1.0
2462	1681	1	1.0
3285	1328	1	1.0
4460	1328	1	1.0
4511	1328	1	1.0
3333	1330	1	1.0
3350	1330	1	1.0
3350	1333	1	1.0
3333	1938	1	1.0
2968	1331	1	1.0
3204	1331	1	1.0
4296	1334	1	1.0
4932	1334	1	1.0
5851	1334	1	1.0
4932	1467	1	1.0
4932	1469	1	1.0
4296	1663	1	1.0
4932	1708	1	1.0
4296	1877	1	1.0
5168	1335	1	1.0
6089	1335	1	1.0
3390	1336	1	1.0
3349	1337	1	1.0
2466	1337	1	1.0
3454	1337	1	1.0
3349	1544	1	1.0
3349	1697	1	1.0
3349	1711	1	1.0
5448	1339	1	1.0
4065	1339	1	1.0
5207	1339	1	1.0
2348	1340	1	1.0
6144	1343	1	1.0
5980	1345	1	1.0
3854	1346	1	1.0
2184	1346	1	1.0
4954	1347	1	1.0
4954	1454	1	1.0
2408	1348	1	1.0
5354	1349	1	1.0
5354	1422	1	1.0
2292	1350	1	1.0
3267	1350	1	1.0
4259	1352	1	1.0
5490	1352	1	1.0
4259	1448	1	1.0
5490	1661	1	1.0
4362	1353	1	1.0
4442	1353	1	1.0
5436	1354	1	1.0
5256	1355	1	1.0
3585	1356	1	1.0
2531	1357	1	1.0
4222	1357	1	1.0
2946	1358	1	1.0
2218	1359	1	1.0
2442	1359	1	1.0
3630	1359	1	1.0
2218	1615	1	1.0
4100	1360	1	1.0
6160	1360	1	1.0
2672	1361	1	1.0
5156	1361	1	1.0
2258	1362	1	1.0
5243	1362	1	1.0
5361	1362	1	1.0
3015	1364	1	1.0
2233	1365	1	1.0
3317	1365	1	1.0
2925	1366	1	1.0
4802	1366	1	1.0
5012	1366	1	1.0
2925	1734	1	1.0
4606	1367	1	1.0
2894	1368	1	1.0
3942	1368	1	1.0
3499	1369	1	1.0
3499	1399	1	1.0
3499	1502	1	1.0
3231	1370	1	1.0
3069	1371	1	1.0
2391	1371	1	1.0
3069	2112	1	1.0
3069	2113	1	1.0
3266	1372	1	1.0
3357	1372	1	1.0
4339	1372	1	1.0
2573	1373	1	1.0
4265	1373	1	1.0
3662	1373	1	1.0
2593	1374	1	1.0
3376	1374	1	1.0
5487	1374	1	1.0
3784	1375	1	1.0
3857	1375	1	1.0
4615	1375	1	1.0
5185	1376	1	1.0
2654	1377	1	1.0
3527	1377	1	1.0
3150	1378	1	1.0
5244	1378	1	1.0
5244	1830	1	1.0
5144	1380	1	1.0
5779	1380	1	1.0
5779	1817	1	1.0
3504	1382	1	1.0
3619	1382	1	1.0
5862	1382	1	1.0
5862	1447	1	1.0
5862	1522	1	1.0
5862	1720	1	1.0
5293	1383	1	1.0
4595	1383	1	1.0
5911	1383	1	1.0
5911	2098	1	1.0
2534	1385	1	1.0
3663	1385	1	1.0
4244	1385	1	1.0
3663	1578	1	1.0
4244	1684	1	1.0
5357	1386	1	1.0
2280	1386	1	1.0
3388	1387	1	1.0
3389	1387	1	1.0
5604	1387	1	1.0
5604	1428	1	1.0
3388	1521	1	1.0
5942	1388	1	1.0
3289	1389	1	1.0
3535	1389	1	1.0
5299	1389	1	1.0
5724	1390	1	1.0
2310	1390	1	1.0
2495	1393	1	1.0
2620	1393	1	1.0
4052	1393	1	1.0
2620	1524	1	1.0
4445	1394	1	1.0
4445	1839	1	1.0
2491	1395	1	1.0
4500	1395	1	1.0
5182	1395	1	1.0
4752	1396	1	1.0
4087	1396	1	1.0
4752	1570	1	1.0
3656	1399	1	1.0
5685	1400	1	1.0
5685	1684	1	1.0
5371	1401	1	1.0
4037	1401	1	1.0
6079	1401	1	1.0
4037	1786	1	1.0
2504	1402	1	1.0
2915	1402	1	1.0
5178	1402	1	1.0
5648	1403	1	1.0
3818	1403	1	1.0
5648	1604	1	1.0
2428	1404	1	1.0
3993	1404	1	1.0
4701	1404	1	1.0
4051	1405	1	1.0
4830	1405	1	1.0
4830	2137	1	1.0
2623	1406	1	1.0
4294	1406	1	1.0
3575	1407	1	1.0
5312	1407	1	1.0
5688	1407	1	1.0
5312	1729	1	1.0
2986	1408	1	1.0
4205	1408	1	1.0
5830	1408	1	1.0
2986	1741	1	1.0
5830	1741	1	1.0
6058	1409	1	1.0
5399	1409	1	1.0
2978	1410	1	1.0
3293	1410	1	1.0
6151	1410	1	1.0
3538	1411	1	1.0
4012	1411	1	1.0
5080	1411	1	1.0
4306	1412	1	1.0
4999	1413	1	1.0
2973	1414	1	1.0
5564	1415	1	1.0
5564	1983	1	1.0
4376	1416	1	1.0
4942	1416	1	1.0
2569	1417	1	1.0
3276	1418	1	1.0
5396	1418	1	1.0
5396	2120	1	1.0
4810	1419	1	1.0
4649	1419	1	1.0
3571	1419	1	1.0
5254	1420	1	1.0
5649	1420	1	1.0
4451	1421	1	1.0
4451	1718	1	1.0
3877	1422	1	1.0
3616	1423	1	1.0
3158	1423	1	1.0
3616	1537	1	1.0
3158	1894	1	1.0
2468	1424	1	1.0
2213	1425	1	1.0
3253	1425	1	1.0
4938	1425	1	1.0
4714	1426	1	1.0
4090	1426	1	1.0
2297	1428	1	1.0
5631	1429	1	1.0
4063	1429	1	1.0
4539	1430	1	1.0
5468	1430	1	1.0
5216	1431	1	1.0
2296	1432	1	1.0
3593	1432	1	1.0
5855	1432	1	1.0
3033	1433	1	1.0
5575	1433	1	1.0
5259	1434	1	1.0
5413	1435	1	1.0
5165	1435	1	1.0
5884	1435	1	1.0
5413	1546	1	1.0
5413	1687	1	1.0
5413	1701	1	1.0
5413	1777	1	1.0
4119	1436	1	1.0
5466	1437	1	1.0
5466	1453	1	1.0
5466	1539	1	1.0
2222	1438	1	1.0
2395	1438	1	1.0
3429	1438	1	1.0
2761	1439	1	1.0
4418	1440	1	1.0
6008	1440	1	1.0
6118	1440	1	1.0
4418	1534	1	1.0
5847	1441	1	1.0
6112	1442	1	1.0
6130	1442	1	1.0
3548	1443	1	1.0
4694	1443	1	1.0
3320	1444	1	1.0
4344	1444	1	1.0
3320	1766	1	1.0
4192	1445	1	1.0
5876	1445	1	1.0
4023	1445	1	1.0
4192	1702	1	1.0
4192	1766	1	1.0
3517	1446	1	1.0
3659	1446	1	1.0
3191	1447	1	1.0
4484	1447	1	1.0
4484	1585	1	1.0
4484	1707	1	1.0
3191	1708	1	1.0
3075	1450	1	1.0
3156	1451	1	1.0
3025	1452	1	1.0
3101	1454	1	1.0
4887	1454	1	1.0
2677	1455	1	1.0
3730	1455	1	1.0
3566	1456	1	1.0
4472	1456	1	1.0
6019	1456	1	1.0
3331	1458	1	1.0
4490	1458	1	1.0
6015	1458	1	1.0
5601	1459	1	1.0
5944	1460	1	1.0
6087	1461	1	1.0
3097	1462	1	1.0
3436	1462	1	1.0
4411	1463	1	1.0
2584	1464	1	1.0
4493	1464	1	1.0
3252	1466	1	1.0
4753	1467	1	1.0
2941	1468	1	1.0
3135	1468	1	1.0
6052	1469	1	1.0
3970	1470	1	1.0
4132	1470	1	1.0
2449	1471	1	1.0
2471	1471	1	1.0
5579	1471	1	1.0
4018	1472	1	1.0
4317	1472	1	1.0
5384	1472	1	1.0
2179	1473	1	1.0
2393	1473	1	1.0
3788	1473	1	1.0
2898	1474	1	1.0
2898	1710	1	1.0
2898	1973	1	1.0
3501	1475	1	1.0
4492	1476	1	1.0
5593	1476	1	1.0
2640	1478	1	1.0
2692	1478	1	1.0
3070	1478	1	1.0
2692	1831	1	1.0
2405	1480	1	1.0
3219	1481	1	1.0
4353	1481	1	1.0
3496	1481	1	1.0
3219	1524	1	1.0
5329	1482	1	1.0
5762	1482	1	1.0
5362	1483	1	1.0
5362	1908	1	1.0
3876	1484	1	1.0
2943	1485	1	1.0
3568	1486	1	1.0
3553	1486	1	1.0
5999	1486	1	1.0
3568	1498	1	1.0
3568	2087	1	1.0
4952	1487	1	1.0
5271	1487	1	1.0
5271	1653	1	1.0
3995	1489	1	1.0
5385	1489	1	1.0
4841	1490	1	1.0
3945	1491	1	1.0
2862	1492	1	1.0
4800	1492	1	1.0
5411	1492	1	1.0
4922	1493	1	1.0
5366	1493	1	1.0
3334	1494	1	1.0
2641	1496	1	1.0
3614	1497	1	1.0
3834	1497	1	1.0
6145	1498	1	1.0
4761	1498	1	1.0
2372	1499	1	1.0
4479	1500	1	1.0
6083	1501	1	1.0
2581	1501	1	1.0
2876	1502	1	1.0
3572	1502	1	1.0
4341	1503	1	1.0
5394	1503	1	1.0
2622	1504	1	1.0
4077	1504	1	1.0
4077	1810	1	1.0
5190	1505	1	1.0
3686	1507	1	1.0
3961	1507	1	1.0
3686	1533	1	1.0
3031	1508	1	1.0
3062	1508	1	1.0
4988	1508	1	1.0
5804	1509	1	1.0
5912	1510	1	1.0
5912	1696	1	1.0
3301	1511	1	1.0
4348	1511	1	1.0
3737	1512	1	1.0
3737	1904	1	1.0
2465	1513	1	1.0
3445	1513	1	1.0
5055	1513	1	1.0
2281	1514	1	1.0
3953	1514	1	1.0
5502	1515	1	1.0
5548	1515	1	1.0
4060	1516	1	1.0
4150	1516	1	1.0
5623	1516	1	1.0
4150	1821	1	1.0
4150	1936	1	1.0
4060	2032	1	1.0
3375	1517	1	1.0
3744	1517	1	1.0
4466	1518	1	1.0
2956	1520	1	1.0
4702	1521	1	1.0
5079	1521	1	1.0
2406	1522	1	1.0
3539	1522	1	1.0
5011	1523	1	1.0
2429	1523	1	1.0
5569	1523	1	1.0
4791	1525	1	1.0
5058	1525	1	1.0
5101	1525	1	1.0
4260	1526	1	1.0
4581	1526	1	1.0
5103	1526	1	1.0
2321	1527	1	1.0
3565	1527	1	1.0
3273	1528	1	1.0
3704	1528	1	1.0
5152	1528	1	1.0
3503	1529	1	1.0
3992	1529	1	1.0
4986	1529	1	1.0
5532	1531	1	1.0
5099	1532	1	1.0
6002	1532	1	1.0
2732	1533	1	1.0
3419	1533	1	1.0
2753	1534	1	1.0
2753	1761	1	1.0
2450	1535	1	1.0
3637	1535	1	1.0
5348	1535	1	1.0
3351	1536	1	1.0
3700	1536	1	1.0
3351	1575	1	1.0
2223	1538	1	1.0
2224	1538	1	1.0
3982	1538	1	1.0
4410	1540	1	1.0
2574	1542	1	1.0
6155	1542	1	1.0
2574	1987	1	1.0
6155	1987	1	1.0
3108	1543	1	1.0
2957	1543	1	1.0
5496	1546	1	1.0
4781	1547	1	1.0
6072	1547	1	1.0
2989	1548	1	1.0
3073	1548	1	1.0
4367	1548	1	1.0
3401	1549	1	1.0
3949	1550	1	1.0
3170	1551	1	1.0
3596	1551	1	1.0
3599	1551	1	1.0
3858	1552	1	1.0
4859	1552	1	1.0
5110	1552	1	1.0
2472	1554	1	1.0
3932	1554	1	1.0
2864	1555	1	1.0
5556	1555	1	1.0
5815	1555	1	1.0
2357	1556	1	1.0
4125	1556	1	1.0
2336	1557	1	1.0
3102	1558	1	1.0
4801	1559	1	1.0
2552	1560	1	1.0
5733	1560	1	1.0
5803	1560	1	1.0
5906	1561	1	1.0
3497	1563	1	1.0
5662	1564	1	1.0
4441	1565	1	1.0
5837	1565	1	1.0
4441	1625	1	1.0
4441	1892	1	1.0
5147	1566	1	1.0
5217	1567	1	1.0
2467	1567	1	1.0
2747	1568	1	1.0
2362	1569	1	1.0
4177	1570	1	1.0
3068	1571	1	1.0
5107	1571	1	1.0
2424	1571	1	1.0
5676	1572	1	1.0
4295	1572	1	1.0
4343	1572	1	1.0
4149	1574	1	1.0
2540	1574	1	1.0
2503	1575	1	1.0
5290	1575	1	1.0
2235	1576	1	1.0
4129	1576	1	1.0
5302	1576	1	1.0
2235	1941	1	1.0
2226	1578	1	1.0
5199	1580	1	1.0
4894	1580	1	1.0
3391	1581	1	1.0
5941	1581	1	1.0
3719	1582	1	1.0
5023	1582	1	1.0
5589	1582	1	1.0
3558	1585	1	1.0
2602	1586	1	1.0
3353	1586	1	1.0
5489	1587	1	1.0
5659	1587	1	1.0
6163	1587	1	1.0
5489	2016	1	1.0
5479	1588	1	1.0
3799	1588	1	1.0
3799	1911	1	1.0
2996	1589	1	1.0
5247	1589	1	1.0
5709	1589	1	1.0
2987	1590	1	1.0
4944	1590	1	1.0
5013	1591	1	1.0
4178	1592	1	1.0
5163	1592	1	1.0
5783	1592	1	1.0
2460	1593	1	1.0
2599	1593	1	1.0
4806	1593	1	1.0
2798	1594	1	1.0
4667	1594	1	1.0
3088	1595	1	1.0
2715	1595	1	1.0
5957	1595	1	1.0
3794	1596	1	1.0
4612	1596	1	1.0
5630	1596	1	1.0
3007	1597	1	1.0
3930	1598	1	1.0
4488	1598	1	1.0
5209	1598	1	1.0
4021	1599	1	1.0
4790	1599	1	1.0
2652	1601	1	1.0
6108	1601	1	1.0
4336	1602	1	1.0
3653	1603	1	1.0
2625	1605	1	1.0
2312	1605	1	1.0
3872	1605	1	1.0
2208	1606	1	1.0
3329	1606	1	1.0
4148	1606	1	1.0
2514	1608	1	1.0
5791	1608	1	1.0
3748	1609	1	1.0
2886	1610	1	1.0
3631	1610	1	1.0
2886	2024	1	1.0
2685	1611	1	1.0
2763	1611	1	1.0
4862	1611	1	1.0
3699	1612	1	1.0
4813	1612	1	1.0
3699	1944	1	1.0
3002	1613	1	1.0
3798	1613	1	1.0
3798	2110	1	1.0
6011	1614	1	1.0
2264	1614	1	1.0
4621	1614	1	1.0
3552	1615	1	1.0
4107	1615	1	1.0
5540	1616	1	1.0
2749	1617	1	1.0
4039	1617	1	1.0
4407	1618	1	1.0
5647	1618	1	1.0
2624	1619	1	1.0
4001	1619	1	1.0
4997	1619	1	1.0
5982	1620	1	1.0
2603	1621	1	1.0
4900	1621	1	1.0
4951	1621	1	1.0
2603	1649	1	1.0
3303	1622	1	1.0
4097	1622	1	1.0
3461	1623	1	1.0
5334	1623	1	1.0
5785	1625	1	1.0
3315	1626	1	1.0
5194	1628	1	1.0
5270	1628	1	1.0
5693	1628	1	1.0
2444	1629	1	1.0
5439	1629	1	1.0
6150	1629	1	1.0
3063	1630	1	1.0
2476	1630	1	1.0
6159	1631	1	1.0
6159	2148	1	1.0
4592	1632	1	1.0
4592	1994	1	1.0
4354	1634	1	1.0
4706	1634	1	1.0
6148	1634	1	1.0
3707	1635	1	1.0
3863	1635	1	1.0
3863	1732	1	1.0
3924	1637	1	1.0
4044	1637	1	1.0
4978	1637	1	1.0
3881	1638	1	1.0
4318	1638	1	1.0
5712	1638	1	1.0
2586	1639	1	1.0
4200	1639	1	1.0
5613	1639	1	1.0
4200	1845	1	1.0
4212	1640	1	1.0
4989	1640	1	1.0
5134	1640	1	1.0
4201	1642	1	1.0
4710	1643	1	1.0
2691	1643	1	1.0
2691	1681	1	1.0
3847	1644	1	1.0
5533	1644	1	1.0
2869	1645	1	1.0
3916	1646	1	1.0
2779	1646	1	1.0
5119	1647	1	1.0
2353	1647	1	1.0
4864	1649	1	1.0
4104	1651	1	1.0
4184	1651	1	1.0
4832	1651	1	1.0
4941	1652	1	1.0
5670	1652	1	1.0
4273	1653	1	1.0
5378	1653	1	1.0
2914	1654	1	1.0
3682	1654	1	1.0
4415	1654	1	1.0
3885	1655	1	1.0
5188	1655	1	1.0
5928	1655	1	1.0
4598	1656	1	1.0
2993	1656	1	1.0
6096	1656	1	1.0
2776	1657	1	1.0
4631	1658	1	1.0
5311	1658	1	1.0
3369	1659	1	1.0
5351	1659	1	1.0
5831	1659	1	1.0
4647	1660	1	1.0
4720	1661	1	1.0
2521	1662	1	1.0
3540	1662	1	1.0
5770	1662	1	1.0
4211	1663	1	1.0
5149	1663	1	1.0
5149	1687	1	1.0
4086	1665	1	1.0
4121	1665	1	1.0
2681	1666	1	1.0
5201	1666	1	1.0
6154	1666	1	1.0
3541	1667	1	1.0
6099	1667	1	1.0
4283	1667	1	1.0
3045	1668	1	1.0
5962	1668	1	1.0
6119	1668	1	1.0
2508	1669	1	1.0
2999	1670	1	1.0
3698	1670	1	1.0
2999	1841	1	1.0
3079	1672	1	1.0
4875	1672	1	1.0
5138	1672	1	1.0
5138	2112	1	1.0
5138	2113	1	1.0
3337	1673	1	1.0
4310	1675	1	1.0
2230	1675	1	1.0
2232	1675	1	1.0
4202	1676	1	1.0
4498	1676	1	1.0
5214	1676	1	1.0
5220	1677	1	1.0
4404	1678	1	1.0
5222	1678	1	1.0
5301	1678	1	1.0
5177	1679	1	1.0
5246	1679	1	1.0
5681	1679	1	1.0
2204	1680	1	1.0
4504	1680	1	1.0
5106	1681	1	1.0
5071	1682	1	1.0
4320	1683	1	1.0
4320	1694	1	1.0
2977	1685	1	1.0
5160	1685	1	1.0
2356	1685	1	1.0
2356	1868	1	1.0
5233	1686	1	1.0
3217	1686	1	1.0
3530	1686	1	1.0
2884	1687	1	1.0
3190	1689	1	1.0
4803	1689	1	1.0
2609	1690	1	1.0
3600	1690	1	1.0
5795	1690	1	1.0
3188	1691	1	1.0
3723	1691	1	1.0
4453	1693	1	1.0
5689	1693	1	1.0
5969	1693	1	1.0
3674	1694	1	1.0
3954	1694	1	1.0
3674	1811	1	1.0
2616	1695	1	1.0
4323	1695	1	1.0
4549	1695	1	1.0
4243	1696	1	1.0
5000	1696	1	1.0
2837	1697	1	1.0
2455	1698	1	1.0
4536	1698	1	1.0
5041	1699	1	1.0
6076	1699	1	1.0
5041	1869	1	1.0
5041	2002	1	1.0
3550	1701	1	1.0
4059	1701	1	1.0
3691	1703	1	1.0
2327	1703	1	1.0
3691	1984	1	1.0
3104	1704	1	1.0
4966	1704	1	1.0
4463	1705	1	1.0
4982	1705	1	1.0
4463	1784	1	1.0
5715	1706	1	1.0
2404	1707	1	1.0
3855	1707	1	1.0
3855	1720	1	1.0
2432	1709	1	1.0
4851	1709	1	1.0
5638	1709	1	1.0
4655	1710	1	1.0
5835	1711	1	1.0
2209	1712	1	1.0
4949	1712	1	1.0
6123	1712	1	1.0
4485	1713	1	1.0
5049	1713	1	1.0
6133	1713	1	1.0
2874	1714	1	1.0
3866	1715	1	1.0
4858	1715	1	1.0
3866	2034	1	1.0
4634	1716	1	1.0
3238	1718	1	1.0
3184	1719	1	1.0
4268	1719	1	1.0
4173	1721	1	1.0
4431	1721	1	1.0
3280	1722	1	1.0
5082	1722	1	1.0
6084	1722	1	1.0
2638	1723	1	1.0
3907	1723	1	1.0
5567	1723	1	1.0
4739	1725	1	1.0
5504	1725	1	1.0
5793	1725	1	1.0
4739	1861	1	1.0
4739	1947	1	1.0
3807	1727	1	1.0
3120	1728	1	1.0
4871	1728	1	1.0
3476	1729	1	1.0
4448	1729	1	1.0
5778	1730	1	1.0
5480	1730	1	1.0
3185	1731	1	1.0
5501	1732	1	1.0
5768	1733	1	1.0
5853	1733	1	1.0
4487	1735	1	1.0
4590	1735	1	1.0
6059	1735	1	1.0
4009	1736	1	1.0
3878	1736	1	1.0
3941	1736	1	1.0
3878	1931	1	1.0
3195	1737	1	1.0
3195	1787	1	1.0
4005	1738	1	1.0
3437	1739	1	1.0
5153	1739	1	1.0
5707	1739	1	1.0
2592	1740	1	1.0
5883	1741	1	1.0
3463	1742	1	1.0
3962	1743	1	1.0
3029	1744	1	1.0
3910	1744	1	1.0
2636	1745	1	1.0
4017	1745	1	1.0
5437	1745	1	1.0
4734	1746	1	1.0
3760	1747	1	1.0
4808	1747	1	1.0
3119	1748	1	1.0
5664	1748	1	1.0
5664	2070	1	1.0
2662	1749	1	1.0
2700	1749	1	1.0
4935	1749	1	1.0
4361	1750	1	1.0
5021	1750	1	1.0
5544	1750	1	1.0
3989	1752	1	1.0
4671	1752	1	1.0
4928	1752	1	1.0
4075	1754	1	1.0
4842	1754	1	1.0
4233	1754	1	1.0
4842	2157	1	1.0
2488	1756	1	1.0
4559	1756	1	1.0
5461	1757	1	1.0
4327	1757	1	1.0
4698	1758	1	1.0
4784	1758	1	1.0
3452	1759	1	1.0
4019	1759	1	1.0
6152	1759	1	1.0
2843	1760	1	1.0
2952	1760	1	1.0
2675	1761	1	1.0
2679	1761	1	1.0
2675	1815	1	1.0
5090	1763	1	1.0
5966	1763	1	1.0
2736	1765	1	1.0
4315	1765	1	1.0
4510	1765	1	1.0
3511	1767	1	1.0
4888	1768	1	1.0
2725	1768	1	1.0
2485	1769	1	1.0
3269	1769	1	1.0
4909	1769	1	1.0
4430	1770	1	1.0
5871	1770	1	1.0
5516	1772	1	1.0
5984	1772	1	1.0
4709	1773	1	1.0
3978	1774	1	1.0
3415	1775	1	1.0
3812	1775	1	1.0
5279	1775	1	1.0
3890	1776	1	1.0
4105	1776	1	1.0
2499	1777	1	1.0
6057	1777	1	1.0
5258	1778	1	1.0
3295	1778	1	1.0
3383	1778	1	1.0
4397	1779	1	1.0
5750	1779	1	1.0
3006	1780	1	1.0
2522	1781	1	1.0
6168	1781	1	1.0
4131	1782	1	1.0
6009	1782	1	1.0
6121	1782	1	1.0
4136	1783	1	1.0
5262	1784	1	1.0
3921	1786	1	1.0
3460	1791	1	1.0
5025	1791	1	1.0
5701	1791	1	1.0
5701	1800	1	1.0
2275	1792	1	1.0
4541	1792	1	1.0
5297	1792	1	1.0
3833	1793	1	1.0
3325	1793	1	1.0
4664	1793	1	1.0
2944	1794	1	1.0
4425	1794	1	1.0
6166	1794	1	1.0
3224	1796	1	1.0
4070	1796	1	1.0
6124	1796	1	1.0
2435	1797	1	1.0
4133	1797	1	1.0
4968	1797	1	1.0
5566	1798	1	1.0
3958	1798	1	1.0
5996	1799	1	1.0
3129	1799	1	1.0
5314	1799	1	1.0
3347	1800	1	1.0
2789	1801	1	1.0
2839	1801	1	1.0
6024	1801	1	1.0
2650	1802	1	1.0
2695	1803	1	1.0
2893	1803	1	1.0
5292	1803	1	1.0
3475	1805	1	1.0
3502	1805	1	1.0
5776	1806	1	1.0
5845	1806	1	1.0
2627	1807	1	1.0
2875	1807	1	1.0
5546	1807	1	1.0
3421	1808	1	1.0
3870	1808	1	1.0
5580	1808	1	1.0
3193	1809	1	1.0
3689	1809	1	1.0
6127	1809	1	1.0
4736	1810	1	1.0
2929	1811	1	1.0
4677	1812	1	1.0
5452	1812	1	1.0
5805	1812	1	1.0
3477	1813	1	1.0
5639	1813	1	1.0
5430	1814	1	1.0
3928	1814	1	1.0
5430	2104	1	1.0
2848	1816	1	1.0
3533	1816	1	1.0
2848	1834	1	1.0
3666	1817	1	1.0
3736	1819	1	1.0
5989	1819	1	1.0
2525	1820	1	1.0
4609	1820	1	1.0
5405	1820	1	1.0
4480	1821	1	1.0
3650	1822	1	1.0
4955	1822	1	1.0
5493	1822	1	1.0
4885	1823	1	1.0
5122	1824	1	1.0
2960	1825	1	1.0
3610	1825	1	1.0
3117	1826	1	1.0
3777	1826	1	1.0
4990	1826	1	1.0
3405	1827	1	1.0
3771	1827	1	1.0
5326	1827	1	1.0
2279	1828	1	1.0
4994	1828	1	1.0
2194	1829	1	1.0
5309	1829	1	1.0
3825	1830	1	1.0
5369	1830	1	1.0
2597	1833	1	1.0
4223	1833	1	1.0
4144	1834	1	1.0
3764	1835	1	1.0
3911	1835	1	1.0
2769	1836	1	1.0
4837	1836	1	1.0
4911	1836	1	1.0
2380	1837	1	1.0
4969	1837	1	1.0
4969	2036	1	1.0
3284	1841	1	1.0
3222	1842	1	1.0
5048	1842	1	1.0
5691	1843	1	1.0
2594	1843	1	1.0
5559	1843	1	1.0
6075	1844	1	1.0
3417	1844	1	1.0
5342	1844	1	1.0
3417	2117	1	1.0
3853	1845	1	1.0
4593	1845	1	1.0
5964	1847	1	1.0
3147	1847	1	1.0
4727	1847	1	1.0
4225	1849	1	1.0
4225	2033	1	1.0
5057	1852	1	1.0
5267	1853	1	1.0
5561	1853	1	1.0
5610	1853	1	1.0
5757	1855	1	1.0
6007	1855	1	1.0
4221	1856	1	1.0
5920	1857	1	1.0
2182	1857	1	1.0
2187	1858	1	1.0
4355	1858	1	1.0
5462	1858	1	1.0
4775	1859	1	1.0
2431	1860	1	1.0
4123	1860	1	1.0
5914	1860	1	1.0
5273	1861	1	1.0
3072	1862	1	1.0
2890	1862	1	1.0
4980	1862	1	1.0
3615	1863	1	1.0
2221	1864	1	1.0
5113	1864	1	1.0
5116	1864	1	1.0
3789	1865	1	1.0
4524	1865	1	1.0
6137	1865	1	1.0
3783	1866	1	1.0
3300	1867	1	1.0
3590	1867	1	1.0
6082	1867	1	1.0
4096	1868	1	1.0
4102	1868	1	1.0
2300	1869	1	1.0
4785	1869	1	1.0
3679	1870	1	1.0
5121	1870	1	1.0
6013	1871	1	1.0
3904	1872	1	1.0
5572	1872	1	1.0
6003	1872	1	1.0
3926	1873	1	1.0
4624	1873	1	1.0
3424	1874	1	1.0
3623	1874	1	1.0
2364	1875	1	1.0
3456	1875	1	1.0
4275	1875	1	1.0
2482	1876	1	1.0
3848	1876	1	1.0
5276	1876	1	1.0
3690	1877	1	1.0
4391	1877	1	1.0
3779	1879	1	1.0
5022	1879	1	1.0
2316	1880	1	1.0
4401	1880	1	1.0
4530	1881	1	1.0
3815	1882	1	1.0
3153	1884	1	1.0
3820	1885	1	1.0
4292	1885	1	1.0
5470	1885	1	1.0
3516	1886	1	1.0
4109	1886	1	1.0
6169	1886	1	1.0
4658	1887	1	1.0
2867	1888	1	1.0
5759	1888	1	1.0
4584	1889	1	1.0
5213	1889	1	1.0
5767	1889	1	1.0
2596	1890	1	1.0
2804	1890	1	1.0
4349	1890	1	1.0
3823	1891	1	1.0
3830	1891	1	1.0
5660	1891	1	1.0
4168	1892	1	1.0
2878	1894	1	1.0
4326	1895	1	1.0
2744	1895	1	1.0
3519	1895	1	1.0
4878	1896	1	1.0
4345	1898	1	1.0
2298	1899	1	1.0
2361	1899	1	1.0
6046	1899	1	1.0
3449	1900	1	1.0
5047	1900	1	1.0
5115	1900	1	1.0
3065	1901	1	1.0
5308	1902	1	1.0
5543	1902	1	1.0
5679	1902	1	1.0
4778	1903	1	1.0
2231	1903	1	1.0
2447	1903	1	1.0
4778	1919	1	1.0
2403	1905	1	1.0
3192	1905	1	1.0
5503	1905	1	1.0
2198	1906	1	1.0
4035	1906	1	1.0
5310	1906	1	1.0
3754	1908	1	1.0
2847	1909	1	1.0
5705	1909	1	1.0
5832	1909	1	1.0
3814	1912	1	1.0
2966	1913	1	1.0
3478	1913	1	1.0
3586	1913	1	1.0
2966	1964	1	1.0
4072	1914	1	1.0
4515	1914	1	1.0
2851	1915	1	1.0
4868	1915	1	1.0
4424	1916	1	1.0
5197	1916	1	1.0
5609	1916	1	1.0
2844	1917	1	1.0
4266	1917	1	1.0
2324	1918	1	1.0
3198	1918	1	1.0
5899	1918	1	1.0
4143	1919	1	1.0
6021	1919	1	1.0
4143	2061	1	1.0
3413	1920	1	1.0
3447	1920	1	1.0
4527	1920	1	1.0
3151	1921	1	1.0
4779	1921	1	1.0
2889	1922	1	1.0
3648	1922	1	1.0
5043	1922	1	1.0
5913	1924	1	1.0
6147	1924	1	1.0
2452	1925	1	1.0
3257	1925	1	1.0
2793	1926	1	1.0
4356	1926	1	1.0
5616	1926	1	1.0
2379	1927	1	1.0
2568	1927	1	1.0
5760	1927	1	1.0
4381	1928	1	1.0
2933	1928	1	1.0
4330	1928	1	1.0
4330	1965	1	1.0
4330	1968	1	1.0
5427	1929	1	1.0
4573	1929	1	1.0
4385	1932	1	1.0
3703	1932	1	1.0
3869	1932	1	1.0
3173	1934	1	1.0
5708	1934	1	1.0
2829	1935	1	1.0
5283	1935	1	1.0
5304	1935	1	1.0
5907	1936	1	1.0
4996	1936	1	1.0
2458	1937	1	1.0
3711	1937	1	1.0
6088	1937	1	1.0
4402	1938	1	1.0
2657	1939	1	1.0
2203	1939	1	1.0
6056	1939	1	1.0
2203	2017	1	1.0
4191	1940	1	1.0
4393	1940	1	1.0
4525	1940	1	1.0
3210	1941	1	1.0
3365	1942	1	1.0
5968	1943	1	1.0
3879	1943	1	1.0
2241	1944	1	1.0
4749	1944	1	1.0
2792	1945	1	1.0
5410	1945	1	1.0
3011	1946	1	1.0
5710	1946	1	1.0
4517	1947	1	1.0
4449	1948	1	1.0
3254	1949	1	1.0
3319	1949	1	1.0
3531	1949	1	1.0
3531	2005	1	1.0
2498	1950	1	1.0
3099	1950	1	1.0
5817	1950	1	1.0
2963	1951	1	1.0
3047	1951	1	1.0
2626	1952	1	1.0
2383	1953	1	1.0
3371	1953	1	1.0
4560	1954	1	1.0
3448	1955	1	1.0
4617	1955	1	1.0
3498	1956	1	1.0
5137	1956	1	1.0
5349	1956	1	1.0
5499	1957	1	1.0
5499	2096	1	1.0
2365	1958	1	1.0
3027	1958	1	1.0
5697	1958	1	1.0
3340	1959	1	1.0
4263	1959	1	1.0
4331	1959	1	1.0
3340	2118	1	1.0
2538	1960	1	1.0
5088	1960	1	1.0
5661	1960	1	1.0
2572	1961	1	1.0
3003	1961	1	1.0
5558	1961	1	1.0
2189	1962	1	1.0
3039	1965	1	1.0
4470	1965	1	1.0
4628	1966	1	1.0
4917	1966	1	1.0
6167	1966	1	1.0
2445	1967	1	1.0
3133	1967	1	1.0
2542	1968	1	1.0
2953	1968	1	1.0
6094	1969	1	1.0
6094	2091	1	1.0
5963	1970	1	1.0
4494	1973	1	1.0
5865	1975	1	1.0
4187	1976	1	1.0
4897	1976	1	1.0
5799	1976	1	1.0
5010	1977	1	1.0
5889	1977	1	1.0
4931	1978	1	1.0
3767	1978	1	1.0
3999	1978	1	1.0
3589	1979	1	1.0
3743	1979	1	1.0
2746	1979	1	1.0
2338	1981	1	1.0
3462	1981	1	1.0
5947	1981	1	1.0
3244	1982	1	1.0
5345	1983	1	1.0
6073	1983	1	1.0
4248	1984	1	1.0
2402	1985	1	1.0
4730	1985	1	1.0
2827	1986	1	1.0
4745	1986	1	1.0
6157	1987	1	1.0
5704	1989	1	1.0
2248	1991	1	1.0
4053	1991	1	1.0
6032	1991	1	1.0
4876	1992	1	1.0
5868	1992	1	1.0
5924	1992	1	1.0
2830	1994	1	1.0
2887	1994	1	1.0
5264	1995	1	1.0
6033	1995	1	1.0
3385	1996	1	1.0
3901	1996	1	1.0
4688	1996	1	1.0
3283	1997	1	1.0
4392	1997	1	1.0
5539	1997	1	1.0
5111	1998	1	1.0
4648	1998	1	1.0
5095	1998	1	1.0
3506	1999	1	1.0
4741	1999	1	1.0
5001	2000	1	1.0
5879	2000	1	1.0
3131	2001	1	1.0
4543	2001	1	1.0
4047	2003	1	1.0
4209	2003	1	1.0
4501	2003	1	1.0
2799	2004	1	1.0
3900	2004	1	1.0
4849	2004	1	1.0
3900	2087	1	1.0
3157	2005	1	1.0
3490	2005	1	1.0
2809	2006	1	1.0
3290	2006	1	1.0
5827	2006	1	1.0
3446	2007	1	1.0
5028	2007	1	1.0
2193	2008	1	1.0
2254	2008	1	1.0
3732	2008	1	1.0
2347	2010	1	1.0
3367	2010	1	1.0
5843	2011	1	1.0
2314	2012	1	1.0
3304	2012	1	1.0
3064	2013	1	1.0
5765	2013	1	1.0
5938	2013	1	1.0
2285	2014	1	1.0
5127	2014	1	1.0
2367	2015	1	1.0
4865	2015	1	1.0
3464	2016	1	1.0
5450	2016	1	1.0
3141	2017	1	1.0
5234	2017	1	1.0
4866	2018	1	1.0
4216	2018	1	1.0
3453	2018	1	1.0
4216	2157	1	1.0
3345	2019	1	1.0
3695	2019	1	1.0
4495	2019	1	1.0
4579	2020	1	1.0
6055	2020	1	1.0
4387	2021	1	1.0
5743	2021	1	1.0
4036	2022	1	1.0
4416	2022	1	1.0
5181	2023	1	1.0
2252	2024	1	1.0
6053	2024	1	1.0
2386	2025	1	1.0
4695	2025	1	1.0
5682	2025	1	1.0
4325	2026	1	1.0
3809	2028	1	1.0
5672	2028	1	1.0
4293	2030	1	1.0
4637	2030	1	1.0
5854	2030	1	1.0
2997	2031	1	1.0
4533	2031	1	1.0
6080	2031	1	1.0
4533	2032	1	1.0
6080	2032	1	1.0
2409	2034	1	1.0
3557	2034	1	1.0
3545	2035	1	1.0
3715	2035	1	1.0
5380	2036	1	1.0
3268	2036	1	1.0
2840	2037	1	1.0
3182	2037	1	1.0
2291	2038	1	1.0
3032	2038	1	1.0
4369	2038	1	1.0
5372	2039	1	1.0
5796	2039	1	1.0
3282	2040	1	1.0
4693	2040	1	1.0
5967	2040	1	1.0
3981	2042	1	1.0
5476	2042	1	1.0
5215	2043	1	1.0
5274	2043	1	1.0
5464	2043	1	1.0
2229	2044	1	1.0
3206	2045	1	1.0
3791	2045	1	1.0
5277	2047	1	1.0
5383	2048	1	1.0
3628	2048	1	1.0
5431	2048	1	1.0
2918	2049	1	1.0
3845	2049	1	1.0
5094	2049	1	1.0
5713	2050	1	1.0
4886	2051	1	1.0
2825	2051	1	1.0
2398	2052	1	1.0
5227	2052	1	1.0
5358	2052	1	1.0
2493	2053	1	1.0
4277	2053	1	1.0
5006	2053	1	1.0
3412	2054	1	1.0
4712	2054	1	1.0
2553	2055	1	1.0
2758	2055	1	1.0
5337	2055	1	1.0
2345	2056	1	1.0
2766	2057	1	1.0
3394	2057	1	1.0
4033	2058	1	1.0
2901	2059	1	1.0
3749	2059	1	1.0
5513	2059	1	1.0
3576	2060	1	1.0
3776	2060	1	1.0
3168	2061	1	1.0
3399	2061	1	1.0
4795	2062	1	1.0
4961	2062	1	1.0
5958	2062	1	1.0
3214	2063	1	1.0
3115	2063	1	1.0
4642	2063	1	1.0
4333	2064	1	1.0
4514	2064	1	1.0
3298	2065	1	1.0
3931	2065	1	1.0
4681	2065	1	1.0
2762	2066	1	1.0
3136	2066	1	1.0
3403	2066	1	1.0
4208	2067	1	1.0
5869	2067	1	1.0
6025	2067	1	1.0
4165	2068	1	1.0
5763	2068	1	1.0
2877	2069	1	1.0
4041	2069	1	1.0
5305	2069	1	1.0
3753	2070	1	1.0
5955	2070	1	1.0
2651	2071	1	1.0
4732	2071	1	1.0
5643	2071	1	1.0
3787	2072	1	1.0
4718	2072	1	1.0
3562	2073	1	1.0
4639	2073	1	1.0
6044	2073	1	1.0
4117	2074	1	1.0
4717	2074	1	1.0
2841	2075	1	1.0
4953	2075	1	1.0
6086	2075	1	1.0
3668	2077	1	1.0
3983	2077	1	1.0
2273	2078	1	1.0
2571	2078	1	1.0
2269	2079	1	1.0
3520	2079	1	1.0
3523	2080	1	1.0
4526	2080	1	1.0
4580	2080	1	1.0
2824	2081	1	1.0
4816	2081	1	1.0
4824	2081	1	1.0
4516	2082	1	1.0
3143	2083	1	1.0
5591	2083	1	1.0
5696	2083	1	1.0
2959	2084	1	1.0
4433	2084	1	1.0
6093	2084	1	1.0
4230	2085	1	1.0
2205	2086	1	1.0
2533	2086	1	1.0
4662	2086	1	1.0
3272	2087	1	1.0
2305	2088	1	1.0
5772	2088	1	1.0
6026	2088	1	1.0
3258	2089	1	1.0
3595	2089	1	1.0
5788	2089	1	1.0
3078	2091	1	1.0
2660	2092	1	1.0
4098	2092	1	1.0
2782	2093	1	1.0
3581	2093	1	1.0
4057	2093	1	1.0
3259	2094	1	1.0
4733	2094	1	1.0
5397	2094	1	1.0
3259	2096	1	1.0
5288	2095	1	1.0
5132	2095	1	1.0
5404	2095	1	1.0
2274	2096	1	1.0
2344	2097	1	1.0
2486	2097	1	1.0
4918	2097	1	1.0
2819	2098	1	1.0
6006	2098	1	1.0
4079	2099	1	1.0
5951	2099	1	1.0
2359	2100	1	1.0
2360	2100	1	1.0
3713	2100	1	1.0
6098	2101	1	1.0
3402	2101	1	1.0
5406	2101	1	1.0
4633	2102	1	1.0
4780	2102	1	1.0
2759	2103	1	1.0
3996	2103	1	1.0
5666	2103	1	1.0
2506	2104	1	1.0
3030	2105	1	1.0
3536	2105	1	1.0
4654	2105	1	1.0
3356	2106	1	1.0
4626	2106	1	1.0
4750	2106	1	1.0
2543	2107	1	1.0
4004	2107	1	1.0
4456	2107	1	1.0
2554	2108	1	1.0
2863	2108	1	1.0
5191	2108	1	1.0
3618	2109	1	1.0
3722	2109	1	1.0
5512	2109	1	1.0
2852	2110	1	1.0
2931	2110	1	1.0
4771	2111	1	1.0
4877	2111	1	1.0
4570	2115	1	1.0
5205	2115	1	1.0
5352	2115	1	1.0
3844	2116	1	1.0
2861	2117	1	1.0
5332	2117	1	1.0
5620	2118	1	1.0
5620	2161	1	1.0
4069	2119	1	1.0
4683	2119	1	1.0
5720	2119	1	1.0
4245	2120	1	1.0
2868	2122	1	1.0
4435	2122	1	1.0
6074	2122	1	1.0
2634	2123	1	1.0
3380	2123	1	1.0
4382	2123	1	1.0
3274	2124	1	1.0
2459	2125	1	1.0
5644	2125	1	1.0
2881	2126	1	1.0
3670	2126	1	1.0
4068	2126	1	1.0
2902	2127	1	1.0
5706	2127	1	1.0
5706	2170	1	1.0
4786	2128	1	1.0
5874	2128	1	1.0
5382	2129	1	1.0
5902	2129	1	1.0
2181	2130	1	1.0
4867	2130	1	1.0
5737	2130	1	1.0
2334	2131	1	1.0
2341	2131	1	1.0
2790	2131	1	1.0
3775	2132	1	1.0
5587	2132	1	1.0
4427	2133	1	1.0
4427	2135	1	1.0
4427	2140	1	1.0
4502	2134	1	1.0
5974	2134	1	1.0
6034	2134	1	1.0
2942	2136	1	1.0
3342	2136	1	1.0
4171	2136	1	1.0
4754	2137	1	1.0
5625	2137	1	1.0
4715	2138	1	1.0
5124	2138	1	1.0
5611	2138	1	1.0
5690	2139	1	1.0
4010	2139	1	1.0
4602	2139	1	1.0
3884	2140	1	1.0
5339	2141	1	1.0
2938	2141	1	1.0
3919	2141	1	1.0
2335	2142	1	1.0
2788	2142	1	1.0
3123	2143	1	1.0
3806	2143	1	1.0
5126	2143	1	1.0
4249	2144	1	1.0
3243	2145	1	1.0
2975	2145	1	1.0
2828	2146	1	1.0
3140	2146	1	1.0
3697	2146	1	1.0
4078	2147	1	1.0
5655	2147	1	1.0
4099	2148	1	1.0
4646	2148	1	1.0
2366	2149	1	1.0
4174	2149	1	1.0
4207	2149	1	1.0
2366	2153	1	1.0
4174	2153	1	1.0
4207	2153	1	1.0
4847	2150	1	1.0
3091	2150	1	1.0
5943	2150	1	1.0
3874	2151	1	1.0
2587	2152	1	1.0
3175	2152	1	1.0
4721	2154	1	1.0
3827	2154	1	1.0
5702	2154	1	1.0
4670	2155	1	1.0
4742	2155	1	1.0
2733	2156	1	1.0
5087	2156	1	1.0
3856	2158	1	1.0
5330	2158	1	1.0
5929	2158	1	1.0
2979	2159	1	1.0
4873	2159	1	1.0
5892	2159	1	1.0
4346	2160	1	1.0
5781	2160	1	1.0
5956	2160	1	1.0
3817	2161	1	1.0
4486	2161	1	1.0
2259	2162	1	1.0
2610	2162	1	1.0
5367	2162	1	1.0
2494	2163	1	1.0
4937	2164	1	1.0
5065	2164	1	1.0
5140	2164	1	1.0
3165	2165	1	1.0
3248	2165	1	1.0
4895	2165	1	1.0
3179	2166	1	1.0
2686	2166	1	1.0
3386	2167	1	1.0
4920	2167	1	1.0
4957	2167	1	1.0
3318	2168	1	1.0
4804	2168	1	1.0
5822	2168	1	1.0
3990	2169	1	1.0
4049	2169	1	1.0
4154	2169	1	1.0
3793	2170	1	1.0
2730	2171	1	1.0
3093	2171	1	1.0
5615	2171	1	1.0
2712	2172	1	1.0
2932	2172	1	1.0
5186	2172	1	1.0
4030	2173	1	1.0
5327	2173	1	1.0
5537	2173	1	1.0
2690	2174	1	1.0
3009	2174	1	1.0
4278	2174	1	1.0
2951	2175	1	1.0
3026	2175	1	1.0
3056	2176	1	1.0
3361	2176	1	1.0
4755	2176	1	1.0
2995	2177	1	1.0
0	6241	2	1.0
1	7015	2	1.0
2	7567	2	1.0
3	6813	2	1.0
4	7014	2	1.0
5	6465	2	1.0
6	6967	2	1.0
7	6203	2	1.0
8	6472	2	1.0
9	7214	2	1.0
10	7717	2	1.0
11	6679	2	1.0
12	6934	2	1.0
13	6779	2	1.0
14	7522	2	1.0
15	6878	2	1.0
16	7684	2	1.0
17	7010	2	1.0
18	6755	2	1.0
19	6709	2	1.0
20	7121	2	1.0
21	7558	2	1.0
22	7459	2	1.0
23	7682	2	1.0
24	7429	2	1.0
25	6953	2	1.0
26	7537	2	1.0
27	7053	2	1.0
28	6349	2	1.0
29	6199	2	1.0
30	7466	2	1.0
31	6346	2	1.0
32	7524	2	1.0
33	6232	2	1.0
34	6258	2	1.0
35	7180	2	1.0
36	6467	2	1.0
37	7437	2	1.0
38	6785	2	1.0
39	6237	2	1.0
40	7554	2	1.0
41	6480	2	1.0
42	7616	2	1.0
43	7422	2	1.0
44	7264	2	1.0
45	6415	2	1.0
46	7319	2	1.0
47	7044	2	1.0
48	7448	2	1.0
49	7059	2	1.0
50	7514	2	1.0
51	7224	2	1.0
52	7689	2	1.0
53	7621	2	1.0
54	7016	2	1.0
55	7617	2	1.0
56	6807	2	1.0
57	7027	2	1.0
58	6493	2	1.0
59	6895	2	1.0
60	7230	2	1.0
61	7126	2	1.0
62	6278	2	1.0
63	7437	2	1.0
64	6619	2	1.0
65	6204	2	1.0
66	7739	2	1.0
67	7309	2	1.0
68	6308	2	1.0
69	6572	2	1.0
70	7420	2	1.0
71	7526	2	1.0
72	7227	2	1.0
73	6857	2	1.0
74	7404	2	1.0
75	7135	2	1.0
76	6331	2	1.0
77	7019	2	1.0
78	6478	2	1.0
79	7739	2	1.0
80	7260	2	1.0
81	6841	2	1.0
82	6286	2	1.0
83	6737	2	1.0
84	6478	2	1.0
85	6390	2	1.0
86	7213	2	1.0
87	7725	2	1.0
88	6871	2	1.0
89	6434	2	1.0
90	6250	2	1.0
91	7433	2	1.0
92	6821	2	1.0
93	6740	2	1.0
94	6185	2	1.0
95	7154	2	1.0
96	7184	2	1.0
97	7630	2	1.0
98	6800	2	1.0
99	7528	2	1.0
100	6696	2	1.0
101	6700	2	1.0
102	7002	2	1.0
103	6351	2	1.0
104	6823	2	1.0
105	7739	2	1.0
106	6941	2	1.0
107	7182	2	1.0
108	7221	2	1.0
109	6448	2	1.0
110	6686	2	1.0
111	7038	2	1.0
112	6415	2	1.0
113	6401	2	1.0
114	6915	2	1.0
115	7404	2	1.0
116	7463	2	1.0
117	6685	2	1.0
118	7682	2	1.0
119	6504	2	1.0
120	6923	2	1.0
121	6431	2	1.0
122	7615	2	1.0
123	7741	2	1.0
124	6983	2	1.0
125	6337	2	1.0
126	7143	2	1.0
127	6763	2	1.0
128	6657	2	1.0
129	7087	2	1.0
130	6217	2	1.0
131	6803	2	1.0
132	7743	2	1.0
133	6889	2	1.0
134	7095	2	1.0
135	6858	2	1.0
136	7189	2	1.0
137	6949	2	1.0
138	6883	2	1.0
139	6467	2	1.0
140	7505	2	1.0
141	7275	2	1.0
142	6597	2	1.0
143	6395	2	1.0
144	6798	2	1.0
145	7205	2	1.0
146	7503	2	1.0
147	7677	2	1.0
148	6643	2	1.0
149	6263	2	1.0
150	7263	2	1.0
151	6550	2	1.0
152	7316	2	1.0
153	7547	2	1.0
154	6732	2	1.0
155	7716	2	1.0
156	7478	2	1.0
157	6850	2	1.0
158	7253	2	1.0
159	6866	2	1.0
160	6234	2	1.0
161	7406	2	1.0
162	6723	2	1.0
163	7587	2	1.0
164	7253	2	1.0
165	7286	2	1.0
166	6250	2	1.0
167	6964	2	1.0
168	6861	2	1.0
169	7686	2	1.0
170	7346	2	1.0
171	7331	2	1.0
172	7433	2	1.0
173	7548	2	1.0
174	7647	2	1.0
175	6347	2	1.0
176	7210	2	1.0
177	6518	2	1.0
178	7720	2	1.0
179	6445	2	1.0
180	7320	2	1.0
181	6691	2	1.0
182	6912	2	1.0
183	6905	2	1.0
184	6400	2	1.0
185	6532	2	1.0
186	7539	2	1.0
187	6569	2	1.0
188	6542	2	1.0
189	7739	2	1.0
190	7332	2	1.0
191	6922	2	1.0
192	7446	2	1.0
193	7339	2	1.0
194	6982	2	1.0
195	7266	2	1.0
196	7739	2	1.0
197	7689	2	1.0
198	6224	2	1.0
199	6417	2	1.0
200	7398	2	1.0
201	6932	2	1.0
202	7042	2	1.0
203	7476	2	1.0
204	6356	2	1.0
205	7739	2	1.0
206	6183	2	1.0
207	7484	2	1.0
208	7595	2	1.0
209	7003	2	1.0
210	6771	2	1.0
211	6774	2	1.0
212	6478	2	1.0
213	6842	2	1.0
214	6482	2	1.0
215	7691	2	1.0
216	6647	2	1.0
217	6229	2	1.0
218	7047	2	1.0
219	6974	2	1.0
220	7665	2	1.0
221	6840	2	1.0
222	6277	2	1.0
223	7728	2	1.0
224	7715	2	1.0
225	6697	2	1.0
226	6772	2	1.0
227	7129	2	1.0
228	6390	2	1.0
229	7059	2	1.0
230	7596	2	1.0
231	7674	2	1.0
232	6250	2	1.0
233	7500	2	1.0
234	7656	2	1.0
235	6741	2	1.0
236	7683	2	1.0
237	7589	2	1.0
238	6745	2	1.0
239	7642	2	1.0
240	7242	2	1.0
241	6723	2	1.0
242	7169	2	1.0
243	7626	2	1.0
244	6711	2	1.0
245	6824	2	1.0
246	7569	2	1.0
247	7630	2	1.0
248	7682	2	1.0
249	6673	2	1.0
250	6787	2	1.0
251	7537	2	1.0
252	7172	2	1.0
253	6284	2	1.0
254	6849	2	1.0
255	7394	2	1.0
256	7179	2	1.0
257	6342	2	1.0
258	6777	2	1.0
259	6865	2	1.0
260	6492	2	1.0
261	6363	2	1.0
262	7428	2	1.0
263	6778	2	1.0
264	6912	2	1.0
265	7150	2	1.0
266	6508	2	1.0
267	6812	2	1.0
268	6417	2	1.0
269	7421	2	1.0
270	7079	2	1.0
271	6537	2	1.0
272	7271	2	1.0
273	7508	2	1.0
274	7260	2	1.0
275	6960	2	1.0
276	7622	2	1.0
277	7718	2	1.0
278	6675	2	1.0
279	6655	2	1.0
280	7351	2	1.0
281	6239	2	1.0
282	7739	2	1.0
283	6578	2	1.0
284	6774	2	1.0
285	7315	2	1.0
286	7445	2	1.0
287	7191	2	1.0
288	6808	2	1.0
289	6870	2	1.0
290	7323	2	1.0
291	7530	2	1.0
292	6538	2	1.0
293	7466	2	1.0
294	7564	2	1.0
295	6989	2	1.0
296	7117	2	1.0
297	6264	2	1.0
298	7654	2	1.0
299	7225	2	1.0
300	6553	2	1.0
301	6358	2	1.0
302	7074	2	1.0
303	6557	2	1.0
304	6345	2	1.0
305	6200	2	1.0
306	6737	2	1.0
307	7739	2	1.0
308	7366	2	1.0
309	6526	2	1.0
310	7119	2	1.0
311	7616	2	1.0
312	6864	2	1.0
313	6436	2	1.0
314	7474	2	1.0
315	7208	2	1.0
316	6517	2	1.0
317	7241	2	1.0
318	7285	2	1.0
319	7723	2	1.0
320	7133	2	1.0
321	7643	2	1.0
322	7326	2	1.0
323	7692	2	1.0
324	6693	2	1.0
325	7739	2	1.0
326	7138	2	1.0
327	7665	2	1.0
328	7338	2	1.0
329	7531	2	1.0
330	7462	2	1.0
331	6510	2	1.0
332	6990	2	1.0
333	7739	2	1.0
334	7120	2	1.0
335	6327	2	1.0
336	7171	2	1.0
337	6265	2	1.0
338	7182	2	1.0
339	7021	2	1.0
340	6277	2	1.0
341	6635	2	1.0
342	7357	2	1.0
343	6642	2	1.0
344	6724	2	1.0
345	6686	2	1.0
346	6245	2	1.0
347	7670	2	1.0
348	7256	2	1.0
349	7484	2	1.0
350	6485	2	1.0
351	6544	2	1.0
352	7562	2	1.0
353	6756	2	1.0
354	6970	2	1.0
355	6636	2	1.0
356	6669	2	1.0
357	7681	2	1.0
358	6968	2	1.0
359	6711	2	1.0
360	6687	2	1.0
361	6287	2	1.0
362	6672	2	1.0
363	7328	2	1.0
364	6423	2	1.0
365	7046	2	1.0
366	6478	2	1.0
367	6185	2	1.0
368	6641	2	1.0
369	6869	2	1.0
370	6875	2	1.0
371	7697	2	1.0
372	7286	2	1.0
373	6927	2	1.0
374	7609	2	1.0
375	7598	2	1.0
376	7064	2	1.0
377	7569	2	1.0
378	7682	2	1.0
379	7380	2	1.0
380	6355	2	1.0
381	7356	2	1.0
382	7225	2	1.0
383	6905	2	1.0
384	7007	2	1.0
385	7721	2	1.0
386	6524	2	1.0
387	7419	2	1.0
388	6195	2	1.0
389	6620	2	1.0
390	7135	2	1.0
391	7555	2	1.0
392	6396	2	1.0
393	6773	2	1.0
394	7537	2	1.0
395	6580	2	1.0
396	7126	2	1.0
397	6954	2	1.0
398	6965	2	1.0
399	7645	2	1.0
400	6525	2	1.0
401	7669	2	1.0
402	7355	2	1.0
403	7565	2	1.0
404	6774	2	1.0
405	7564	2	1.0
406	6768	2	1.0
407	7220	2	1.0
408	6193	2	1.0
409	6432	2	1.0
410	6379	2	1.0
411	7253	2	1.0
412	7004	2	1.0
413	6316	2	1.0
414	7433	2	1.0
415	6250	2	1.0
416	6937	2	1.0
417	6229	2	1.0
418	7646	2	1.0
419	7584	2	1.0
420	7352	2	1.0
421	7133	2	1.0
422	6983	2	1.0
423	7284	2	1.0
424	6203	2	1.0
425	6933	2	1.0
426	6284	2	1.0
427	6730	2	1.0
428	6486	2	1.0
429	6959	2	1.0
430	6619	2	1.0
431	7622	2	1.0
432	7297	2	1.0
433	6479	2	1.0
434	6405	2	1.0
435	7619	2	1.0
436	7584	2	1.0
437	6671	2	1.0
438	6565	2	1.0
439	6651	2	1.0
440	6802	2	1.0
441	6394	2	1.0
442	7360	2	1.0
443	6317	2	1.0
444	7029	2	1.0
445	6350	2	1.0
446	6210	2	1.0
447	7554	2	1.0
448	7112	2	1.0
449	6908	2	1.0
450	6423	2	1.0
451	7197	2	1.0
452	6452	2	1.0
453	7056	2	1.0
454	6323	2	1.0
455	6911	2	1.0
456	6239	2	1.0
457	7273	2	1.0
458	6435	2	1.0
459	7113	2	1.0
460	6313	2	1.0
461	6844	2	1.0
462	6922	2	1.0
463	7287	2	1.0
464	7461	2	1.0
465	7316	2	1.0
466	7295	2	1.0
467	6277	2	1.0
468	7312	2	1.0
469	6855	2	1.0
470	7548	2	1.0
471	7566	2	1.0
472	6918	2	1.0
473	6554	2	1.0
474	7208	2	1.0
475	6859	2	1.0
476	6252	2	1.0
477	6886	2	1.0
478	6906	2	1.0
479	6678	2	1.0
480	6810	2	1.0
481	6537	2	1.0
482	7184	2	1.0
483	7674	2	1.0
484	6292	2	1.0
485	6769	2	1.0
486	7208	2	1.0
487	6876	2	1.0
488	6437	2	1.0
489	7115	2	1.0
490	7046	2	1.0
491	6673	2	1.0
492	6176	2	1.0
493	6345	2	1.0
494	6601	2	1.0
495	6659	2	1.0
496	6809	2	1.0
497	7729	2	1.0
498	7589	2	1.0
499	7316	2	1.0
500	7592	2	1.0
501	7199	2	1.0
502	7638	2	1.0
503	7638	2	1.0
504	7262	2	1.0
505	7662	2	1.0
506	7346	2	1.0
507	7222	2	1.0
508	6256	2	1.0
509	7219	2	1.0
510	6919	2	1.0
511	6955	2	1.0
512	6283	2	1.0
513	7616	2	1.0
514	7605	2	1.0
515	7276	2	1.0
516	6628	2	1.0
517	7120	2	1.0
518	6406	2	1.0
519	6838	2	1.0
520	6343	2	1.0
521	7130	2	1.0
522	6967	2	1.0
523	6952	2	1.0
524	6880	2	1.0
525	6396	2	1.0
526	7569	2	1.0
527	7215	2	1.0
528	6628	2	1.0
529	6578	2	1.0
530	6757	2	1.0
531	6388	2	1.0
532	6217	2	1.0
533	6598	2	1.0
534	7633	2	1.0
535	6800	2	1.0
536	7118	2	1.0
537	7067	2	1.0
538	7408	2	1.0
539	7507	2	1.0
540	6932	2	1.0
541	6322	2	1.0
542	7345	2	1.0
543	7737	2	1.0
544	6893	2	1.0
545	7708	2	1.0
546	7400	2	1.0
547	7743	2	1.0
548	7261	2	1.0
549	6484	2	1.0
550	7512	2	1.0
551	7591	2	1.0
552	6407	2	1.0
553	7739	2	1.0
554	7489	2	1.0
555	7446	2	1.0
556	7555	2	1.0
557	6771	2	1.0
558	6633	2	1.0
559	6943	2	1.0
560	6924	2	1.0
561	7293	2	1.0
562	7325	2	1.0
563	6378	2	1.0
564	6977	2	1.0
565	6736	2	1.0
566	6370	2	1.0
567	7254	2	1.0
568	7603	2	1.0
569	6261	2	1.0
570	7548	2	1.0
571	7686	2	1.0
572	7051	2	1.0
573	7104	2	1.0
574	7036	2	1.0
575	6198	2	1.0
576	7743	2	1.0
577	6414	2	1.0
578	7635	2	1.0
579	7065	2	1.0
580	7602	2	1.0
581	7392	2	1.0
582	7640	2	1.0
583	7383	2	1.0
584	6696	2	1.0
585	6190	2	1.0
586	6789	2	1.0
587	7091	2	1.0
588	6860	2	1.0
589	6661	2	1.0
590	6459	2	1.0
591	6508	2	1.0
592	7568	2	1.0
593	7005	2	1.0
594	6514	2	1.0
595	6824	2	1.0
596	6938	2	1.0
597	7365	2	1.0
598	6348	2	1.0
599	6519	2	1.0
600	7285	2	1.0
601	6184	2	1.0
602	7637	2	1.0
603	7467	2	1.0
604	7164	2	1.0
605	6675	2	1.0
606	7432	2	1.0
607	6341	2	1.0
608	7280	2	1.0
609	6877	2	1.0
610	7558	2	1.0
611	6334	2	1.0
612	7390	2	1.0
613	6562	2	1.0
614	6688	2	1.0
615	6306	2	1.0
616	7550	2	1.0
617	6303	2	1.0
618	7503	2	1.0
619	6541	2	1.0
620	7047	2	1.0
621	7353	2	1.0
622	7220	2	1.0
623	6452	2	1.0
624	7231	2	1.0
625	6600	2	1.0
626	7628	2	1.0
627	7726	2	1.0
628	7134	2	1.0
629	6910	2	1.0
630	6187	2	1.0
631	7477	2	1.0
632	6677	2	1.0
633	7068	2	1.0
634	7386	2	1.0
635	6978	2	1.0
636	7285	2	1.0
637	6920	2	1.0
638	7090	2	1.0
639	6617	2	1.0
640	7494	2	1.0
641	6405	2	1.0
642	6527	2	1.0
643	6590	2	1.0
644	6693	2	1.0
645	7542	2	1.0
646	6741	2	1.0
647	7348	2	1.0
648	6766	2	1.0
649	7446	2	1.0
650	7052	2	1.0
651	6652	2	1.0
652	7682	2	1.0
653	7135	2	1.0
654	6997	2	1.0
655	7571	2	1.0
656	6533	2	1.0
657	7571	2	1.0
658	6368	2	1.0
659	6894	2	1.0
660	6416	2	1.0
661	6662	2	1.0
662	7117	2	1.0
663	7106	2	1.0
664	7202	2	1.0
665	6696	2	1.0
666	7343	2	1.0
667	7017	2	1.0
668	6318	2	1.0
669	7478	2	1.0
670	6993	2	1.0
671	6898	2	1.0
672	6682	2	1.0
673	6712	2	1.0
674	6619	2	1.0
675	7495	2	1.0
676	7437	2	1.0
677	7058	2	1.0
678	6951	2	1.0
679	7095	2	1.0
680	7720	2	1.0
681	6424	2	1.0
682	6894	2	1.0
683	7298	2	1.0
684	7121	2	1.0
685	7555	2	1.0
686	7583	2	1.0
687	7475	2	1.0
688	6769	2	1.0
689	6823	2	1.0
690	7438	2	1.0
691	7251	2	1.0
692	7680	2	1.0
693	7550	2	1.0
694	7416	2	1.0
695	7620	2	1.0
696	6851	2	1.0
697	7666	2	1.0
698	7219	2	1.0
699	7196	2	1.0
700	7630	2	1.0
701	7324	2	1.0
702	6861	2	1.0
703	6946	2	1.0
704	7569	2	1.0
705	6579	2	1.0
706	6616	2	1.0
707	6822	2	1.0
708	7075	2	1.0
709	7213	2	1.0
710	7671	2	1.0
711	7105	2	1.0
712	7639	2	1.0
713	6629	2	1.0
714	6510	2	1.0
715	7518	2	1.0
716	6795	2	1.0
717	6520	2	1.0
718	6222	2	1.0
719	7215	2	1.0
720	6586	2	1.0
721	7719	2	1.0
722	6455	2	1.0
723	6804	2	1.0
724	7082	2	1.0
725	6899	2	1.0
726	7341	2	1.0
727	7588	2	1.0
728	7311	2	1.0
729	7611	2	1.0
730	6706	2	1.0
731	7696	2	1.0
732	7649	2	1.0
733	7555	2	1.0
734	7278	2	1.0
735	6399	2	1.0
736	6496	2	1.0
737	6585	2	1.0
738	6554	2	1.0
739	6271	2	1.0
740	7373	2	1.0
741	6911	2	1.0
742	7730	2	1.0
743	6540	2	1.0
744	7407	2	1.0
745	6321	2	1.0
746	6977	2	1.0
747	6910	2	1.0
748	6696	2	1.0
749	6957	2	1.0
750	7567	2	1.0
751	7699	2	1.0
752	6419	2	1.0
753	6926	2	1.0
754	6302	2	1.0
755	7375	2	1.0
756	6457	2	1.0
757	7165	2	1.0
758	6325	2	1.0
759	6413	2	1.0
760	7591	2	1.0
761	6758	2	1.0
762	6197	2	1.0
763	6815	2	1.0
764	7370	2	1.0
765	7198	2	1.0
766	6273	2	1.0
767	7193	2	1.0
768	6969	2	1.0
769	6988	2	1.0
770	7729	2	1.0
771	7023	2	1.0
772	7106	2	1.0
773	7520	2	1.0
774	7173	2	1.0
775	7299	2	1.0
776	7436	2	1.0
777	6980	2	1.0
778	7314	2	1.0
779	6293	2	1.0
780	6692	2	1.0
781	6796	2	1.0
782	7690	2	1.0
783	6852	2	1.0
784	6816	2	1.0
785	7733	2	1.0
786	6685	2	1.0
787	6249	2	1.0
788	7578	2	1.0
789	7510	2	1.0
790	7064	2	1.0
791	6963	2	1.0
792	7182	2	1.0
793	7687	2	1.0
794	7557	2	1.0
795	7318	2	1.0
796	6793	2	1.0
797	7411	2	1.0
798	6503	2	1.0
799	6266	2	1.0
800	7046	2	1.0
801	7031	2	1.0
802	7742	2	1.0
803	6615	2	1.0
804	7280	2	1.0
805	7612	2	1.0
806	6948	2	1.0
807	6612	2	1.0
808	6604	2	1.0
809	7095	2	1.0
810	7194	2	1.0
811	6766	2	1.0
812	7030	2	1.0
813	6479	2	1.0
814	7461	2	1.0
815	6291	2	1.0
816	6892	2	1.0
817	6477	2	1.0
818	7002	2	1.0
819	7604	2	1.0
820	7066	2	1.0
821	6410	2	1.0
822	6360	2	1.0
823	6714	2	1.0
824	7195	2	1.0
825	7590	2	1.0
826	6525	2	1.0
827	6286	2	1.0
828	6239	2	1.0
829	7646	2	1.0
830	6387	2	1.0
831	6591	2	1.0
832	7220	2	1.0
833	7099	2	1.0
834	7326	2	1.0
835	7519	2	1.0
836	7282	2	1.0
837	7163	2	1.0
838	6964	2	1.0
839	6247	2	1.0
840	6582	2	1.0
841	7330	2	1.0
842	7136	2	1.0
843	6832	2	1.0
844	7162	2	1.0
845	6574	2	1.0
846	6866	2	1.0
847	7513	2	1.0
848	7122	2	1.0
849	6500	2	1.0
850	7468	2	1.0
851	6217	2	1.0
852	7231	2	1.0
853	6269	2	1.0
854	7704	2	1.0
855	7651	2	1.0
856	7738	2	1.0
857	6792	2	1.0
858	6978	2	1.0
859	6719	2	1.0
860	6744	2	1.0
861	6901	2	1.0
862	7703	2	1.0
863	6999	2	1.0
864	6281	2	1.0
865	6884	2	1.0
866	7167	2	1.0
867	7527	2	1.0
868	7363	2	1.0
869	6770	2	1.0
870	6456	2	1.0
871	6803	2	1.0
872	7458	2	1.0
873	7473	2	1.0
874	6931	2	1.0
875	7433	2	1.0
876	6478	2	1.0
877	6398	2	1.0
878	6548	2	1.0
879	7419	2	1.0
880	7132	2	1.0
881	6936	2	1.0
882	6654	2	1.0
883	7653	2	1.0
884	7001	2	1.0
885	7002	2	1.0
886	7342	2	1.0
887	6903	2	1.0
888	6551	2	1.0
889	7605	2	1.0
890	6929	2	1.0
891	7570	2	1.0
892	7137	2	1.0
893	7213	2	1.0
894	6596	2	1.0
895	7679	2	1.0
896	6774	2	1.0
897	7272	2	1.0
898	7724	2	1.0
899	7157	2	1.0
900	6563	2	1.0
901	6861	2	1.0
902	7148	2	1.0
903	7585	2	1.0
904	6613	2	1.0
905	6774	2	1.0
906	6559	2	1.0
907	7220	2	1.0
908	6630	2	1.0
909	7117	2	1.0
910	6498	2	1.0
911	6253	2	1.0
912	7274	2	1.0
913	6232	2	1.0
914	7580	2	1.0
915	7206	2	1.0
916	6873	2	1.0
917	6506	2	1.0
918	7174	2	1.0
919	6571	2	1.0
920	6994	2	1.0
921	6509	2	1.0
922	6236	2	1.0
923	6244	2	1.0
924	6938	2	1.0
925	7450	2	1.0
926	7625	2	1.0
927	6421	2	1.0
928	6991	2	1.0
929	6888	2	1.0
930	6380	2	1.0
931	6995	2	1.0
932	6532	2	1.0
933	7281	2	1.0
934	6351	2	1.0
935	6630	2	1.0
936	6782	2	1.0
937	6523	2	1.0
938	7207	2	1.0
939	6351	2	1.0
940	6666	2	1.0
941	7559	2	1.0
942	6515	2	1.0
943	6800	2	1.0
944	7074	2	1.0
945	6232	2	1.0
946	7673	2	1.0
947	6858	2	1.0
948	7310	2	1.0
949	6385	2	1.0
950	7483	2	1.0
951	7219	2	1.0
952	7044	2	1.0
953	6420	2	1.0
954	7208	2	1.0
955	7491	2	1.0
956	7311	2	1.0
957	7464	2	1.0
958	6843	2	1.0
959	7545	2	1.0
960	7700	2	1.0
961	6534	2	1.0
962	6466	2	1.0
963	7503	2	1.0
964	7449	2	1.0
965	6800	2	1.0
966	6599	2	1.0
967	6694	2	1.0
968	6619	2	1.0
969	6185	2	1.0
970	7102	2	1.0
971	6792	2	1.0
972	7588	2	1.0
973	6694	2	1.0
974	6808	2	1.0
975	6177	2	1.0
976	7495	2	1.0
977	6287	2	1.0
978	6656	2	1.0
979	6297	2	1.0
980	7453	2	1.0
981	7208	2	1.0
982	7168	2	1.0
983	6694	2	1.0
984	6441	2	1.0
985	6514	2	1.0
986	7419	2	1.0
987	7201	2	1.0
988	7500	2	1.0
989	6600	2	1.0
990	6175	2	1.0
991	7582	2	1.0
992	6675	2	1.0
993	7652	2	1.0
994	7135	2	1.0
995	7174	2	1.0
996	6692	2	1.0
997	7355	2	1.0
998	6547	2	1.0
999	7672	2	1.0
1000	7233	2	1.0
1001	7742	2	1.0
1002	6512	2	1.0
1003	6804	2	1.0
1004	7008	2	1.0
1005	7314	2	1.0
1006	6659	2	1.0
1007	7089	2	1.0
1008	6907	2	1.0
1009	7631	2	1.0
1010	6444	2	1.0
1011	7464	2	1.0
1012	6543	2	1.0
1013	6813	2	1.0
1014	7551	2	1.0
1015	6320	2	1.0
1016	6215	2	1.0
1017	7553	2	1.0
1018	7416	2	1.0
1019	6693	2	1.0
1020	7618	2	1.0
1021	7343	2	1.0
1022	7535	2	1.0
1023	6207	2	1.0
1024	7574	2	1.0
1025	7402	2	1.0
1026	7679	2	1.0
1027	6507	2	1.0
1028	6619	2	1.0
1029	7414	2	1.0
1030	7440	2	1.0
1031	7410	2	1.0
1032	7005	2	1.0
1033	7024	2	1.0
1034	6749	2	1.0
1035	7159	2	1.0
1036	6270	2	1.0
1037	7125	2	1.0
1038	6531	2	1.0
1039	6638	2	1.0
1040	6731	2	1.0
1041	6959	2	1.0
1042	7368	2	1.0
1043	6905	2	1.0
1044	7085	2	1.0
1045	6194	2	1.0
1046	7575	2	1.0
1047	6552	2	1.0
1048	7272	2	1.0
1049	6369	2	1.0
1050	7581	2	1.0
1051	7155	2	1.0
1052	7576	2	1.0
1053	7751	2	1.0
1054	7191	2	1.0
1055	6704	2	1.0
1056	7288	2	1.0
1057	6733	2	1.0
1058	6264	2	1.0
1059	6763	2	1.0
1060	7736	2	1.0
1061	7656	2	1.0
1062	6460	2	1.0
1063	7017	2	1.0
1064	7286	2	1.0
1065	7194	2	1.0
1066	6664	2	1.0
1067	7456	2	1.0
1068	7452	2	1.0
1069	6623	2	1.0
1070	6834	2	1.0
1071	6711	2	1.0
1072	6644	2	1.0
1073	7419	2	1.0
1074	6359	2	1.0
1075	7709	2	1.0
1076	6486	2	1.0
1077	7026	2	1.0
1078	6407	2	1.0
1079	6874	2	1.0
1080	7555	2	1.0
1081	6632	2	1.0
1082	7506	2	1.0
1083	6407	2	1.0
1084	6550	2	1.0
1085	7335	2	1.0
1086	7485	2	1.0
1087	7013	2	1.0
1088	7410	2	1.0
1089	6567	2	1.0
1090	7424	2	1.0
1091	6344	2	1.0
1092	7147	2	1.0
1093	7387	2	1.0
1094	6896	2	1.0
1095	6528	2	1.0
1096	7551	2	1.0
1097	7115	2	1.0
1098	7747	2	1.0
1099	7746	2	1.0
1100	7124	2	1.0
1101	6872	2	1.0
1102	7539	2	1.0
1103	6921	2	1.0
1104	6311	2	1.0
1105	6491	2	1.0
1106	7302	2	1.0
1107	7502	2	1.0
1108	6936	2	1.0
1109	7175	2	1.0
1110	7089	2	1.0
1111	7599	2	1.0
1112	7418	2	1.0
1113	6419	2	1.0
1114	7530	2	1.0
1115	7718	2	1.0
1116	6868	2	1.0
1117	7326	2	1.0
1118	6634	2	1.0
1119	7490	2	1.0
1120	6684	2	1.0
1121	7321	2	1.0
1122	6754	2	1.0
1123	7562	2	1.0
1124	7690	2	1.0
1125	7732	2	1.0
1126	6446	2	1.0
1127	6985	2	1.0
1128	7131	2	1.0
1129	6384	2	1.0
1130	6409	2	1.0
1131	7359	2	1.0
1132	6645	2	1.0
1133	6692	2	1.0
1134	6901	2	1.0
1135	7360	2	1.0
1136	6276	2	1.0
1137	6664	2	1.0
1138	6727	2	1.0
1139	6487	2	1.0
1140	7517	2	1.0
1141	6947	2	1.0
1142	7617	2	1.0
1143	7403	2	1.0
1144	7734	2	1.0
1145	6404	2	1.0
1146	7753	2	1.0
1147	6764	2	1.0
1148	7555	2	1.0
1149	6786	2	1.0
1150	6189	2	1.0
1151	6647	2	1.0
1152	6720	2	1.0
1153	7374	2	1.0
1154	6426	2	1.0
1155	6663	2	1.0
1156	6522	2	1.0
1157	7534	2	1.0
1158	7242	2	1.0
1159	6928	2	1.0
1160	7192	2	1.0
1161	7070	2	1.0
1162	6814	2	1.0
1163	7469	2	1.0
1164	6463	2	1.0
1165	6824	2	1.0
1166	6415	2	1.0
1167	6602	2	1.0
1168	6718	2	1.0
1169	6314	2	1.0
1170	7369	2	1.0
1171	7303	2	1.0
1172	7404	2	1.0
1173	6510	2	1.0
1174	6812	2	1.0
1175	7017	2	1.0
1176	7568	2	1.0
1177	7247	2	1.0
1178	6660	2	1.0
1179	6662	2	1.0
1180	7158	2	1.0
1181	7443	2	1.0
1182	6625	2	1.0
1183	6839	2	1.0
1184	7572	2	1.0
1185	6734	2	1.0
1186	7628	2	1.0
1187	6308	2	1.0
1188	6983	2	1.0
1189	7405	2	1.0
1190	7177	2	1.0
1191	6354	2	1.0
1192	6867	2	1.0
1193	6708	2	1.0
1194	6218	2	1.0
1195	6569	2	1.0
1196	7212	2	1.0
1197	6901	2	1.0
1198	6284	2	1.0
1199	7579	2	1.0
1200	6402	2	1.0
1201	6881	2	1.0
1202	6546	2	1.0
1203	7026	2	1.0
1204	7204	2	1.0
1205	6304	2	1.0
1206	6621	2	1.0
1207	6308	2	1.0
1208	7097	2	1.0
1209	6340	2	1.0
1210	6536	2	1.0
1211	7409	2	1.0
1212	6694	2	1.0
1213	6805	2	1.0
1214	7265	2	1.0
1215	7604	2	1.0
1216	6916	2	1.0
1217	6560	2	1.0
1218	7520	2	1.0
1219	6277	2	1.0
1220	7740	2	1.0
1221	7381	2	1.0
1222	6835	2	1.0
1223	7337	2	1.0
1224	7197	2	1.0
1225	6462	2	1.0
1226	6755	2	1.0
1227	6327	2	1.0
1228	7314	2	1.0
1229	7176	2	1.0
1230	6872	2	1.0
1231	6607	2	1.0
1232	6310	2	1.0
1233	6776	2	1.0
1234	7720	2	1.0
1235	7018	2	1.0
1236	6611	2	1.0
1237	6535	2	1.0
1238	6576	2	1.0
1239	7259	2	1.0
1240	7417	2	1.0
1241	7239	2	1.0
1242	7152	2	1.0
1243	6801	2	1.0
1244	7304	2	1.0
1245	7571	2	1.0
1246	6323	2	1.0
1247	6847	2	1.0
1248	7731	2	1.0
1249	7233	2	1.0
1250	6586	2	1.0
1251	7314	2	1.0
1252	7693	2	1.0
1253	7336	2	1.0
1254	7098	2	1.0
1255	7017	2	1.0
1256	7560	2	1.0
1257	6856	2	1.0
1258	6606	2	1.0
1259	6309	2	1.0
1260	7208	2	1.0
1261	6823	2	1.0
1262	6830	2	1.0
1263	7516	2	1.0
1264	7644	2	1.0
1265	7502	2	1.0
1266	7271	2	1.0
1267	6403	2	1.0
1268	6637	2	1.0
1269	7538	2	1.0
1270	7543	2	1.0
1271	7211	2	1.0
1272	6231	2	1.0
1273	7657	2	1.0
1274	7455	2	1.0
1275	6728	2	1.0
1276	7380	2	1.0
1277	7226	2	1.0
1278	6229	2	1.0
1279	6890	2	1.0
1280	7555	2	1.0
1281	7037	2	1.0
1282	6486	2	1.0
1283	6366	2	1.0
1284	7286	2	1.0
1285	6238	2	1.0
1286	7406	2	1.0
1287	6301	2	1.0
1288	7228	2	1.0
1289	6930	2	1.0
1290	7648	2	1.0
1291	6378	2	1.0
1292	7393	2	1.0
1293	6285	2	1.0
1294	6913	2	1.0
1295	7141	2	1.0
1296	7086	2	1.0
1297	6188	2	1.0
1298	6976	2	1.0
1299	7230	2	1.0
1300	7329	2	1.0
1301	7164	2	1.0
1302	7371	2	1.0
1303	6599	2	1.0
1304	7267	2	1.0
1305	6470	2	1.0
1306	7275	2	1.0
1307	7364	2	1.0
1308	7005	2	1.0
1309	7407	2	1.0
1310	7254	2	1.0
1311	6317	2	1.0
1312	6654	2	1.0
1313	7551	2	1.0
1314	7739	2	1.0
1315	6376	2	1.0
1316	7423	2	1.0
1317	7100	2	1.0
1318	6716	2	1.0
1319	7217	2	1.0
1320	6558	2	1.0
1321	6460	2	1.0
1322	6312	2	1.0
1323	6368	2	1.0
1324	7069	2	1.0
1325	6909	2	1.0
1326	7727	2	1.0
1327	6566	2	1.0
1328	7410	2	1.0
1329	7739	2	1.0
1330	7630	2	1.0
1331	6450	2	1.0
1332	6450	2	1.0
1333	7716	2	1.0
1334	6890	2	1.0
1335	6780	2	1.0
1336	6743	2	1.0
1337	7204	2	1.0
1338	7465	2	1.0
1339	6219	2	1.0
1340	6321	2	1.0
1341	6225	2	1.0
1342	7587	2	1.0
1343	7286	2	1.0
1344	6407	2	1.0
1345	6819	2	1.0
1346	6880	2	1.0
1347	7223	2	1.0
1348	7017	2	1.0
1349	6650	2	1.0
1350	7238	2	1.0
1351	7128	2	1.0
1352	7217	2	1.0
1353	7060	2	1.0
1354	6502	2	1.0
1355	7563	2	1.0
1356	7392	2	1.0
1357	7447	2	1.0
1358	7006	2	1.0
1359	6945	2	1.0
1360	6520	2	1.0
1361	6284	2	1.0
1362	7501	2	1.0
1363	6257	2	1.0
1364	6458	2	1.0
1365	6609	2	1.0
1366	6854	2	1.0
1367	7573	2	1.0
1368	6981	2	1.0
1369	7499	2	1.0
1370	6963	2	1.0
1371	7702	2	1.0
1372	6206	2	1.0
1373	7333	2	1.0
1374	7479	2	1.0
1375	6722	2	1.0
1376	6570	2	1.0
1377	7114	2	1.0
1378	6353	2	1.0
1379	7642	2	1.0
1380	6634	2	1.0
1381	7548	2	1.0
1382	7694	2	1.0
1383	7413	2	1.0
1384	6196	2	1.0
1385	6665	2	1.0
1386	6411	2	1.0
1387	6246	2	1.0
1388	7344	2	1.0
1389	7701	2	1.0
1390	6451	2	1.0
1391	7260	2	1.0
1392	6802	2	1.0
1393	6902	2	1.0
1394	7326	2	1.0
1395	6846	2	1.0
1396	7009	2	1.0
1397	6604	2	1.0
1398	6201	2	1.0
1399	7181	2	1.0
1400	7502	2	1.0
1401	7399	2	1.0
1402	6634	2	1.0
1403	6748	2	1.0
1404	7190	2	1.0
1405	6570	2	1.0
1406	6303	2	1.0
1407	6961	2	1.0
1408	7503	2	1.0
1409	7078	2	1.0
1410	7497	2	1.0
1411	6248	2	1.0
1412	7441	2	1.0
1413	6191	2	1.0
1414	6182	2	1.0
1415	6251	2	1.0
1416	7713	2	1.0
1417	6227	2	1.0
1418	6280	2	1.0
1419	6806	2	1.0
1420	7685	2	1.0
1421	7127	2	1.0
1422	6474	2	1.0
1423	7164	2	1.0
1424	6744	2	1.0
1425	6575	2	1.0
1426	6418	2	1.0
1427	6453	2	1.0
1428	6610	2	1.0
1429	6971	2	1.0
1430	7249	2	1.0
1431	6979	2	1.0
1432	7625	2	1.0
1433	6317	2	1.0
1434	6205	2	1.0
1435	7117	2	1.0
1436	6828	2	1.0
1437	6595	2	1.0
1438	7049	2	1.0
1439	7472	2	1.0
1440	6882	2	1.0
1441	7161	2	1.0
1442	6956	2	1.0
1443	7223	2	1.0
1444	6885	2	1.0
1445	6892	2	1.0
1446	6694	2	1.0
1447	6622	2	1.0
1448	6478	2	1.0
1449	7555	2	1.0
1450	7027	2	1.0
1451	7194	2	1.0
1452	7743	2	1.0
1453	6774	2	1.0
1454	6517	2	1.0
1455	7399	2	1.0
1456	7610	2	1.0
1457	6383	2	1.0
1458	7033	2	1.0
1459	6508	2	1.0
1460	7300	2	1.0
1461	6219	2	1.0
1462	6312	2	1.0
1463	7209	2	1.0
1464	7202	2	1.0
1465	6299	2	1.0
1466	7399	2	1.0
1467	7557	2	1.0
1468	6517	2	1.0
1469	6721	2	1.0
1470	7277	2	1.0
1471	7410	2	1.0
1472	6408	2	1.0
1473	6546	2	1.0
1474	7202	2	1.0
1475	7296	2	1.0
1476	6530	2	1.0
1477	6454	2	1.0
1478	7340	2	1.0
1479	7231	2	1.0
1480	7272	2	1.0
1481	7660	2	1.0
1482	7613	2	1.0
1483	6845	2	1.0
1484	6488	2	1.0
1485	6965	2	1.0
1486	7278	2	1.0
1487	6648	2	1.0
1488	7648	2	1.0
1489	6658	2	1.0
1490	7017	2	1.0
1491	6378	2	1.0
1492	6513	2	1.0
1493	6797	2	1.0
1494	6584	2	1.0
1495	7151	2	1.0
1496	7188	2	1.0
1497	6233	2	1.0
1498	7722	2	1.0
1499	7063	2	1.0
1500	6324	2	1.0
1501	7632	2	1.0
1502	7480	2	1.0
1503	7104	2	1.0
1504	6986	2	1.0
1505	6794	2	1.0
1506	7741	2	1.0
1507	6428	2	1.0
1508	7354	2	1.0
1509	7039	2	1.0
1510	6618	2	1.0
1511	7103	2	1.0
1512	6522	2	1.0
1513	6440	2	1.0
1514	7186	2	1.0
1515	7292	2	1.0
1516	6483	2	1.0
1517	7237	2	1.0
1518	7002	2	1.0
1519	6339	2	1.0
1520	6391	2	1.0
1521	7711	2	1.0
1522	6622	2	1.0
1523	6738	2	1.0
1524	7594	2	1.0
1525	7197	2	1.0
1526	7057	2	1.0
1527	6702	2	1.0
1528	6436	2	1.0
1529	6312	2	1.0
1530	7164	2	1.0
1531	7372	2	1.0
1532	7695	2	1.0
1533	7627	2	1.0
1534	6882	2	1.0
1535	6216	2	1.0
1536	7694	2	1.0
1537	7164	2	1.0
1538	7317	2	1.0
1539	6774	2	1.0
1540	6626	2	1.0
1541	7379	2	1.0
1542	6705	2	1.0
1543	7556	2	1.0
1544	7204	2	1.0
1545	7655	2	1.0
1546	6549	2	1.0
1547	7134	2	1.0
1548	7062	2	1.0
1549	6693	2	1.0
1550	7746	2	1.0
1551	7410	2	1.0
1552	7754	2	1.0
1553	6221	2	1.0
1554	6220	2	1.0
1555	7509	2	1.0
1556	6757	2	1.0
1557	6739	2	1.0
1558	6784	2	1.0
1559	7381	2	1.0
1560	7044	2	1.0
1561	7629	2	1.0
1562	7385	2	1.0
1563	7178	2	1.0
1564	6767	2	1.0
1565	6213	2	1.0
1566	6772	2	1.0
1567	6897	2	1.0
1568	6298	2	1.0
1569	7555	2	1.0
1570	7435	2	1.0
1571	7219	2	1.0
1572	7749	2	1.0
1573	7534	2	1.0
1574	6545	2	1.0
1575	6665	2	1.0
1576	6367	2	1.0
1577	7636	2	1.0
1578	6665	2	1.0
1579	7111	2	1.0
1580	6837	2	1.0
1581	7730	2	1.0
1582	6750	2	1.0
1583	7188	2	1.0
1584	6917	2	1.0
1585	7608	2	1.0
1586	7544	2	1.0
1587	6707	2	1.0
1588	7425	2	1.0
1589	6921	2	1.0
1590	7735	2	1.0
1591	7045	2	1.0
1592	7347	2	1.0
1593	7444	2	1.0
1594	7296	2	1.0
1595	6461	2	1.0
1596	6259	2	1.0
1597	7612	2	1.0
1598	7183	2	1.0
1599	7739	2	1.0
1600	7739	2	1.0
1601	7451	2	1.0
1602	6662	2	1.0
1603	6389	2	1.0
1604	7558	2	1.0
1605	7025	2	1.0
1606	6393	2	1.0
1607	6616	2	1.0
1608	6211	2	1.0
1609	7454	2	1.0
1610	6746	2	1.0
1611	7597	2	1.0
1612	6392	2	1.0
1613	7535	2	1.0
1614	7410	2	1.0
1615	6204	2	1.0
1616	6374	2	1.0
1617	6577	2	1.0
1618	6529	2	1.0
1619	7013	2	1.0
1620	6717	2	1.0
1621	7232	2	1.0
1622	7160	2	1.0
1623	6853	2	1.0
1624	6492	2	1.0
1625	6836	2	1.0
1626	7588	2	1.0
1627	7002	2	1.0
1628	6872	2	1.0
1629	6267	2	1.0
1630	7109	2	1.0
1631	6996	2	1.0
1632	6319	2	1.0
1633	6845	2	1.0
1634	6725	2	1.0
1635	7081	2	1.0
1636	6499	2	1.0
1637	7235	2	1.0
1638	7041	2	1.0
1639	7032	2	1.0
1640	7180	2	1.0
1641	6726	2	1.0
1642	7534	2	1.0
1643	7471	2	1.0
1644	6962	2	1.0
1645	6481	2	1.0
1646	7408	2	1.0
1647	7279	2	1.0
1648	6729	2	1.0
1649	7050	2	1.0
1650	6355	2	1.0
1651	6174	2	1.0
1652	7349	2	1.0
1653	7377	2	1.0
1654	6904	2	1.0
1655	6427	2	1.0
1656	6397	2	1.0
1657	7739	2	1.0
1658	6818	2	1.0
1659	7289	2	1.0
1660	6764	2	1.0
1661	6930	2	1.0
1662	6328	2	1.0
1663	7306	2	1.0
1664	7350	2	1.0
1665	6764	2	1.0
1666	7409	2	1.0
1667	7606	2	1.0
1668	7515	2	1.0
1669	6539	2	1.0
1670	7634	2	1.0
1671	7197	2	1.0
1672	7732	2	1.0
1673	7463	2	1.0
1674	7397	2	1.0
1675	6827	2	1.0
1676	7294	2	1.0
1677	7025	2	1.0
1678	7391	2	1.0
1679	6891	2	1.0
1680	6760	2	1.0
1681	6476	2	1.0
1682	7504	2	1.0
1683	6577	2	1.0
1684	7558	2	1.0
1685	6365	2	1.0
1686	6294	2	1.0
1687	6742	2	1.0
1688	7093	2	1.0
1689	7688	2	1.0
1690	7698	2	1.0
1691	7240	2	1.0
1692	6942	2	1.0
1693	7022	2	1.0
1694	7399	2	1.0
1695	7234	2	1.0
1696	7705	2	1.0
1697	6430	2	1.0
1698	7663	2	1.0
1699	7083	2	1.0
1700	7297	2	1.0
1701	6742	2	1.0
1702	7645	2	1.0
1703	7116	2	1.0
1704	7317	2	1.0
1705	7426	2	1.0
1706	7496	2	1.0
1707	6622	2	1.0
1708	6634	2	1.0
1709	6329	2	1.0
1710	6489	2	1.0
1711	6511	2	1.0
1712	7245	2	1.0
1713	6603	2	1.0
1714	6619	2	1.0
1715	6631	2	1.0
1716	6179	2	1.0
1717	7748	2	1.0
1718	6186	2	1.0
1719	7257	2	1.0
1720	6622	2	1.0
1721	7045	2	1.0
1722	7278	2	1.0
1723	6382	2	1.0
1724	7743	2	1.0
1725	6908	2	1.0
1726	6277	2	1.0
1727	7699	2	1.0
1728	6208	2	1.0
1729	6605	2	1.0
1730	7388	2	1.0
1731	7092	2	1.0
1732	7465	2	1.0
1733	6715	2	1.0
1734	6502	2	1.0
1735	7549	2	1.0
1736	6820	2	1.0
1737	7361	2	1.0
1738	6180	2	1.0
1739	6381	2	1.0
1740	7322	2	1.0
1741	6352	2	1.0
1742	7112	2	1.0
1743	6178	2	1.0
1744	6736	2	1.0
1745	6901	2	1.0
1746	6781	2	1.0
1747	6753	2	1.0
1748	7434	2	1.0
1749	6668	2	1.0
1750	6516	2	1.0
1751	6490	2	1.0
1752	7246	2	1.0
1753	6624	2	1.0
1754	7641	2	1.0
1755	6410	2	1.0
1756	7607	2	1.0
1757	7482	2	1.0
1758	7084	2	1.0
1759	7750	2	1.0
1760	6212	2	1.0
1761	7061	2	1.0
1762	6696	2	1.0
1763	7625	2	1.0
1764	7577	2	1.0
1765	6701	2	1.0
1766	7396	2	1.0
1767	6326	2	1.0
1768	6709	2	1.0
1769	7492	2	1.0
1770	7307	2	1.0
1771	6935	2	1.0
1772	6272	2	1.0
1773	6440	2	1.0
1774	6219	2	1.0
1775	6312	2	1.0
1776	7745	2	1.0
1777	6882	2	1.0
1778	7555	2	1.0
1779	7588	2	1.0
1780	6803	2	1.0
1781	6676	2	1.0
1782	6422	2	1.0
1783	7514	2	1.0
1784	7231	2	1.0
1785	7004	2	1.0
1786	6219	2	1.0
1787	7313	2	1.0
1788	6788	2	1.0
1789	6494	2	1.0
1790	7363	2	1.0
1791	7710	2	1.0
1792	6255	2	1.0
1793	7586	2	1.0
1794	7035	2	1.0
1795	6765	2	1.0
1796	7048	2	1.0
1797	7659	2	1.0
1798	6495	2	1.0
1799	6181	2	1.0
1800	7177	2	1.0
1801	6335	2	1.0
1802	7427	2	1.0
1803	7290	2	1.0
1804	7431	2	1.0
1805	7534	2	1.0
1806	6817	2	1.0
1807	6695	2	1.0
1808	7389	2	1.0
1809	6640	2	1.0
1810	7153	2	1.0
1811	7177	2	1.0
1812	6863	2	1.0
1813	7541	2	1.0
1814	6555	2	1.0
1815	6884	2	1.0
1816	7236	2	1.0
1817	7673	2	1.0
1818	7135	2	1.0
1819	7612	2	1.0
1820	6710	2	1.0
1821	6825	2	1.0
1822	7601	2	1.0
1823	6538	2	1.0
1824	6561	2	1.0
1825	7481	2	1.0
1826	7442	2	1.0
1827	6223	2	1.0
1828	6243	2	1.0
1829	6289	2	1.0
1830	6238	2	1.0
1831	6327	2	1.0
1832	6800	2	1.0
1833	6438	2	1.0
1834	7525	2	1.0
1835	6674	2	1.0
1836	6433	2	1.0
1837	6786	2	1.0
1838	7272	2	1.0
1839	7326	2	1.0
1840	6681	2	1.0
1841	6546	2	1.0
1842	7430	2	1.0
1843	7101	2	1.0
1844	7401	2	1.0
1845	7020	2	1.0
1846	7164	2	1.0
1847	7678	2	1.0
1848	6502	2	1.0
1849	6614	2	1.0
1850	6979	2	1.0
1851	6958	2	1.0
1852	6670	2	1.0
1853	7511	2	1.0
1854	6680	2	1.0
1855	7216	2	1.0
1856	6573	2	1.0
1857	7337	2	1.0
1858	7470	2	1.0
1859	6690	2	1.0
1860	6260	2	1.0
1861	6914	2	1.0
1862	7268	2	1.0
1863	6887	2	1.0
1864	7269	2	1.0
1865	6464	2	1.0
1866	6439	2	1.0
1867	6288	2	1.0
1868	6593	2	1.0
1869	6295	2	1.0
1870	6699	2	1.0
1871	6488	2	1.0
1872	6173	2	1.0
1873	6348	2	1.0
1874	6627	2	1.0
1875	6228	2	1.0
1876	7707	2	1.0
1877	6987	2	1.0
1878	6497	2	1.0
1879	7382	2	1.0
1880	7439	2	1.0
1881	6694	2	1.0
1882	7139	2	1.0
1883	7076	2	1.0
1884	6386	2	1.0
1885	7011	2	1.0
1886	7229	2	1.0
1887	7561	2	1.0
1888	7203	2	1.0
1889	6447	2	1.0
1890	6826	2	1.0
1891	6975	2	1.0
1892	6939	2	1.0
1893	6478	2	1.0
1894	7376	2	1.0
1895	6226	2	1.0
1896	7415	2	1.0
1897	6577	2	1.0
1898	6984	2	1.0
1899	6443	2	1.0
1900	6521	2	1.0
1901	6788	2	1.0
1902	7140	2	1.0
1903	7486	2	1.0
1904	7378	2	1.0
1905	6761	2	1.0
1906	6382	2	1.0
1907	7394	2	1.0
1908	6362	2	1.0
1909	7110	2	1.0
1910	7667	2	1.0
1911	6790	2	1.0
1912	7054	2	1.0
1913	7395	2	1.0
1914	7304	2	1.0
1915	7267	2	1.0
1916	6274	2	1.0
1917	7648	2	1.0
1918	7695	2	1.0
1919	7343	2	1.0
1920	6653	2	1.0
1921	6469	2	1.0
1922	6944	2	1.0
1923	7461	2	1.0
1924	7170	2	1.0
1925	6375	2	1.0
1926	7533	2	1.0
1927	7668	2	1.0
1928	7488	2	1.0
1929	6661	2	1.0
1930	7146	2	1.0
1931	6425	2	1.0
1932	7062	2	1.0
1933	6518	2	1.0
1934	6300	2	1.0
1935	7253	2	1.0
1936	7283	2	1.0
1937	7580	2	1.0
1938	6949	2	1.0
1939	7176	2	1.0
1940	6371	2	1.0
1941	6581	2	1.0
1942	7337	2	1.0
1943	7487	2	1.0
1944	6829	2	1.0
1945	6412	2	1.0
1946	6698	2	1.0
1947	7676	2	1.0
1948	6254	2	1.0
1949	7123	2	1.0
1950	6892	2	1.0
1951	6917	2	1.0
1952	7523	2	1.0
1953	7412	2	1.0
1954	7040	2	1.0
1955	7624	2	1.0
1956	7409	2	1.0
1957	6230	2	1.0
1958	6315	2	1.0
1959	6211	2	1.0
1960	7291	2	1.0
1961	6393	2	1.0
1962	7149	2	1.0
1963	7658	2	1.0
1964	6338	2	1.0
1965	7034	2	1.0
1966	7546	2	1.0
1967	6683	2	1.0
1968	7034	2	1.0
1969	7197	2	1.0
1970	6751	2	1.0
1971	7239	2	1.0
1972	6594	2	1.0
1973	7252	2	1.0
1974	7577	2	1.0
1975	6862	2	1.0
1976	6190	2	1.0
1977	7650	2	1.0
1978	6972	2	1.0
1979	7362	2	1.0
1980	7635	2	1.0
1981	6362	2	1.0
1982	6214	2	1.0
1983	6639	2	1.0
1984	6940	2	1.0
1985	7552	2	1.0
1986	6209	2	1.0
1987	6705	2	1.0
1988	7100	2	1.0
1989	6242	2	1.0
1990	7281	2	1.0
1991	7185	2	1.0
1992	6667	2	1.0
1993	7605	2	1.0
1994	6608	2	1.0
1995	7714	2	1.0
1996	6973	2	1.0
1997	6373	2	1.0
1998	7183	2	1.0
1999	7157	2	1.0
2000	7309	2	1.0
2001	6202	2	1.0
2002	6703	2	1.0
2003	7073	2	1.0
2004	7156	2	1.0
2005	7072	2	1.0
2006	7722	2	1.0
2007	6992	2	1.0
2008	6589	2	1.0
2009	6793	2	1.0
2010	6831	2	1.0
2011	7616	2	1.0
2012	7405	2	1.0
2013	7593	2	1.0
2014	7144	2	1.0
2015	7664	2	1.0
2016	7569	2	1.0
2017	6268	2	1.0
2018	6372	2	1.0
2019	6735	2	1.0
2020	6449	2	1.0
2021	7498	2	1.0
2022	7548	2	1.0
2023	7308	2	1.0
2024	6622	2	1.0
2025	7744	2	1.0
2026	6649	2	1.0
2027	6689	2	1.0
2028	6446	2	1.0
2029	7334	2	1.0
2030	7258	2	1.0
2031	6996	2	1.0
2032	6996	2	1.0
2033	6592	2	1.0
2034	6811	2	1.0
2035	7200	2	1.0
2036	6839	2	1.0
2037	6568	2	1.0
2038	6282	2	1.0
2039	6967	2	1.0
2040	6879	2	1.0
2041	7305	2	1.0
2042	6833	2	1.0
2043	7755	2	1.0
2044	6747	2	1.0
2045	6442	2	1.0
2046	7017	2	1.0
2047	7272	2	1.0
2048	6998	2	1.0
2049	6972	2	1.0
2050	7107	2	1.0
2051	7213	2	1.0
2052	7358	2	1.0
2053	6468	2	1.0
2054	6583	2	1.0
2055	6307	2	1.0
2056	6683	2	1.0
2057	6556	2	1.0
2058	6225	2	1.0
2059	7187	2	1.0
2060	7314	2	1.0
2061	7077	2	1.0
2062	6823	2	1.0
2063	7367	2	1.0
2064	6429	2	1.0
2065	6791	2	1.0
2066	7661	2	1.0
2067	6799	2	1.0
2068	7142	2	1.0
2069	7026	2	1.0
2070	7712	2	1.0
2071	7752	2	1.0
2072	7271	2	1.0
2073	6783	2	1.0
2074	6925	2	1.0
2075	6192	2	1.0
2076	7404	2	1.0
2077	6662	2	1.0
2078	6552	2	1.0
2079	7529	2	1.0
2080	7080	2	1.0
2081	6501	2	1.0
2082	6279	2	1.0
2083	7663	2	1.0
2084	7540	2	1.0
2085	7588	2	1.0
2086	6183	2	1.0
2087	6804	2	1.0
2088	7071	2	1.0
2089	6364	2	1.0
2090	7108	2	1.0
2091	7415	2	1.0
2092	7244	2	1.0
2093	6775	2	1.0
2094	6361	2	1.0
2095	7384	2	1.0
2096	7536	2	1.0
2097	7094	2	1.0
2098	6240	2	1.0
2099	7555	2	1.0
2100	7270	2	1.0
2101	7216	2	1.0
2102	7166	2	1.0
2103	7000	2	1.0
2104	6646	2	1.0
2105	6873	2	1.0
2106	7460	2	1.0
2107	6587	2	1.0
2108	6305	2	1.0
2109	7493	2	1.0
2110	7751	2	1.0
2111	7088	2	1.0
2112	6505	2	1.0
2113	6505	2	1.0
2114	6654	2	1.0
2115	6811	2	1.0
2116	7248	2	1.0
2117	7250	2	1.0
2118	6211	2	1.0
2119	6713	2	1.0
2120	7457	2	1.0
2121	7327	2	1.0
2122	6759	2	1.0
2123	7043	2	1.0
2124	6564	2	1.0
2125	6900	2	1.0
2126	7301	2	1.0
2127	6486	2	1.0
2128	6966	2	1.0
2129	7243	2	1.0
2130	6336	2	1.0
2131	7240	2	1.0
2132	6333	2	1.0
2133	6862	2	1.0
2134	7706	2	1.0
2135	6475	2	1.0
2136	7218	2	1.0
2137	6570	2	1.0
2138	7145	2	1.0
2139	6357	2	1.0
2140	7055	2	1.0
2141	7614	2	1.0
2142	6473	2	1.0
2143	6377	2	1.0
2144	7096	2	1.0
2145	6502	2	1.0
2146	7012	2	1.0
2147	7028	2	1.0
2148	6330	2	1.0
2149	6235	2	1.0
2150	6290	2	1.0
2151	7017	2	1.0
2152	6762	2	1.0
2153	6235	2	1.0
2154	7255	2	1.0
2155	6492	2	1.0
2156	6588	2	1.0
2157	7685	2	1.0
2158	7410	2	1.0
2159	6950	2	1.0
2160	7675	2	1.0
2161	6211	2	1.0
2162	6332	2	1.0
2163	6804	2	1.0
2164	6848	2	1.0
2165	6911	2	1.0
2166	7287	2	1.0
2167	6752	2	1.0
2168	7600	2	1.0
2169	7623	2	1.0
2170	6275	2	1.0
2171	7532	2	1.0
2172	7453	2	1.0
2173	6262	2	1.0
2174	6570	2	1.0
2175	7521	2	1.0
2176	6296	2	1.0
2177	6471	2	1.0
6241	0	3	1.0
7015	1	3	1.0
7567	2	3	1.0
7567	750	3	1.0
6813	3	3	1.0
6813	1013	3	1.0
7014	4	3	1.0
6465	5	3	1.0
6967	6	3	1.0
6967	522	3	1.0
6967	2039	3	1.0
6203	7	3	1.0
6203	424	3	1.0
6472	8	3	1.0
7214	9	3	1.0
7717	10	3	1.0
6679	11	3	1.0
6934	12	3	1.0
6779	13	3	1.0
7522	14	3	1.0
6878	15	3	1.0
7684	16	3	1.0
7010	17	3	1.0
6755	18	3	1.0
6755	1226	3	1.0
6709	19	3	1.0
6709	1768	3	1.0
7121	20	3	1.0
7121	684	3	1.0
7558	21	3	1.0
7558	610	3	1.0
7558	1604	3	1.0
7558	1684	3	1.0
7459	22	3	1.0
7682	23	3	1.0
7682	118	3	1.0
7682	248	3	1.0
7682	378	3	1.0
7682	652	3	1.0
7429	24	3	1.0
6953	25	3	1.0
7537	26	3	1.0
7537	251	3	1.0
7537	394	3	1.0
7053	27	3	1.0
6349	28	3	1.0
6199	29	3	1.0
7466	30	3	1.0
7466	293	3	1.0
6346	31	3	1.0
7524	32	3	1.0
6232	33	3	1.0
6232	913	3	1.0
6232	945	3	1.0
6258	34	3	1.0
7180	35	3	1.0
7180	1640	3	1.0
6467	36	3	1.0
6467	139	3	1.0
7437	37	3	1.0
7437	63	3	1.0
7437	676	3	1.0
6785	38	3	1.0
6237	39	3	1.0
7554	40	3	1.0
7554	447	3	1.0
6480	41	3	1.0
7616	42	3	1.0
7616	311	3	1.0
7616	513	3	1.0
7616	2011	3	1.0
7422	43	3	1.0
7264	44	3	1.0
6415	45	3	1.0
6415	112	3	1.0
6415	1166	3	1.0
7319	46	3	1.0
7044	47	3	1.0
7044	952	3	1.0
7044	1560	3	1.0
7448	48	3	1.0
7059	49	3	1.0
7059	229	3	1.0
7514	50	3	1.0
7514	1783	3	1.0
7224	51	3	1.0
7689	52	3	1.0
7689	197	3	1.0
7621	53	3	1.0
7016	54	3	1.0
7617	55	3	1.0
7617	1142	3	1.0
6807	56	3	1.0
7027	57	3	1.0
7027	1450	3	1.0
6493	58	3	1.0
6895	59	3	1.0
7230	60	3	1.0
7230	1299	3	1.0
7126	61	3	1.0
7126	396	3	1.0
6278	62	3	1.0
6619	64	3	1.0
6619	430	3	1.0
6619	674	3	1.0
6619	968	3	1.0
6619	1028	3	1.0
6619	1714	3	1.0
6204	65	3	1.0
6204	1615	3	1.0
7739	66	3	1.0
7739	79	3	1.0
7739	105	3	1.0
7739	189	3	1.0
7739	196	3	1.0
7739	205	3	1.0
7739	282	3	1.0
7739	307	3	1.0
7739	325	3	1.0
7739	333	3	1.0
7739	553	3	1.0
7739	1314	3	1.0
7739	1329	3	1.0
7739	1599	3	1.0
7739	1600	3	1.0
7739	1657	3	1.0
7309	67	3	1.0
7309	2000	3	1.0
6308	68	3	1.0
6308	1187	3	1.0
6308	1207	3	1.0
6572	69	3	1.0
7420	70	3	1.0
7526	71	3	1.0
7227	72	3	1.0
6857	73	3	1.0
7404	74	3	1.0
7404	115	3	1.0
7404	1172	3	1.0
7404	2076	3	1.0
7135	75	3	1.0
7135	390	3	1.0
7135	653	3	1.0
7135	994	3	1.0
7135	1818	3	1.0
6331	76	3	1.0
7019	77	3	1.0
6478	78	3	1.0
6478	84	3	1.0
6478	212	3	1.0
6478	366	3	1.0
6478	876	3	1.0
6478	1448	3	1.0
6478	1893	3	1.0
7260	80	3	1.0
7260	274	3	1.0
7260	1391	3	1.0
6841	81	3	1.0
6286	82	3	1.0
6286	827	3	1.0
6737	83	3	1.0
6737	306	3	1.0
6390	85	3	1.0
6390	228	3	1.0
7213	86	3	1.0
7213	709	3	1.0
7213	893	3	1.0
7213	2051	3	1.0
7725	87	3	1.0
6871	88	3	1.0
6434	89	3	1.0
6250	90	3	1.0
6250	166	3	1.0
6250	232	3	1.0
6250	415	3	1.0
7433	91	3	1.0
7433	172	3	1.0
7433	414	3	1.0
7433	875	3	1.0
6821	92	3	1.0
6740	93	3	1.0
6185	94	3	1.0
6185	367	3	1.0
6185	969	3	1.0
7154	95	3	1.0
7184	96	3	1.0
7184	482	3	1.0
7630	97	3	1.0
7630	247	3	1.0
7630	700	3	1.0
7630	1330	3	1.0
6800	98	3	1.0
6800	535	3	1.0
6800	943	3	1.0
6800	965	3	1.0
6800	1832	3	1.0
7528	99	3	1.0
6696	100	3	1.0
6696	584	3	1.0
6696	665	3	1.0
6696	748	3	1.0
6696	1762	3	1.0
6700	101	3	1.0
7002	102	3	1.0
7002	818	3	1.0
7002	885	3	1.0
7002	1518	3	1.0
7002	1627	3	1.0
6351	103	3	1.0
6351	934	3	1.0
6351	939	3	1.0
6823	104	3	1.0
6823	689	3	1.0
6823	1261	3	1.0
6823	2062	3	1.0
6941	106	3	1.0
7182	107	3	1.0
7182	338	3	1.0
7182	792	3	1.0
7221	108	3	1.0
6448	109	3	1.0
6686	110	3	1.0
6686	345	3	1.0
7038	111	3	1.0
6401	113	3	1.0
6915	114	3	1.0
7463	116	3	1.0
7463	1673	3	1.0
6685	117	3	1.0
6685	786	3	1.0
6504	119	3	1.0
6923	120	3	1.0
6431	121	3	1.0
7615	122	3	1.0
7741	123	3	1.0
7741	1506	3	1.0
6983	124	3	1.0
6983	422	3	1.0
6983	1188	3	1.0
6337	125	3	1.0
7143	126	3	1.0
6763	127	3	1.0
6763	1059	3	1.0
6657	128	3	1.0
7087	129	3	1.0
6217	130	3	1.0
6217	532	3	1.0
6217	851	3	1.0
6803	131	3	1.0
6803	871	3	1.0
6803	1780	3	1.0
7743	132	3	1.0
7743	547	3	1.0
7743	576	3	1.0
7743	1452	3	1.0
7743	1724	3	1.0
6889	133	3	1.0
7095	134	3	1.0
7095	679	3	1.0
7095	809	3	1.0
6858	135	3	1.0
6858	947	3	1.0
7189	136	3	1.0
6949	137	3	1.0
6949	1938	3	1.0
6883	138	3	1.0
7505	140	3	1.0
7275	141	3	1.0
7275	1306	3	1.0
6597	142	3	1.0
6395	143	3	1.0
6798	144	3	1.0
7205	145	3	1.0
7503	146	3	1.0
7503	618	3	1.0
7503	963	3	1.0
7503	1408	3	1.0
7677	147	3	1.0
6643	148	3	1.0
6263	149	3	1.0
7263	150	3	1.0
6550	151	3	1.0
6550	1084	3	1.0
7316	152	3	1.0
7316	465	3	1.0
7316	499	3	1.0
7547	153	3	1.0
6732	154	3	1.0
7716	155	3	1.0
7716	1333	3	1.0
7478	156	3	1.0
7478	669	3	1.0
6850	157	3	1.0
7253	158	3	1.0
7253	164	3	1.0
7253	411	3	1.0
7253	1935	3	1.0
6866	159	3	1.0
6866	846	3	1.0
6234	160	3	1.0
7406	161	3	1.0
7406	1286	3	1.0
6723	162	3	1.0
6723	241	3	1.0
7587	163	3	1.0
7587	1342	3	1.0
7286	165	3	1.0
7286	372	3	1.0
7286	1064	3	1.0
7286	1284	3	1.0
7286	1343	3	1.0
6964	167	3	1.0
6964	838	3	1.0
6861	168	3	1.0
6861	702	3	1.0
6861	901	3	1.0
7686	169	3	1.0
7686	571	3	1.0
7346	170	3	1.0
7346	506	3	1.0
7331	171	3	1.0
7548	173	3	1.0
7548	470	3	1.0
7548	570	3	1.0
7548	1381	3	1.0
7548	2022	3	1.0
7647	174	3	1.0
6347	175	3	1.0
7210	176	3	1.0
6518	177	3	1.0
6518	1933	3	1.0
7720	178	3	1.0
7720	680	3	1.0
7720	1234	3	1.0
6445	179	3	1.0
7320	180	3	1.0
6691	181	3	1.0
6912	182	3	1.0
6912	264	3	1.0
6905	183	3	1.0
6905	383	3	1.0
6905	1043	3	1.0
6400	184	3	1.0
6532	185	3	1.0
6532	932	3	1.0
7539	186	3	1.0
7539	1102	3	1.0
6569	187	3	1.0
6569	1195	3	1.0
6542	188	3	1.0
7332	190	3	1.0
6922	191	3	1.0
6922	462	3	1.0
7446	192	3	1.0
7446	555	3	1.0
7446	649	3	1.0
7339	193	3	1.0
6982	194	3	1.0
7266	195	3	1.0
6224	198	3	1.0
6417	199	3	1.0
6417	268	3	1.0
7398	200	3	1.0
6932	201	3	1.0
6932	540	3	1.0
7042	202	3	1.0
7476	203	3	1.0
6356	204	3	1.0
6183	206	3	1.0
6183	2086	3	1.0
7484	207	3	1.0
7484	349	3	1.0
7595	208	3	1.0
7003	209	3	1.0
6771	210	3	1.0
6771	557	3	1.0
6774	211	3	1.0
6774	284	3	1.0
6774	404	3	1.0
6774	896	3	1.0
6774	905	3	1.0
6774	1453	3	1.0
6774	1539	3	1.0
6842	213	3	1.0
6482	214	3	1.0
7691	215	3	1.0
6647	216	3	1.0
6647	1151	3	1.0
6229	217	3	1.0
6229	417	3	1.0
6229	1278	3	1.0
7047	218	3	1.0
7047	620	3	1.0
6974	219	3	1.0
7665	220	3	1.0
7665	327	3	1.0
6840	221	3	1.0
6277	222	3	1.0
6277	340	3	1.0
6277	467	3	1.0
6277	1219	3	1.0
6277	1726	3	1.0
7728	223	3	1.0
7715	224	3	1.0
6697	225	3	1.0
6772	226	3	1.0
6772	1566	3	1.0
7129	227	3	1.0
7596	230	3	1.0
7674	231	3	1.0
7674	483	3	1.0
7500	233	3	1.0
7500	988	3	1.0
7656	234	3	1.0
7656	1061	3	1.0
6741	235	3	1.0
6741	646	3	1.0
7683	236	3	1.0
7589	237	3	1.0
7589	498	3	1.0
6745	238	3	1.0
7642	239	3	1.0
7642	1379	3	1.0
7242	240	3	1.0
7242	1158	3	1.0
7169	242	3	1.0
7626	243	3	1.0
6711	244	3	1.0
6711	359	3	1.0
6711	1071	3	1.0
6824	245	3	1.0
6824	595	3	1.0
6824	1165	3	1.0
7569	246	3	1.0
7569	377	3	1.0
7569	526	3	1.0
7569	704	3	1.0
7569	2016	3	1.0
6673	249	3	1.0
6673	491	3	1.0
6787	250	3	1.0
7172	252	3	1.0
6284	253	3	1.0
6284	426	3	1.0
6284	1198	3	1.0
6284	1361	3	1.0
6849	254	3	1.0
7394	255	3	1.0
7394	1907	3	1.0
7179	256	3	1.0
6342	257	3	1.0
6777	258	3	1.0
6865	259	3	1.0
6492	260	3	1.0
6492	1624	3	1.0
6492	2155	3	1.0
6363	261	3	1.0
7428	262	3	1.0
6778	263	3	1.0
7150	265	3	1.0
6508	266	3	1.0
6508	591	3	1.0
6508	1459	3	1.0
6812	267	3	1.0
6812	1174	3	1.0
7421	269	3	1.0
7079	270	3	1.0
6537	271	3	1.0
6537	481	3	1.0
7271	272	3	1.0
7271	1266	3	1.0
7271	2072	3	1.0
7508	273	3	1.0
6960	275	3	1.0
7622	276	3	1.0
7622	431	3	1.0
7718	277	3	1.0
7718	1115	3	1.0
6675	278	3	1.0
6675	605	3	1.0
6675	992	3	1.0
6655	279	3	1.0
7351	280	3	1.0
6239	281	3	1.0
6239	456	3	1.0
6239	828	3	1.0
6578	283	3	1.0
6578	529	3	1.0
7315	285	3	1.0
7445	286	3	1.0
7191	287	3	1.0
7191	1054	3	1.0
6808	288	3	1.0
6808	974	3	1.0
6870	289	3	1.0
7323	290	3	1.0
7530	291	3	1.0
7530	1114	3	1.0
6538	292	3	1.0
6538	1823	3	1.0
7564	294	3	1.0
7564	405	3	1.0
6989	295	3	1.0
7117	296	3	1.0
7117	662	3	1.0
7117	909	3	1.0
7117	1435	3	1.0
6264	297	3	1.0
6264	1058	3	1.0
7654	298	3	1.0
7225	299	3	1.0
7225	382	3	1.0
6553	300	3	1.0
6358	301	3	1.0
7074	302	3	1.0
7074	944	3	1.0
6557	303	3	1.0
6345	304	3	1.0
6345	493	3	1.0
6200	305	3	1.0
7366	308	3	1.0
6526	309	3	1.0
7119	310	3	1.0
6864	312	3	1.0
6436	313	3	1.0
6436	1528	3	1.0
7474	314	3	1.0
7208	315	3	1.0
7208	474	3	1.0
7208	486	3	1.0
7208	954	3	1.0
7208	981	3	1.0
7208	1260	3	1.0
6517	316	3	1.0
6517	1454	3	1.0
6517	1468	3	1.0
7241	317	3	1.0
7285	318	3	1.0
7285	600	3	1.0
7285	636	3	1.0
7723	319	3	1.0
7133	320	3	1.0
7133	421	3	1.0
7643	321	3	1.0
7326	322	3	1.0
7326	834	3	1.0
7326	1117	3	1.0
7326	1394	3	1.0
7326	1839	3	1.0
7692	323	3	1.0
6693	324	3	1.0
6693	644	3	1.0
6693	1019	3	1.0
6693	1549	3	1.0
7138	326	3	1.0
7338	328	3	1.0
7531	329	3	1.0
7462	330	3	1.0
6510	331	3	1.0
6510	714	3	1.0
6510	1173	3	1.0
6990	332	3	1.0
7120	334	3	1.0
7120	517	3	1.0
6327	335	3	1.0
6327	1227	3	1.0
6327	1831	3	1.0
7171	336	3	1.0
6265	337	3	1.0
7021	339	3	1.0
6635	341	3	1.0
7357	342	3	1.0
6642	343	3	1.0
6724	344	3	1.0
6245	346	3	1.0
7670	347	3	1.0
7256	348	3	1.0
6485	350	3	1.0
6544	351	3	1.0
7562	352	3	1.0
7562	1123	3	1.0
6756	353	3	1.0
6970	354	3	1.0
6636	355	3	1.0
6669	356	3	1.0
7681	357	3	1.0
6968	358	3	1.0
6687	360	3	1.0
6287	361	3	1.0
6287	977	3	1.0
6672	362	3	1.0
7328	363	3	1.0
6423	364	3	1.0
6423	450	3	1.0
7046	365	3	1.0
7046	490	3	1.0
7046	800	3	1.0
6641	368	3	1.0
6869	369	3	1.0
6875	370	3	1.0
7697	371	3	1.0
6927	373	3	1.0
7609	374	3	1.0
7598	375	3	1.0
7064	376	3	1.0
7064	790	3	1.0
7380	379	3	1.0
7380	1276	3	1.0
6355	380	3	1.0
6355	1650	3	1.0
7356	381	3	1.0
7007	384	3	1.0
7721	385	3	1.0
6524	386	3	1.0
7419	387	3	1.0
7419	879	3	1.0
7419	986	3	1.0
7419	1073	3	1.0
6195	388	3	1.0
6620	389	3	1.0
7555	391	3	1.0
7555	556	3	1.0
7555	685	3	1.0
7555	733	3	1.0
7555	1080	3	1.0
7555	1148	3	1.0
7555	1280	3	1.0
7555	1449	3	1.0
7555	1569	3	1.0
7555	1778	3	1.0
7555	2099	3	1.0
6396	392	3	1.0
6396	525	3	1.0
6773	393	3	1.0
6580	395	3	1.0
6954	397	3	1.0
6965	398	3	1.0
6965	1485	3	1.0
7645	399	3	1.0
7645	1702	3	1.0
6525	400	3	1.0
6525	826	3	1.0
7669	401	3	1.0
7355	402	3	1.0
7355	997	3	1.0
7565	403	3	1.0
6768	406	3	1.0
7220	407	3	1.0
7220	622	3	1.0
7220	832	3	1.0
7220	907	3	1.0
6193	408	3	1.0
6432	409	3	1.0
6379	410	3	1.0
7004	412	3	1.0
7004	1785	3	1.0
6316	413	3	1.0
6937	416	3	1.0
7646	418	3	1.0
7646	829	3	1.0
7584	419	3	1.0
7584	436	3	1.0
7352	420	3	1.0
7284	423	3	1.0
6933	425	3	1.0
6730	427	3	1.0
6486	428	3	1.0
6486	1076	3	1.0
6486	1282	3	1.0
6486	2127	3	1.0
6959	429	3	1.0
6959	1041	3	1.0
7297	432	3	1.0
7297	1700	3	1.0
6479	433	3	1.0
6479	813	3	1.0
6405	434	3	1.0
6405	641	3	1.0
7619	435	3	1.0
6671	437	3	1.0
6565	438	3	1.0
6651	439	3	1.0
6802	440	3	1.0
6802	1392	3	1.0
6394	441	3	1.0
7360	442	3	1.0
7360	1135	3	1.0
6317	443	3	1.0
6317	1311	3	1.0
6317	1433	3	1.0
7029	444	3	1.0
6350	445	3	1.0
6210	446	3	1.0
7112	448	3	1.0
7112	1742	3	1.0
6908	449	3	1.0
6908	1725	3	1.0
7197	451	3	1.0
7197	1224	3	1.0
7197	1525	3	1.0
7197	1671	3	1.0
7197	1969	3	1.0
6452	452	3	1.0
6452	623	3	1.0
7056	453	3	1.0
6323	454	3	1.0
6323	1246	3	1.0
6911	455	3	1.0
6911	741	3	1.0
6911	2165	3	1.0
7273	457	3	1.0
6435	458	3	1.0
7113	459	3	1.0
6313	460	3	1.0
6844	461	3	1.0
7287	463	3	1.0
7287	2166	3	1.0
7461	464	3	1.0
7461	814	3	1.0
7461	1923	3	1.0
7295	466	3	1.0
7312	468	3	1.0
6855	469	3	1.0
7566	471	3	1.0
6918	472	3	1.0
6554	473	3	1.0
6554	738	3	1.0
6859	475	3	1.0
6252	476	3	1.0
6886	477	3	1.0
6906	478	3	1.0
6678	479	3	1.0
6810	480	3	1.0
6292	484	3	1.0
6769	485	3	1.0
6769	688	3	1.0
6876	487	3	1.0
6437	488	3	1.0
7115	489	3	1.0
7115	1097	3	1.0
6176	492	3	1.0
6601	494	3	1.0
6659	495	3	1.0
6659	1006	3	1.0
6809	496	3	1.0
7729	497	3	1.0
7729	770	3	1.0
7592	500	3	1.0
7199	501	3	1.0
7638	502	3	1.0
7638	503	3	1.0
7262	504	3	1.0
7662	505	3	1.0
7222	507	3	1.0
6256	508	3	1.0
7219	509	3	1.0
7219	698	3	1.0
7219	951	3	1.0
7219	1571	3	1.0
6919	510	3	1.0
6955	511	3	1.0
6283	512	3	1.0
7605	514	3	1.0
7605	889	3	1.0
7605	1993	3	1.0
7276	515	3	1.0
6628	516	3	1.0
6628	528	3	1.0
6406	518	3	1.0
6838	519	3	1.0
6343	520	3	1.0
7130	521	3	1.0
6952	523	3	1.0
6880	524	3	1.0
6880	1346	3	1.0
7215	527	3	1.0
7215	719	3	1.0
6757	530	3	1.0
6757	1556	3	1.0
6388	531	3	1.0
6598	533	3	1.0
7633	534	3	1.0
7118	536	3	1.0
7067	537	3	1.0
7408	538	3	1.0
7408	1646	3	1.0
7507	539	3	1.0
6322	541	3	1.0
7345	542	3	1.0
7737	543	3	1.0
6893	544	3	1.0
7708	545	3	1.0
7400	546	3	1.0
7261	548	3	1.0
6484	549	3	1.0
7512	550	3	1.0
7591	551	3	1.0
7591	760	3	1.0
6407	552	3	1.0
6407	1078	3	1.0
6407	1083	3	1.0
6407	1344	3	1.0
7489	554	3	1.0
6633	558	3	1.0
6943	559	3	1.0
6924	560	3	1.0
7293	561	3	1.0
7325	562	3	1.0
6378	563	3	1.0
6378	1291	3	1.0
6378	1491	3	1.0
6977	564	3	1.0
6977	746	3	1.0
6736	565	3	1.0
6736	1744	3	1.0
6370	566	3	1.0
7254	567	3	1.0
7254	1310	3	1.0
7603	568	3	1.0
6261	569	3	1.0
7051	572	3	1.0
7104	573	3	1.0
7104	1503	3	1.0
7036	574	3	1.0
6198	575	3	1.0
6414	577	3	1.0
7635	578	3	1.0
7635	1980	3	1.0
7065	579	3	1.0
7602	580	3	1.0
7392	581	3	1.0
7392	1356	3	1.0
7640	582	3	1.0
7383	583	3	1.0
6190	585	3	1.0
6190	1976	3	1.0
6789	586	3	1.0
7091	587	3	1.0
6860	588	3	1.0
6661	589	3	1.0
6661	1929	3	1.0
6459	590	3	1.0
7568	592	3	1.0
7568	1176	3	1.0
7005	593	3	1.0
7005	1032	3	1.0
7005	1308	3	1.0
6514	594	3	1.0
6514	985	3	1.0
6938	596	3	1.0
6938	924	3	1.0
7365	597	3	1.0
6348	598	3	1.0
6348	1873	3	1.0
6519	599	3	1.0
6184	601	3	1.0
7637	602	3	1.0
7467	603	3	1.0
7164	604	3	1.0
7164	1301	3	1.0
7164	1423	3	1.0
7164	1530	3	1.0
7164	1537	3	1.0
7164	1846	3	1.0
7432	606	3	1.0
6341	607	3	1.0
7280	608	3	1.0
7280	804	3	1.0
6877	609	3	1.0
6334	611	3	1.0
7390	612	3	1.0
6562	613	3	1.0
6688	614	3	1.0
6306	615	3	1.0
7550	616	3	1.0
7550	693	3	1.0
6303	617	3	1.0
6303	1406	3	1.0
6541	619	3	1.0
7353	621	3	1.0
7231	624	3	1.0
7231	852	3	1.0
7231	1479	3	1.0
7231	1784	3	1.0
6600	625	3	1.0
6600	989	3	1.0
7628	626	3	1.0
7628	1186	3	1.0
7726	627	3	1.0
7134	628	3	1.0
7134	1547	3	1.0
6910	629	3	1.0
6910	747	3	1.0
6187	630	3	1.0
7477	631	3	1.0
6677	632	3	1.0
7068	633	3	1.0
7386	634	3	1.0
6978	635	3	1.0
6978	858	3	1.0
6920	637	3	1.0
7090	638	3	1.0
6617	639	3	1.0
7494	640	3	1.0
6527	642	3	1.0
6590	643	3	1.0
7542	645	3	1.0
7348	647	3	1.0
6766	648	3	1.0
6766	811	3	1.0
7052	650	3	1.0
6652	651	3	1.0
6997	654	3	1.0
7571	655	3	1.0
7571	657	3	1.0
7571	1245	3	1.0
6533	656	3	1.0
6368	658	3	1.0
6368	1323	3	1.0
6894	659	3	1.0
6894	682	3	1.0
6416	660	3	1.0
6662	661	3	1.0
6662	1179	3	1.0
6662	1602	3	1.0
6662	2077	3	1.0
7106	663	3	1.0
7106	772	3	1.0
7202	664	3	1.0
7202	1464	3	1.0
7202	1474	3	1.0
7343	666	3	1.0
7343	1021	3	1.0
7343	1919	3	1.0
7017	667	3	1.0
7017	1063	3	1.0
7017	1175	3	1.0
7017	1255	3	1.0
7017	1348	3	1.0
7017	1490	3	1.0
7017	2046	3	1.0
7017	2151	3	1.0
6318	668	3	1.0
6993	670	3	1.0
6898	671	3	1.0
6682	672	3	1.0
6712	673	3	1.0
7495	675	3	1.0
7495	976	3	1.0
7058	677	3	1.0
6951	678	3	1.0
6424	681	3	1.0
7298	683	3	1.0
7583	686	3	1.0
7475	687	3	1.0
7438	690	3	1.0
7251	691	3	1.0
7680	692	3	1.0
7416	694	3	1.0
7416	1018	3	1.0
7620	695	3	1.0
6851	696	3	1.0
7666	697	3	1.0
7196	699	3	1.0
7324	701	3	1.0
6946	703	3	1.0
6579	705	3	1.0
6616	706	3	1.0
6616	1607	3	1.0
6822	707	3	1.0
7075	708	3	1.0
7671	710	3	1.0
7105	711	3	1.0
7639	712	3	1.0
6629	713	3	1.0
7518	715	3	1.0
6795	716	3	1.0
6520	717	3	1.0
6520	1360	3	1.0
6222	718	3	1.0
6586	720	3	1.0
6586	1250	3	1.0
7719	721	3	1.0
6455	722	3	1.0
6804	723	3	1.0
6804	1003	3	1.0
6804	2087	3	1.0
6804	2163	3	1.0
7082	724	3	1.0
6899	725	3	1.0
7341	726	3	1.0
7588	727	3	1.0
7588	972	3	1.0
7588	1626	3	1.0
7588	1779	3	1.0
7588	2085	3	1.0
7311	728	3	1.0
7311	956	3	1.0
7611	729	3	1.0
6706	730	3	1.0
7696	731	3	1.0
7649	732	3	1.0
7278	734	3	1.0
7278	1486	3	1.0
7278	1722	3	1.0
6399	735	3	1.0
6496	736	3	1.0
6585	737	3	1.0
6271	739	3	1.0
7373	740	3	1.0
7730	742	3	1.0
7730	1581	3	1.0
6540	743	3	1.0
7407	744	3	1.0
7407	1309	3	1.0
6321	745	3	1.0
6321	1340	3	1.0
6957	749	3	1.0
7699	751	3	1.0
7699	1727	3	1.0
6419	752	3	1.0
6419	1113	3	1.0
6926	753	3	1.0
6302	754	3	1.0
7375	755	3	1.0
6457	756	3	1.0
7165	757	3	1.0
6325	758	3	1.0
6413	759	3	1.0
6758	761	3	1.0
6197	762	3	1.0
6815	763	3	1.0
7370	764	3	1.0
7198	765	3	1.0
6273	766	3	1.0
7193	767	3	1.0
6969	768	3	1.0
6988	769	3	1.0
7023	771	3	1.0
7520	773	3	1.0
7520	1218	3	1.0
7173	774	3	1.0
7299	775	3	1.0
7436	776	3	1.0
6980	777	3	1.0
7314	778	3	1.0
7314	1005	3	1.0
7314	1228	3	1.0
7314	1251	3	1.0
7314	2060	3	1.0
6293	779	3	1.0
6692	780	3	1.0
6692	996	3	1.0
6692	1133	3	1.0
6796	781	3	1.0
7690	782	3	1.0
7690	1124	3	1.0
6852	783	3	1.0
6816	784	3	1.0
7733	785	3	1.0
6249	787	3	1.0
7578	788	3	1.0
7510	789	3	1.0
6963	791	3	1.0
6963	1370	3	1.0
7687	793	3	1.0
7557	794	3	1.0
7557	1467	3	1.0
7318	795	3	1.0
6793	796	3	1.0
6793	2009	3	1.0
7411	797	3	1.0
6503	798	3	1.0
6266	799	3	1.0
7031	801	3	1.0
7742	802	3	1.0
7742	1001	3	1.0
6615	803	3	1.0
7612	805	3	1.0
7612	1597	3	1.0
7612	1819	3	1.0
6948	806	3	1.0
6612	807	3	1.0
6604	808	3	1.0
6604	1397	3	1.0
7194	810	3	1.0
7194	1065	3	1.0
7194	1451	3	1.0
7030	812	3	1.0
6291	815	3	1.0
6892	816	3	1.0
6892	1445	3	1.0
6892	1950	3	1.0
6477	817	3	1.0
7604	819	3	1.0
7604	1215	3	1.0
7066	820	3	1.0
6410	821	3	1.0
6410	1755	3	1.0
6360	822	3	1.0
6714	823	3	1.0
7195	824	3	1.0
7590	825	3	1.0
6387	830	3	1.0
6591	831	3	1.0
7099	833	3	1.0
7519	835	3	1.0
7282	836	3	1.0
7163	837	3	1.0
6247	839	3	1.0
6582	840	3	1.0
7330	841	3	1.0
7136	842	3	1.0
6832	843	3	1.0
7162	844	3	1.0
6574	845	3	1.0
7513	847	3	1.0
7122	848	3	1.0
6500	849	3	1.0
7468	850	3	1.0
6269	853	3	1.0
7704	854	3	1.0
7651	855	3	1.0
7738	856	3	1.0
6792	857	3	1.0
6792	971	3	1.0
6719	859	3	1.0
6744	860	3	1.0
6744	1424	3	1.0
6901	861	3	1.0
6901	1134	3	1.0
6901	1197	3	1.0
6901	1745	3	1.0
7703	862	3	1.0
6999	863	3	1.0
6281	864	3	1.0
6884	865	3	1.0
6884	1815	3	1.0
7167	866	3	1.0
7527	867	3	1.0
7363	868	3	1.0
7363	1790	3	1.0
6770	869	3	1.0
6456	870	3	1.0
7458	872	3	1.0
7473	873	3	1.0
6931	874	3	1.0
6398	877	3	1.0
6548	878	3	1.0
7132	880	3	1.0
6936	881	3	1.0
6936	1108	3	1.0
6654	882	3	1.0
6654	1312	3	1.0
6654	2114	3	1.0
7653	883	3	1.0
7001	884	3	1.0
7342	886	3	1.0
6903	887	3	1.0
6551	888	3	1.0
6929	890	3	1.0
7570	891	3	1.0
7137	892	3	1.0
6596	894	3	1.0
7679	895	3	1.0
7679	1026	3	1.0
7272	897	3	1.0
7272	1048	3	1.0
7272	1480	3	1.0
7272	1838	3	1.0
7272	2047	3	1.0
7724	898	3	1.0
7157	899	3	1.0
7157	1999	3	1.0
6563	900	3	1.0
7148	902	3	1.0
7585	903	3	1.0
6613	904	3	1.0
6559	906	3	1.0
6630	908	3	1.0
6630	935	3	1.0
6498	910	3	1.0
6253	911	3	1.0
7274	912	3	1.0
7580	914	3	1.0
7580	1937	3	1.0
7206	915	3	1.0
6873	916	3	1.0
6873	2105	3	1.0
6506	917	3	1.0
7174	918	3	1.0
7174	995	3	1.0
6571	919	3	1.0
6994	920	3	1.0
6509	921	3	1.0
6236	922	3	1.0
6244	923	3	1.0
7450	925	3	1.0
7625	926	3	1.0
7625	1432	3	1.0
7625	1763	3	1.0
6421	927	3	1.0
6991	928	3	1.0
6888	929	3	1.0
6380	930	3	1.0
6995	931	3	1.0
7281	933	3	1.0
7281	1990	3	1.0
6782	936	3	1.0
6523	937	3	1.0
7207	938	3	1.0
6666	940	3	1.0
7559	941	3	1.0
6515	942	3	1.0
7673	946	3	1.0
7673	1817	3	1.0
7310	948	3	1.0
6385	949	3	1.0
7483	950	3	1.0
6420	953	3	1.0
7491	955	3	1.0
7464	957	3	1.0
7464	1011	3	1.0
6843	958	3	1.0
7545	959	3	1.0
7700	960	3	1.0
6534	961	3	1.0
6466	962	3	1.0
7449	964	3	1.0
6599	966	3	1.0
6599	1303	3	1.0
6694	967	3	1.0
6694	973	3	1.0
6694	983	3	1.0
6694	1212	3	1.0
6694	1446	3	1.0
6694	1881	3	1.0
7102	970	3	1.0
6177	975	3	1.0
6656	978	3	1.0
6297	979	3	1.0
7453	980	3	1.0
7453	2172	3	1.0
7168	982	3	1.0
6441	984	3	1.0
7201	987	3	1.0
6175	990	3	1.0
7582	991	3	1.0
7652	993	3	1.0
6547	998	3	1.0
7672	999	3	1.0
7233	1000	3	1.0
7233	1249	3	1.0
6512	1002	3	1.0
7008	1004	3	1.0
7089	1007	3	1.0
7089	1110	3	1.0
6907	1008	3	1.0
7631	1009	3	1.0
6444	1010	3	1.0
6543	1012	3	1.0
7551	1014	3	1.0
7551	1096	3	1.0
7551	1313	3	1.0
6320	1015	3	1.0
6215	1016	3	1.0
7553	1017	3	1.0
7618	1020	3	1.0
7535	1022	3	1.0
7535	1613	3	1.0
6207	1023	3	1.0
7574	1024	3	1.0
7402	1025	3	1.0
6507	1027	3	1.0
7414	1029	3	1.0
7440	1030	3	1.0
7410	1031	3	1.0
7410	1088	3	1.0
7410	1328	3	1.0
7410	1471	3	1.0
7410	1551	3	1.0
7410	1614	3	1.0
7410	2158	3	1.0
7024	1033	3	1.0
6749	1034	3	1.0
7159	1035	3	1.0
6270	1036	3	1.0
7125	1037	3	1.0
6531	1038	3	1.0
6638	1039	3	1.0
6731	1040	3	1.0
7368	1042	3	1.0
7085	1044	3	1.0
6194	1045	3	1.0
7575	1046	3	1.0
6552	1047	3	1.0
6552	2078	3	1.0
6369	1049	3	1.0
7581	1050	3	1.0
7155	1051	3	1.0
7576	1052	3	1.0
7751	1053	3	1.0
7751	2110	3	1.0
6704	1055	3	1.0
7288	1056	3	1.0
6733	1057	3	1.0
7736	1060	3	1.0
6460	1062	3	1.0
6460	1321	3	1.0
6664	1066	3	1.0
6664	1137	3	1.0
7456	1067	3	1.0
7452	1068	3	1.0
6623	1069	3	1.0
6834	1070	3	1.0
6644	1072	3	1.0
6359	1074	3	1.0
7709	1075	3	1.0
7026	1077	3	1.0
7026	1203	3	1.0
7026	2069	3	1.0
6874	1079	3	1.0
6632	1081	3	1.0
7506	1082	3	1.0
7335	1085	3	1.0
7485	1086	3	1.0
7013	1087	3	1.0
7013	1619	3	1.0
6567	1089	3	1.0
7424	1090	3	1.0
6344	1091	3	1.0
7147	1092	3	1.0
7387	1093	3	1.0
6896	1094	3	1.0
6528	1095	3	1.0
7747	1098	3	1.0
7746	1099	3	1.0
7746	1550	3	1.0
7124	1100	3	1.0
6872	1101	3	1.0
6872	1230	3	1.0
6872	1628	3	1.0
6921	1103	3	1.0
6921	1589	3	1.0
6311	1104	3	1.0
6491	1105	3	1.0
7302	1106	3	1.0
7502	1107	3	1.0
7502	1265	3	1.0
7502	1400	3	1.0
7175	1109	3	1.0
7599	1111	3	1.0
7418	1112	3	1.0
6868	1116	3	1.0
6634	1118	3	1.0
6634	1380	3	1.0
6634	1402	3	1.0
6634	1708	3	1.0
7490	1119	3	1.0
6684	1120	3	1.0
7321	1121	3	1.0
6754	1122	3	1.0
7732	1125	3	1.0
7732	1672	3	1.0
6446	1126	3	1.0
6446	2028	3	1.0
6985	1127	3	1.0
7131	1128	3	1.0
6384	1129	3	1.0
6409	1130	3	1.0
7359	1131	3	1.0
6645	1132	3	1.0
6276	1136	3	1.0
6727	1138	3	1.0
6487	1139	3	1.0
7517	1140	3	1.0
6947	1141	3	1.0
7403	1143	3	1.0
7734	1144	3	1.0
6404	1145	3	1.0
7753	1146	3	1.0
6764	1147	3	1.0
6764	1660	3	1.0
6764	1665	3	1.0
6786	1149	3	1.0
6786	1837	3	1.0
6189	1150	3	1.0
6720	1152	3	1.0
7374	1153	3	1.0
6426	1154	3	1.0
6663	1155	3	1.0
6522	1156	3	1.0
6522	1512	3	1.0
7534	1157	3	1.0
7534	1573	3	1.0
7534	1642	3	1.0
7534	1805	3	1.0
6928	1159	3	1.0
7192	1160	3	1.0
7070	1161	3	1.0
6814	1162	3	1.0
7469	1163	3	1.0
6463	1164	3	1.0
6602	1167	3	1.0
6718	1168	3	1.0
6314	1169	3	1.0
7369	1170	3	1.0
7303	1171	3	1.0
7247	1177	3	1.0
6660	1178	3	1.0
7158	1180	3	1.0
7443	1181	3	1.0
6625	1182	3	1.0
6839	1183	3	1.0
6839	2036	3	1.0
7572	1184	3	1.0
6734	1185	3	1.0
7405	1189	3	1.0
7405	2012	3	1.0
7177	1190	3	1.0
7177	1800	3	1.0
7177	1811	3	1.0
6354	1191	3	1.0
6867	1192	3	1.0
6708	1193	3	1.0
6218	1194	3	1.0
7212	1196	3	1.0
7579	1199	3	1.0
6402	1200	3	1.0
6881	1201	3	1.0
6546	1202	3	1.0
6546	1473	3	1.0
6546	1841	3	1.0
7204	1204	3	1.0
7204	1337	3	1.0
7204	1544	3	1.0
6304	1205	3	1.0
6621	1206	3	1.0
7097	1208	3	1.0
6340	1209	3	1.0
6536	1210	3	1.0
7409	1211	3	1.0
7409	1666	3	1.0
7409	1956	3	1.0
6805	1213	3	1.0
7265	1214	3	1.0
6916	1216	3	1.0
6560	1217	3	1.0
7740	1220	3	1.0
7381	1221	3	1.0
7381	1559	3	1.0
6835	1222	3	1.0
7337	1223	3	1.0
7337	1857	3	1.0
7337	1942	3	1.0
6462	1225	3	1.0
7176	1229	3	1.0
7176	1939	3	1.0
6607	1231	3	1.0
6310	1232	3	1.0
6776	1233	3	1.0
7018	1235	3	1.0
6611	1236	3	1.0
6535	1237	3	1.0
6576	1238	3	1.0
7259	1239	3	1.0
7417	1240	3	1.0
7239	1241	3	1.0
7239	1971	3	1.0
7152	1242	3	1.0
6801	1243	3	1.0
7304	1244	3	1.0
7304	1914	3	1.0
6847	1247	3	1.0
7731	1248	3	1.0
7693	1252	3	1.0
7336	1253	3	1.0
7098	1254	3	1.0
7560	1256	3	1.0
6856	1257	3	1.0
6606	1258	3	1.0
6309	1259	3	1.0
6830	1262	3	1.0
7516	1263	3	1.0
7644	1264	3	1.0
6403	1267	3	1.0
6637	1268	3	1.0
7538	1269	3	1.0
7543	1270	3	1.0
7211	1271	3	1.0
6231	1272	3	1.0
7657	1273	3	1.0
7455	1274	3	1.0
6728	1275	3	1.0
7226	1277	3	1.0
6890	1279	3	1.0
6890	1334	3	1.0
7037	1281	3	1.0
6366	1283	3	1.0
6238	1285	3	1.0
6238	1830	3	1.0
6301	1287	3	1.0
7228	1288	3	1.0
6930	1289	3	1.0
6930	1661	3	1.0
7648	1290	3	1.0
7648	1488	3	1.0
7648	1917	3	1.0
7393	1292	3	1.0
6285	1293	3	1.0
6913	1294	3	1.0
7141	1295	3	1.0
7086	1296	3	1.0
6188	1297	3	1.0
6976	1298	3	1.0
7329	1300	3	1.0
7371	1302	3	1.0
7267	1304	3	1.0
7267	1915	3	1.0
6470	1305	3	1.0
7364	1307	3	1.0
6376	1315	3	1.0
7423	1316	3	1.0
7100	1317	3	1.0
7100	1988	3	1.0
6716	1318	3	1.0
7217	1319	3	1.0
7217	1352	3	1.0
6558	1320	3	1.0
6312	1322	3	1.0
6312	1462	3	1.0
6312	1529	3	1.0
6312	1775	3	1.0
7069	1324	3	1.0
6909	1325	3	1.0
7727	1326	3	1.0
6566	1327	3	1.0
6450	1331	3	1.0
6450	1332	3	1.0
6780	1335	3	1.0
6743	1336	3	1.0
7465	1338	3	1.0
7465	1732	3	1.0
6219	1339	3	1.0
6219	1461	3	1.0
6219	1774	3	1.0
6219	1786	3	1.0
6225	1341	3	1.0
6225	2058	3	1.0
6819	1345	3	1.0
7223	1347	3	1.0
7223	1443	3	1.0
6650	1349	3	1.0
7238	1350	3	1.0
7128	1351	3	1.0
7060	1353	3	1.0
6502	1354	3	1.0
6502	1734	3	1.0
6502	1848	3	1.0
6502	2145	3	1.0
7563	1355	3	1.0
7447	1357	3	1.0
7006	1358	3	1.0
6945	1359	3	1.0
7501	1362	3	1.0
6257	1363	3	1.0
6458	1364	3	1.0
6609	1365	3	1.0
6854	1366	3	1.0
7573	1367	3	1.0
6981	1368	3	1.0
7499	1369	3	1.0
7702	1371	3	1.0
6206	1372	3	1.0
7333	1373	3	1.0
7479	1374	3	1.0
6722	1375	3	1.0
6570	1376	3	1.0
6570	1405	3	1.0
6570	2137	3	1.0
6570	2174	3	1.0
7114	1377	3	1.0
6353	1378	3	1.0
7694	1382	3	1.0
7694	1536	3	1.0
7413	1383	3	1.0
6196	1384	3	1.0
6665	1385	3	1.0
6665	1575	3	1.0
6665	1578	3	1.0
6411	1386	3	1.0
6246	1387	3	1.0
7344	1388	3	1.0
7701	1389	3	1.0
6451	1390	3	1.0
6902	1393	3	1.0
6846	1395	3	1.0
7009	1396	3	1.0
6201	1398	3	1.0
7181	1399	3	1.0
7399	1401	3	1.0
7399	1455	3	1.0
7399	1466	3	1.0
7399	1694	3	1.0
6748	1403	3	1.0
7190	1404	3	1.0
6961	1407	3	1.0
7078	1409	3	1.0
7497	1410	3	1.0
6248	1411	3	1.0
7441	1412	3	1.0
6191	1413	3	1.0
6182	1414	3	1.0
6251	1415	3	1.0
7713	1416	3	1.0
6227	1417	3	1.0
6280	1418	3	1.0
6806	1419	3	1.0
7685	1420	3	1.0
7685	2157	3	1.0
7127	1421	3	1.0
6474	1422	3	1.0
6575	1425	3	1.0
6418	1426	3	1.0
6453	1427	3	1.0
6610	1428	3	1.0
6971	1429	3	1.0
7249	1430	3	1.0
6979	1431	3	1.0
6979	1850	3	1.0
6205	1434	3	1.0
6828	1436	3	1.0
6595	1437	3	1.0
7049	1438	3	1.0
7472	1439	3	1.0
6882	1440	3	1.0
6882	1534	3	1.0
6882	1777	3	1.0
7161	1441	3	1.0
6956	1442	3	1.0
6885	1444	3	1.0
6622	1447	3	1.0
6622	1522	3	1.0
6622	1707	3	1.0
6622	1720	3	1.0
6622	2024	3	1.0
7610	1456	3	1.0
6383	1457	3	1.0
7033	1458	3	1.0
7300	1460	3	1.0
7209	1463	3	1.0
6299	1465	3	1.0
6721	1469	3	1.0
7277	1470	3	1.0
6408	1472	3	1.0
7296	1475	3	1.0
7296	1594	3	1.0
6530	1476	3	1.0
6454	1477	3	1.0
7340	1478	3	1.0
7660	1481	3	1.0
7613	1482	3	1.0
6845	1483	3	1.0
6845	1633	3	1.0
6488	1484	3	1.0
6488	1871	3	1.0
6648	1487	3	1.0
6658	1489	3	1.0
6513	1492	3	1.0
6797	1493	3	1.0
6584	1494	3	1.0
7151	1495	3	1.0
7188	1496	3	1.0
7188	1583	3	1.0
6233	1497	3	1.0
7722	1498	3	1.0
7722	2006	3	1.0
7063	1499	3	1.0
6324	1500	3	1.0
7632	1501	3	1.0
7480	1502	3	1.0
6986	1504	3	1.0
6794	1505	3	1.0
6428	1507	3	1.0
7354	1508	3	1.0
7039	1509	3	1.0
6618	1510	3	1.0
7103	1511	3	1.0
6440	1513	3	1.0
6440	1773	3	1.0
7186	1514	3	1.0
7292	1515	3	1.0
6483	1516	3	1.0
7237	1517	3	1.0
6339	1519	3	1.0
6391	1520	3	1.0
7711	1521	3	1.0
6738	1523	3	1.0
7594	1524	3	1.0
7057	1526	3	1.0
6702	1527	3	1.0
7372	1531	3	1.0
7695	1532	3	1.0
7695	1918	3	1.0
7627	1533	3	1.0
6216	1535	3	1.0
7317	1538	3	1.0
7317	1704	3	1.0
6626	1540	3	1.0
7379	1541	3	1.0
6705	1542	3	1.0
6705	1987	3	1.0
7556	1543	3	1.0
7655	1545	3	1.0
6549	1546	3	1.0
7062	1548	3	1.0
7062	1932	3	1.0
7754	1552	3	1.0
6221	1553	3	1.0
6220	1554	3	1.0
7509	1555	3	1.0
6739	1557	3	1.0
6784	1558	3	1.0
7629	1561	3	1.0
7385	1562	3	1.0
7178	1563	3	1.0
6767	1564	3	1.0
6213	1565	3	1.0
6897	1567	3	1.0
6298	1568	3	1.0
7435	1570	3	1.0
7749	1572	3	1.0
6545	1574	3	1.0
6367	1576	3	1.0
7636	1577	3	1.0
7111	1579	3	1.0
6837	1580	3	1.0
6750	1582	3	1.0
6917	1584	3	1.0
6917	1951	3	1.0
7608	1585	3	1.0
7544	1586	3	1.0
6707	1587	3	1.0
7425	1588	3	1.0
7735	1590	3	1.0
7045	1591	3	1.0
7045	1721	3	1.0
7347	1592	3	1.0
7444	1593	3	1.0
6461	1595	3	1.0
6259	1596	3	1.0
7183	1598	3	1.0
7183	1998	3	1.0
7451	1601	3	1.0
6389	1603	3	1.0
7025	1605	3	1.0
7025	1677	3	1.0
6393	1606	3	1.0
6393	1961	3	1.0
6211	1608	3	1.0
6211	1959	3	1.0
6211	2118	3	1.0
6211	2161	3	1.0
7454	1609	3	1.0
6746	1610	3	1.0
7597	1611	3	1.0
6392	1612	3	1.0
6374	1616	3	1.0
6577	1617	3	1.0
6577	1683	3	1.0
6577	1897	3	1.0
6529	1618	3	1.0
6717	1620	3	1.0
7232	1621	3	1.0
7160	1622	3	1.0
6853	1623	3	1.0
6836	1625	3	1.0
6267	1629	3	1.0
7109	1630	3	1.0
6996	1631	3	1.0
6996	2031	3	1.0
6996	2032	3	1.0
6319	1632	3	1.0
6725	1634	3	1.0
7081	1635	3	1.0
6499	1636	3	1.0
7235	1637	3	1.0
7041	1638	3	1.0
7032	1639	3	1.0
6726	1641	3	1.0
7471	1643	3	1.0
6962	1644	3	1.0
6481	1645	3	1.0
7279	1647	3	1.0
6729	1648	3	1.0
7050	1649	3	1.0
6174	1651	3	1.0
7349	1652	3	1.0
7377	1653	3	1.0
6904	1654	3	1.0
6427	1655	3	1.0
6397	1656	3	1.0
6818	1658	3	1.0
7289	1659	3	1.0
6328	1662	3	1.0
7306	1663	3	1.0
7350	1664	3	1.0
7606	1667	3	1.0
7515	1668	3	1.0
6539	1669	3	1.0
7634	1670	3	1.0
7397	1674	3	1.0
6827	1675	3	1.0
7294	1676	3	1.0
7391	1678	3	1.0
6891	1679	3	1.0
6760	1680	3	1.0
6476	1681	3	1.0
7504	1682	3	1.0
6365	1685	3	1.0
6294	1686	3	1.0
6742	1687	3	1.0
6742	1701	3	1.0
7093	1688	3	1.0
7688	1689	3	1.0
7698	1690	3	1.0
7240	1691	3	1.0
7240	2131	3	1.0
6942	1692	3	1.0
7022	1693	3	1.0
7234	1695	3	1.0
7705	1696	3	1.0
6430	1697	3	1.0
7663	1698	3	1.0
7663	2083	3	1.0
7083	1699	3	1.0
7116	1703	3	1.0
7426	1705	3	1.0
7496	1706	3	1.0
6329	1709	3	1.0
6489	1710	3	1.0
6511	1711	3	1.0
7245	1712	3	1.0
6603	1713	3	1.0
6631	1715	3	1.0
6179	1716	3	1.0
7748	1717	3	1.0
6186	1718	3	1.0
7257	1719	3	1.0
6382	1723	3	1.0
6382	1906	3	1.0
6208	1728	3	1.0
6605	1729	3	1.0
7388	1730	3	1.0
7092	1731	3	1.0
6715	1733	3	1.0
7549	1735	3	1.0
6820	1736	3	1.0
7361	1737	3	1.0
6180	1738	3	1.0
6381	1739	3	1.0
7322	1740	3	1.0
6352	1741	3	1.0
6178	1743	3	1.0
6781	1746	3	1.0
6753	1747	3	1.0
7434	1748	3	1.0
6668	1749	3	1.0
6516	1750	3	1.0
6490	1751	3	1.0
7246	1752	3	1.0
6624	1753	3	1.0
7641	1754	3	1.0
7607	1756	3	1.0
7482	1757	3	1.0
7084	1758	3	1.0
7750	1759	3	1.0
6212	1760	3	1.0
7061	1761	3	1.0
7577	1764	3	1.0
7577	1974	3	1.0
6701	1765	3	1.0
7396	1766	3	1.0
6326	1767	3	1.0
7492	1769	3	1.0
7307	1770	3	1.0
6935	1771	3	1.0
6272	1772	3	1.0
7745	1776	3	1.0
6676	1781	3	1.0
6422	1782	3	1.0
7313	1787	3	1.0
6788	1788	3	1.0
6788	1901	3	1.0
6494	1789	3	1.0
7710	1791	3	1.0
6255	1792	3	1.0
7586	1793	3	1.0
7035	1794	3	1.0
6765	1795	3	1.0
7048	1796	3	1.0
7659	1797	3	1.0
6495	1798	3	1.0
6181	1799	3	1.0
6335	1801	3	1.0
7427	1802	3	1.0
7290	1803	3	1.0
7431	1804	3	1.0
6817	1806	3	1.0
6695	1807	3	1.0
7389	1808	3	1.0
6640	1809	3	1.0
7153	1810	3	1.0
6863	1812	3	1.0
7541	1813	3	1.0
6555	1814	3	1.0
7236	1816	3	1.0
6710	1820	3	1.0
6825	1821	3	1.0
7601	1822	3	1.0
6561	1824	3	1.0
7481	1825	3	1.0
7442	1826	3	1.0
6223	1827	3	1.0
6243	1828	3	1.0
6289	1829	3	1.0
6438	1833	3	1.0
7525	1834	3	1.0
6674	1835	3	1.0
6433	1836	3	1.0
6681	1840	3	1.0
7430	1842	3	1.0
7101	1843	3	1.0
7401	1844	3	1.0
7020	1845	3	1.0
7678	1847	3	1.0
6614	1849	3	1.0
6958	1851	3	1.0
6670	1852	3	1.0
7511	1853	3	1.0
6680	1854	3	1.0
7216	1855	3	1.0
7216	2101	3	1.0
6573	1856	3	1.0
7470	1858	3	1.0
6690	1859	3	1.0
6260	1860	3	1.0
6914	1861	3	1.0
7268	1862	3	1.0
6887	1863	3	1.0
7269	1864	3	1.0
6464	1865	3	1.0
6439	1866	3	1.0
6288	1867	3	1.0
6593	1868	3	1.0
6295	1869	3	1.0
6699	1870	3	1.0
6173	1872	3	1.0
6627	1874	3	1.0
6228	1875	3	1.0
7707	1876	3	1.0
6987	1877	3	1.0
6497	1878	3	1.0
7382	1879	3	1.0
7439	1880	3	1.0
7139	1882	3	1.0
7076	1883	3	1.0
6386	1884	3	1.0
7011	1885	3	1.0
7229	1886	3	1.0
7561	1887	3	1.0
7203	1888	3	1.0
6447	1889	3	1.0
6826	1890	3	1.0
6975	1891	3	1.0
6939	1892	3	1.0
7376	1894	3	1.0
6226	1895	3	1.0
7415	1896	3	1.0
7415	2091	3	1.0
6984	1898	3	1.0
6443	1899	3	1.0
6521	1900	3	1.0
7140	1902	3	1.0
7486	1903	3	1.0
7378	1904	3	1.0
6761	1905	3	1.0
6362	1908	3	1.0
6362	1981	3	1.0
7110	1909	3	1.0
7667	1910	3	1.0
6790	1911	3	1.0
7054	1912	3	1.0
7395	1913	3	1.0
6274	1916	3	1.0
6653	1920	3	1.0
6469	1921	3	1.0
6944	1922	3	1.0
7170	1924	3	1.0
6375	1925	3	1.0
7533	1926	3	1.0
7668	1927	3	1.0
7488	1928	3	1.0
7146	1930	3	1.0
6425	1931	3	1.0
6300	1934	3	1.0
7283	1936	3	1.0
6371	1940	3	1.0
6581	1941	3	1.0
7487	1943	3	1.0
6829	1944	3	1.0
6412	1945	3	1.0
6698	1946	3	1.0
7676	1947	3	1.0
6254	1948	3	1.0
7123	1949	3	1.0
7523	1952	3	1.0
7412	1953	3	1.0
7040	1954	3	1.0
7624	1955	3	1.0
6230	1957	3	1.0
6315	1958	3	1.0
7291	1960	3	1.0
7149	1962	3	1.0
7658	1963	3	1.0
6338	1964	3	1.0
7034	1965	3	1.0
7034	1968	3	1.0
7546	1966	3	1.0
6683	1967	3	1.0
6683	2056	3	1.0
6751	1970	3	1.0
6594	1972	3	1.0
7252	1973	3	1.0
6862	1975	3	1.0
6862	2133	3	1.0
7650	1977	3	1.0
6972	1978	3	1.0
6972	2049	3	1.0
7362	1979	3	1.0
6214	1982	3	1.0
6639	1983	3	1.0
6940	1984	3	1.0
7552	1985	3	1.0
6209	1986	3	1.0
6242	1989	3	1.0
7185	1991	3	1.0
6667	1992	3	1.0
6608	1994	3	1.0
7714	1995	3	1.0
6973	1996	3	1.0
6373	1997	3	1.0
6202	2001	3	1.0
6703	2002	3	1.0
7073	2003	3	1.0
7156	2004	3	1.0
7072	2005	3	1.0
6992	2007	3	1.0
6589	2008	3	1.0
6831	2010	3	1.0
7593	2013	3	1.0
7144	2014	3	1.0
7664	2015	3	1.0
6268	2017	3	1.0
6372	2018	3	1.0
6735	2019	3	1.0
6449	2020	3	1.0
7498	2021	3	1.0
7308	2023	3	1.0
7744	2025	3	1.0
6649	2026	3	1.0
6689	2027	3	1.0
7334	2029	3	1.0
7258	2030	3	1.0
6592	2033	3	1.0
6811	2034	3	1.0
6811	2115	3	1.0
7200	2035	3	1.0
6568	2037	3	1.0
6282	2038	3	1.0
6879	2040	3	1.0
7305	2041	3	1.0
6833	2042	3	1.0
7755	2043	3	1.0
6747	2044	3	1.0
6442	2045	3	1.0
6998	2048	3	1.0
7107	2050	3	1.0
7358	2052	3	1.0
6468	2053	3	1.0
6583	2054	3	1.0
6307	2055	3	1.0
6556	2057	3	1.0
7187	2059	3	1.0
7077	2061	3	1.0
7367	2063	3	1.0
6429	2064	3	1.0
6791	2065	3	1.0
7661	2066	3	1.0
6799	2067	3	1.0
7142	2068	3	1.0
7712	2070	3	1.0
7752	2071	3	1.0
6783	2073	3	1.0
6925	2074	3	1.0
6192	2075	3	1.0
7529	2079	3	1.0
7080	2080	3	1.0
6501	2081	3	1.0
6279	2082	3	1.0
7540	2084	3	1.0
7071	2088	3	1.0
6364	2089	3	1.0
7108	2090	3	1.0
7244	2092	3	1.0
6775	2093	3	1.0
6361	2094	3	1.0
7384	2095	3	1.0
7536	2096	3	1.0
7094	2097	3	1.0
6240	2098	3	1.0
7270	2100	3	1.0
7166	2102	3	1.0
7000	2103	3	1.0
6646	2104	3	1.0
7460	2106	3	1.0
6587	2107	3	1.0
6305	2108	3	1.0
7493	2109	3	1.0
7088	2111	3	1.0
6505	2112	3	1.0
6505	2113	3	1.0
7248	2116	3	1.0
7250	2117	3	1.0
6713	2119	3	1.0
7457	2120	3	1.0
7327	2121	3	1.0
6759	2122	3	1.0
7043	2123	3	1.0
6564	2124	3	1.0
6900	2125	3	1.0
7301	2126	3	1.0
6966	2128	3	1.0
7243	2129	3	1.0
6336	2130	3	1.0
6333	2132	3	1.0
7706	2134	3	1.0
6475	2135	3	1.0
7218	2136	3	1.0
7145	2138	3	1.0
6357	2139	3	1.0
7055	2140	3	1.0
7614	2141	3	1.0
6473	2142	3	1.0
6377	2143	3	1.0
7096	2144	3	1.0
7012	2146	3	1.0
7028	2147	3	1.0
6330	2148	3	1.0
6235	2149	3	1.0
6235	2153	3	1.0
6290	2150	3	1.0
6762	2152	3	1.0
7255	2154	3	1.0
6588	2156	3	1.0
6950	2159	3	1.0
7675	2160	3	1.0
6332	2162	3	1.0
6848	2164	3	1.0
6752	2167	3	1.0
7600	2168	3	1.0
7623	2169	3	1.0
6275	2170	3	1.0
7532	2171	3	1.0
6262	2173	3	1.0
7521	2175	3	1.0
6296	2176	3	1.0
6471	2177	3	1.0
