0	534	0	1.0
0	2695	0	1.0
0	2868	0	1.0
2	6	0	1.0
2	54	0	1.0
2	582	0	1.0
2	837	0	1.0
2	1149	0	1.0
2	1259	0	1.0
2	1347	0	1.0
2	1450	0	1.0
2	2196	0	1.0
2	2415	0	1.0
2	2492	0	1.0
2	2589	0	1.0
4	1663	0	1.0
4	2034	0	1.0
4	2341	0	1.0
5	36	0	1.0
5	44	0	1.0
5	443	0	1.0
6	1106	0	1.0
7	1492	0	1.0
9	44	0	1.0
9	112	0	1.0
9	127	0	1.0
9	1106	0	1.0
10	150	0	1.0
10	1804	0	1.0
11	2799	0	1.0
12	2176	0	1.0
14	1424	0	1.0
15	676	0	1.0
15	1951	0	1.0
16	1217	0	1.0
16	1631	0	1.0
17	253	0	1.0
17	317	0	1.0
17	328	0	1.0
17	418	0	1.0
17	426	0	1.0
17	479	0	1.0
17	533	0	1.0
17	2233	0	1.0
17	2410	0	1.0
17	2789	0	1.0
18	2839	0	1.0
19	1593	0	1.0
20	1381	0	1.0
20	2217	0	1.0
21	1559	0	1.0
21	2460	0	1.0
22	301	0	1.0
22	309	0	1.0
22	1101	0	1.0
22	2697	0	1.0
23	88	0	1.0
24	2278	0	1.0
26	2881	0	1.0
26	0	0	1.0
26	534	0	1.0
26	1375	0	1.0
26	2016	0	1.0
26	2246	0	1.0
26	2604	0	1.0
27	2249	0	1.0
28	107	0	1.0
28	1059	0	1.0
28	1493	0	1.0
28	2871	0	1.0
28	2873	0	1.0
31	21	0	1.0
31	227	0	1.0
31	1561	0	1.0
31	1965	0	1.0
31	2460	0	1.0
32	1400	0	1.0
33	1106	0	1.0
36	443	0	1.0
38	190	0	1.0
40	1292	0	1.0
41	840	0	1.0
41	1777	0	1.0
41	1803	0	1.0
41	2371	0	1.0
42	72	0	1.0
42	830	0	1.0
42	1106	0	1.0
42	1989	0	1.0
43	2357	0	1.0
44	1106	0	1.0
46	714	0	1.0
47	62	0	1.0
47	829	0	1.0
47	1739	0	1.0
47	2194	0	1.0
47	2572	0	1.0
47	2701	0	1.0
49	1847	0	1.0
50	627	0	1.0
50	762	0	1.0
50	1198	0	1.0
51	2450	0	1.0
53	2218	0	1.0
53	2705	0	1.0
55	69	0	1.0
55	110	0	1.0
55	365	0	1.0
55	1685	0	1.0
57	105	0	1.0
57	150	0	1.0
57	1093	0	1.0
57	1424	0	1.0
57	2074	0	1.0
58	157	0	1.0
58	1355	0	1.0
58	1518	0	1.0
58	1519	0	1.0
58	2572	0	1.0
58	2594	0	1.0
58	2701	0	1.0
58	2806	0	1.0
59	1293	0	1.0
60	420	0	1.0
60	662	0	1.0
60	864	0	1.0
60	1203	0	1.0
60	2551	0	1.0
60	2710	0	1.0
60	2795	0	1.0
60	2864	0	1.0
61	278	0	1.0
61	1671	0	1.0
61	1787	0	1.0
61	1791	0	1.0
61	2153	0	1.0
61	2198	0	1.0
61	2229	0	1.0
62	715	0	1.0
62	1228	0	1.0
62	1739	0	1.0
62	1895	0	1.0
62	2076	0	1.0
62	2720	0	1.0
64	922	0	1.0
65	2207	0	1.0
69	55	0	1.0
69	110	0	1.0
69	619	0	1.0
69	1015	0	1.0
69	1193	0	1.0
71	1893	0	1.0
71	1938	0	1.0
71	2550	0	1.0
71	2599	0	1.0
71	2744	0	1.0
72	830	0	1.0
73	106	0	1.0
73	135	0	1.0
73	267	0	1.0
73	1877	0	1.0
73	2202	0	1.0
73	2788	0	1.0
75	1561	0	1.0
77	472	0	1.0
77	926	0	1.0
79	1628	0	1.0
80	1392	0	1.0
84	1720	0	1.0
84	2077	0	1.0
84	2257	0	1.0
86	2551	0	1.0
91	105	0	1.0
91	1093	0	1.0
92	2330	0	1.0
96	1776	0	1.0
96	2136	0	1.0
97	110	0	1.0
97	365	0	1.0
97	619	0	1.0
97	1015	0	1.0
97	1187	0	1.0
97	1685	0	1.0
97	2276	0	1.0
98	220	0	1.0
98	798	0	1.0
98	879	0	1.0
98	1094	0	1.0
98	1659	0	1.0
98	2025	0	1.0
98	2094	0	1.0
98	2264	0	1.0
98	2280	0	1.0
99	488	0	1.0
100	594	0	1.0
100	863	0	1.0
100	1662	0	1.0
100	1867	0	1.0
101	472	0	1.0
101	806	0	1.0
101	926	0	1.0
101	1151	0	1.0
101	1216	0	1.0
101	1852	0	1.0
101	1876	0	1.0
101	2441	0	1.0
101	2633	0	1.0
102	714	0	1.0
103	1022	0	1.0
104	674	0	1.0
104	808	0	1.0
104	864	0	1.0
104	1094	0	1.0
104	1128	0	1.0
104	1403	0	1.0
104	1826	0	1.0
104	1998	0	1.0
104	2029	0	1.0
104	2094	0	1.0
104	2389	0	1.0
104	2788	0	1.0
105	59	0	1.0
105	1093	0	1.0
106	73	0	1.0
106	135	0	1.0
106	168	0	1.0
106	1877	0	1.0
106	2218	0	1.0
106	2788	0	1.0
107	1012	0	1.0
107	2059	0	1.0
108	648	0	1.0
108	2736	0	1.0
109	1012	0	1.0
109	1839	0	1.0
110	365	0	1.0
110	619	0	1.0
110	1187	0	1.0
111	76	0	1.0
111	1958	0	1.0
112	5	0	1.0
112	36	0	1.0
112	44	0	1.0
112	127	0	1.0
112	1106	0	1.0
112	2157	0	1.0
115	208	0	1.0
116	1125	0	1.0
116	1190	0	1.0
116	2376	0	1.0
116	2572	0	1.0
117	181	0	1.0
117	1533	0	1.0
117	2319	0	1.0
118	62	0	1.0
118	715	0	1.0
118	1895	0	1.0
118	2751	0	1.0
122	33	0	1.0
122	1039	0	1.0
122	1989	0	1.0
122	2329	0	1.0
123	922	0	1.0
123	2572	0	1.0
124	117	0	1.0
124	181	0	1.0
124	565	0	1.0
124	674	0	1.0
124	808	0	1.0
124	1227	0	1.0
124	1533	0	1.0
124	1998	0	1.0
124	2080	0	1.0
124	2319	0	1.0
124	2380	0	1.0
125	296	0	1.0
125	394	0	1.0
125	1080	0	1.0
125	1550	0	1.0
126	657	0	1.0
128	63	0	1.0
129	677	0	1.0
130	882	0	1.0
130	1453	0	1.0
130	2001	0	1.0
133	2550	0	1.0
134	25	0	1.0
134	214	0	1.0
135	2218	0	1.0
135	2705	0	1.0
135	2788	0	1.0
139	1463	0	1.0
142	1720	0	1.0
142	2077	0	1.0
142	2164	0	1.0
143	2249	0	1.0
144	476	0	1.0
144	606	0	1.0
144	1189	0	1.0
144	1275	0	1.0
144	1486	0	1.0
144	1760	0	1.0
144	1929	0	1.0
144	1967	0	1.0
144	1996	0	1.0
144	2003	0	1.0
144	2102	0	1.0
144	2154	0	1.0
144	2378	0	1.0
144	2564	0	1.0
144	2594	0	1.0
144	2600	0	1.0
144	2601	0	1.0
144	2631	0	1.0
144	2869	0	1.0
147	1559	0	1.0
148	830	0	1.0
149	1204	0	1.0
150	1804	0	1.0
153	298	0	1.0
153	447	0	1.0
153	969	0	1.0
153	1799	0	1.0
153	1958	0	1.0
153	2141	0	1.0
153	2782	0	1.0
153	2802	0	1.0
155	231	0	1.0
155	1711	0	1.0
155	1997	0	1.0
155	2394	0	1.0
156	52	0	1.0
157	323	0	1.0
157	1720	0	1.0
158	1568	0	1.0
159	220	0	1.0
159	460	0	1.0
159	1699	0	1.0
161	1571	0	1.0
161	1692	0	1.0
161	2261	0	1.0
161	2438	0	1.0
162	101	0	1.0
162	472	0	1.0
162	689	0	1.0
162	855	0	1.0
162	926	0	1.0
162	1048	0	1.0
162	1151	0	1.0
162	1754	0	1.0
162	1852	0	1.0
162	1876	0	1.0
162	2172	0	1.0
162	2633	0	1.0
163	54	0	1.0
163	2721	0	1.0
164	2809	0	1.0
166	1376	0	1.0
166	2233	0	1.0
168	106	0	1.0
168	1877	0	1.0
169	150	0	1.0
169	223	0	1.0
169	1804	0	1.0
171	1750	0	1.0
172	177	0	1.0
174	737	0	1.0
174	1111	0	1.0
174	2381	0	1.0
175	1161	0	1.0
176	208	0	1.0
176	115	0	1.0
176	1099	0	1.0
182	902	0	1.0
183	1492	0	1.0
183	1903	0	1.0
183	2090	0	1.0
187	509	0	1.0
187	680	0	1.0
188	55	0	1.0
188	110	0	1.0
188	365	0	1.0
188	514	0	1.0
188	729	0	1.0
188	820	0	1.0
188	859	0	1.0
188	1015	0	1.0
188	1169	0	1.0
188	1187	0	1.0
188	1193	0	1.0
188	1286	0	1.0
188	1382	0	1.0
188	1537	0	1.0
188	1653	0	1.0
188	1685	0	1.0
188	1795	0	1.0
188	1990	0	1.0
188	2276	0	1.0
188	2756	0	1.0
188	2784	0	1.0
188	2810	0	1.0
190	289	0	1.0
190	2768	0	1.0
193	1059	0	1.0
195	477	0	1.0
195	2744	0	1.0
197	2453	0	1.0
198	1059	0	1.0
198	1155	0	1.0
198	1634	0	1.0
198	1935	0	1.0
200	1562	0	1.0
200	2355	0	1.0
201	1342	0	1.0
201	1524	0	1.0
202	25	0	1.0
207	2639	0	1.0
208	42	0	1.0
208	122	0	1.0
208	830	0	1.0
208	1099	0	1.0
209	791	0	1.0
209	1695	0	1.0
211	922	0	1.0
211	2720	0	1.0
219	70	0	1.0
219	143	0	1.0
219	2249	0	1.0
222	714	0	1.0
222	2065	0	1.0
223	2442	0	1.0
224	1417	0	1.0
224	1583	0	1.0
224	2568	0	1.0
226	369	0	1.0
226	655	0	1.0
226	980	0	1.0
226	1343	0	1.0
226	1724	0	1.0
226	1859	0	1.0
226	2105	0	1.0
227	21	0	1.0
227	147	0	1.0
227	1559	0	1.0
227	1832	0	1.0
227	2272	0	1.0
229	243	0	1.0
231	155	0	1.0
231	553	0	1.0
231	1097	0	1.0
233	208	0	1.0
233	176	0	1.0
233	205	0	1.0
233	497	0	1.0
233	582	0	1.0
233	904	0	1.0
233	1099	0	1.0
233	1305	0	1.0
233	1354	0	1.0
233	1812	0	1.0
233	1989	0	1.0
233	2196	0	1.0
233	2310	0	1.0
233	2712	0	1.0
233	2788	0	1.0
235	86	0	1.0
235	754	0	1.0
235	882	0	1.0
235	931	0	1.0
235	1945	0	1.0
235	2536	0	1.0
236	27	0	1.0
236	143	0	1.0
236	219	0	1.0
236	330	0	1.0
236	924	0	1.0
236	2027	0	1.0
236	2249	0	1.0
238	520	0	1.0
238	1639	0	1.0
238	2612	0	1.0
240	831	0	1.0
240	1348	0	1.0
240	2086	0	1.0
240	2608	0	1.0
241	2259	0	1.0
244	784	0	1.0
244	1573	0	1.0
244	2161	0	1.0
244	2772	0	1.0
246	1342	0	1.0
246	1811	0	1.0
248	2646	0	1.0
249	509	0	1.0
249	680	0	1.0
249	1773	0	1.0
249	2834	0	1.0
251	338	0	1.0
251	1309	0	1.0
253	426	0	1.0
254	426	0	1.0
254	1892	0	1.0
257	252	0	1.0
257	706	0	1.0
257	1496	0	1.0
257	1626	0	1.0
257	1828	0	1.0
257	2581	0	1.0
258	254	0	1.0
261	474	0	1.0
261	505	0	1.0
261	1619	0	1.0
261	2336	0	1.0
262	1101	0	1.0
262	2505	0	1.0
263	1135	0	1.0
263	2010	0	1.0
264	1748	0	1.0
264	2485	0	1.0
266	643	0	1.0
266	2476	0	1.0
266	2641	0	1.0
267	73	0	1.0
267	106	0	1.0
267	135	0	1.0
267	437	0	1.0
267	1877	0	1.0
267	2080	0	1.0
267	2202	0	1.0
268	403	0	1.0
268	1669	0	1.0
268	1776	0	1.0
268	2277	0	1.0
268	2317	0	1.0
268	2485	0	1.0
268	2701	0	1.0
269	234	0	1.0
270	154	0	1.0
270	2305	0	1.0
271	442	0	1.0
271	666	0	1.0
273	504	0	1.0
273	1583	0	1.0
273	1693	0	1.0
273	2485	0	1.0
273	2861	0	1.0
274	509	0	1.0
274	983	0	1.0
274	1529	0	1.0
274	1713	0	1.0
274	1870	0	1.0
275	494	0	1.0
276	200	0	1.0
276	845	0	1.0
276	1562	0	1.0
276	1573	0	1.0
276	1595	0	1.0
277	871	0	1.0
278	61	0	1.0
278	753	0	1.0
279	237	0	1.0
279	2501	0	1.0
280	517	0	1.0
280	1051	0	1.0
280	1843	0	1.0
280	2684	0	1.0
281	1562	0	1.0
284	592	0	1.0
284	696	0	1.0
284	720	0	1.0
284	779	0	1.0
284	780	0	1.0
284	936	0	1.0
284	1011	0	1.0
284	1164	0	1.0
284	1248	0	1.0
284	1651	0	1.0
284	1664	0	1.0
284	1700	0	1.0
284	1737	0	1.0
284	1883	0	1.0
284	2019	0	1.0
284	2107	0	1.0
284	2109	0	1.0
284	2116	0	1.0
284	2123	0	1.0
284	2132	0	1.0
284	2273	0	1.0
284	2583	0	1.0
284	2608	0	1.0
284	2709	0	1.0
285	1727	0	1.0
285	1739	0	1.0
285	2122	0	1.0
287	614	0	1.0
287	674	0	1.0
287	1293	0	1.0
288	1628	0	1.0
288	2274	0	1.0
290	1011	0	1.0
290	1170	0	1.0
290	1613	0	1.0
290	1664	0	1.0
290	1883	0	1.0
290	2123	0	1.0
290	2336	0	1.0
291	292	0	1.0
291	299	0	1.0
291	673	0	1.0
292	2021	0	1.0
293	1854	0	1.0
293	1975	0	1.0
295	988	0	1.0
296	254	0	1.0
296	258	0	1.0
297	1159	0	1.0
297	2248	0	1.0
297	2461	0	1.0
303	780	0	1.0
303	2681	0	1.0
306	173	0	1.0
306	193	0	1.0
306	347	0	1.0
306	916	0	1.0
306	2203	0	1.0
307	566	0	1.0
307	622	0	1.0
307	2110	0	1.0
310	337	0	1.0
310	765	0	1.0
310	1638	0	1.0
310	1702	0	1.0
310	2226	0	1.0
310	2255	0	1.0
314	1181	0	1.0
314	1272	0	1.0
314	2470	0	1.0
314	2580	0	1.0
314	2706	0	1.0
315	975	0	1.0
315	2665	0	1.0
316	2168	0	1.0
316	2748	0	1.0
317	253	0	1.0
317	328	0	1.0
320	327	0	1.0
320	499	0	1.0
320	1438	0	1.0
320	2026	0	1.0
320	2128	0	1.0
320	2616	0	1.0
320	2832	0	1.0
321	413	0	1.0
321	510	0	1.0
321	591	0	1.0
321	2030	0	1.0
321	2289	0	1.0
321	2508	0	1.0
322	23	0	1.0
322	88	0	1.0
322	663	0	1.0
322	1225	0	1.0
322	1652	0	1.0
322	1743	0	1.0
322	2005	0	1.0
322	2011	0	1.0
323	724	0	1.0
326	1650	0	1.0
326	1777	0	1.0
326	1942	0	1.0
327	2026	0	1.0
327	2407	0	1.0
329	1055	0	1.0
329	1415	0	1.0
329	1420	0	1.0
329	1586	0	1.0
329	2318	0	1.0
330	27	0	1.0
330	143	0	1.0
330	219	0	1.0
330	924	0	1.0
330	2027	0	1.0
330	2249	0	1.0
331	154	0	1.0
331	270	0	1.0
331	896	0	1.0
331	2070	0	1.0
331	2162	0	1.0
331	2183	0	1.0
331	2607	0	1.0
332	666	0	1.0
337	825	0	1.0
342	1663	0	1.0
344	1484	0	1.0
345	983	0	1.0
346	255	0	1.0
347	173	0	1.0
347	916	0	1.0
347	2001	0	1.0
348	27	0	1.0
348	32	0	1.0
348	143	0	1.0
348	199	0	1.0
348	219	0	1.0
348	236	0	1.0
348	330	0	1.0
348	388	0	1.0
348	489	0	1.0
348	596	0	1.0
348	924	0	1.0
348	1400	0	1.0
348	2027	0	1.0
348	2249	0	1.0
348	2637	0	1.0
349	929	0	1.0
349	1842	0	1.0
349	1862	0	1.0
349	2071	0	1.0
349	2242	0	1.0
349	2533	0	1.0
350	1448	0	1.0
350	1906	0	1.0
350	2522	0	1.0
351	314	0	1.0
351	372	0	1.0
351	438	0	1.0
351	590	0	1.0
351	756	0	1.0
351	846	0	1.0
351	1077	0	1.0
351	1095	0	1.0
351	1253	0	1.0
351	1350	0	1.0
351	1683	0	1.0
351	1712	0	1.0
351	2138	0	1.0
351	2144	0	1.0
351	2213	0	1.0
351	2237	0	1.0
351	2553	0	1.0
351	2596	0	1.0
351	2635	0	1.0
351	2730	0	1.0
351	2801	0	1.0
352	243	0	1.0
352	647	0	1.0
352	804	0	1.0
352	821	0	1.0
352	953	0	1.0
352	1210	0	1.0
352	1620	0	1.0
352	1900	0	1.0
352	2013	0	1.0
352	2105	0	1.0
352	2407	0	1.0
352	2616	0	1.0
352	2672	0	1.0
352	2764	0	1.0
352	2793	0	1.0
352	2826	0	1.0
353	2145	0	1.0
353	2255	0	1.0
356	918	0	1.0
356	922	0	1.0
356	951	0	1.0
356	2466	0	1.0
356	2572	0	1.0
356	2786	0	1.0
356	2846	0	1.0
358	665	0	1.0
359	206	0	1.0
359	561	0	1.0
359	1163	0	1.0
359	1254	0	1.0
359	1421	0	1.0
359	1474	0	1.0
359	2350	0	1.0
360	708	0	1.0
360	1140	0	1.0
360	1195	0	1.0
360	1504	0	1.0
360	1550	0	1.0
360	2137	0	1.0
361	253	0	1.0
361	884	0	1.0
361	1431	0	1.0
361	1838	0	1.0
363	985	0	1.0
363	1980	0	1.0
365	110	0	1.0
366	831	0	1.0
366	2086	0	1.0
368	1111	0	1.0
368	1231	0	1.0
368	1316	0	1.0
368	2187	0	1.0
368	2499	0	1.0
370	215	0	1.0
371	2852	0	1.0
372	1280	0	1.0
374	241	0	1.0
374	2255	0	1.0
374	2259	0	1.0
374	2713	0	1.0
377	1695	0	1.0
377	2345	0	1.0
378	2637	0	1.0
379	1369	0	1.0
382	389	0	1.0
382	482	0	1.0
382	612	0	1.0
382	737	0	1.0
382	2381	0	1.0
383	2871	0	1.0
384	887	0	1.0
384	1011	0	1.0
384	2336	0	1.0
385	477	0	1.0
385	732	0	1.0
385	1662	0	1.0
386	253	0	1.0
386	280	0	1.0
386	328	0	1.0
386	418	0	1.0
386	517	0	1.0
386	533	0	1.0
386	805	0	1.0
386	943	0	1.0
386	1390	0	1.0
386	1843	0	1.0
386	2233	0	1.0
386	2684	0	1.0
387	632	0	1.0
387	1836	0	1.0
387	2419	0	1.0
388	70	0	1.0
389	482	0	1.0
389	612	0	1.0
389	737	0	1.0
389	1111	0	1.0
389	2381	0	1.0
390	467	0	1.0
390	1316	0	1.0
390	2499	0	1.0
391	125	0	1.0
391	475	0	1.0
391	545	0	1.0
391	728	0	1.0
391	862	0	1.0
391	2420	0	1.0
391	2552	0	1.0
392	62	0	1.0
392	211	0	1.0
392	589	0	1.0
392	1100	0	1.0
392	1125	0	1.0
392	1156	0	1.0
392	1157	0	1.0
392	1249	0	1.0
392	1364	0	1.0
392	1605	0	1.0
392	1720	0	1.0
392	1805	0	1.0
392	2076	0	1.0
392	2197	0	1.0
392	2362	0	1.0
392	2572	0	1.0
392	2701	0	1.0
392	2869	0	1.0
393	1026	0	1.0
393	1971	0	1.0
393	2808	0	1.0
394	296	0	1.0
399	323	0	1.0
399	589	0	1.0
399	715	0	1.0
399	922	0	1.0
399	951	0	1.0
399	1156	0	1.0
399	1157	0	1.0
399	2572	0	1.0
399	2701	0	1.0
399	2869	0	1.0
400	332	0	1.0
400	473	0	1.0
400	666	0	1.0
404	324	0	1.0
404	685	0	1.0
404	1374	0	1.0
404	1497	0	1.0
404	2174	0	1.0
404	2261	0	1.0
405	37	0	1.0
405	740	0	1.0
405	890	0	1.0
405	1637	0	1.0
405	1942	0	1.0
405	2344	0	1.0
406	297	0	1.0
406	1159	0	1.0
406	1744	0	1.0
406	1758	0	1.0
406	2165	0	1.0
406	2223	0	1.0
406	2248	0	1.0
406	2461	0	1.0
408	1245	0	1.0
408	1430	0	1.0
409	948	0	1.0
409	2406	0	1.0
410	1279	0	1.0
410	1340	0	1.0
410	2079	0	1.0
410	2584	0	1.0
410	2644	0	1.0
411	563	0	1.0
411	651	0	1.0
411	887	0	1.0
411	1001	0	1.0
411	1011	0	1.0
411	1170	0	1.0
411	1232	0	1.0
411	1315	0	1.0
411	1493	0	1.0
411	1579	0	1.0
411	1613	0	1.0
411	1664	0	1.0
411	1861	0	1.0
411	1883	0	1.0
411	2044	0	1.0
411	2116	0	1.0
411	2230	0	1.0
411	2268	0	1.0
411	2336	0	1.0
411	2480	0	1.0
411	2527	0	1.0
411	2605	0	1.0
411	2642	0	1.0
411	2731	0	1.0
411	2782	0	1.0
412	20	0	1.0
412	1381	0	1.0
412	2217	0	1.0
413	510	0	1.0
413	609	0	1.0
414	1000	0	1.0
414	1401	0	1.0
414	1460	0	1.0
414	1667	0	1.0
414	1733	0	1.0
414	2009	0	1.0
414	2032	0	1.0
414	2628	0	1.0
415	327	0	1.0
415	499	0	1.0
415	1945	0	1.0
415	2311	0	1.0
415	2407	0	1.0
418	253	0	1.0
418	317	0	1.0
421	465	0	1.0
421	719	0	1.0
421	980	0	1.0
423	71	0	1.0
423	471	0	1.0
423	921	0	1.0
423	1222	0	1.0
423	1632	0	1.0
423	1893	0	1.0
423	1938	0	1.0
423	2049	0	1.0
423	2599	0	1.0
423	2689	0	1.0
424	799	0	1.0
424	1061	0	1.0
424	1123	0	1.0
424	2085	0	1.0
424	2459	0	1.0
425	382	0	1.0
425	482	0	1.0
425	737	0	1.0
425	2381	0	1.0
427	764	0	1.0
428	105	0	1.0
428	1424	0	1.0
428	2074	0	1.0
429	36	0	1.0
429	44	0	1.0
429	127	0	1.0
429	443	0	1.0
430	126	0	1.0
430	657	0	1.0
433	407	0	1.0
434	983	0	1.0
434	1276	0	1.0
434	1379	0	1.0
434	1919	0	1.0
434	2120	0	1.0
436	291	0	1.0
436	299	0	1.0
436	463	0	1.0
436	701	0	1.0
436	1316	0	1.0
438	372	0	1.0
438	1350	0	1.0
438	2553	0	1.0
439	795	0	1.0
439	860	0	1.0
439	1142	0	1.0
439	1534	0	1.0
439	1671	0	1.0
440	1106	0	1.0
440	1305	0	1.0
440	2252	0	1.0
440	2415	0	1.0
440	2633	0	1.0
442	271	0	1.0
442	666	0	1.0
445	182	0	1.0
445	1639	0	1.0
446	1625	0	1.0
446	2336	0	1.0
448	556	0	1.0
448	1726	0	1.0
448	1940	0	1.0
448	2151	0	1.0
448	2563	0	1.0
448	2696	0	1.0
449	622	0	1.0
449	780	0	1.0
449	1164	0	1.0
449	1197	0	1.0
449	1264	0	1.0
449	1723	0	1.0
449	1744	0	1.0
449	2232	0	1.0
450	242	0	1.0
450	292	0	1.0
450	436	0	1.0
450	587	0	1.0
450	718	0	1.0
450	2021	0	1.0
450	2850	0	1.0
452	1488	0	1.0
453	44	0	1.0
453	54	0	1.0
453	991	0	1.0
453	1054	0	1.0
453	1106	0	1.0
453	1863	0	1.0
453	2633	0	1.0
454	2671	0	1.0
455	191	0	1.0
455	709	0	1.0
455	1266	0	1.0
455	1281	0	1.0
455	1848	0	1.0
458	2152	0	1.0
459	1728	0	1.0
460	220	0	1.0
461	1463	0	1.0
463	242	0	1.0
463	305	0	1.0
463	701	0	1.0
463	2532	0	1.0
465	575	0	1.0
465	905	0	1.0
465	980	0	1.0
465	2187	0	1.0
466	5	0	1.0
466	36	0	1.0
466	44	0	1.0
466	112	0	1.0
466	127	0	1.0
466	429	0	1.0
466	443	0	1.0
466	2157	0	1.0
466	2219	0	1.0
468	2233	0	1.0
468	2435	0	1.0
470	668	0	1.0
470	2115	0	1.0
470	2571	0	1.0
471	1893	0	1.0
471	2574	0	1.0
472	806	0	1.0
472	926	0	1.0
472	2200	0	1.0
476	2003	0	1.0
476	2378	0	1.0
476	2564	0	1.0
477	2342	0	1.0
477	2744	0	1.0
479	317	0	1.0
479	426	0	1.0
479	675	0	1.0
481	1251	0	1.0
481	1695	0	1.0
481	1761	0	1.0
481	1947	0	1.0
482	174	0	1.0
482	389	0	1.0
482	612	0	1.0
482	737	0	1.0
482	1111	0	1.0
482	2381	0	1.0
487	221	0	1.0
489	27	0	1.0
489	219	0	1.0
489	924	0	1.0
489	1400	0	1.0
489	2249	0	1.0
489	2698	0	1.0
490	2003	0	1.0
491	23	0	1.0
491	879	0	1.0
491	1225	0	1.0
491	2695	0	1.0
492	983	0	1.0
492	1024	0	1.0
492	1046	0	1.0
492	1940	0	1.0
493	380	0	1.0
493	868	0	1.0
493	947	0	1.0
493	1119	0	1.0
493	1522	0	1.0
493	1531	0	1.0
493	1658	0	1.0
493	1835	0	1.0
493	2069	0	1.0
493	2433	0	1.0
495	1055	0	1.0
495	1415	0	1.0
495	1420	0	1.0
495	1586	0	1.0
495	2318	0	1.0
495	2843	0	1.0
496	2008	0	1.0
497	54	0	1.0
497	453	0	1.0
497	1106	0	1.0
497	1354	0	1.0
497	1812	0	1.0
497	1863	0	1.0
497	2415	0	1.0
497	2633	0	1.0
498	1415	0	1.0
499	2616	0	1.0
501	0	0	1.0
501	583	0	1.0
501	1252	0	1.0
503	69	0	1.0
503	1286	0	1.0
503	1382	0	1.0
503	1409	0	1.0
503	1653	0	1.0
503	1685	0	1.0
503	1795	0	1.0
503	2276	0	1.0
503	2784	0	1.0
504	224	0	1.0
504	1583	0	1.0
504	2568	0	1.0
506	722	0	1.0
507	584	0	1.0
507	691	0	1.0
507	983	0	1.0
507	999	0	1.0
507	1050	0	1.0
507	1186	0	1.0
507	1560	0	1.0
507	1940	0	1.0
507	2002	0	1.0
507	2120	0	1.0
508	1714	0	1.0
509	680	0	1.0
509	1204	0	1.0
510	1984	0	1.0
513	713	0	1.0
513	943	0	1.0
513	1787	0	1.0
513	1993	0	1.0
513	2736	0	1.0
514	1015	0	1.0
514	1193	0	1.0
514	2276	0	1.0
515	2752	0	1.0
516	2540	0	1.0
517	694	0	1.0
517	805	0	1.0
517	1051	0	1.0
517	2233	0	1.0
517	2572	0	1.0
519	2111	0	1.0
520	1204	0	1.0
524	742	0	1.0
525	1369	0	1.0
525	1817	0	1.0
525	2063	0	1.0
525	2385	0	1.0
525	2736	0	1.0
530	691	0	1.0
530	983	0	1.0
531	83	0	1.0
531	173	0	1.0
531	306	0	1.0
531	1082	0	1.0
531	1945	0	1.0
531	2311	0	1.0
531	2536	0	1.0
532	69	0	1.0
532	97	0	1.0
532	110	0	1.0
532	365	0	1.0
532	503	0	1.0
532	514	0	1.0
532	619	0	1.0
532	716	0	1.0
532	820	0	1.0
532	859	0	1.0
532	890	0	1.0
532	962	0	1.0
532	1015	0	1.0
532	1187	0	1.0
532	1193	0	1.0
532	1286	0	1.0
532	1382	0	1.0
532	1409	0	1.0
532	1537	0	1.0
532	1653	0	1.0
532	1685	0	1.0
532	1795	0	1.0
532	1990	0	1.0
532	2276	0	1.0
532	2293	0	1.0
532	2756	0	1.0
532	2784	0	1.0
532	2810	0	1.0
533	253	0	1.0
533	317	0	1.0
533	328	0	1.0
533	418	0	1.0
533	517	0	1.0
533	2410	0	1.0
534	76	0	1.0
534	158	0	1.0
534	1757	0	1.0
534	1963	0	1.0
534	2141	0	1.0
536	1823	0	1.0
537	260	0	1.0
537	747	0	1.0
537	860	0	1.0
537	2717	0	1.0
538	1105	0	1.0
538	2766	0	1.0
539	476	0	1.0
539	589	0	1.0
539	802	0	1.0
539	1171	0	1.0
539	1760	0	1.0
539	2121	0	1.0
539	2154	0	1.0
539	2466	0	1.0
539	2572	0	1.0
539	2631	0	1.0
541	1367	0	1.0
541	2432	0	1.0
542	256	0	1.0
542	261	0	1.0
542	384	0	1.0
542	387	0	1.0
542	474	0	1.0
542	505	0	1.0
542	563	0	1.0
542	615	0	1.0
542	632	0	1.0
542	741	0	1.0
542	1011	0	1.0
542	1613	0	1.0
542	1619	0	1.0
542	1836	0	1.0
542	2123	0	1.0
542	2178	0	1.0
542	2336	0	1.0
542	2709	0	1.0
542	2762	0	1.0
543	560	0	1.0
545	2847	0	1.0
546	283	0	1.0
546	312	0	1.0
546	545	0	1.0
546	745	0	1.0
546	1550	0	1.0
546	1755	0	1.0
546	1892	0	1.0
546	2137	0	1.0
547	294	0	1.0
547	703	0	1.0
547	1237	0	1.0
548	669	0	1.0
551	61	0	1.0
551	166	0	1.0
551	278	0	1.0
551	735	0	1.0
551	849	0	1.0
551	943	0	1.0
551	1671	0	1.0
551	1787	0	1.0
551	1791	0	1.0
551	2153	0	1.0
551	2198	0	1.0
551	2229	0	1.0
551	2421	0	1.0
551	2428	0	1.0
552	2660	0	1.0
555	585	0	1.0
555	706	0	1.0
555	1496	0	1.0
555	1626	0	1.0
555	1828	0	1.0
555	2370	0	1.0
556	923	0	1.0
556	1542	0	1.0
556	1571	0	1.0
556	1636	0	1.0
556	1940	0	1.0
556	2151	0	1.0
556	2563	0	1.0
556	2696	0	1.0
558	842	0	1.0
559	166	0	1.0
559	1689	0	1.0
559	2847	0	1.0
560	475	0	1.0
560	543	0	1.0
560	550	0	1.0
560	1150	0	1.0
560	2720	0	1.0
561	1831	0	1.0
563	290	0	1.0
563	384	0	1.0
563	1011	0	1.0
563	1664	0	1.0
563	2336	0	1.0
563	2480	0	1.0
564	478	0	1.0
565	957	0	1.0
566	2223	0	1.0
567	1647	0	1.0
569	1058	0	1.0
569	1586	0	1.0
569	2165	0	1.0
569	2514	0	1.0
569	2655	0	1.0
570	1335	0	1.0
570	1713	0	1.0
570	1870	0	1.0
570	2445	0	1.0
571	2	0	1.0
571	582	0	1.0
571	755	0	1.0
571	837	0	1.0
571	990	0	1.0
571	1259	0	1.0
571	1347	0	1.0
571	2139	0	1.0
571	2196	0	1.0
571	2310	0	1.0
571	2589	0	1.0
572	224	0	1.0
572	504	0	1.0
572	1417	0	1.0
572	1583	0	1.0
572	2568	0	1.0
574	297	0	1.0
574	1159	0	1.0
574	2248	0	1.0
574	2461	0	1.0
576	1498	0	1.0
577	892	0	1.0
579	469	0	1.0
579	498	0	1.0
579	653	0	1.0
579	1200	0	1.0
579	1415	0	1.0
579	2063	0	1.0
579	2388	0	1.0
579	2412	0	1.0
579	2542	0	1.0
579	2576	0	1.0
581	1023	0	1.0
581	1866	0	1.0
581	2388	0	1.0
581	2412	0	1.0
581	2421	0	1.0
582	6	0	1.0
582	1149	0	1.0
582	2589	0	1.0
583	262	0	1.0
583	1236	0	1.0
583	1743	0	1.0
583	2017	0	1.0
583	2695	0	1.0
585	986	0	1.0
585	1137	0	1.0
585	1300	0	1.0
585	1626	0	1.0
585	1667	0	1.0
585	2370	0	1.0
585	2459	0	1.0
585	2503	0	1.0
585	2767	0	1.0
587	174	0	1.0
587	382	0	1.0
587	389	0	1.0
587	482	0	1.0
587	612	0	1.0
587	737	0	1.0
587	1023	0	1.0
587	1718	0	1.0
587	2381	0	1.0
590	844	0	1.0
592	2367	0	1.0
594	1968	0	1.0
595	635	0	1.0
595	1173	0	1.0
595	1790	0	1.0
596	1194	0	1.0
596	1436	0	1.0
598	66	0	1.0
599	62	0	1.0
599	94	0	1.0
599	256	0	1.0
599	741	0	1.0
599	760	0	1.0
599	802	0	1.0
599	1150	0	1.0
599	1288	0	1.0
599	1355	0	1.0
599	1423	0	1.0
599	1518	0	1.0
599	1519	0	1.0
599	2194	0	1.0
599	2277	0	1.0
599	2572	0	1.0
599	2594	0	1.0
599	2701	0	1.0
599	2816	0	1.0
599	2869	0	1.0
601	154	0	1.0
601	896	0	1.0
601	2162	0	1.0
601	2607	0	1.0
602	185	0	1.0
602	1607	0	1.0
602	2105	0	1.0
602	2447	0	1.0
603	738	0	1.0
603	2626	0	1.0
603	2652	0	1.0
604	1464	0	1.0
605	731	0	1.0
605	1106	0	1.0
605	1305	0	1.0
605	2252	0	1.0
605	2415	0	1.0
605	2633	0	1.0
605	2729	0	1.0
606	451	0	1.0
606	589	0	1.0
606	953	0	1.0
606	1171	0	1.0
606	1210	0	1.0
606	1490	0	1.0
606	2121	0	1.0
606	2482	0	1.0
606	2556	0	1.0
606	2672	0	1.0
607	1663	0	1.0
613	1628	0	1.0
614	674	0	1.0
615	2336	0	1.0
617	525	0	1.0
617	1020	0	1.0
617	1984	0	1.0
617	2385	0	1.0
617	2514	0	1.0
617	2736	0	1.0
619	55	0	1.0
619	69	0	1.0
619	365	0	1.0
619	1015	0	1.0
619	1193	0	1.0
621	642	0	1.0
621	1105	0	1.0
621	1579	0	1.0
621	1664	0	1.0
621	1861	0	1.0
621	2178	0	1.0
621	2268	0	1.0
621	2336	0	1.0
621	2762	0	1.0
622	780	0	1.0
622	1164	0	1.0
622	1197	0	1.0
622	2404	0	1.0
623	1920	0	1.0
623	1943	0	1.0
623	2217	0	1.0
624	984	0	1.0
624	2017	0	1.0
624	2114	0	1.0
624	2805	0	1.0
625	287	0	1.0
625	614	0	1.0
625	1778	0	1.0
625	1837	0	1.0
628	2482	0	1.0
630	299	0	1.0
630	305	0	1.0
630	701	0	1.0
630	1930	0	1.0
631	6	0	1.0
631	54	0	1.0
631	112	0	1.0
631	120	0	1.0
631	453	0	1.0
631	497	0	1.0
631	837	0	1.0
631	1106	0	1.0
631	1753	0	1.0
631	1863	0	1.0
631	2310	0	1.0
631	2633	0	1.0
632	592	0	1.0
633	67	0	1.0
633	845	0	1.0
633	1130	0	1.0
635	400	0	1.0
635	1808	0	1.0
635	2478	0	1.0
637	2156	0	1.0
637	2502	0	1.0
638	1011	0	1.0
638	1844	0	1.0
638	2336	0	1.0
639	204	0	1.0
639	778	0	1.0
639	1439	0	1.0
640	1204	0	1.0
641	90	0	1.0
641	2383	0	1.0
642	954	0	1.0
642	1057	0	1.0
642	1121	0	1.0
642	2000	0	1.0
642	2280	0	1.0
642	2289	0	1.0
642	2460	0	1.0
644	5	0	1.0
644	101	0	1.0
644	466	0	1.0
644	712	0	1.0
644	757	0	1.0
644	926	0	1.0
644	1277	0	1.0
644	1754	0	1.0
644	1852	0	1.0
644	1901	0	1.0
644	1921	0	1.0
644	2157	0	1.0
645	297	0	1.0
645	307	0	1.0
645	406	0	1.0
645	574	0	1.0
645	974	0	1.0
645	1122	0	1.0
645	2165	0	1.0
645	2223	0	1.0
645	2248	0	1.0
645	2377	0	1.0
645	2461	0	1.0
646	1969	0	1.0
647	185	0	1.0
647	506	0	1.0
647	512	0	1.0
647	602	0	1.0
647	722	0	1.0
647	1607	0	1.0
647	2087	0	1.0
647	2447	0	1.0
649	226	0	1.0
649	369	0	1.0
649	465	0	1.0
649	575	0	1.0
649	752	0	1.0
649	1058	0	1.0
649	1265	0	1.0
649	1451	0	1.0
649	1572	0	1.0
649	1600	0	1.0
649	1829	0	1.0
649	1894	0	1.0
649	2514	0	1.0
654	23	0	1.0
654	48	0	1.0
654	88	0	1.0
654	322	0	1.0
654	663	0	1.0
654	879	0	1.0
654	1528	0	1.0
654	1652	0	1.0
654	1716	0	1.0
654	1743	0	1.0
654	1801	0	1.0
654	1865	0	1.0
654	1949	0	1.0
654	2005	0	1.0
654	2011	0	1.0
654	2127	0	1.0
654	2301	0	1.0
654	2361	0	1.0
654	2695	0	1.0
655	980	0	1.0
656	141	0	1.0
656	157	0	1.0
656	323	0	1.0
656	705	0	1.0
656	1156	0	1.0
656	1190	0	1.0
656	1320	0	1.0
656	1499	0	1.0
656	1720	0	1.0
656	2076	0	1.0
656	2314	0	1.0
656	2362	0	1.0
656	2440	0	1.0
656	2467	0	1.0
656	2806	0	1.0
658	438	0	1.0
658	784	0	1.0
658	1323	0	1.0
658	1810	0	1.0
658	2149	0	1.0
658	2769	0	1.0
658	2804	0	1.0
659	1180	0	1.0
661	1698	0	1.0
661	1705	0	1.0
662	1435	0	1.0
662	1641	0	1.0
662	2551	0	1.0
662	2710	0	1.0
663	25	0	1.0
663	1743	0	1.0
663	2005	0	1.0
665	358	0	1.0
666	2342	0	1.0
668	2115	0	1.0
669	548	0	1.0
669	593	0	1.0
675	254	0	1.0
675	258	0	1.0
675	296	0	1.0
675	2134	0	1.0
678	655	0	1.0
678	1557	0	1.0
678	1607	0	1.0
678	1724	0	1.0
678	1859	0	1.0
678	2105	0	1.0
678	2685	0	1.0
679	995	0	1.0
679	1040	0	1.0
679	1095	0	1.0
679	1098	0	1.0
679	1116	0	1.0
679	1186	0	1.0
679	1353	0	1.0
679	1413	0	1.0
679	1542	0	1.0
679	1555	0	1.0
679	1560	0	1.0
679	1870	0	1.0
679	1940	0	1.0
679	2374	0	1.0
680	187	0	1.0
680	509	0	1.0
680	1604	0	1.0
680	1908	0	1.0
680	2794	0	1.0
687	9	0	1.0
687	1106	0	1.0
687	1863	0	1.0
687	2310	0	1.0
687	2633	0	1.0
689	5	0	1.0
689	101	0	1.0
689	127	0	1.0
689	466	0	1.0
689	472	0	1.0
689	626	0	1.0
689	757	0	1.0
689	926	0	1.0
689	1151	0	1.0
689	1852	0	1.0
689	1876	0	1.0
689	1901	0	1.0
689	2157	0	1.0
690	185	0	1.0
690	254	0	1.0
690	258	0	1.0
690	296	0	1.0
690	502	0	1.0
690	655	0	1.0
690	670	0	1.0
690	980	0	1.0
690	1607	0	1.0
690	1755	0	1.0
690	1892	0	1.0
690	2134	0	1.0
690	2279	0	1.0
690	2447	0	1.0
691	983	0	1.0
693	681	0	1.0
694	1376	0	1.0
695	338	0	1.0
695	451	0	1.0
695	577	0	1.0
695	589	0	1.0
695	922	0	1.0
695	1592	0	1.0
695	1881	0	1.0
695	2466	0	1.0
695	2572	0	1.0
697	623	0	1.0
697	1035	0	1.0
697	1920	0	1.0
697	1943	0	1.0
698	602	0	1.0
698	647	0	1.0
698	678	0	1.0
698	728	0	1.0
698	817	0	1.0
698	862	0	1.0
698	868	0	1.0
698	1195	0	1.0
698	1557	0	1.0
698	1607	0	1.0
698	1859	0	1.0
698	2015	0	1.0
698	2105	0	1.0
698	2322	0	1.0
698	2447	0	1.0
698	2532	0	1.0
698	2685	0	1.0
699	1495	0	1.0
702	707	0	1.0
702	733	0	1.0
702	1108	0	1.0
702	1190	0	1.0
702	1486	0	1.0
702	1585	0	1.0
702	1955	0	1.0
703	294	0	1.0
703	1072	0	1.0
704	62	0	1.0
704	715	0	1.0
704	1228	0	1.0
704	1288	0	1.0
704	1807	0	1.0
704	1895	0	1.0
704	2076	0	1.0
704	2266	0	1.0
704	2309	0	1.0
704	2594	0	1.0
704	2664	0	1.0
704	2720	0	1.0
705	323	0	1.0
705	922	0	1.0
708	369	0	1.0
708	512	0	1.0
708	700	0	1.0
708	1923	0	1.0
710	707	0	1.0
710	1430	0	1.0
711	791	0	1.0
711	2345	0	1.0
713	1238	0	1.0
713	1911	0	1.0
713	2152	0	1.0
713	2365	0	1.0
716	365	0	1.0
716	1015	0	1.0
716	1193	0	1.0
716	1286	0	1.0
716	1537	0	1.0
716	1685	0	1.0
716	2276	0	1.0
716	2616	0	1.0
716	2784	0	1.0
717	256	0	1.0
717	638	0	1.0
717	696	0	1.0
717	779	0	1.0
717	1028	0	1.0
717	1679	0	1.0
717	1844	0	1.0
717	2273	0	1.0
717	2449	0	1.0
717	2480	0	1.0
717	2808	0	1.0
718	292	0	1.0
718	436	0	1.0
719	502	0	1.0
720	1248	0	1.0
720	1664	0	1.0
720	1737	0	1.0
720	2109	0	1.0
720	2123	0	1.0
721	22	0	1.0
721	262	0	1.0
721	1252	0	1.0
721	2379	0	1.0
721	2697	0	1.0
723	1200	0	1.0
723	2428	0	1.0
725	1979	0	1.0
725	2194	0	1.0
725	2514	0	1.0
726	204	0	1.0
726	778	0	1.0
726	1439	0	1.0
726	2343	0	1.0
726	2759	0	1.0
727	133	0	1.0
727	1927	0	1.0
727	2550	0	1.0
728	475	0	1.0
728	700	0	1.0
729	69	0	1.0
729	97	0	1.0
729	110	0	1.0
729	365	0	1.0
729	514	0	1.0
729	619	0	1.0
729	820	0	1.0
729	1409	0	1.0
729	1685	0	1.0
730	2675	0	1.0
731	5	0	1.0
731	767	0	1.0
731	2091	0	1.0
731	2157	0	1.0
736	246	0	1.0
736	935	0	1.0
736	1342	0	1.0
736	1524	0	1.0
736	1578	0	1.0
738	2079	0	1.0
739	1246	0	1.0
739	2275	0	1.0
740	205	0	1.0
740	1531	0	1.0
743	18	0	1.0
743	2455	0	1.0
743	2660	0	1.0
744	563	0	1.0
744	651	0	1.0
744	887	0	1.0
744	1001	0	1.0
744	1011	0	1.0
744	1170	0	1.0
744	1232	0	1.0
744	1315	0	1.0
744	1493	0	1.0
744	1579	0	1.0
744	1613	0	1.0
744	1664	0	1.0
744	1861	0	1.0
744	2044	0	1.0
744	2116	0	1.0
744	2268	0	1.0
744	2336	0	1.0
744	2480	0	1.0
744	2527	0	1.0
744	2605	0	1.0
744	2642	0	1.0
744	2731	0	1.0
744	2782	0	1.0
746	2246	0	1.0
749	215	0	1.0
749	258	0	1.0
749	296	0	1.0
749	369	0	1.0
749	670	0	1.0
749	675	0	1.0
749	1755	0	1.0
749	1892	0	1.0
749	2134	0	1.0
750	1829	0	1.0
750	1979	0	1.0
750	2514	0	1.0
751	741	0	1.0
751	828	0	1.0
751	981	0	1.0
751	1109	0	1.0
751	1118	0	1.0
751	1125	0	1.0
751	1241	0	1.0
751	1288	0	1.0
751	1336	0	1.0
751	1582	0	1.0
751	1760	0	1.0
751	1889	0	1.0
751	1895	0	1.0
751	1909	0	1.0
751	2102	0	1.0
751	2150	0	1.0
751	2277	0	1.0
751	2328	0	1.0
751	2397	0	1.0
751	2417	0	1.0
751	2435	0	1.0
751	2591	0	1.0
751	2594	0	1.0
751	2701	0	1.0
751	2789	0	1.0
752	226	0	1.0
752	369	0	1.0
752	512	0	1.0
752	647	0	1.0
752	678	0	1.0
752	843	0	1.0
752	1195	0	1.0
752	1265	0	1.0
752	1343	0	1.0
752	1557	0	1.0
752	1600	0	1.0
752	1724	0	1.0
752	1859	0	1.0
752	2087	0	1.0
752	2105	0	1.0
752	2685	0	1.0
753	61	0	1.0
753	278	0	1.0
753	1671	0	1.0
753	1787	0	1.0
753	1791	0	1.0
753	2153	0	1.0
753	2198	0	1.0
753	2229	0	1.0
754	1453	0	1.0
754	1945	0	1.0
754	2536	0	1.0
755	2	0	1.0
755	54	0	1.0
755	582	0	1.0
755	1259	0	1.0
755	1347	0	1.0
755	1427	0	1.0
755	2196	0	1.0
755	2310	0	1.0
755	2589	0	1.0
756	784	0	1.0
756	846	0	1.0
756	881	0	1.0
756	1095	0	1.0
756	1201	0	1.0
756	1284	0	1.0
756	1696	0	1.0
756	2149	0	1.0
756	2165	0	1.0
756	2557	0	1.0
756	2635	0	1.0
756	2814	0	1.0
757	101	0	1.0
757	466	0	1.0
757	472	0	1.0
757	689	0	1.0
757	806	0	1.0
757	926	0	1.0
757	1212	0	1.0
757	1852	0	1.0
757	1876	0	1.0
758	580	0	1.0
758	2023	0	1.0
758	2749	0	1.0
760	323	0	1.0
760	656	0	1.0
760	741	0	1.0
760	2182	0	1.0
760	2314	0	1.0
760	2594	0	1.0
760	2816	0	1.0
760	2869	0	1.0
761	13	0	1.0
761	9	0	1.0
761	54	0	1.0
761	112	0	1.0
761	120	0	1.0
761	127	0	1.0
761	497	0	1.0
761	1106	0	1.0
761	1259	0	1.0
761	1900	0	1.0
761	2219	0	1.0
761	2252	0	1.0
761	2310	0	1.0
761	2441	0	1.0
761	2633	0	1.0
766	287	0	1.0
766	614	0	1.0
766	2637	0	1.0
767	2430	0	1.0
769	215	0	1.0
769	258	0	1.0
769	296	0	1.0
769	369	0	1.0
769	394	0	1.0
769	670	0	1.0
769	675	0	1.0
769	748	0	1.0
769	749	0	1.0
769	1755	0	1.0
769	1892	0	1.0
769	2134	0	1.0
769	2532	0	1.0
769	2844	0	1.0
770	662	0	1.0
770	2221	0	1.0
770	2494	0	1.0
770	2863	0	1.0
771	1893	0	1.0
771	1927	0	1.0
771	2550	0	1.0
771	2574	0	1.0
772	1939	0	1.0
773	841	0	1.0
773	941	0	1.0
773	974	0	1.0
773	1368	0	1.0
773	1582	0	1.0
773	1744	0	1.0
773	2365	0	1.0
775	518	0	1.0
775	897	0	1.0
775	1678	0	1.0
775	2835	0	1.0
776	366	0	1.0
776	975	0	1.0
776	2579	0	1.0
777	467	0	1.0
777	1718	0	1.0
782	1703	0	1.0
782	2165	0	1.0
782	2377	0	1.0
785	286	0	1.0
785	1285	0	1.0
786	400	0	1.0
786	1192	0	1.0
786	2504	0	1.0
788	163	0	1.0
789	1022	0	1.0
789	1125	0	1.0
789	1190	0	1.0
789	1328	0	1.0
792	1261	0	1.0
792	2231	0	1.0
793	255	0	1.0
793	346	0	1.0
793	2434	0	1.0
794	580	0	1.0
794	758	0	1.0
794	2749	0	1.0
795	860	0	1.0
795	2286	0	1.0
795	2717	0	1.0
795	2741	0	1.0
796	1217	0	1.0
797	590	0	1.0
797	703	0	1.0
797	844	0	1.0
797	1188	0	1.0
797	1511	0	1.0
797	1530	0	1.0
797	2135	0	1.0
797	2256	0	1.0
797	2621	0	1.0
797	2824	0	1.0
798	879	0	1.0
798	1927	0	1.0
798	2124	0	1.0
798	2280	0	1.0
798	2550	0	1.0
802	2266	0	1.0
802	2572	0	1.0
802	2701	0	1.0
808	207	0	1.0
808	674	0	1.0
808	1227	0	1.0
808	1998	0	1.0
809	2340	0	1.0
812	975	0	1.0
812	1677	0	1.0
812	2475	0	1.0
813	69	0	1.0
813	365	0	1.0
813	619	0	1.0
817	185	0	1.0
817	512	0	1.0
817	722	0	1.0
817	748	0	1.0
817	1724	0	1.0
817	2532	0	1.0
818	1667	0	1.0
819	45	0	1.0
819	1103	0	1.0
819	2834	0	1.0
820	110	0	1.0
820	890	0	1.0
820	1015	0	1.0
820	1193	0	1.0
820	2276	0	1.0
821	1831	0	1.0
821	2711	0	1.0
822	280	0	1.0
822	517	0	1.0
822	533	0	1.0
822	1051	0	1.0
822	1390	0	1.0
822	1843	0	1.0
822	2378	0	1.0
822	2684	0	1.0
823	1589	0	1.0
823	1884	0	1.0
823	2816	0	1.0
823	2869	0	1.0
824	338	0	1.0
824	763	0	1.0
824	980	0	1.0
824	1345	0	1.0
824	1592	0	1.0
826	1751	0	1.0
826	1872	0	1.0
826	2098	0	1.0
826	2426	0	1.0
826	2507	0	1.0
827	471	0	1.0
827	1893	0	1.0
827	1927	0	1.0
827	2550	0	1.0
827	2574	0	1.0
828	403	0	1.0
828	1288	0	1.0
829	62	0	1.0
829	1720	0	1.0
829	2362	0	1.0
829	2659	0	1.0
829	2806	0	1.0
831	535	0	1.0
831	2246	0	1.0
832	1069	0	1.0
835	2402	0	1.0
836	653	0	1.0
837	6	0	1.0
837	453	0	1.0
837	990	0	1.0
837	1106	0	1.0
837	1259	0	1.0
837	1863	0	1.0
837	2633	0	1.0
838	1980	0	1.0
838	2129	0	1.0
840	1774	0	1.0
841	62	0	1.0
841	961	0	1.0
841	1368	0	1.0
841	1817	0	1.0
841	2031	0	1.0
841	2076	0	1.0
841	2365	0	1.0
841	2467	0	1.0
841	2815	0	1.0
842	558	0	1.0
844	2621	0	1.0
846	784	0	1.0
846	1302	0	1.0
846	1696	0	1.0
848	2265	0	1.0
851	263	0	1.0
851	1135	0	1.0
851	1723	0	1.0
851	1874	0	1.0
851	2010	0	1.0
851	2113	0	1.0
851	2234	0	1.0
851	2852	0	1.0
853	2563	0	1.0
855	1834	0	1.0
856	27	0	1.0
856	219	0	1.0
856	489	0	1.0
856	924	0	1.0
856	1400	0	1.0
856	1436	0	1.0
856	2528	0	1.0
857	2664	0	1.0
858	2559	0	1.0
859	69	0	1.0
859	514	0	1.0
859	729	0	1.0
859	813	0	1.0
859	820	0	1.0
859	890	0	1.0
859	1409	0	1.0
859	1685	0	1.0
859	2276	0	1.0
859	2810	0	1.0
860	537	0	1.0
860	735	0	1.0
860	2286	0	1.0
861	154	0	1.0
861	1445	0	1.0
862	513	0	1.0
862	545	0	1.0
862	655	0	1.0
862	728	0	1.0
862	1838	0	1.0
864	830	0	1.0
865	543	0	1.0
865	749	0	1.0
865	1475	0	1.0
865	2552	0	1.0
865	2838	0	1.0
866	234	0	1.0
866	779	0	1.0
866	1798	0	1.0
867	1246	0	1.0
868	185	0	1.0
868	602	0	1.0
868	722	0	1.0
868	905	0	1.0
868	1080	0	1.0
868	1119	0	1.0
868	1522	0	1.0
868	1557	0	1.0
868	1859	0	1.0
868	2105	0	1.0
868	2447	0	1.0
868	2685	0	1.0
869	603	0	1.0
869	1185	0	1.0
869	1823	0	1.0
869	2129	0	1.0
869	2255	0	1.0
869	2497	0	1.0
870	410	0	1.0
870	1219	0	1.0
870	1279	0	1.0
870	2079	0	1.0
870	2126	0	1.0
872	1743	0	1.0
872	2695	0	1.0
873	1762	0	1.0
873	1978	0	1.0
873	2575	0	1.0
873	2683	0	1.0
874	885	0	1.0
875	2485	0	1.0
876	1079	0	1.0
876	1104	0	1.0
876	2387	0	1.0
877	0	0	1.0
877	35	0	1.0
877	534	0	1.0
877	583	0	1.0
877	2059	0	1.0
878	44	0	1.0
878	112	0	1.0
878	127	0	1.0
878	1106	0	1.0
878	1427	0	1.0
878	1900	0	1.0
878	2219	0	1.0
879	798	0	1.0
879	939	0	1.0
879	1065	0	1.0
879	1440	0	1.0
879	1736	0	1.0
879	1904	0	1.0
879	1927	0	1.0
879	2025	0	1.0
879	2280	0	1.0
879	2550	0	1.0
880	765	0	1.0
880	780	0	1.0
880	1638	0	1.0
881	784	0	1.0
881	1696	0	1.0
881	2557	0	1.0
882	1453	0	1.0
882	2536	0	1.0
883	281	0	1.0
883	1562	0	1.0
883	2048	0	1.0
883	2299	0	1.0
883	2355	0	1.0
883	2443	0	1.0
884	764	0	1.0
887	1664	0	1.0
888	516	0	1.0
888	2224	0	1.0
889	58	0	1.0
889	62	0	1.0
889	118	0	1.0
889	399	0	1.0
889	704	0	1.0
889	857	0	1.0
889	1129	0	1.0
889	1150	0	1.0
889	1355	0	1.0
889	1405	0	1.0
889	1423	0	1.0
889	1519	0	1.0
889	1618	0	1.0
889	2594	0	1.0
889	2659	0	1.0
889	2691	0	1.0
889	2859	0	1.0
891	1449	0	1.0
893	179	0	1.0
896	154	0	1.0
896	2162	0	1.0
896	2607	0	1.0
897	2826	0	1.0
898	985	0	1.0
899	2652	0	1.0
901	291	0	1.0
901	292	0	1.0
901	305	0	1.0
901	436	0	1.0
901	636	0	1.0
901	2850	0	1.0
903	1321	0	1.0
903	2151	0	1.0
904	208	0	1.0
904	42	0	1.0
904	497	0	1.0
904	830	0	1.0
904	1099	0	1.0
904	1354	0	1.0
904	1427	0	1.0
904	2310	0	1.0
905	502	0	1.0
906	982	0	1.0
906	1376	0	1.0
906	2542	0	1.0
906	2717	0	1.0
907	1379	0	1.0
910	1163	0	1.0
910	1831	0	1.0
913	1144	0	1.0
913	1525	0	1.0
913	1702	0	1.0
914	1897	0	1.0
914	2146	0	1.0
915	2485	0	1.0
917	2558	0	1.0
918	922	0	1.0
918	951	0	1.0
919	434	0	1.0
919	983	0	1.0
919	995	0	1.0
919	1186	0	1.0
919	1276	0	1.0
919	1919	0	1.0
919	1940	0	1.0
919	2002	0	1.0
920	818	0	1.0
920	871	0	1.0
920	1256	0	1.0
920	1667	0	1.0
920	1785	0	1.0
920	1803	0	1.0
920	2209	0	1.0
921	71	0	1.0
921	727	0	1.0
921	1574	0	1.0
921	1893	0	1.0
921	2599	0	1.0
921	2853	0	1.0
924	18	0	1.0
924	27	0	1.0
924	70	0	1.0
924	143	0	1.0
924	219	0	1.0
924	330	0	1.0
924	388	0	1.0
924	1400	0	1.0
924	1717	0	1.0
924	2249	0	1.0
924	2528	0	1.0
925	965	0	1.0
925	2453	0	1.0
926	806	0	1.0
926	1496	0	1.0
926	2200	0	1.0
930	1546	0	1.0
931	86	0	1.0
931	754	0	1.0
931	2536	0	1.0
932	141	0	1.0
932	476	0	1.0
932	768	0	1.0
932	2031	0	1.0
932	2378	0	1.0
932	2631	0	1.0
933	835	0	1.0
933	1627	0	1.0
933	2402	0	1.0
933	2866	0	1.0
937	2240	0	1.0
938	790	0	1.0
939	1094	0	1.0
940	2069	0	1.0
940	2258	0	1.0
941	141	0	1.0
941	841	0	1.0
941	1190	0	1.0
941	1361	0	1.0
941	1368	0	1.0
941	1582	0	1.0
941	1891	0	1.0
941	2031	0	1.0
941	2173	0	1.0
941	2250	0	1.0
941	2314	0	1.0
941	2365	0	1.0
941	2376	0	1.0
941	2594	0	1.0
941	2659	0	1.0
941	2691	0	1.0
942	162	0	1.0
942	472	0	1.0
942	626	0	1.0
942	757	0	1.0
942	926	0	1.0
942	1151	0	1.0
942	1584	0	1.0
942	1852	0	1.0
942	1876	0	1.0
942	2680	0	1.0
944	74	0	1.0
944	659	0	1.0
944	1180	0	1.0
944	1314	0	1.0
944	1417	0	1.0
944	1516	0	1.0
944	2336	0	1.0
944	2449	0	1.0
944	2516	0	1.0
944	2603	0	1.0
944	2653	0	1.0
945	123	0	1.0
945	476	0	1.0
945	606	0	1.0
945	628	0	1.0
945	695	0	1.0
945	741	0	1.0
945	1009	0	1.0
945	1490	0	1.0
945	2129	0	1.0
945	2572	0	1.0
945	2872	0	1.0
949	427	0	1.0
949	695	0	1.0
949	763	0	1.0
949	764	0	1.0
949	824	0	1.0
949	884	0	1.0
949	1309	0	1.0
949	1345	0	1.0
951	922	0	1.0
953	1210	0	1.0
953	1624	0	1.0
953	2672	0	1.0
955	242	0	1.0
955	291	0	1.0
955	299	0	1.0
955	305	0	1.0
955	389	0	1.0
955	463	0	1.0
955	587	0	1.0
955	630	0	1.0
955	636	0	1.0
955	673	0	1.0
955	701	0	1.0
955	737	0	1.0
955	804	0	1.0
955	901	0	1.0
955	2381	0	1.0
958	182	0	1.0
959	2130	0	1.0
959	2621	0	1.0
960	1091	0	1.0
960	1321	0	1.0
960	1461	0	1.0
961	982	0	1.0
961	1817	0	1.0
961	2666	0	1.0
962	292	0	1.0
962	1015	0	1.0
962	2276	0	1.0
964	240	0	1.0
964	366	0	1.0
964	535	0	1.0
964	831	0	1.0
964	1348	0	1.0
964	1483	0	1.0
964	1749	0	1.0
964	1776	0	1.0
964	1799	0	1.0
964	2086	0	1.0
964	2485	0	1.0
964	2603	0	1.0
964	2608	0	1.0
966	507	0	1.0
966	983	0	1.0
966	999	0	1.0
966	1050	0	1.0
966	1186	0	1.0
966	1220	0	1.0
966	1560	0	1.0
966	1940	0	1.0
966	2002	0	1.0
966	2120	0	1.0
966	2372	0	1.0
969	651	0	1.0
969	1546	0	1.0
969	2559	0	1.0
970	198	0	1.0
970	706	0	1.0
970	1828	0	1.0
970	1900	0	1.0
970	2300	0	1.0
970	2592	0	1.0
970	2813	0	1.0
973	2095	0	1.0
974	1744	0	1.0
974	2165	0	1.0
974	2223	0	1.0
974	2400	0	1.0
976	659	0	1.0
976	1190	0	1.0
976	2376	0	1.0
976	2608	0	1.0
978	204	0	1.0
978	1133	0	1.0
978	1439	0	1.0
978	1494	0	1.0
979	727	0	1.0
979	771	0	1.0
979	1222	0	1.0
979	1893	0	1.0
979	1927	0	1.0
979	1938	0	1.0
979	2550	0	1.0
979	2689	0	1.0
980	502	0	1.0
980	905	0	1.0
981	392	0	1.0
981	1228	0	1.0
981	1519	0	1.0
981	1889	0	1.0
981	2277	0	1.0
981	2572	0	1.0
982	1817	0	1.0
983	584	0	1.0
983	691	0	1.0
983	995	0	1.0
983	999	0	1.0
983	1186	0	1.0
983	1560	0	1.0
983	2002	0	1.0
983	2696	0	1.0
984	2114	0	1.0
987	1038	0	1.0
987	1391	0	1.0
987	1455	0	1.0
988	2050	0	1.0
989	892	0	1.0
992	1074	0	1.0
992	2431	0	1.0
993	1	0	1.0
993	618	0	1.0
995	983	0	1.0
995	1186	0	1.0
995	1276	0	1.0
996	1661	0	1.0
996	1706	0	1.0
996	1744	0	1.0
996	2165	0	1.0
996	2377	0	1.0
996	2438	0	1.0
996	2582	0	1.0
997	2130	0	1.0
999	584	0	1.0
999	983	0	1.0
999	1560	0	1.0
1001	384	0	1.0
1001	563	0	1.0
1001	887	0	1.0
1001	1011	0	1.0
1001	1651	0	1.0
1001	2123	0	1.0
1001	2336	0	1.0
1002	2374	0	1.0
1003	706	0	1.0
1003	1300	0	1.0
1003	1556	0	1.0
1003	1828	0	1.0
1004	1007	0	1.0
1004	2708	0	1.0
1006	451	0	1.0
1006	589	0	1.0
1006	617	0	1.0
1006	884	0	1.0
1006	953	0	1.0
1006	1210	0	1.0
1006	1572	0	1.0
1006	1894	0	1.0
1006	2121	0	1.0
1006	2466	0	1.0
1006	2482	0	1.0
1006	2556	0	1.0
1007	1004	0	1.0
1009	589	0	1.0
1009	2266	0	1.0
1009	2572	0	1.0
1010	522	0	1.0
1010	973	0	1.0
1010	1680	0	1.0
1010	2095	0	1.0
1010	2737	0	1.0
1011	1613	0	1.0
1011	1664	0	1.0
1011	1883	0	1.0
1011	2123	0	1.0
1011	2336	0	1.0
1016	21	0	1.0
1016	536	0	1.0
1016	609	0	1.0
1016	642	0	1.0
1016	2460	0	1.0
1016	2590	0	1.0
1018	1270	0	1.0
1018	2340	0	1.0
1018	2387	0	1.0
1018	2431	0	1.0
1019	1421	0	1.0
1019	1831	0	1.0
1019	2167	0	1.0
1020	1200	0	1.0
1020	1242	0	1.0
1020	1257	0	1.0
1020	2063	0	1.0
1020	2428	0	1.0
1020	2666	0	1.0
1021	2480	0	1.0
1023	735	0	1.0
1023	943	0	1.0
1023	982	0	1.0
1023	1787	0	1.0
1023	1817	0	1.0
1023	2542	0	1.0
1023	2654	0	1.0
1024	448	0	1.0
1024	507	0	1.0
1024	556	0	1.0
1024	983	0	1.0
1024	1050	0	1.0
1024	1186	0	1.0
1024	1560	0	1.0
1024	1622	0	1.0
1024	1726	0	1.0
1024	1940	0	1.0
1025	33	0	1.0
1025	42	0	1.0
1025	1106	0	1.0
1025	1274	0	1.0
1025	1300	0	1.0
1025	1443	0	1.0
1025	1959	0	1.0
1025	2172	0	1.0
1025	2633	0	1.0
1026	1955	0	1.0
1027	356	0	1.0
1027	606	0	1.0
1027	656	0	1.0
1027	1009	0	1.0
1027	1519	0	1.0
1027	2266	0	1.0
1027	2572	0	1.0
1027	2851	0	1.0
1028	779	0	1.0
1029	1991	0	1.0
1030	478	0	1.0
1030	564	0	1.0
1030	1825	0	1.0
1030	2519	0	1.0
1030	2807	0	1.0
1031	133	0	1.0
1031	1222	0	1.0
1031	1893	0	1.0
1031	2744	0	1.0
1032	212	0	1.0
1033	290	0	1.0
1033	337	0	1.0
1033	384	0	1.0
1033	446	0	1.0
1033	785	0	1.0
1033	858	0	1.0
1033	993	0	1.0
1033	1011	0	1.0
1033	1021	0	1.0
1033	1285	0	1.0
1033	1388	0	1.0
1033	1579	0	1.0
1033	1625	0	1.0
1033	1664	0	1.0
1033	1700	0	1.0
1033	1737	0	1.0
1033	1861	0	1.0
1033	1883	0	1.0
1033	2116	0	1.0
1033	2123	0	1.0
1033	2178	0	1.0
1033	2212	0	1.0
1033	2230	0	1.0
1033	2268	0	1.0
1033	2273	0	1.0
1033	2336	0	1.0
1033	2642	0	1.0
1033	2709	0	1.0
1033	2731	0	1.0
1033	2782	0	1.0
1033	2840	0	1.0
1034	715	0	1.0
1034	1288	0	1.0
1035	623	0	1.0
1035	1943	0	1.0
1035	2217	0	1.0
1036	1744	0	1.0
1036	2165	0	1.0
1036	2248	0	1.0
1036	2461	0	1.0
1036	2848	0	1.0
1037	1146	0	1.0
1039	6	0	1.0
1039	926	0	1.0
1039	1106	0	1.0
1039	1812	0	1.0
1039	1989	0	1.0
1039	2633	0	1.0
1041	1	0	1.0
1041	94	0	1.0
1042	2881	0	1.0
1042	0	0	1.0
1042	534	0	1.0
1042	1041	0	1.0
1042	1809	0	1.0
1042	2868	0	1.0
1043	2771	0	1.0
1044	1720	0	1.0
1044	2077	0	1.0
1044	2435	0	1.0
1045	2874	0	1.0
1045	26	0	1.0
1045	534	0	1.0
1045	1298	0	1.0
1045	2246	0	1.0
1045	2259	0	1.0
1045	2805	0	1.0
1045	2868	0	1.0
1047	574	0	1.0
1047	645	0	1.0
1047	1687	0	1.0
1048	712	0	1.0
1048	926	0	1.0
1048	1039	0	1.0
1048	1106	0	1.0
1048	1900	0	1.0
1048	1989	0	1.0
1048	2329	0	1.0
1048	2633	0	1.0
1049	599	0	1.0
1049	704	0	1.0
1049	829	0	1.0
1049	1132	0	1.0
1049	1150	0	1.0
1049	1190	0	1.0
1049	1228	0	1.0
1049	1518	0	1.0
1049	1587	0	1.0
1049	1720	0	1.0
1049	1807	0	1.0
1049	2076	0	1.0
1049	2222	0	1.0
1049	2250	0	1.0
1049	2266	0	1.0
1049	2309	0	1.0
1049	2314	0	1.0
1049	2440	0	1.0
1049	2467	0	1.0
1049	2594	0	1.0
1049	2806	0	1.0
1049	2869	0	1.0
1050	983	0	1.0
1050	1560	0	1.0
1050	2824	0	1.0
1052	616	0	1.0
1052	1668	0	1.0
1053	125	0	1.0
1053	550	0	1.0
1053	884	0	1.0
1053	1572	0	1.0
1053	2420	0	1.0
1053	2817	0	1.0
1054	72	0	1.0
1054	830	0	1.0
1054	1106	0	1.0
1054	1305	0	1.0
1054	2415	0	1.0
1054	2633	0	1.0
1055	495	0	1.0
1055	1420	0	1.0
1055	1586	0	1.0
1055	2318	0	1.0
1055	2843	0	1.0
1056	2274	0	1.0
1056	2275	0	1.0
1056	2827	0	1.0
1058	469	0	1.0
1058	575	0	1.0
1058	1689	0	1.0
1060	937	0	1.0
1060	1897	0	1.0
1060	2209	0	1.0
1060	2240	0	1.0
1062	593	0	1.0
1062	1254	0	1.0
1062	1474	0	1.0
1062	2350	0	1.0
1065	133	0	1.0
1065	218	0	1.0
1065	798	0	1.0
1065	879	0	1.0
1065	979	0	1.0
1065	1094	0	1.0
1065	1414	0	1.0
1065	1659	0	1.0
1065	1893	0	1.0
1065	2025	0	1.0
1065	2550	0	1.0
1066	141	0	1.0
1066	1100	0	1.0
1066	1145	0	1.0
1066	1156	0	1.0
1066	1790	0	1.0
1066	2594	0	1.0
1066	2720	0	1.0
1067	2616	0	1.0
1069	1421	0	1.0
1071	2012	0	1.0
1072	703	0	1.0
1072	844	0	1.0
1073	1101	0	1.0
1073	2505	0	1.0
1075	1657	0	1.0
1077	590	0	1.0
1077	997	0	1.0
1077	1253	0	1.0
1077	1267	0	1.0
1078	626	0	1.0
1078	2581	0	1.0
1079	1018	0	1.0
1079	2387	0	1.0
1079	2393	0	1.0
1079	2431	0	1.0
1080	185	0	1.0
1080	215	0	1.0
1080	254	0	1.0
1080	512	0	1.0
1080	722	0	1.0
1080	1119	0	1.0
1080	1724	0	1.0
1080	2105	0	1.0
1080	2447	0	1.0
1081	323	0	1.0
1081	1157	0	1.0
1081	1720	0	1.0
1083	940	0	1.0
1084	1444	0	1.0
1085	1960	0	1.0
1087	26	0	1.0
1087	446	0	1.0
1087	615	0	1.0
1087	2370	0	1.0
1087	2767	0	1.0
1087	2799	0	1.0
1092	1381	0	1.0
1092	2395	0	1.0
1095	2696	0	1.0
1096	187	0	1.0
1096	204	0	1.0
1096	1386	0	1.0
1096	2619	0	1.0
1098	319	0	1.0
1098	679	0	1.0
1098	995	0	1.0
1098	1002	0	1.0
1098	1116	0	1.0
1098	1413	0	1.0
1098	1555	0	1.0
1098	1560	0	1.0
1098	1704	0	1.0
1098	1726	0	1.0
1098	1763	0	1.0
1098	1870	0	1.0
1099	148	0	1.0
1099	1054	0	1.0
1100	141	0	1.0
1100	1156	0	1.0
1100	1287	0	1.0
1100	1364	0	1.0
1100	2594	0	1.0
1100	2659	0	1.0
1100	2720	0	1.0
1103	801	0	1.0
1103	819	0	1.0
1103	864	0	1.0
1103	1203	0	1.0
1103	1442	0	1.0
1104	876	0	1.0
1104	1463	0	1.0
1104	2267	0	1.0
1105	2782	0	1.0
1107	915	0	1.0
1107	1693	0	1.0
1107	1898	0	1.0
1107	2485	0	1.0
1109	1044	0	1.0
1109	2222	0	1.0
1109	2417	0	1.0
1109	2435	0	1.0
1109	2789	0	1.0
1111	612	0	1.0
1114	1280	0	1.0
1115	509	0	1.0
1115	1604	0	1.0
1116	319	0	1.0
1116	995	0	1.0
1116	1095	0	1.0
1116	1098	0	1.0
1116	1220	0	1.0
1116	1353	0	1.0
1116	1413	0	1.0
1116	1542	0	1.0
1116	1555	0	1.0
1116	1560	0	1.0
1116	1660	0	1.0
1116	1704	0	1.0
1116	1726	0	1.0
1116	1870	0	1.0
1116	1940	0	1.0
1116	2670	0	1.0
1116	2792	0	1.0
1118	950	0	1.0
1118	1336	0	1.0
1118	1645	0	1.0
1118	1909	0	1.0
1118	2194	0	1.0
1118	2328	0	1.0
1120	2039	0	1.0
1120	2787	0	1.0
1125	1190	0	1.0
1126	71	0	1.0
1126	133	0	1.0
1126	195	0	1.0
1126	218	0	1.0
1126	259	0	1.0
1126	477	0	1.0
1126	771	0	1.0
1126	827	0	1.0
1126	879	0	1.0
1126	921	0	1.0
1126	939	0	1.0
1126	979	0	1.0
1126	1031	0	1.0
1126	1065	0	1.0
1126	1094	0	1.0
1126	1128	0	1.0
1126	1222	0	1.0
1126	1389	0	1.0
1126	1632	0	1.0
1126	1893	0	1.0
1126	1927	0	1.0
1126	1933	0	1.0
1126	1938	0	1.0
1126	2025	0	1.0
1126	2049	0	1.0
1126	2094	0	1.0
1126	2506	0	1.0
1126	2550	0	1.0
1126	2574	0	1.0
1126	2599	0	1.0
1126	2689	0	1.0
1128	218	0	1.0
1128	815	0	1.0
1128	879	0	1.0
1128	1094	0	1.0
1128	1414	0	1.0
1128	1659	0	1.0
1128	2094	0	1.0
1128	2225	0	1.0
1128	2437	0	1.0
1129	47	0	1.0
1129	62	0	1.0
1129	211	0	1.0
1129	599	0	1.0
1129	724	0	1.0
1129	829	0	1.0
1129	857	0	1.0
1129	889	0	1.0
1129	1066	0	1.0
1129	1190	0	1.0
1129	1249	0	1.0
1129	1336	0	1.0
1129	1355	0	1.0
1129	1405	0	1.0
1129	1423	0	1.0
1129	1468	0	1.0
1129	1519	0	1.0
1129	1599	0	1.0
1129	1739	0	1.0
1129	1746	0	1.0
1129	1805	0	1.0
1129	1891	0	1.0
1129	2417	0	1.0
1129	2572	0	1.0
1129	2594	0	1.0
1129	2659	0	1.0
1129	2691	0	1.0
1129	2720	0	1.0
1129	2859	0	1.0
1131	1208	0	1.0
1131	1301	0	1.0
1131	1956	0	1.0
1131	2724	0	1.0
1132	1327	0	1.0
1132	1720	0	1.0
1132	1807	0	1.0
1132	2076	0	1.0
1132	2314	0	1.0
1132	2701	0	1.0
1132	2806	0	1.0
1132	2816	0	1.0
1133	1439	0	1.0
1135	2882	0	1.0
1135	371	0	1.0
1135	2234	0	1.0
1135	2852	0	1.0
1138	398	0	1.0
1138	882	0	1.0
1138	1453	0	1.0
1138	2024	0	1.0
1138	2536	0	1.0
1140	708	0	1.0
1140	722	0	1.0
1140	2105	0	1.0
1140	2447	0	1.0
1141	173	0	1.0
1141	1082	0	1.0
1142	61	0	1.0
1142	278	0	1.0
1142	537	0	1.0
1142	653	0	1.0
1142	860	0	1.0
1142	1532	0	1.0
1143	2293	0	1.0
1144	2713	0	1.0
1147	370	0	1.0
1147	1346	0	1.0
1147	1509	0	1.0
1149	150	0	1.0
1150	141	0	1.0
1150	2720	0	1.0
1151	472	0	1.0
1151	806	0	1.0
1151	926	0	1.0
1151	2200	0	1.0
1154	1061	0	1.0
1154	2085	0	1.0
1154	2459	0	1.0
1154	2503	0	1.0
1156	141	0	1.0
1156	1150	0	1.0
1156	2594	0	1.0
1156	2659	0	1.0
1156	2720	0	1.0
1157	589	0	1.0
1157	1364	0	1.0
1160	123	0	1.0
1160	695	0	1.0
1160	922	0	1.0
1160	1009	0	1.0
1160	1996	0	1.0
1160	2243	0	1.0
1160	2572	0	1.0
1160	2773	0	1.0
1162	94	0	1.0
1162	1925	0	1.0
1162	2483	0	1.0
1162	2539	0	1.0
1164	780	0	1.0
1165	294	0	1.0
1165	844	0	1.0
1165	997	0	1.0
1165	1077	0	1.0
1165	1253	0	1.0
1165	1350	0	1.0
1165	1683	0	1.0
1165	2068	0	1.0
1166	1703	0	1.0
1166	1758	0	1.0
1167	1858	0	1.0
1168	2334	0	1.0
1168	2738	0	1.0
1169	514	0	1.0
1169	1537	0	1.0
1171	589	0	1.0
1171	2466	0	1.0
1171	2556	0	1.0
1172	1449	0	1.0
1172	1740	0	1.0
1172	2168	0	1.0
1173	1145	0	1.0
1173	1577	0	1.0
1173	1868	0	1.0
1173	2330	0	1.0
1174	2188	0	1.0
1177	2606	0	1.0
1178	2370	0	1.0
1178	2767	0	1.0
1179	46	0	1.0
1179	222	0	1.0
1179	714	0	1.0
1179	2551	0	1.0
1179	2630	0	1.0
1180	1328	0	1.0
1181	797	0	1.0
1181	844	0	1.0
1181	983	0	1.0
1181	995	0	1.0
1181	1050	0	1.0
1181	1095	0	1.0
1181	1615	0	1.0
1181	2822	0	1.0
1182	715	0	1.0
1182	823	0	1.0
1182	829	0	1.0
1182	1336	0	1.0
1182	1589	0	1.0
1182	1741	0	1.0
1182	1884	0	1.0
1182	2194	0	1.0
1182	2222	0	1.0
1182	2591	0	1.0
1182	2816	0	1.0
1183	323	0	1.0
1183	724	0	1.0
1184	354	0	1.0
1184	435	0	1.0
1184	469	0	1.0
1184	575	0	1.0
1184	636	0	1.0
1184	807	0	1.0
1184	1058	0	1.0
1184	1190	0	1.0
1184	1420	0	1.0
1184	1534	0	1.0
1184	1586	0	1.0
1184	1689	0	1.0
1184	2410	0	1.0
1184	2514	0	1.0
1184	2655	0	1.0
1184	2843	0	1.0
1185	2296	0	1.0
1186	995	0	1.0
1186	1560	0	1.0
1187	365	0	1.0
1188	547	0	1.0
1188	797	0	1.0
1188	844	0	1.0
1188	959	0	1.0
1188	1040	0	1.0
1188	1511	0	1.0
1188	2135	0	1.0
1188	2256	0	1.0
1188	2562	0	1.0
1188	2621	0	1.0
1189	157	0	1.0
1189	476	0	1.0
1189	490	0	1.0
1189	606	0	1.0
1189	695	0	1.0
1189	932	0	1.0
1189	1171	0	1.0
1189	1275	0	1.0
1189	1490	0	1.0
1189	1499	0	1.0
1189	1760	0	1.0
1189	1929	0	1.0
1189	1953	0	1.0
1189	1996	0	1.0
1189	2102	0	1.0
1189	2154	0	1.0
1189	2403	0	1.0
1189	2425	0	1.0
1189	2564	0	1.0
1189	2572	0	1.0
1189	2600	0	1.0
1189	2601	0	1.0
1189	2631	0	1.0
1192	2504	0	1.0
1192	2787	0	1.0
1193	1015	0	1.0
1195	185	0	1.0
1195	512	0	1.0
1195	602	0	1.0
1195	700	0	1.0
1195	1119	0	1.0
1195	1557	0	1.0
1195	1724	0	1.0
1195	1859	0	1.0
1195	1923	0	1.0
1195	2015	0	1.0
1195	2105	0	1.0
1195	2447	0	1.0
1195	2532	0	1.0
1196	2129	0	1.0
1198	1239	0	1.0
1199	657	0	1.0
1200	2666	0	1.0
1201	1696	0	1.0
1201	2112	0	1.0
1203	864	0	1.0
1204	509	0	1.0
1205	2879	0	1.0
1205	101	0	1.0
1205	54	0	1.0
1205	162	0	1.0
1205	472	0	1.0
1205	757	0	1.0
1205	926	0	1.0
1205	1427	0	1.0
1205	1803	0	1.0
1205	1852	0	1.0
1205	2172	0	1.0
1205	2310	0	1.0
1205	2371	0	1.0
1206	1018	0	1.0
1206	1914	0	1.0
1206	2387	0	1.0
1206	2393	0	1.0
1206	2431	0	1.0
1208	75	0	1.0
1208	1561	0	1.0
1208	2724	0	1.0
1209	335	0	1.0
1209	650	0	1.0
1212	77	0	1.0
1212	806	0	1.0
1212	926	0	1.0
1212	2200	0	1.0
1212	2300	0	1.0
1214	399	0	1.0
1214	951	0	1.0
1214	1288	0	1.0
1214	1355	0	1.0
1214	1519	0	1.0
1214	2006	0	1.0
1214	2150	0	1.0
1214	2194	0	1.0
1214	2572	0	1.0
1214	2688	0	1.0
1214	2758	0	1.0
1216	926	0	1.0
1220	1555	0	1.0
1220	1560	0	1.0
1222	133	0	1.0
1222	1893	0	1.0
1222	1927	0	1.0
1222	2550	0	1.0
1222	2574	0	1.0
1223	1782	0	1.0
1223	2037	0	1.0
1224	2275	0	1.0
1226	1858	0	1.0
1227	808	0	1.0
1227	1998	0	1.0
1227	2148	0	1.0
1229	591	0	1.0
1231	174	0	1.0
1231	194	0	1.0
1231	242	0	1.0
1231	368	0	1.0
1231	777	0	1.0
1231	1111	0	1.0
1231	1316	0	1.0
1231	2187	0	1.0
1231	2499	0	1.0
1232	1170	0	1.0
1233	1535	0	1.0
1233	1577	0	1.0
1233	2302	0	1.0
1233	2306	0	1.0
1233	2382	0	1.0
1233	2648	0	1.0
1234	797	0	1.0
1234	1040	0	1.0
1234	1357	0	1.0
1234	1551	0	1.0
1234	1633	0	1.0
1234	2562	0	1.0
1235	1236	0	1.0
1235	1263	0	1.0
1238	943	0	1.0
1238	1449	0	1.0
1238	2152	0	1.0
1238	2168	0	1.0
1240	940	0	1.0
1240	1329	0	1.0
1240	2644	0	1.0
1241	62	0	1.0
1241	1288	0	1.0
1241	1720	0	1.0
1241	1884	0	1.0
1241	2277	0	1.0
1241	2691	0	1.0
1241	2816	0	1.0
1242	1913	0	1.0
1242	2745	0	1.0
1243	1575	0	1.0
1244	372	0	1.0
1244	438	0	1.0
1244	784	0	1.0
1244	1091	0	1.0
1244	1280	0	1.0
1244	2283	0	1.0
1244	2553	0	1.0
1245	1984	0	1.0
1248	1651	0	1.0
1248	2019	0	1.0
1248	2107	0	1.0
1248	2123	0	1.0
1248	2273	0	1.0
1249	589	0	1.0
1249	1125	0	1.0
1249	1157	0	1.0
1249	1364	0	1.0
1249	1605	0	1.0
1250	992	0	1.0
1250	1079	0	1.0
1250	2325	0	1.0
1251	59	0	1.0
1251	209	0	1.0
1251	1695	0	1.0
1252	1757	0	1.0
1253	959	0	1.0
1254	1421	0	1.0
1255	6	0	1.0
1255	33	0	1.0
1255	36	0	1.0
1255	120	0	1.0
1255	205	0	1.0
1255	252	0	1.0
1255	453	0	1.0
1255	830	0	1.0
1255	837	0	1.0
1255	1039	0	1.0
1255	1048	0	1.0
1255	1054	0	1.0
1255	1106	0	1.0
1255	1259	0	1.0
1255	1274	0	1.0
1255	1634	0	1.0
1255	1863	0	1.0
1255	1989	0	1.0
1255	2172	0	1.0
1255	2329	0	1.0
1255	2415	0	1.0
1255	2492	0	1.0
1255	2633	0	1.0
1256	783	0	1.0
1256	920	0	1.0
1256	1000	0	1.0
1256	1460	0	1.0
1256	1782	0	1.0
1256	2195	0	1.0
1256	2612	0	1.0
1256	2636	0	1.0
1257	1680	0	1.0
1259	6	0	1.0
1259	616	0	1.0
1260	341	0	1.0
1260	589	0	1.0
1260	922	0	1.0
1260	1009	0	1.0
1260	2362	0	1.0
1260	2572	0	1.0
1260	2656	0	1.0
1262	1145	0	1.0
1262	1173	0	1.0
1262	1790	0	1.0
1264	2232	0	1.0
1265	226	0	1.0
1265	465	0	1.0
1265	606	0	1.0
1265	647	0	1.0
1265	1343	0	1.0
1265	1415	0	1.0
1265	1451	0	1.0
1265	1490	0	1.0
1265	1620	0	1.0
1265	1894	0	1.0
1265	1979	0	1.0
1265	2322	0	1.0
1265	2685	0	1.0
1265	2692	0	1.0
1266	191	0	1.0
1266	1333	0	1.0
1267	2130	0	1.0
1268	544	0	1.0
1268	591	0	1.0
1268	1011	0	1.0
1268	1232	0	1.0
1268	1388	0	1.0
1268	1579	0	1.0
1268	1638	0	1.0
1268	2044	0	1.0
1268	2226	0	1.0
1268	2336	0	1.0
1268	2642	0	1.0
1268	2731	0	1.0
1269	297	0	1.0
1269	906	0	1.0
1269	982	0	1.0
1269	1023	0	1.0
1269	1142	0	1.0
1269	2388	0	1.0
1269	2412	0	1.0
1269	2542	0	1.0
1269	2654	0	1.0
1270	1018	0	1.0
1270	2340	0	1.0
1270	2387	0	1.0
1270	2431	0	1.0
1270	2718	0	1.0
1272	590	0	1.0
1272	2470	0	1.0
1274	33	0	1.0
1274	991	0	1.0
1275	528	0	1.0
1275	768	0	1.0
1275	2076	0	1.0
1275	2378	0	1.0
1275	2425	0	1.0
1275	2564	0	1.0
1275	2594	0	1.0
1275	2600	0	1.0
1275	2631	0	1.0
1275	2816	0	1.0
1277	101	0	1.0
1277	162	0	1.0
1277	466	0	1.0
1277	472	0	1.0
1277	644	0	1.0
1277	757	0	1.0
1277	926	0	1.0
1277	1754	0	1.0
1277	1852	0	1.0
1277	1901	0	1.0
1277	2680	0	1.0
1280	1114	0	1.0
1281	2751	0	1.0
1283	91	0	1.0
1283	105	0	1.0
1283	428	0	1.0
1283	1093	0	1.0
1283	1424	0	1.0
1283	2074	0	1.0
1284	784	0	1.0
1284	846	0	1.0
1284	2635	0	1.0
1286	1015	0	1.0
1286	1193	0	1.0
1286	1537	0	1.0
1286	2276	0	1.0
1286	2616	0	1.0
1287	11	0	1.0
1287	715	0	1.0
1287	1125	0	1.0
1287	1190	0	1.0
1287	1364	0	1.0
1287	2591	0	1.0
1288	828	0	1.0
1288	1125	0	1.0
1288	1157	0	1.0
1288	1190	0	1.0
1288	1249	0	1.0
1288	1287	0	1.0
1288	1336	0	1.0
1288	1589	0	1.0
1288	2076	0	1.0
1288	2194	0	1.0
1288	2376	0	1.0
1288	2435	0	1.0
1288	2591	0	1.0
1288	2701	0	1.0
1288	2816	0	1.0
1289	1063	0	1.0
1291	1955	0	1.0
1294	273	0	1.0
1294	1107	0	1.0
1294	1693	0	1.0
1294	1898	0	1.0
1294	2485	0	1.0
1295	607	0	1.0
1296	200	0	1.0
1296	1562	0	1.0
1296	1826	0	1.0
1296	2355	0	1.0
1296	2389	0	1.0
1297	706	0	1.0
1297	1404	0	1.0
1297	1434	0	1.0
1297	2406	0	1.0
1300	712	0	1.0
1300	1828	0	1.0
1301	603	0	1.0
1301	2427	0	1.0
1301	2626	0	1.0
1302	784	0	1.0
1302	1696	0	1.0
1305	42	0	1.0
1305	1054	0	1.0
1305	2415	0	1.0
1308	998	0	1.0
1308	1243	0	1.0
1309	251	0	1.0
1310	465	0	1.0
1310	725	0	1.0
1310	750	0	1.0
1310	1829	0	1.0
1310	1979	0	1.0
1310	2423	0	1.0
1310	2514	0	1.0
1311	149	0	1.0
1313	480	0	1.0
1314	1524	0	1.0
1314	2472	0	1.0
1316	612	0	1.0
1317	486	0	1.0
1317	2830	0	1.0
1318	1020	0	1.0
1318	1200	0	1.0
1318	1337	0	1.0
1318	1734	0	1.0
1318	1966	0	1.0
1318	2063	0	1.0
1318	2309	0	1.0
1318	2428	0	1.0
1319	203	0	1.0
1319	248	0	1.0
1319	2646	0	1.0
1321	2007	0	1.0
1323	784	0	1.0
1323	1280	0	1.0
1323	1540	0	1.0
1323	2112	0	1.0
1326	372	0	1.0
1326	1114	0	1.0
1326	1280	0	1.0
1326	2662	0	1.0
1327	589	0	1.0
1327	1125	0	1.0
1327	1150	0	1.0
1327	1190	0	1.0
1327	2314	0	1.0
1327	2376	0	1.0
1327	2701	0	1.0
1327	2720	0	1.0
1327	2869	0	1.0
1331	1705	0	1.0
1336	1125	0	1.0
1336	1190	0	1.0
1336	1288	0	1.0
1336	1895	0	1.0
1336	2076	0	1.0
1336	2376	0	1.0
1336	2417	0	1.0
1336	2591	0	1.0
1336	2816	0	1.0
1337	1200	0	1.0
1337	2428	0	1.0
1337	2666	0	1.0
1339	307	0	1.0
1339	841	0	1.0
1339	941	0	1.0
1339	1233	0	1.0
1339	1271	0	1.0
1339	1361	0	1.0
1339	1368	0	1.0
1339	1582	0	1.0
1339	2365	0	1.0
1339	2582	0	1.0
1340	1964	0	1.0
1341	1501	0	1.0
1342	1164	0	1.0
1342	1665	0	1.0
1343	369	0	1.0
1343	512	0	1.0
1343	541	0	1.0
1343	700	0	1.0
1343	722	0	1.0
1343	1367	0	1.0
1343	1930	0	1.0
1343	2447	0	1.0
1343	2793	0	1.0
1344	1123	0	1.0
1346	2208	0	1.0
1347	42	0	1.0
1347	54	0	1.0
1347	1450	0	1.0
1347	2415	0	1.0
1348	831	0	1.0
1348	2086	0	1.0
1348	2608	0	1.0
1349	892	0	1.0
1350	1386	0	1.0
1350	2662	0	1.0
1351	1426	0	1.0
1351	2334	0	1.0
1351	2367	0	1.0
1351	2676	0	1.0
1352	1130	0	1.0
1353	1186	0	1.0
1353	1560	0	1.0
1354	1305	0	1.0
1354	1812	0	1.0
1355	157	0	1.0
1355	399	0	1.0
1355	1125	0	1.0
1355	1156	0	1.0
1355	1190	0	1.0
1355	1518	0	1.0
1355	2572	0	1.0
1355	2594	0	1.0
1355	2869	0	1.0
1356	5	0	1.0
1356	36	0	1.0
1356	112	0	1.0
1356	136	0	1.0
1356	478	0	1.0
1356	564	0	1.0
1356	1825	0	1.0
1356	2519	0	1.0
1357	375	0	1.0
1357	590	0	1.0
1357	797	0	1.0
1357	844	0	1.0
1357	911	0	1.0
1357	952	0	1.0
1357	1002	0	1.0
1357	1040	0	1.0
1357	1043	0	1.0
1357	1098	0	1.0
1357	1188	0	1.0
1357	1530	0	1.0
1357	1551	0	1.0
1357	1555	0	1.0
1357	1633	0	1.0
1357	1940	0	1.0
1357	2028	0	1.0
1357	2177	0	1.0
1357	2562	0	1.0
1363	622	0	1.0
1363	1257	0	1.0
1364	589	0	1.0
1365	1168	0	1.0
1365	2335	0	1.0
1365	2577	0	1.0
1365	2649	0	1.0
1365	2867	0	1.0
1367	2826	0	1.0
1368	943	0	1.0
1368	1238	0	1.0
1368	1247	0	1.0
1368	1288	0	1.0
1368	1817	0	1.0
1368	1993	0	1.0
1368	2168	0	1.0
1368	2365	0	1.0
1370	1306	0	1.0
1370	2320	0	1.0
1373	378	0	1.0
1373	2639	0	1.0
1374	2261	0	1.0
1375	2881	0	1.0
1375	0	0	1.0
1375	111	0	1.0
1375	2874	0	1.0
1375	26	0	1.0
1375	76	0	1.0
1375	131	0	1.0
1375	158	0	1.0
1375	534	0	1.0
1375	1045	0	1.0
1375	1298	0	1.0
1375	1757	0	1.0
1375	1963	0	1.0
1375	1981	0	1.0
1375	2141	0	1.0
1375	2193	0	1.0
1375	2246	0	1.0
1375	2259	0	1.0
1375	2805	0	1.0
1375	2868	0	1.0
1377	1242	0	1.0
1377	2751	0	1.0
1378	1109	0	1.0
1382	514	0	1.0
1382	1015	0	1.0
1382	1193	0	1.0
1382	1286	0	1.0
1382	1537	0	1.0
1382	2276	0	1.0
1382	2616	0	1.0
1383	1574	0	1.0
1383	2853	0	1.0
1384	2214	0	1.0
1384	2335	0	1.0
1385	434	0	1.0
1385	907	0	1.0
1385	1379	0	1.0
1385	1855	0	1.0
1385	2727	0	1.0
1387	1457	0	1.0
1388	1579	0	1.0
1388	2642	0	1.0
1389	195	0	1.0
1389	477	0	1.0
1389	1031	0	1.0
1389	1222	0	1.0
1389	1893	0	1.0
1390	517	0	1.0
1390	805	0	1.0
1390	2684	0	1.0
1392	2067	0	1.0
1393	633	0	1.0
1393	697	0	1.0
1393	2638	0	1.0
1394	1707	0	1.0
1395	1276	0	1.0
1395	2798	0	1.0
1398	938	0	1.0
1398	1246	0	1.0
1398	1920	0	1.0
1398	1943	0	1.0
1398	2186	0	1.0
1399	853	0	1.0
1399	1571	0	1.0
1399	1636	0	1.0
1399	2151	0	1.0
1399	2563	0	1.0
1400	143	0	1.0
1400	2249	0	1.0
1401	1460	0	1.0
1401	2032	0	1.0
1402	2040	0	1.0
1403	1005	0	1.0
1405	62	0	1.0
1405	829	0	1.0
1405	857	0	1.0
1405	950	0	1.0
1405	1129	0	1.0
1405	2093	0	1.0
1405	2417	0	1.0
1405	2664	0	1.0
1406	204	0	1.0
1406	2162	0	1.0
1408	161	0	1.0
1408	590	0	1.0
1408	703	0	1.0
1408	797	0	1.0
1408	959	0	1.0
1408	1188	0	1.0
1408	1267	0	1.0
1408	1511	0	1.0
1408	1530	0	1.0
1408	1633	0	1.0
1408	1636	0	1.0
1408	2135	0	1.0
1409	55	0	1.0
1409	69	0	1.0
1409	110	0	1.0
1409	820	0	1.0
1409	1015	0	1.0
1409	1193	0	1.0
1409	1685	0	1.0
1409	2276	0	1.0
1409	2784	0	1.0
1412	1299	0	1.0
1413	319	0	1.0
1413	1560	0	1.0
1413	1726	0	1.0
1417	1426	0	1.0
1417	2516	0	1.0
1418	771	0	1.0
1418	1222	0	1.0
1418	1893	0	1.0
1418	1927	0	1.0
1418	1938	0	1.0
1419	48	0	1.0
1419	1332	0	1.0
1419	1716	0	1.0
1419	1801	0	1.0
1419	2124	0	1.0
1419	2301	0	1.0
1419	2361	0	1.0
1420	1376	0	1.0
1420	2843	0	1.0
1423	62	0	1.0
1423	118	0	1.0
1423	1242	0	1.0
1423	1336	0	1.0
1423	1441	0	1.0
1423	1734	0	1.0
1423	1817	0	1.0
1423	2328	0	1.0
1423	2417	0	1.0
1424	105	0	1.0
1424	428	0	1.0
1424	1093	0	1.0
1424	2074	0	1.0
1425	476	0	1.0
1425	2003	0	1.0
1425	2378	0	1.0
1425	2672	0	1.0
1426	1417	0	1.0
1426	2676	0	1.0
1427	54	0	1.0
1427	926	0	1.0
1427	1048	0	1.0
1427	1106	0	1.0
1427	1812	0	1.0
1427	1852	0	1.0
1427	2633	0	1.0
1428	1840	0	1.0
1433	2008	0	1.0
1434	2800	0	1.0
1435	1274	0	1.0
1435	1634	0	1.0
1435	2371	0	1.0
1435	2710	0	1.0
1436	388	0	1.0
1437	304	0	1.0
1437	1358	0	1.0
1438	2407	0	1.0
1439	204	0	1.0
1439	778	0	1.0
1439	1133	0	1.0
1439	1386	0	1.0
1443	33	0	1.0
1443	42	0	1.0
1443	120	0	1.0
1443	991	0	1.0
1443	1039	0	1.0
1443	1048	0	1.0
1443	1106	0	1.0
1443	1274	0	1.0
1443	1900	0	1.0
1443	1959	0	1.0
1443	1989	0	1.0
1443	2329	0	1.0
1443	2633	0	1.0
1445	1987	0	1.0
1447	3	0	1.0
1447	67	0	1.0
1447	2620	0	1.0
1448	1906	0	1.0
1448	2522	0	1.0
1449	549	0	1.0
1449	1740	0	1.0
1449	2168	0	1.0
1450	42	0	1.0
1450	1054	0	1.0
1450	1149	0	1.0
1450	2311	0	1.0
1450	2415	0	1.0
1451	1829	0	1.0
1453	398	0	1.0
1454	1074	0	1.0
1459	990	0	1.0
1459	1453	0	1.0
1459	2252	0	1.0
1459	2371	0	1.0
1461	1321	0	1.0
1461	1480	0	1.0
1462	784	0	1.0
1463	139	0	1.0
1466	2145	0	1.0
1468	622	0	1.0
1468	2110	0	1.0
1468	2667	0	1.0
1469	784	0	1.0
1469	844	0	1.0
1469	1095	0	1.0
1469	1694	0	1.0
1469	1696	0	1.0
1469	1948	0	1.0
1469	2112	0	1.0
1470	2112	0	1.0
1470	2714	0	1.0
1471	1124	0	1.0
1474	206	0	1.0
1474	1254	0	1.0
1474	2350	0	1.0
1476	303	0	1.0
1476	1014	0	1.0
1476	1481	0	1.0
1476	1723	0	1.0
1476	1914	0	1.0
1476	2483	0	1.0
1476	2681	0	1.0
1477	1680	0	1.0
1477	1916	0	1.0
1478	855	0	1.0
1478	2578	0	1.0
1479	210	0	1.0
1479	1074	0	1.0
1479	2343	0	1.0
1483	604	0	1.0
1483	1464	0	1.0
1483	1646	0	1.0
1484	1215	0	1.0
1485	972	0	1.0
1487	379	0	1.0
1487	1090	0	1.0
1487	1441	0	1.0
1487	1766	0	1.0
1487	1829	0	1.0
1488	2623	0	1.0
1489	1520	0	1.0
1489	1584	0	1.0
1489	1878	0	1.0
1489	2191	0	1.0
1489	2503	0	1.0
1490	64	0	1.0
1490	123	0	1.0
1490	451	0	1.0
1490	476	0	1.0
1490	922	0	1.0
1490	951	0	1.0
1490	953	0	1.0
1490	1210	0	1.0
1490	1881	0	1.0
1490	2003	0	1.0
1490	2121	0	1.0
1490	2466	0	1.0
1490	2482	0	1.0
1490	2544	0	1.0
1490	2556	0	1.0
1490	2564	0	1.0
1490	2572	0	1.0
1491	1962	0	1.0
1492	51	0	1.0
1492	1102	0	1.0
1492	1391	0	1.0
1492	2737	0	1.0
1493	1059	0	1.0
1493	2871	0	1.0
1494	2254	0	1.0
1497	295	0	1.0
1497	345	0	1.0
1497	1353	0	1.0
1497	1485	0	1.0
1497	1683	0	1.0
1497	1813	0	1.0
1498	368	0	1.0
1499	157	0	1.0
1499	323	0	1.0
1499	1720	0	1.0
1500	1730	0	1.0
1502	149	0	1.0
1502	1204	0	1.0
1502	1313	0	1.0
1503	1820	0	1.0
1504	185	0	1.0
1504	369	0	1.0
1504	512	0	1.0
1504	708	0	1.0
1504	1023	0	1.0
1504	1557	0	1.0
1504	1724	0	1.0
1504	1859	0	1.0
1504	1909	0	1.0
1504	1923	0	1.0
1504	2015	0	1.0
1504	2187	0	1.0
1505	119	0	1.0
1505	212	0	1.0
1506	182	0	1.0
1506	819	0	1.0
1506	1103	0	1.0
1506	1203	0	1.0
1506	1478	0	1.0
1507	888	0	1.0
1507	1887	0	1.0
1507	2224	0	1.0
1508	1278	0	1.0
1509	1463	0	1.0
1510	286	0	1.0
1510	765	0	1.0
1510	858	0	1.0
1510	1574	0	1.0
1510	1597	0	1.0
1510	1638	0	1.0
1510	1702	0	1.0
1510	1844	0	1.0
1510	2226	0	1.0
1510	2259	0	1.0
1510	2808	0	1.0
1511	2621	0	1.0
1511	2818	0	1.0
1513	536	0	1.0
1513	709	0	1.0
1513	850	0	1.0
1513	1504	0	1.0
1513	2051	0	1.0
1513	2513	0	1.0
1513	2734	0	1.0
1515	23	0	1.0
1515	491	0	1.0
1515	663	0	1.0
1515	1528	0	1.0
1515	1652	0	1.0
1515	1743	0	1.0
1515	1865	0	1.0
1515	2005	0	1.0
1515	2054	0	1.0
1515	2123	0	1.0
1515	2273	0	1.0
1515	2360	0	1.0
1515	2379	0	1.0
1515	2697	0	1.0
1515	2837	0	1.0
1516	1524	0	1.0
1516	2472	0	1.0
1517	2167	0	1.0
1518	1150	0	1.0
1518	1157	0	1.0
1518	1605	0	1.0
1518	1895	0	1.0
1518	2362	0	1.0
1518	2572	0	1.0
1518	2594	0	1.0
1518	2659	0	1.0
1519	589	0	1.0
1519	1327	0	1.0
1519	1364	0	1.0
1519	2572	0	1.0
1519	2869	0	1.0
1520	275	0	1.0
1521	784	0	1.0
1521	1696	0	1.0
1521	2149	0	1.0
1521	2511	0	1.0
1522	1119	0	1.0
1523	2448	0	1.0
1526	1	0	1.0
1526	111	0	1.0
1526	96	0	1.0
1526	1041	0	1.0
1526	1958	0	1.0
1526	2559	0	1.0
1528	1743	0	1.0
1528	2695	0	1.0
1528	2697	0	1.0
1529	1551	0	1.0
1533	117	0	1.0
1533	674	0	1.0
1533	2319	0	1.0
1534	435	0	1.0
1534	2655	0	1.0
1537	1015	0	1.0
1537	1193	0	1.0
1537	2276	0	1.0
1538	2266	0	1.0
1538	2544	0	1.0
1538	2632	0	1.0
1539	519	0	1.0
1540	568	0	1.0
1540	992	0	1.0
1540	1018	0	1.0
1540	1270	0	1.0
1540	2387	0	1.0
1541	1916	0	1.0
1542	923	0	1.0
1542	1560	0	1.0
1545	1185	0	1.0
1545	1559	0	1.0
1546	1757	0	1.0
1547	784	0	1.0
1547	2112	0	1.0
1547	2149	0	1.0
1548	40	0	1.0
1548	95	0	1.0
1548	128	0	1.0
1548	1464	0	1.0
1548	1847	0	1.0
1548	2760	0	1.0
1548	2842	0	1.0
1549	200	0	1.0
1549	225	0	1.0
1549	232	0	1.0
1549	276	0	1.0
1549	686	0	1.0
1549	1149	0	1.0
1549	1296	0	1.0
1549	1444	0	1.0
1549	1531	0	1.0
1549	1553	0	1.0
1549	1562	0	1.0
1549	1768	0	1.0
1549	1826	0	1.0
1549	2048	0	1.0
1549	2111	0	1.0
1549	2299	0	1.0
1549	2355	0	1.0
1549	2511	0	1.0
1549	2686	0	1.0
1549	2772	0	1.0
1550	1892	0	1.0
1552	174	0	1.0
1552	194	0	1.0
1552	230	0	1.0
1552	242	0	1.0
1552	382	0	1.0
1552	389	0	1.0
1552	737	0	1.0
1552	884	0	1.0
1552	1111	0	1.0
1552	1231	0	1.0
1552	1316	0	1.0
1552	1772	0	1.0
1552	2353	0	1.0
1552	2381	0	1.0
1553	30	0	1.0
1553	1562	0	1.0
1553	1768	0	1.0
1553	2251	0	1.0
1555	1560	0	1.0
1556	257	0	1.0
1556	706	0	1.0
1556	986	0	1.0
1556	1496	0	1.0
1556	1626	0	1.0
1556	1828	0	1.0
1557	185	0	1.0
1557	512	0	1.0
1557	1119	0	1.0
1557	1607	0	1.0
1557	2105	0	1.0
1557	2447	0	1.0
1557	2793	0	1.0
1568	2394	0	1.0
1571	2563	0	1.0
1572	369	0	1.0
1572	708	0	1.0
1572	1140	0	1.0
1572	1343	0	1.0
1572	1451	0	1.0
1572	1620	0	1.0
1572	1894	0	1.0
1572	2514	0	1.0
1574	1322	0	1.0
1577	1228	0	1.0
1577	1327	0	1.0
1577	2302	0	1.0
1577	2382	0	1.0
1577	2440	0	1.0
1577	2594	0	1.0
1577	2659	0	1.0
1577	2720	0	1.0
1577	2781	0	1.0
1577	2869	0	1.0
1578	1342	0	1.0
1578	1524	0	1.0
1579	2230	0	1.0
1580	2826	0	1.0
1582	141	0	1.0
1582	1361	0	1.0
1582	1799	0	1.0
1582	2594	0	1.0
1582	2659	0	1.0
1583	1417	0	1.0
1583	1426	0	1.0
1583	2516	0	1.0
1583	2568	0	1.0
1584	818	0	1.0
1584	1691	0	1.0
1584	2191	0	1.0
1585	1108	0	1.0
1585	1730	0	1.0
1586	2843	0	1.0
1587	62	0	1.0
1587	116	0	1.0
1587	1125	0	1.0
1587	1336	0	1.0
1587	1739	0	1.0
1587	2376	0	1.0
1588	515	0	1.0
1588	784	0	1.0
1588	809	0	1.0
1588	1084	0	1.0
1588	1246	0	1.0
1588	1386	0	1.0
1588	1463	0	1.0
1588	1756	0	1.0
1588	1987	0	1.0
1588	2149	0	1.0
1588	2607	0	1.0
1588	2690	0	1.0
1588	2752	0	1.0
1589	1125	0	1.0
1589	2591	0	1.0
1589	2594	0	1.0
1589	2659	0	1.0
1589	2720	0	1.0
1589	2816	0	1.0
1591	1	0	1.0
1591	255	0	1.0
1591	346	0	1.0
1591	618	0	1.0
1591	993	0	1.0
1591	1028	0	1.0
1591	2434	0	1.0
1591	2559	0	1.0
1591	2653	0	1.0
1591	2782	0	1.0
1594	518	0	1.0
1594	897	0	1.0
1594	1678	0	1.0
1594	1779	0	1.0
1594	2835	0	1.0
1595	281	0	1.0
1595	1414	0	1.0
1595	1573	0	1.0
1595	2111	0	1.0
1595	2299	0	1.0
1595	2638	0	1.0
1596	691	0	1.0
1596	983	0	1.0
1597	2808	0	1.0
1597	2871	0	1.0
1599	724	0	1.0
1599	1150	0	1.0
1599	1805	0	1.0
1599	2720	0	1.0
1600	226	0	1.0
1600	550	0	1.0
1600	655	0	1.0
1600	678	0	1.0
1600	700	0	1.0
1600	719	0	1.0
1600	1023	0	1.0
1600	1080	0	1.0
1600	1195	0	1.0
1600	1557	0	1.0
1600	1859	0	1.0
1600	2015	0	1.0
1600	2087	0	1.0
1600	2322	0	1.0
1600	2373	0	1.0
1600	2692	0	1.0
1601	684	0	1.0
1601	803	0	1.0
1602	762	0	1.0
1603	336	0	1.0
1603	930	0	1.0
1603	1757	0	1.0
1604	509	0	1.0
1605	589	0	1.0
1605	1766	0	1.0
1606	626	0	1.0
1606	2581	0	1.0
1607	502	0	1.0
1607	905	0	1.0
1609	626	0	1.0
1609	1078	0	1.0
1609	1300	0	1.0
1609	1370	0	1.0
1609	1878	0	1.0
1609	2131	0	1.0
1609	2191	0	1.0
1609	2636	0	1.0
1610	561	0	1.0
1611	204	0	1.0
1611	778	0	1.0
1611	978	0	1.0
1611	1133	0	1.0
1611	1386	0	1.0
1611	1439	0	1.0
1611	1494	0	1.0
1611	1725	0	1.0
1614	2881	0	1.0
1614	0	0	1.0
1614	588	0	1.0
1614	534	0	1.0
1614	1236	0	1.0
1614	2141	0	1.0
1614	2193	0	1.0
1614	2246	0	1.0
1617	1523	0	1.0
1618	1260	0	1.0
1618	1577	0	1.0
1618	2302	0	1.0
1618	2382	0	1.0
1618	2594	0	1.0
1619	505	0	1.0
1620	369	0	1.0
1620	512	0	1.0
1620	1343	0	1.0
1620	2447	0	1.0
1620	2826	0	1.0
1621	1215	0	1.0
1621	2000	0	1.0
1622	584	0	1.0
1622	923	0	1.0
1622	983	0	1.0
1622	995	0	1.0
1622	1050	0	1.0
1622	1186	0	1.0
1622	1560	0	1.0
1622	1713	0	1.0
1624	763	0	1.0
1624	953	0	1.0
1624	1022	0	1.0
1624	1210	0	1.0
1624	1937	0	1.0
1624	2672	0	1.0
1626	986	0	1.0
1626	1300	0	1.0
1626	1496	0	1.0
1626	1828	0	1.0
1628	1130	0	1.0
1629	590	0	1.0
1629	844	0	1.0
1629	1253	0	1.0
1629	2824	0	1.0
1632	71	0	1.0
1632	195	0	1.0
1632	423	0	1.0
1632	921	0	1.0
1632	1031	0	1.0
1632	1389	0	1.0
1632	1893	0	1.0
1632	1938	0	1.0
1632	2049	0	1.0
1632	2506	0	1.0
1632	2599	0	1.0
1633	797	0	1.0
1633	844	0	1.0
1633	1072	0	1.0
1633	1188	0	1.0
1633	2135	0	1.0
1634	1435	0	1.0
1635	660	0	1.0
1636	853	0	1.0
1636	1571	0	1.0
1636	1692	0	1.0
1636	2151	0	1.0
1636	2563	0	1.0
1637	1803	0	1.0
1638	337	0	1.0
1638	765	0	1.0
1638	1702	0	1.0
1638	2226	0	1.0
1639	1728	0	1.0
1639	2020	0	1.0
1640	424	0	1.0
1640	494	0	1.0
1640	799	0	1.0
1640	1123	0	1.0
1640	1137	0	1.0
1640	1401	0	1.0
1640	1735	0	1.0
1640	1738	0	1.0
1641	2551	0	1.0
1641	2871	0	1.0
1642	1657	0	1.0
1642	1697	0	1.0
1644	211	0	1.0
1645	715	0	1.0
1645	1336	0	1.0
1645	2194	0	1.0
1645	2328	0	1.0
1645	2417	0	1.0
1645	2591	0	1.0
1646	604	0	1.0
1646	1464	0	1.0
1648	424	0	1.0
1648	585	0	1.0
1648	1061	0	1.0
1648	1123	0	1.0
1648	1154	0	1.0
1648	1496	0	1.0
1648	1531	0	1.0
1648	1626	0	1.0
1648	1667	0	1.0
1648	1915	0	1.0
1648	2008	0	1.0
1648	2085	0	1.0
1648	2321	0	1.0
1648	2349	0	1.0
1648	2459	0	1.0
1648	2503	0	1.0
1648	2561	0	1.0
1649	2771	0	1.0
1650	1531	0	1.0
1650	1774	0	1.0
1650	1849	0	1.0
1651	592	0	1.0
1651	2123	0	1.0
1652	663	0	1.0
1652	872	0	1.0
1652	1225	0	1.0
1652	1528	0	1.0
1652	1743	0	1.0
1652	2005	0	1.0
1652	2101	0	1.0
1652	2316	0	1.0
1652	2695	0	1.0
1653	69	0	1.0
1653	514	0	1.0
1653	820	0	1.0
1653	1193	0	1.0
1653	1286	0	1.0
1653	1537	0	1.0
1653	1685	0	1.0
1653	1990	0	1.0
1653	2276	0	1.0
1653	2293	0	1.0
1653	2784	0	1.0
1653	2810	0	1.0
1654	1766	0	1.0
1657	1697	0	1.0
1658	1835	0	1.0
1659	815	0	1.0
1659	2744	0	1.0
1660	972	0	1.0
1660	983	0	1.0
1661	996	0	1.0
1661	1703	0	1.0
1661	1744	0	1.0
1661	2215	0	1.0
1661	2377	0	1.0
1661	2541	0	1.0
1661	2848	0	1.0
1662	100	0	1.0
1662	863	0	1.0
1662	1867	0	1.0
1662	1968	0	1.0
1664	1011	0	1.0
1664	1613	0	1.0
1664	1883	0	1.0
1664	2123	0	1.0
1664	2336	0	1.0
1665	146	0	1.0
1666	940	0	1.0
1666	1240	0	1.0
1666	2069	0	1.0
1670	712	0	1.0
1671	61	0	1.0
1671	278	0	1.0
1671	860	0	1.0
1671	1787	0	1.0
1671	2187	0	1.0
1671	2198	0	1.0
1671	2229	0	1.0
1674	570	0	1.0
1674	853	0	1.0
1674	1013	0	1.0
1674	1335	0	1.0
1674	1571	0	1.0
1674	1636	0	1.0
1674	1713	0	1.0
1674	1870	0	1.0
1674	2151	0	1.0
1674	2438	0	1.0
1674	2445	0	1.0
1674	2563	0	1.0
1674	2670	0	1.0
1674	2693	0	1.0
1675	1559	0	1.0
1675	2108	0	1.0
1675	2129	0	1.0
1676	2020	0	1.0
1678	980	0	1.0
1679	505	0	1.0
1680	522	0	1.0
1680	2095	0	1.0
1682	1602	0	1.0
1682	2520	0	1.0
1683	294	0	1.0
1683	324	0	1.0
1683	590	0	1.0
1683	997	0	1.0
1683	1077	0	1.0
1683	1253	0	1.0
1683	1280	0	1.0
1683	1350	0	1.0
1683	2261	0	1.0
1683	2553	0	1.0
1683	2662	0	1.0
1684	613	0	1.0
1684	667	0	1.0
1684	1393	0	1.0
1684	1628	0	1.0
1684	2332	0	1.0
1684	2390	0	1.0
1685	365	0	1.0
1685	1193	0	1.0
1687	297	0	1.0
1687	307	0	1.0
1687	406	0	1.0
1687	566	0	1.0
1687	574	0	1.0
1687	974	0	1.0
1687	1122	0	1.0
1687	2165	0	1.0
1687	2223	0	1.0
1687	2248	0	1.0
1687	2377	0	1.0
1687	2461	0	1.0
1688	35	0	1.0
1688	367	0	1.0
1688	877	0	1.0
1688	1101	0	1.0
1688	1821	0	1.0
1688	1926	0	1.0
1688	2059	0	1.0
1689	435	0	1.0
1689	469	0	1.0
1689	575	0	1.0
1689	670	0	1.0
1689	807	0	1.0
1689	2410	0	1.0
1691	419	0	1.0
1691	494	0	1.0
1691	2238	0	1.0
1693	2485	0	1.0
1697	1657	0	1.0
1700	303	0	1.0
1700	779	0	1.0
1700	780	0	1.0
1700	1164	0	1.0
1700	1651	0	1.0
1700	2123	0	1.0
1702	2713	0	1.0
1703	1744	0	1.0
1703	1758	0	1.0
1703	2165	0	1.0
1704	995	0	1.0
1704	1040	0	1.0
1704	1095	0	1.0
1704	1098	0	1.0
1704	1186	0	1.0
1704	1353	0	1.0
1704	1542	0	1.0
1704	1555	0	1.0
1704	1560	0	1.0
1704	1870	0	1.0
1704	1940	0	1.0
1704	2374	0	1.0
1706	1744	0	1.0
1706	2165	0	1.0
1706	2223	0	1.0
1706	2306	0	1.0
1709	1431	0	1.0
1709	1522	0	1.0
1710	652	0	1.0
1711	2868	0	1.0
1712	314	0	1.0
1712	434	0	1.0
1712	590	0	1.0
1712	784	0	1.0
1712	983	0	1.0
1712	1095	0	1.0
1712	1181	0	1.0
1712	1272	0	1.0
1712	1469	0	1.0
1712	1622	0	1.0
1712	1696	0	1.0
1712	1948	0	1.0
1712	2112	0	1.0
1712	2470	0	1.0
1712	2580	0	1.0
1712	2801	0	1.0
1712	2804	0	1.0
1712	2814	0	1.0
1712	2822	0	1.0
1715	255	0	1.0
1715	793	0	1.0
1715	1827	0	1.0
1716	1332	0	1.0
1716	2301	0	1.0
1717	2111	0	1.0
1718	467	0	1.0
1718	2826	0	1.0
1720	323	0	1.0
1720	724	0	1.0
1720	1150	0	1.0
1720	1807	0	1.0
1720	2720	0	1.0
1721	576	0	1.0
1721	1498	0	1.0
1721	2499	0	1.0
1723	2882	0	1.0
1723	1197	0	1.0
1723	2099	0	1.0
1724	185	0	1.0
1724	512	0	1.0
1724	1607	0	1.0
1724	2105	0	1.0
1724	2187	0	1.0
1724	2447	0	1.0
1726	911	0	1.0
1726	983	0	1.0
1726	1940	0	1.0
1726	2002	0	1.0
1728	459	0	1.0
1728	1888	0	1.0
1728	2836	0	1.0
1732	1463	0	1.0
1732	2622	0	1.0
1734	1817	0	1.0
1734	2063	0	1.0
1734	2751	0	1.0
1735	706	0	1.0
1735	799	0	1.0
1736	798	0	1.0
1736	879	0	1.0
1736	1065	0	1.0
1736	1094	0	1.0
1736	2025	0	1.0
1736	2280	0	1.0
1737	780	0	1.0
1737	971	0	1.0
1737	2123	0	1.0
1740	1449	0	1.0
1741	589	0	1.0
1741	1190	0	1.0
1741	1336	0	1.0
1741	1895	0	1.0
1741	2076	0	1.0
1741	2452	0	1.0
1741	2816	0	1.0
1744	1758	0	1.0
1744	2165	0	1.0
1744	2745	0	1.0
1746	141	0	1.0
1746	1066	0	1.0
1746	1100	0	1.0
1746	1145	0	1.0
1746	1156	0	1.0
1746	1173	0	1.0
1746	1790	0	1.0
1746	2516	0	1.0
1746	2594	0	1.0
1746	2659	0	1.0
1746	2720	0	1.0
1747	323	0	1.0
1747	1150	0	1.0
1747	1288	0	1.0
1747	1720	0	1.0
1747	1909	0	1.0
1747	2063	0	1.0
1747	2423	0	1.0
1747	2435	0	1.0
1747	2514	0	1.0
1747	2789	0	1.0
1747	2816	0	1.0
1749	335	0	1.0
1749	650	0	1.0
1749	696	0	1.0
1749	1180	0	1.0
1749	1209	0	1.0
1749	2086	0	1.0
1749	2608	0	1.0
1750	21	0	1.0
1750	202	0	1.0
1751	1784	0	1.0
1751	1872	0	1.0
1751	2507	0	1.0
1752	324	0	1.0
1752	983	0	1.0
1752	995	0	1.0
1752	1704	0	1.0
1752	1870	0	1.0
1752	2670	0	1.0
1753	6	0	1.0
1753	44	0	1.0
1753	112	0	1.0
1753	127	0	1.0
1753	1106	0	1.0
1753	2157	0	1.0
1753	2371	0	1.0
1753	2633	0	1.0
1754	1670	0	1.0
1754	1852	0	1.0
1758	1744	0	1.0
1758	2165	0	1.0
1759	991	0	1.0
1759	1900	0	1.0
1760	62	0	1.0
1760	123	0	1.0
1760	476	0	1.0
1760	490	0	1.0
1760	802	0	1.0
1760	1210	0	1.0
1760	2378	0	1.0
1760	2544	0	1.0
1760	2564	0	1.0
1760	2572	0	1.0
1763	319	0	1.0
1765	242	0	1.0
1765	1143	0	1.0
1765	1231	0	1.0
1765	1264	0	1.0
1765	1498	0	1.0
1767	2254	0	1.0
1768	30	0	1.0
1768	150	0	1.0
1768	686	0	1.0
1768	1444	0	1.0
1768	1543	0	1.0
1768	1553	0	1.0
1768	2251	0	1.0
1769	2834	0	1.0
1772	174	0	1.0
1772	389	0	1.0
1772	482	0	1.0
1772	737	0	1.0
1772	1111	0	1.0
1772	2381	0	1.0
1773	1307	0	1.0
1774	1650	0	1.0
1774	1849	0	1.0
1779	518	0	1.0
1779	897	0	1.0
1779	1678	0	1.0
1779	2826	0	1.0
1779	2835	0	1.0
1780	580	0	1.0
1780	132	0	1.0
1780	758	0	1.0
1780	794	0	1.0
1780	2023	0	1.0
1780	2749	0	1.0
1783	1156	0	1.0
1783	1291	0	1.0
1783	1577	0	1.0
1783	1582	0	1.0
1783	1955	0	1.0
1783	2031	0	1.0
1783	2498	0	1.0
1783	2594	0	1.0
1783	2659	0	1.0
1783	2720	0	1.0
1783	2815	0	1.0
1784	826	0	1.0
1784	1751	0	1.0
1784	2098	0	1.0
1784	2507	0	1.0
1785	2146	0	1.0
1786	2637	0	1.0
1787	1791	0	1.0
1790	1145	0	1.0
1790	1173	0	1.0
1790	1868	0	1.0
1790	2330	0	1.0
1793	304	0	1.0
1793	403	0	1.0
1793	638	0	1.0
1793	758	0	1.0
1793	828	0	1.0
1793	880	0	1.0
1793	975	0	1.0
1793	1213	0	1.0
1793	1298	0	1.0
1793	1312	0	1.0
1793	1358	0	1.0
1793	1437	0	1.0
1793	1510	0	1.0
1793	1638	0	1.0
1793	1883	0	1.0
1793	2123	0	1.0
1793	2193	0	1.0
1794	2812	0	1.0
1795	69	0	1.0
1795	365	0	1.0
1795	514	0	1.0
1795	716	0	1.0
1795	1015	0	1.0
1795	1169	0	1.0
1795	1193	0	1.0
1795	1382	0	1.0
1795	1653	0	1.0
1795	2276	0	1.0
1795	2616	0	1.0
1795	2784	0	1.0
1795	2810	0	1.0
1796	875	0	1.0
1798	234	0	1.0
1800	710	0	1.0
1800	733	0	1.0
1800	1430	0	1.0
1800	1984	0	1.0
1800	2572	0	1.0
1801	48	0	1.0
1801	1332	0	1.0
1801	1716	0	1.0
1801	2301	0	1.0
1802	686	0	1.0
1803	712	0	1.0
1803	1637	0	1.0
1803	2371	0	1.0
1804	150	0	1.0
1805	922	0	1.0
1806	539	0	1.0
1806	589	0	1.0
1806	715	0	1.0
1806	922	0	1.0
1806	953	0	1.0
1806	1519	0	1.0
1806	2006	0	1.0
1806	2121	0	1.0
1806	2362	0	1.0
1806	2556	0	1.0
1806	2572	0	1.0
1809	111	0	1.0
1809	76	0	1.0
1809	1041	0	1.0
1811	1799	0	1.0
1811	2158	0	1.0
1811	2245	0	1.0
1816	2687	0	1.0
1818	8	0	1.0
1818	395	0	1.0
1818	1322	0	1.0
1818	1574	0	1.0
1818	2853	0	1.0
1819	254	0	1.0
1819	258	0	1.0
1819	296	0	1.0
1819	675	0	1.0
1819	2134	0	1.0
1820	591	0	1.0
1821	1688	0	1.0
1822	438	0	1.0
1822	784	0	1.0
1822	1246	0	1.0
1822	1462	0	1.0
1822	1696	0	1.0
1822	1987	0	1.0
1822	2112	0	1.0
1822	2149	0	1.0
1822	2456	0	1.0
1822	2635	0	1.0
1822	2761	0	1.0
1822	2814	0	1.0
1825	478	0	1.0
1825	564	0	1.0
1826	45	0	1.0
1826	1296	0	1.0
1826	2389	0	1.0
1828	1496	0	1.0
1828	1626	0	1.0
1828	2581	0	1.0
1830	157	0	1.0
1830	874	0	1.0
1830	1081	0	1.0
1830	1807	0	1.0
1830	2315	0	1.0
1830	2484	0	1.0
1830	2677	0	1.0
1832	1559	0	1.0
1834	855	0	1.0
1836	632	0	1.0
1836	1011	0	1.0
1836	1664	0	1.0
1836	1700	0	1.0
1836	2123	0	1.0
1836	2336	0	1.0
1837	45	0	1.0
1837	1325	0	1.0
1837	1778	0	1.0
1838	1431	0	1.0
1841	2522	0	1.0
1842	2242	0	1.0
1843	517	0	1.0
1843	1441	0	1.0
1843	2684	0	1.0
1844	1312	0	1.0
1845	2862	0	1.0
1845	583	0	1.0
1845	1568	0	1.0
1846	36	0	1.0
1846	440	0	1.0
1846	605	0	1.0
1846	731	0	1.0
1846	837	0	1.0
1846	1259	0	1.0
1846	1305	0	1.0
1846	1803	0	1.0
1846	1959	0	1.0
1846	1989	0	1.0
1846	2493	0	1.0
1847	63	0	1.0
1847	95	0	1.0
1847	128	0	1.0
1847	172	0	1.0
1847	604	0	1.0
1847	1017	0	1.0
1847	1458	0	1.0
1847	1882	0	1.0
1847	2040	0	1.0
1847	2190	0	1.0
1847	2204	0	1.0
1847	2760	0	1.0
1848	709	0	1.0
1849	1650	0	1.0
1849	1774	0	1.0
1851	1061	0	1.0
1851	1154	0	1.0
1851	2503	0	1.0
1851	2539	0	1.0
1851	2561	0	1.0
1852	252	0	1.0
1852	472	0	1.0
1852	926	0	1.0
1852	1048	0	1.0
1852	1634	0	1.0
1853	179	0	1.0
1853	1568	0	1.0
1853	1992	0	1.0
1853	2394	0	1.0
1853	2823	0	1.0
1854	1975	0	1.0
1857	518	0	1.0
1857	897	0	1.0
1857	1475	0	1.0
1859	512	0	1.0
1859	748	0	1.0
1859	804	0	1.0
1859	1119	0	1.0
1859	2105	0	1.0
1859	2447	0	1.0
1859	2532	0	1.0
1860	2880	0	1.0
1860	2881	0	1.0
1860	0	0	1.0
1860	26	0	1.0
1860	131	0	1.0
1860	534	0	1.0
1860	583	0	1.0
1860	877	0	1.0
1860	1045	0	1.0
1860	1101	0	1.0
1860	1235	0	1.0
1860	1375	0	1.0
1860	1603	0	1.0
1860	1614	0	1.0
1860	1757	0	1.0
1860	2193	0	1.0
1860	2246	0	1.0
1860	2360	0	1.0
1860	2799	0	1.0
1861	1011	0	1.0
1861	1170	0	1.0
1861	1613	0	1.0
1861	1664	0	1.0
1861	1883	0	1.0
1861	2123	0	1.0
1861	2178	0	1.0
1861	2268	0	1.0
1861	2336	0	1.0
1861	2480	0	1.0
1861	2782	0	1.0
1863	54	0	1.0
1863	453	0	1.0
1863	1106	0	1.0
1863	2633	0	1.0
1864	968	0	1.0
1864	2544	0	1.0
1865	23	0	1.0
1865	491	0	1.0
1865	663	0	1.0
1865	1225	0	1.0
1865	1743	0	1.0
1865	2005	0	1.0
1866	2063	0	1.0
1867	100	0	1.0
1867	863	0	1.0
1867	1662	0	1.0
1867	1968	0	1.0
1869	409	0	1.0
1871	554	0	1.0
1872	590	0	1.0
1872	826	0	1.0
1872	2426	0	1.0
1872	2507	0	1.0
1873	1168	0	1.0
1873	1593	0	1.0
1876	472	0	1.0
1876	806	0	1.0
1876	926	0	1.0
1876	2200	0	1.0
1876	2324	0	1.0
1877	2788	0	1.0
1880	319	0	1.0
1880	1763	0	1.0
1882	95	0	1.0
1882	2190	0	1.0
1883	2336	0	1.0
1884	116	0	1.0
1884	589	0	1.0
1884	823	0	1.0
1884	1100	0	1.0
1884	1157	0	1.0
1884	1287	0	1.0
1884	1288	0	1.0
1884	1589	0	1.0
1884	2591	0	1.0
1884	2816	0	1.0
1885	1727	0	1.0
1885	2122	0	1.0
1886	154	0	1.0
1886	784	0	1.0
1886	896	0	1.0
1886	1088	0	1.0
1886	2162	0	1.0
1887	1502	0	1.0
1887	2224	0	1.0
1889	586	0	1.0
1889	741	0	1.0
1889	760	0	1.0
1889	948	0	1.0
1889	981	0	1.0
1889	1499	0	1.0
1889	1519	0	1.0
1889	1895	0	1.0
1889	2031	0	1.0
1889	2154	0	1.0
1889	2572	0	1.0
1890	685	0	1.0
1890	2165	0	1.0
1890	2648	0	1.0
1891	1150	0	1.0
1891	1519	0	1.0
1891	1577	0	1.0
1891	1974	0	1.0
1891	2572	0	1.0
1891	2594	0	1.0
1893	477	0	1.0
1893	2550	0	1.0
1893	2744	0	1.0
1894	369	0	1.0
1894	451	0	1.0
1894	539	0	1.0
1894	708	0	1.0
1894	1265	0	1.0
1894	1343	0	1.0
1894	1451	0	1.0
1894	1490	0	1.0
1894	1504	0	1.0
1894	1620	0	1.0
1894	2482	0	1.0
1894	2514	0	1.0
1896	883	0	1.0
1896	1553	0	1.0
1896	1562	0	1.0
1898	1693	0	1.0
1898	2485	0	1.0
1899	150	0	1.0
1901	5	0	1.0
1901	9	0	1.0
1901	36	0	1.0
1901	440	0	1.0
1901	443	0	1.0
1901	466	0	1.0
1901	605	0	1.0
1901	731	0	1.0
1902	4	0	1.0
1902	1417	0	1.0
1902	2855	0	1.0
1903	1916	0	1.0
1904	912	0	1.0
1904	1440	0	1.0
1904	2735	0	1.0
1905	1474	0	1.0
1907	795	0	1.0
1907	1441	0	1.0
1907	1532	0	1.0
1907	1654	0	1.0
1907	2286	0	1.0
1907	2717	0	1.0
1907	2741	0	1.0
1908	680	0	1.0
1908	1604	0	1.0
1909	62	0	1.0
1909	166	0	1.0
1909	694	0	1.0
1909	828	0	1.0
1909	1288	0	1.0
1909	1336	0	1.0
1909	2194	0	1.0
1909	2417	0	1.0
1909	2435	0	1.0
1909	2717	0	1.0
1910	79	0	1.0
1910	213	0	1.0
1910	455	0	1.0
1910	809	0	1.0
1910	1588	0	1.0
1910	1628	0	1.0
1910	1802	0	1.0
1910	2263	0	1.0
1910	2275	0	1.0
1910	2732	0	1.0
1911	1238	0	1.0
1911	2152	0	1.0
1913	2751	0	1.0
1915	1061	0	1.0
1915	1154	0	1.0
1915	2503	0	1.0
1915	2561	0	1.0
1917	992	0	1.0
1917	1074	0	1.0
1917	2845	0	1.0
1918	1833	0	1.0
1919	1276	0	1.0
1921	1155	0	1.0
1921	1935	0	1.0
1921	2479	0	1.0
1923	369	0	1.0
1923	512	0	1.0
1923	700	0	1.0
1923	2447	0	1.0
1924	1438	0	1.0
1924	2026	0	1.0
1924	2128	0	1.0
1924	2167	0	1.0
1924	2351	0	1.0
1924	2750	0	1.0
1924	2832	0	1.0
1926	35	0	1.0
1926	180	0	1.0
1926	2059	0	1.0
1927	2550	0	1.0
1927	2574	0	1.0
1927	2744	0	1.0
1928	1442	0	1.0
1929	476	0	1.0
1929	768	0	1.0
1929	932	0	1.0
1929	1156	0	1.0
1929	1490	0	1.0
1929	1760	0	1.0
1929	2564	0	1.0
1929	2572	0	1.0
1929	2631	0	1.0
1929	2758	0	1.0
1931	838	0	1.0
1931	1980	0	1.0
1931	2129	0	1.0
1931	2175	0	1.0
1933	133	0	1.0
1933	477	0	1.0
1933	1893	0	1.0
1933	2744	0	1.0
1934	392	0	1.0
1934	399	0	1.0
1934	1049	0	1.0
1934	1132	0	1.0
1934	1156	0	1.0
1934	1355	0	1.0
1934	1807	0	1.0
1934	2006	0	1.0
1934	2250	0	1.0
1934	2309	0	1.0
1934	2572	0	1.0
1934	2806	0	1.0
1935	1059	0	1.0
1935	2763	0	1.0
1936	226	0	1.0
1936	655	0	1.0
1936	752	0	1.0
1936	1053	0	1.0
1936	1140	0	1.0
1936	1265	0	1.0
1936	1343	0	1.0
1936	1572	0	1.0
1936	1600	0	1.0
1936	1620	0	1.0
1936	2373	0	1.0
1938	1222	0	1.0
1938	1893	0	1.0
1938	1927	0	1.0
1938	2550	0	1.0
1938	2689	0	1.0
1939	1432	0	1.0
1940	983	0	1.0
1940	2512	0	1.0
1941	775	0	1.0
1941	843	0	1.0
1941	897	0	1.0
1941	1475	0	1.0
1941	1678	0	1.0
1941	1857	0	1.0
1941	2835	0	1.0
1942	1637	0	1.0
1942	1777	0	1.0
1943	623	0	1.0
1943	790	0	1.0
1943	1920	0	1.0
1943	2186	0	1.0
1943	2510	0	1.0
1944	958	0	1.0
1946	2834	0	1.0
1947	582	0	1.0
1947	1761	0	1.0
1947	1969	0	1.0
1948	784	0	1.0
1948	1095	0	1.0
1949	1332	0	1.0
1949	2124	0	1.0
1950	327	0	1.0
1950	499	0	1.0
1950	1438	0	1.0
1950	2026	0	1.0
1950	2128	0	1.0
1950	2616	0	1.0
1950	2832	0	1.0
1952	5	0	1.0
1952	101	0	1.0
1952	44	0	1.0
1952	127	0	1.0
1952	162	0	1.0
1952	466	0	1.0
1952	472	0	1.0
1952	626	0	1.0
1952	689	0	1.0
1952	757	0	1.0
1952	926	0	1.0
1952	1151	0	1.0
1952	1277	0	1.0
1952	1852	0	1.0
1952	1876	0	1.0
1952	1901	0	1.0
1952	2157	0	1.0
1952	2680	0	1.0
1953	141	0	1.0
1953	476	0	1.0
1953	768	0	1.0
1953	932	0	1.0
1953	1425	0	1.0
1953	2572	0	1.0
1953	2631	0	1.0
1954	844	0	1.0
1954	1186	0	1.0
1954	1560	0	1.0
1955	1817	0	1.0
1956	1621	0	1.0
1956	1729	0	1.0
1956	2671	0	1.0
1957	1130	0	1.0
1959	13	0	1.0
1959	120	0	1.0
1959	1274	0	1.0
1960	1085	0	1.0
1963	2246	0	1.0
1965	1561	0	1.0
1966	2063	0	1.0
1967	656	0	1.0
1967	741	0	1.0
1967	760	0	1.0
1967	1049	0	1.0
1967	1213	0	1.0
1967	1288	0	1.0
1967	1366	0	1.0
1967	1486	0	1.0
1967	1499	0	1.0
1967	1958	0	1.0
1967	2173	0	1.0
1967	2594	0	1.0
1967	2869	0	1.0
1968	100	0	1.0
1968	594	0	1.0
1968	863	0	1.0
1968	1662	0	1.0
1968	1867	0	1.0
1970	61	0	1.0
1970	278	0	1.0
1970	513	0	1.0
1970	719	0	1.0
1970	749	0	1.0
1970	753	0	1.0
1970	943	0	1.0
1970	1671	0	1.0
1970	1787	0	1.0
1970	2353	0	1.0
1971	304	0	1.0
1971	1026	0	1.0
1973	549	0	1.0
1974	1197	0	1.0
1974	2232	0	1.0
1976	300	0	1.0
1976	452	0	1.0
1976	1159	0	1.0
1976	1993	0	1.0
1977	1984	0	1.0
1978	1762	0	1.0
1978	2575	0	1.0
1978	2683	0	1.0
1979	1829	0	1.0
1979	2514	0	1.0
1983	259	0	1.0
1983	265	0	1.0
1983	1225	0	1.0
1983	1290	0	1.0
1983	1528	0	1.0
1983	1743	0	1.0
1983	2005	0	1.0
1983	2011	0	1.0
1983	2127	0	1.0
1983	2316	0	1.0
1983	2360	0	1.0
1983	2695	0	1.0
1983	2697	0	1.0
1985	1240	0	1.0
1985	1329	0	1.0
1985	1666	0	1.0
1985	1835	0	1.0
1986	174	0	1.0
1986	368	0	1.0
1986	382	0	1.0
1986	482	0	1.0
1986	576	0	1.0
1986	777	0	1.0
1986	1111	0	1.0
1986	1772	0	1.0
1986	2353	0	1.0
1988	985	0	1.0
1988	2798	0	1.0
1989	1106	0	1.0
1990	97	0	1.0
1990	110	0	1.0
1990	365	0	1.0
1990	514	0	1.0
1990	619	0	1.0
1990	729	0	1.0
1990	1015	0	1.0
1990	1193	0	1.0
1990	1959	0	1.0
1990	2276	0	1.0
1990	2616	0	1.0
1992	2862	0	1.0
1992	2878	0	1.0
1992	2823	0	1.0
1993	1817	0	1.0
1994	2462	0	1.0
1996	476	0	1.0
1996	490	0	1.0
1996	589	0	1.0
1996	768	0	1.0
1996	1441	0	1.0
1996	2154	0	1.0
1996	2378	0	1.0
1996	2564	0	1.0
1998	207	0	1.0
1998	614	0	1.0
1998	674	0	1.0
1998	2148	0	1.0
1999	555	0	1.0
1999	585	0	1.0
1999	986	0	1.0
1999	1061	0	1.0
1999	1137	0	1.0
1999	1556	0	1.0
1999	1626	0	1.0
1999	1667	0	1.0
1999	1851	0	1.0
1999	2321	0	1.0
1999	2503	0	1.0
1999	2539	0	1.0
2002	1560	0	1.0
2002	2298	0	1.0
2005	663	0	1.0
2005	1528	0	1.0
2005	1652	0	1.0
2005	1743	0	1.0
2005	2695	0	1.0
2005	2697	0	1.0
2006	356	0	1.0
2006	451	0	1.0
2006	589	0	1.0
2006	922	0	1.0
2006	953	0	1.0
2006	1624	0	1.0
2006	1937	0	1.0
2006	2121	0	1.0
2006	2243	0	1.0
2006	2572	0	1.0
2006	2672	0	1.0
2006	2786	0	1.0
2007	1321	0	1.0
2007	2751	0	1.0
2009	1000	0	1.0
2009	1460	0	1.0
2009	2085	0	1.0
2010	1135	0	1.0
2010	2852	0	1.0
2011	48	0	1.0
2011	88	0	1.0
2011	1225	0	1.0
2011	1332	0	1.0
2011	1716	0	1.0
2011	1743	0	1.0
2011	1801	0	1.0
2011	1949	0	1.0
2011	2124	0	1.0
2011	2301	0	1.0
2011	2361	0	1.0
2015	185	0	1.0
2015	602	0	1.0
2015	722	0	1.0
2015	1557	0	1.0
2015	1859	0	1.0
2015	2105	0	1.0
2015	2447	0	1.0
2015	2532	0	1.0
2018	101	0	1.0
2018	9	0	1.0
2018	44	0	1.0
2018	112	0	1.0
2018	162	0	1.0
2018	472	0	1.0
2018	497	0	1.0
2018	687	0	1.0
2018	757	0	1.0
2018	878	0	1.0
2018	926	0	1.0
2018	1039	0	1.0
2018	1048	0	1.0
2018	1106	0	1.0
2018	1427	0	1.0
2018	1753	0	1.0
2018	1754	0	1.0
2018	1852	0	1.0
2018	1876	0	1.0
2018	1989	0	1.0
2018	2172	0	1.0
2018	2219	0	1.0
2018	2310	0	1.0
2018	2329	0	1.0
2018	2633	0	1.0
2019	936	0	1.0
2019	1651	0	1.0
2019	1664	0	1.0
2019	2123	0	1.0
2023	2749	0	1.0
2024	593	0	1.0
2024	669	0	1.0
2024	2001	0	1.0
2024	2536	0	1.0
2025	133	0	1.0
2025	798	0	1.0
2025	879	0	1.0
2025	1065	0	1.0
2025	1094	0	1.0
2025	1893	0	1.0
2025	2550	0	1.0
2026	1438	0	1.0
2026	2128	0	1.0
2027	27	0	1.0
2027	2249	0	1.0
2028	372	0	1.0
2028	1002	0	1.0
2028	1480	0	1.0
2028	2177	0	1.0
2029	1005	0	1.0
2029	1435	0	1.0
2029	1457	0	1.0
2029	1634	0	1.0
2029	2220	0	1.0
2030	413	0	1.0
2030	510	0	1.0
2030	2508	0	1.0
2031	141	0	1.0
2031	1156	0	1.0
2031	1291	0	1.0
2031	1955	0	1.0
2031	2594	0	1.0
2031	2659	0	1.0
2031	2720	0	1.0
2031	2815	0	1.0
2032	1460	0	1.0
2034	1663	0	1.0
2034	2341	0	1.0
2037	1782	0	1.0
2041	911	0	1.0
2041	983	0	1.0
2041	1726	0	1.0
2041	1797	0	1.0
2041	1870	0	1.0
2041	2002	0	1.0
2042	1061	0	1.0
2042	1154	0	1.0
2042	2085	0	1.0
2042	2503	0	1.0
2042	2539	0	1.0
2042	2561	0	1.0
2044	544	0	1.0
2044	866	0	1.0
2044	1232	0	1.0
2044	1579	0	1.0
2044	1625	0	1.0
2044	1798	0	1.0
2044	2336	0	1.0
2044	2480	0	1.0
2044	2731	0	1.0
2045	643	0	1.0
2047	318	0	1.0
2047	965	0	1.0
2047	1514	0	1.0
2048	1562	0	1.0
2049	471	0	1.0
2049	727	0	1.0
2049	827	0	1.0
2049	1031	0	1.0
2049	1211	0	1.0
2049	1222	0	1.0
2049	1893	0	1.0
2049	1938	0	1.0
2049	2574	0	1.0
2051	2148	0	1.0
2052	1964	0	1.0
2052	2069	0	1.0
2052	2258	0	1.0
2052	2584	0	1.0
2054	322	0	1.0
2054	491	0	1.0
2054	663	0	1.0
2054	872	0	1.0
2054	1225	0	1.0
2054	1528	0	1.0
2054	1743	0	1.0
2054	1865	0	1.0
2054	2005	0	1.0
2054	2011	0	1.0
2054	2101	0	1.0
2054	2127	0	1.0
2054	2316	0	1.0
2054	2695	0	1.0
2055	1168	0	1.0
2055	1902	0	1.0
2055	2034	0	1.0
2055	2334	0	1.0
2055	2516	0	1.0
2055	2649	0	1.0
2055	2855	0	1.0
2059	35	0	1.0
2059	180	0	1.0
2062	1839	0	1.0
2063	537	0	1.0
2063	1242	0	1.0
2063	1766	0	1.0
2063	1829	0	1.0
2063	1966	0	1.0
2063	2666	0	1.0
2064	54	0	1.0
2064	687	0	1.0
2064	1305	0	1.0
2064	1347	0	1.0
2064	1812	0	1.0
2064	2310	0	1.0
2064	2311	0	1.0
2064	2712	0	1.0
2066	983	0	1.0
2066	995	0	1.0
2066	1704	0	1.0
2066	1763	0	1.0
2066	2374	0	1.0
2067	1392	0	1.0
2068	2673	0	1.0
2071	2254	0	1.0
2072	906	0	1.0
2072	961	0	1.0
2072	982	0	1.0
2072	1023	0	1.0
2072	1817	0	1.0
2072	2388	0	1.0
2072	2542	0	1.0
2073	406	0	1.0
2073	1703	0	1.0
2073	1758	0	1.0
2073	2165	0	1.0
2074	105	0	1.0
2074	478	0	1.0
2074	1093	0	1.0
2074	1424	0	1.0
2076	1228	0	1.0
2077	1720	0	1.0
2077	1807	0	1.0
2077	2362	0	1.0
2080	181	0	1.0
2080	1998	0	1.0
2082	125	0	1.0
2082	312	0	1.0
2082	360	0	1.0
2082	475	0	1.0
2082	700	0	1.0
2082	745	0	1.0
2082	804	0	1.0
2082	1023	0	1.0
2082	1140	0	1.0
2082	1195	0	1.0
2082	1550	0	1.0
2082	2322	0	1.0
2082	2373	0	1.0
2083	207	0	1.0
2083	287	0	1.0
2083	674	0	1.0
2083	1227	0	1.0
2083	1533	0	1.0
2083	2319	0	1.0
2083	2380	0	1.0
2085	2459	0	1.0
2086	2122	0	1.0
2087	700	0	1.0
2087	722	0	1.0
2087	804	0	1.0
2087	843	0	1.0
2087	1119	0	1.0
2087	1607	0	1.0
2087	1678	0	1.0
2087	1718	0	1.0
2087	2447	0	1.0
2087	2793	0	1.0
2088	1304	0	1.0
2088	1407	0	1.0
2090	1903	0	1.0
2090	1916	0	1.0
2091	767	0	1.0
2092	832	0	1.0
2092	1069	0	1.0
2092	1410	0	1.0
2092	1831	0	1.0
2094	147	0	1.0
2094	2012	0	1.0
2094	2225	0	1.0
2094	2460	0	1.0
2095	522	0	1.0
2096	61	0	1.0
2096	166	0	1.0
2096	278	0	1.0
2096	551	0	1.0
2096	735	0	1.0
2096	860	0	1.0
2096	1671	0	1.0
2096	1791	0	1.0
2096	2198	0	1.0
2096	2229	0	1.0
2096	2388	0	1.0
2096	2421	0	1.0
2097	406	0	1.0
2097	2165	0	1.0
2098	507	0	1.0
2098	691	0	1.0
2098	983	0	1.0
2098	1940	0	1.0
2099	2882	0	1.0
2099	1197	0	1.0
2099	1914	0	1.0
2099	2234	0	1.0
2100	2826	0	1.0
2101	262	0	1.0
2101	583	0	1.0
2101	1217	0	1.0
2101	1236	0	1.0
2101	2695	0	1.0
2101	2823	0	1.0
2102	528	0	1.0
2102	768	0	1.0
2102	823	0	1.0
2102	932	0	1.0
2102	1327	0	1.0
2102	1760	0	1.0
2102	1884	0	1.0
2102	2594	0	1.0
2102	2600	0	1.0
2102	2740	0	1.0
2102	2869	0	1.0
2103	1906	0	1.0
2103	2114	0	1.0
2104	1893	0	1.0
2104	1927	0	1.0
2104	2550	0	1.0
2104	2574	0	1.0
2107	780	0	1.0
2107	936	0	1.0
2107	1651	0	1.0
2107	1737	0	1.0
2107	2123	0	1.0
2110	622	0	1.0
2110	1363	0	1.0
2110	1914	0	1.0
2110	2232	0	1.0
2110	2516	0	1.0
2110	2667	0	1.0
2111	2453	0	1.0
2112	2714	0	1.0
2113	595	0	1.0
2113	935	0	1.0
2113	1590	0	1.0
2113	2404	0	1.0
2116	290	0	1.0
2116	1011	0	1.0
2116	1619	0	1.0
2116	1883	0	1.0
2116	2123	0	1.0
2118	995	0	1.0
2118	1560	0	1.0
2120	584	0	1.0
2120	983	0	1.0
2120	999	0	1.0
2120	1560	0	1.0
2121	451	0	1.0
2121	589	0	1.0
2121	2466	0	1.0
2121	2556	0	1.0
2127	180	0	1.0
2127	663	0	1.0
2127	1528	0	1.0
2127	2316	0	1.0
2127	2695	0	1.0
2127	2697	0	1.0
2129	536	0	1.0
2129	1071	0	1.0
2129	1196	0	1.0
2129	1559	0	1.0
2131	275	0	1.0
2131	472	0	1.0
2131	926	0	1.0
2131	1212	0	1.0
2131	1300	0	1.0
2131	1370	0	1.0
2131	2191	0	1.0
2131	2503	0	1.0
2132	2882	0	1.0
2132	246	0	1.0
2132	622	0	1.0
2132	936	0	1.0
2132	971	0	1.0
2132	1248	0	1.0
2132	1342	0	1.0
2132	1582	0	1.0
2132	1651	0	1.0
2132	1700	0	1.0
2132	1737	0	1.0
2132	1799	0	1.0
2132	1873	0	1.0
2132	2019	0	1.0
2132	2107	0	1.0
2132	2123	0	1.0
2132	2234	0	1.0
2132	2472	0	1.0
2132	2610	0	1.0
2132	2709	0	1.0
2132	2852	0	1.0
2132	2867	0	1.0
2134	258	0	1.0
2134	670	0	1.0
2134	1892	0	1.0
2135	294	0	1.0
2135	844	0	1.0
2135	1072	0	1.0
2137	312	0	1.0
2138	372	0	1.0
2138	438	0	1.0
2138	784	0	1.0
2138	1280	0	1.0
2138	1326	0	1.0
2138	2144	0	1.0
2138	2553	0	1.0
2139	2879	0	1.0
2139	54	0	1.0
2139	582	0	1.0
2139	1259	0	1.0
2139	1347	0	1.0
2139	1427	0	1.0
2139	1450	0	1.0
2139	2196	0	1.0
2139	2415	0	1.0
2139	2721	0	1.0
2141	2246	0	1.0
2142	933	0	1.0
2142	998	0	1.0
2142	1585	0	1.0
2142	2402	0	1.0
2144	372	0	1.0
2144	438	0	1.0
2144	784	0	1.0
2144	1244	0	1.0
2144	1280	0	1.0
2144	2138	0	1.0
2144	2283	0	1.0
2147	2334	0	1.0
2147	2367	0	1.0
2147	2649	0	1.0
2149	189	0	1.0
2149	438	0	1.0
2149	784	0	1.0
2149	2305	0	1.0
2149	2714	0	1.0
2150	922	0	1.0
2150	2362	0	1.0
2150	2572	0	1.0
2150	2786	0	1.0
2150	2846	0	1.0
2151	853	0	1.0
2151	1636	0	1.0
2151	2563	0	1.0
2153	617	0	1.0
2153	2736	0	1.0
2154	211	0	1.0
2154	768	0	1.0
2154	2003	0	1.0
2154	2378	0	1.0
2154	2544	0	1.0
2155	85	0	1.0
2155	109	0	1.0
2155	1012	0	1.0
2155	1839	0	1.0
2157	36	0	1.0
2157	44	0	1.0
2157	127	0	1.0
2157	429	0	1.0
2157	443	0	1.0
2158	1799	0	1.0
2159	2211	0	1.0
2159	2247	0	1.0
2162	154	0	1.0
2162	896	0	1.0
2162	1429	0	1.0
2162	2305	0	1.0
2162	2607	0	1.0
2163	13	0	1.0
2163	44	0	1.0
2163	112	0	1.0
2163	816	0	1.0
2163	855	0	1.0
2163	878	0	1.0
2163	1834	0	1.0
2163	2441	0	1.0
2168	549	0	1.0
2170	896	0	1.0
2170	1429	0	1.0
2170	2162	0	1.0
2171	171	0	1.0
2171	946	0	1.0
2171	1675	0	1.0
2171	2108	0	1.0
2171	2427	0	1.0
2171	2497	0	1.0
2172	6	0	1.0
2172	472	0	1.0
2172	837	0	1.0
2172	926	0	1.0
2172	1039	0	1.0
2172	1048	0	1.0
2172	1106	0	1.0
2172	1259	0	1.0
2172	1274	0	1.0
2172	1443	0	1.0
2172	1852	0	1.0
2172	1876	0	1.0
2172	1959	0	1.0
2172	1989	0	1.0
2172	2329	0	1.0
2172	2492	0	1.0
2172	2633	0	1.0
2173	1150	0	1.0
2173	1190	0	1.0
2173	2076	0	1.0
2173	2250	0	1.0
2173	2314	0	1.0
2173	2376	0	1.0
2173	2594	0	1.0
2173	2806	0	1.0
2174	324	0	1.0
2174	404	0	1.0
2174	679	0	1.0
2174	1077	0	1.0
2174	1253	0	1.0
2174	1704	0	1.0
2174	1752	0	1.0
2174	2002	0	1.0
2174	2673	0	1.0
2175	1395	0	1.0
2175	2129	0	1.0
2177	1551	0	1.0
2178	2489	0	1.0
2180	2878	0	1.0
2180	158	0	1.0
2180	179	0	1.0
2180	893	0	1.0
2180	1101	0	1.0
2180	1992	0	1.0
2181	19	0	1.0
2181	153	0	1.0
2181	447	0	1.0
2181	1776	0	1.0
2181	1958	0	1.0
2181	2136	0	1.0
2181	2485	0	1.0
2181	2701	0	1.0
2183	1445	0	1.0
2184	314	0	1.0
2184	434	0	1.0
2184	907	0	1.0
2184	1276	0	1.0
2184	1379	0	1.0
2184	1385	0	1.0
2184	1596	0	1.0
2184	1855	0	1.0
2184	1919	0	1.0
2184	2327	0	1.0
2184	2727	0	1.0
2186	790	0	1.0
2189	525	0	1.0
2191	1256	0	1.0
2191	1467	0	1.0
2191	1520	0	1.0
2191	1691	0	1.0
2191	1878	0	1.0
2191	2131	0	1.0
2191	2813	0	1.0
2193	2881	0	1.0
2193	26	0	1.0
2193	534	0	1.0
2193	1041	0	1.0
2193	1526	0	1.0
2193	2246	0	1.0
2193	2868	0	1.0
2194	715	0	1.0
2194	1288	0	1.0
2194	1739	0	1.0
2194	1909	0	1.0
2194	2417	0	1.0
2194	2572	0	1.0
2194	2591	0	1.0
2196	6	0	1.0
2196	1149	0	1.0
2196	1259	0	1.0
2196	1459	0	1.0
2197	2720	0	1.0
2199	884	0	1.0
2199	1265	0	1.0
2199	1441	0	1.0
2199	1451	0	1.0
2199	1572	0	1.0
2199	1709	0	1.0
2199	2423	0	1.0
2199	2435	0	1.0
2199	2514	0	1.0
2199	2789	0	1.0
2200	712	0	1.0
2200	902	0	1.0
2201	1925	0	1.0
2202	1875	0	1.0
2203	173	0	1.0
2203	916	0	1.0
2206	234	0	1.0
2206	474	0	1.0
2206	505	0	1.0
2206	779	0	1.0
2206	866	0	1.0
2206	1028	0	1.0
2206	1798	0	1.0
2206	2044	0	1.0
2206	2480	0	1.0
2207	885	0	1.0
2208	1463	0	1.0
2211	2247	0	1.0
2213	372	0	1.0
2213	784	0	1.0
2213	1091	0	1.0
2213	1095	0	1.0
2213	1244	0	1.0
2213	1280	0	1.0
2213	1470	0	1.0
2213	1712	0	1.0
2213	2138	0	1.0
2213	2149	0	1.0
2213	2283	0	1.0
2213	2553	0	1.0
2213	2699	0	1.0
2214	19	0	1.0
2214	1365	0	1.0
2214	1593	0	1.0
2214	1873	0	1.0
2214	2136	0	1.0
2214	2335	0	1.0
2215	996	0	1.0
2215	1122	0	1.0
2215	1661	0	1.0
2215	1744	0	1.0
2215	1758	0	1.0
2215	2165	0	1.0
2215	2582	0	1.0
2216	1136	0	1.0
2219	5	0	1.0
2219	36	0	1.0
2219	44	0	1.0
2219	127	0	1.0
2219	429	0	1.0
2219	443	0	1.0
2219	1106	0	1.0
2219	2157	0	1.0
2222	715	0	1.0
2222	1125	0	1.0
2222	1884	0	1.0
2222	2194	0	1.0
2222	2328	0	1.0
2222	2591	0	1.0
2222	2659	0	1.0
2223	935	0	1.0
2223	1758	0	1.0
2223	2582	0	1.0
2226	1144	0	1.0
2226	1664	0	1.0
2226	2123	0	1.0
2226	2259	0	1.0
2226	2713	0	1.0
2227	730	0	1.0
2227	999	0	1.0
2227	1280	0	1.0
2227	1560	0	1.0
2227	2553	0	1.0
2227	2675	0	1.0
2229	61	0	1.0
2229	735	0	1.0
2229	849	0	1.0
2229	1791	0	1.0
2232	1197	0	1.0
2232	1914	0	1.0
2232	1974	0	1.0
2232	2404	0	1.0
2234	2882	0	1.0
2235	713	0	1.0
2235	1569	0	1.0
2235	2152	0	1.0
2235	2534	0	1.0
2237	784	0	1.0
2237	997	0	1.0
2237	1095	0	1.0
2237	1253	0	1.0
2237	2547	0	1.0
2237	2714	0	1.0
2237	2804	0	1.0
2238	419	0	1.0
2240	799	0	1.0
2240	2008	0	1.0
2241	989	0	1.0
2241	1071	0	1.0
2241	1472	0	1.0
2241	2129	0	1.0
2241	2225	0	1.0
2241	2808	0	1.0
2243	922	0	1.0
2243	2150	0	1.0
2243	2362	0	1.0
2243	2572	0	1.0
2243	2786	0	1.0
2243	2846	0	1.0
2244	2171	0	1.0
2244	2833	0	1.0
2245	1799	0	1.0
2249	143	0	1.0
2250	116	0	1.0
2250	802	0	1.0
2250	1066	0	1.0
2250	1081	0	1.0
2250	1132	0	1.0
2250	1150	0	1.0
2250	1518	0	1.0
2250	2309	0	1.0
2250	2572	0	1.0
2250	2594	0	1.0
2250	2659	0	1.0
2250	2720	0	1.0
2250	2869	0	1.0
2251	30	0	1.0
2252	6	0	1.0
2252	1259	0	1.0
2252	2371	0	1.0
2252	2492	0	1.0
2253	326	0	1.0
2253	1650	0	1.0
2253	1774	0	1.0
2253	1942	0	1.0
2255	381	0	1.0
2255	765	0	1.0
2255	2358	0	1.0
2255	2849	0	1.0
2256	590	0	1.0
2256	703	0	1.0
2256	844	0	1.0
2256	2135	0	1.0
2256	2621	0	1.0
2256	2824	0	1.0
2257	1044	0	1.0
2257	1720	0	1.0
2257	2077	0	1.0
2257	2467	0	1.0
2259	651	0	1.0
2262	1148	0	1.0
2264	1414	0	1.0
2264	1573	0	1.0
2264	2238	0	1.0
2268	1664	0	1.0
2268	1883	0	1.0
2268	2480	0	1.0
2268	2782	0	1.0
2271	336	0	1.0
2271	2559	0	1.0
2271	2663	0	1.0
2271	2713	0	1.0
2272	21	0	1.0
2272	1559	0	1.0
2273	592	0	1.0
2273	696	0	1.0
2273	720	0	1.0
2273	779	0	1.0
2273	780	0	1.0
2273	936	0	1.0
2273	1011	0	1.0
2273	1164	0	1.0
2273	1248	0	1.0
2273	1651	0	1.0
2273	1700	0	1.0
2273	1737	0	1.0
2273	1883	0	1.0
2273	2019	0	1.0
2273	2107	0	1.0
2273	2109	0	1.0
2273	2116	0	1.0
2273	2123	0	1.0
2273	2132	0	1.0
2273	2583	0	1.0
2273	2608	0	1.0
2273	2709	0	1.0
2274	2827	0	1.0
2275	1246	0	1.0
2276	110	0	1.0
2276	365	0	1.0
2276	1015	0	1.0
2276	1193	0	1.0
2276	2616	0	1.0
2277	476	0	1.0
2277	707	0	1.0
2277	828	0	1.0
2277	1171	0	1.0
2277	1288	0	1.0
2277	2572	0	1.0
2279	185	0	1.0
2279	254	0	1.0
2279	258	0	1.0
2279	394	0	1.0
2279	502	0	1.0
2279	602	0	1.0
2279	647	0	1.0
2279	655	0	1.0
2279	670	0	1.0
2279	675	0	1.0
2279	678	0	1.0
2279	980	0	1.0
2279	1557	0	1.0
2279	1607	0	1.0
2279	1724	0	1.0
2279	1755	0	1.0
2279	1859	0	1.0
2279	2015	0	1.0
2279	2685	0	1.0
2281	1174	0	1.0
2281	2188	0	1.0
2282	509	0	1.0
2282	1115	0	1.0
2282	1604	0	1.0
2283	372	0	1.0
2283	438	0	1.0
2283	1091	0	1.0
2283	1244	0	1.0
2283	1350	0	1.0
2283	2699	0	1.0
2284	2095	0	1.0
2284	2765	0	1.0
2285	357	0	1.0
2285	910	0	1.0
2285	1610	0	1.0
2287	2708	0	1.0
2288	420	0	1.0
2288	2366	0	1.0
2288	2871	0	1.0
2289	510	0	1.0
2289	954	0	1.0
2290	2880	0	1.0
2290	269	0	1.0
2290	298	0	1.0
2290	335	0	1.0
2290	696	0	1.0
2290	1679	0	1.0
2290	1844	0	1.0
2291	29	0	1.0
2291	1120	0	1.0
2291	1192	0	1.0
2291	1905	0	1.0
2291	2504	0	1.0
2291	2871	0	1.0
2293	110	0	1.0
2293	1015	0	1.0
2293	1193	0	1.0
2293	2276	0	1.0
2293	2666	0	1.0
2294	143	0	1.0
2294	219	0	1.0
2294	330	0	1.0
2294	1400	0	1.0
2294	2528	0	1.0
2295	790	0	1.0
2295	1573	0	1.0
2295	1595	0	1.0
2295	2111	0	1.0
2295	2355	0	1.0
2295	2638	0	1.0
2297	74	0	1.0
2297	1180	0	1.0
2297	1209	0	1.0
2297	1322	0	1.0
2297	2796	0	1.0
2297	2853	0	1.0
2298	2002	0	1.0
2299	1562	0	1.0
2300	77	0	1.0
2300	257	0	1.0
2300	275	0	1.0
2300	472	0	1.0
2300	712	0	1.0
2300	902	0	1.0
2300	926	0	1.0
2300	1852	0	1.0
2300	1876	0	1.0
2300	2200	0	1.0
2301	48	0	1.0
2301	1332	0	1.0
2301	1716	0	1.0
2302	1535	0	1.0
2302	2382	0	1.0
2303	867	0	1.0
2303	1246	0	1.0
2303	1588	0	1.0
2303	1957	0	1.0
2303	2275	0	1.0
2303	2624	0	1.0
2304	568	0	1.0
2304	734	0	1.0
2304	1018	0	1.0
2304	1079	0	1.0
2304	1250	0	1.0
2304	1270	0	1.0
2304	1471	0	1.0
2304	1540	0	1.0
2304	2387	0	1.0
2304	2393	0	1.0
2304	2431	0	1.0
2305	928	0	1.0
2305	1987	0	1.0
2308	1574	0	1.0
2308	2853	0	1.0
2309	1364	0	1.0
2309	1605	0	1.0
2309	1807	0	1.0
2309	1895	0	1.0
2310	9	0	1.0
2310	54	0	1.0
2310	453	0	1.0
2310	497	0	1.0
2310	991	0	1.0
2310	1106	0	1.0
2310	1354	0	1.0
2310	1427	0	1.0
2310	1812	0	1.0
2310	1863	0	1.0
2310	2633	0	1.0
2312	1067	0	1.0
2312	1169	0	1.0
2312	1438	0	1.0
2312	1950	0	1.0
2312	2026	0	1.0
2312	2128	0	1.0
2312	2747	0	1.0
2312	2832	0	1.0
2315	2803	0	1.0
2316	663	0	1.0
2316	1528	0	1.0
2316	1743	0	1.0
2316	2127	0	1.0
2316	2695	0	1.0
2316	2697	0	1.0
2317	899	0	1.0
2319	614	0	1.0
2319	674	0	1.0
2319	1533	0	1.0
2321	1061	0	1.0
2321	1123	0	1.0
2321	1154	0	1.0
2321	2085	0	1.0
2321	2459	0	1.0
2321	2503	0	1.0
2322	185	0	1.0
2322	506	0	1.0
2322	722	0	1.0
2322	1080	0	1.0
2322	1557	0	1.0
2322	1859	0	1.0
2322	2015	0	1.0
2322	2447	0	1.0
2322	2532	0	1.0
2322	2685	0	1.0
2323	157	0	1.0
2323	1190	0	1.0
2323	2266	0	1.0
2323	2440	0	1.0
2323	2594	0	1.0
2324	895	0	1.0
2325	992	0	1.0
2325	2845	0	1.0
2326	62	0	1.0
2326	157	0	1.0
2326	829	0	1.0
2326	1049	0	1.0
2326	1132	0	1.0
2326	1327	0	1.0
2326	1355	0	1.0
2326	1519	0	1.0
2326	1720	0	1.0
2326	1741	0	1.0
2326	2076	0	1.0
2326	2077	0	1.0
2326	2266	0	1.0
2326	2323	0	1.0
2326	2467	0	1.0
2326	2594	0	1.0
2326	2640	0	1.0
2326	2869	0	1.0
2327	434	0	1.0
2327	907	0	1.0
2327	1276	0	1.0
2327	1385	0	1.0
2327	1855	0	1.0
2327	1919	0	1.0
2327	2184	0	1.0
2327	2727	0	1.0
2329	6	0	1.0
2329	33	0	1.0
2329	120	0	1.0
2329	1106	0	1.0
2329	1989	0	1.0
2329	2633	0	1.0
2331	327	0	1.0
2331	499	0	1.0
2331	2167	0	1.0
2335	19	0	1.0
2335	2577	0	1.0
2335	2738	0	1.0
2336	1883	0	1.0
2337	154	0	1.0
2337	643	0	1.0
2337	896	0	1.0
2337	1429	0	1.0
2337	2162	0	1.0
2337	2607	0	1.0
2339	597	0	1.0
2339	784	0	1.0
2339	846	0	1.0
2339	983	0	1.0
2339	1696	0	1.0
2339	2149	0	1.0
2339	2557	0	1.0
2342	45	0	1.0
2342	666	0	1.0
2343	204	0	1.0
2343	778	0	1.0
2343	1074	0	1.0
2343	1479	0	1.0
2344	840	0	1.0
2344	1777	0	1.0
2345	791	0	1.0
2349	309	0	1.0
2349	424	0	1.0
2349	1123	0	1.0
2349	1344	0	1.0
2349	1667	0	1.0
2349	2085	0	1.0
2349	2459	0	1.0
2350	206	0	1.0
2350	1254	0	1.0
2351	1438	0	1.0
2351	2026	0	1.0
2351	2128	0	1.0
2352	2880	0	1.0
2352	0	0	1.0
2352	1375	0	1.0
2352	1614	0	1.0
2352	2868	0	1.0
2353	174	0	1.0
2353	389	0	1.0
2353	390	0	1.0
2353	482	0	1.0
2353	708	0	1.0
2353	737	0	1.0
2353	1111	0	1.0
2353	1316	0	1.0
2353	1498	0	1.0
2353	1772	0	1.0
2353	1941	0	1.0
2355	225	0	1.0
2355	281	0	1.0
2355	1296	0	1.0
2355	1562	0	1.0
2355	1826	0	1.0
2355	2048	0	1.0
2357	43	0	1.0
2359	2728	0	1.0
2360	583	0	1.0
2360	2101	0	1.0
2360	2695	0	1.0
2361	48	0	1.0
2361	1332	0	1.0
2361	1716	0	1.0
2362	399	0	1.0
2362	922	0	1.0
2362	1605	0	1.0
2362	2314	0	1.0
2362	2572	0	1.0
2362	2591	0	1.0
2362	2701	0	1.0
2362	2720	0	1.0
2363	1202	0	1.0
2365	1817	0	1.0
2365	2168	0	1.0
2366	2871	0	1.0
2367	2676	0	1.0
2370	1496	0	1.0
2371	129	0	1.0
2371	1496	0	1.0
2372	983	0	1.0
2372	1940	0	1.0
2372	2120	0	1.0
2373	369	0	1.0
2373	602	0	1.0
2373	722	0	1.0
2373	1557	0	1.0
2373	1859	0	1.0
2373	2015	0	1.0
2373	2447	0	1.0
2373	2532	0	1.0
2374	1002	0	1.0
2374	1040	0	1.0
2375	2159	0	1.0
2375	2211	0	1.0
2375	2247	0	1.0
2376	1190	0	1.0
2377	1744	0	1.0
2377	1758	0	1.0
2377	2165	0	1.0
2377	2461	0	1.0
2378	2564	0	1.0
2379	2876	0	1.0
2379	25	0	1.0
2379	262	0	1.0
2379	583	0	1.0
2379	663	0	1.0
2379	930	0	1.0
2379	1528	0	1.0
2379	1743	0	1.0
2379	2101	0	1.0
2379	2155	0	1.0
2379	2316	0	1.0
2379	2695	0	1.0
2379	2697	0	1.0
2380	117	0	1.0
2380	674	0	1.0
2380	1533	0	1.0
2380	1998	0	1.0
2380	2319	0	1.0
2381	612	0	1.0
2382	303	0	1.0
2384	2078	0	1.0
2384	2847	0	1.0
2386	553	0	1.0
2386	652	0	1.0
2387	2431	0	1.0
2388	498	0	1.0
2388	982	0	1.0
2388	1420	0	1.0
2388	2542	0	1.0
2388	2654	0	1.0
2389	1296	0	1.0
2389	1826	0	1.0
2390	623	0	1.0
2390	697	0	1.0
2390	1266	0	1.0
2390	1943	0	1.0
2391	2607	0	1.0
2391	2798	0	1.0
2392	972	0	1.0
2392	983	0	1.0
2392	1649	0	1.0
2392	1660	0	1.0
2392	1940	0	1.0
2392	2714	0	1.0
2393	1018	0	1.0
2393	2387	0	1.0
2393	2431	0	1.0
2394	367	0	1.0
2394	1568	0	1.0
2395	665	0	1.0
2395	1092	0	1.0
2396	935	0	1.0
2397	1288	0	1.0
2397	1720	0	1.0
2397	2164	0	1.0
2397	2435	0	1.0
2397	2594	0	1.0
2397	2789	0	1.0
2398	831	0	1.0
2398	976	0	1.0
2398	1348	0	1.0
2398	1749	0	1.0
2399	41	0	1.0
2399	840	0	1.0
2399	1774	0	1.0
2399	1777	0	1.0
2399	1803	0	1.0
2399	1849	0	1.0
2399	2253	0	1.0
2400	2165	0	1.0
2401	314	0	1.0
2401	590	0	1.0
2401	997	0	1.0
2401	1077	0	1.0
2401	1253	0	1.0
2401	1323	0	1.0
2401	1357	0	1.0
2401	1629	0	1.0
2401	2130	0	1.0
2401	2138	0	1.0
2401	2470	0	1.0
2401	2824	0	1.0
2403	476	0	1.0
2403	490	0	1.0
2403	528	0	1.0
2403	695	0	1.0
2403	768	0	1.0
2403	932	0	1.0
2403	1490	0	1.0
2403	2003	0	1.0
2403	2378	0	1.0
2403	2564	0	1.0
2403	2600	0	1.0
2403	2631	0	1.0
2404	1397	0	1.0
2405	341	0	1.0
2405	379	0	1.0
2405	1369	0	1.0
2412	498	0	1.0
2412	1415	0	1.0
2412	2542	0	1.0
2412	2576	0	1.0
2413	635	0	1.0
2413	1322	0	1.0
2413	2853	0	1.0
2414	331	0	1.0
2414	726	0	1.0
2414	2260	0	1.0
2415	677	0	1.0
2415	2311	0	1.0
2415	2633	0	1.0
2416	853	0	1.0
2416	1571	0	1.0
2416	1636	0	1.0
2416	1940	0	1.0
2416	2151	0	1.0
2416	2512	0	1.0
2416	2563	0	1.0
2417	2328	0	1.0
2420	125	0	1.0
2420	394	0	1.0
2420	545	0	1.0
2420	728	0	1.0
2420	2692	0	1.0
2421	61	0	1.0
2421	166	0	1.0
2421	278	0	1.0
2421	735	0	1.0
2421	1791	0	1.0
2421	2198	0	1.0
2421	2229	0	1.0
2422	486	0	1.0
2423	465	0	1.0
2423	750	0	1.0
2423	1979	0	1.0
2423	2435	0	1.0
2423	2514	0	1.0
2425	476	0	1.0
2425	490	0	1.0
2425	628	0	1.0
2425	1150	0	1.0
2425	2003	0	1.0
2425	2564	0	1.0
2427	134	0	1.0
2427	171	0	1.0
2427	202	0	1.0
2427	1750	0	1.0
2428	1200	0	1.0
2428	1337	0	1.0
2429	2089	0	1.0
2430	767	0	1.0
2430	2008	0	1.0
2431	2387	0	1.0
2434	255	0	1.0
2435	323	0	1.0
2435	1288	0	1.0
2440	1720	0	1.0
2440	2435	0	1.0
2440	2720	0	1.0
2441	13	0	1.0
2441	1106	0	1.0
2441	1900	0	1.0
2442	150	0	1.0
2442	223	0	1.0
2442	1899	0	1.0
2443	281	0	1.0
2443	883	0	1.0
2443	1562	0	1.0
2443	1573	0	1.0
2443	2048	0	1.0
2443	2111	0	1.0
2443	2638	0	1.0
2445	1335	0	1.0
2445	1692	0	1.0
2445	1713	0	1.0
2447	185	0	1.0
2449	578	0	1.0
2449	975	0	1.0
2449	1298	0	1.0
2451	1106	0	1.0
2451	1812	0	1.0
2451	1989	0	1.0
2451	2329	0	1.0
2452	1766	0	1.0
2452	1895	0	1.0
2455	733	0	1.0
2456	189	0	1.0
2456	2149	0	1.0
2460	21	0	1.0
2461	1159	0	1.0
2463	118	0	1.0
2463	1051	0	1.0
2463	2266	0	1.0
2464	1074	0	1.0
2464	1371	0	1.0
2464	2363	0	1.0
2465	537	0	1.0
2465	694	0	1.0
2465	795	0	1.0
2465	1090	0	1.0
2465	1376	0	1.0
2465	1441	0	1.0
2465	1487	0	1.0
2465	1907	0	1.0
2465	2286	0	1.0
2465	2717	0	1.0
2465	2741	0	1.0
2467	62	0	1.0
2467	157	0	1.0
2467	802	0	1.0
2467	1190	0	1.0
2467	1720	0	1.0
2467	2076	0	1.0
2467	2314	0	1.0
2468	1306	0	1.0
2468	2032	0	1.0
2469	1794	0	1.0
2469	2687	0	1.0
2469	2812	0	1.0
2469	2834	0	1.0
2471	1304	0	1.0
2471	1407	0	1.0
2471	2088	0	1.0
2472	1417	0	1.0
2472	1524	0	1.0
2472	1799	0	1.0
2472	2516	0	1.0
2474	1444	0	1.0
2474	1501	0	1.0
2475	936	0	1.0
2475	975	0	1.0
2477	93	0	1.0
2477	2364	0	1.0
2478	1681	0	1.0
2480	615	0	1.0
2480	2782	0	1.0
2481	206	0	1.0
2481	1474	0	1.0
2481	2350	0	1.0
2481	2795	0	1.0
2484	157	0	1.0
2484	1150	0	1.0
2484	1720	0	1.0
2484	2077	0	1.0
2484	2707	0	1.0
2485	1107	0	1.0
2485	1693	0	1.0
2486	204	0	1.0
2486	726	0	1.0
2486	778	0	1.0
2486	978	0	1.0
2486	1133	0	1.0
2486	1326	0	1.0
2486	1350	0	1.0
2486	1386	0	1.0
2486	1439	0	1.0
2486	1611	0	1.0
2486	2596	0	1.0
2486	2794	0	1.0
2488	67	0	1.0
2490	319	0	1.0
2490	983	0	1.0
2491	888	0	1.0
2491	1311	0	1.0
2491	1466	0	1.0
2491	2224	0	1.0
2492	6	0	1.0
2492	616	0	1.0
2492	1259	0	1.0
2492	2091	0	1.0
2492	2252	0	1.0
2493	440	0	1.0
2493	605	0	1.0
2493	731	0	1.0
2493	1305	0	1.0
2493	1354	0	1.0
2493	1356	0	1.0
2493	2682	0	1.0
2493	2729	0	1.0
2494	87	0	1.0
2494	99	0	1.0
2494	420	0	1.0
2494	488	0	1.0
2494	1435	0	1.0
2494	2065	0	1.0
2494	2515	0	1.0
2494	2795	0	1.0
2494	2864	0	1.0
2496	1384	0	1.0
2496	2214	0	1.0
2496	2335	0	1.0
2496	2867	0	1.0
2498	2882	0	1.0
2498	1135	0	1.0
2498	1291	0	1.0
2498	1799	0	1.0
2498	1955	0	1.0
2498	2031	0	1.0
2498	2099	0	1.0
2498	2234	0	1.0
2500	1321	0	1.0
2500	1461	0	1.0
2500	1480	0	1.0
2504	2787	0	1.0
2505	1101	0	1.0
2505	2522	0	1.0
2506	71	0	1.0
2506	510	0	1.0
2506	921	0	1.0
2506	1383	0	1.0
2506	1933	0	1.0
2506	2599	0	1.0
2507	826	0	1.0
2507	966	0	1.0
2507	1784	0	1.0
2507	2098	0	1.0
2507	2426	0	1.0
2508	413	0	1.0
2508	510	0	1.0
2509	210	0	1.0
2509	1074	0	1.0
2509	1676	0	1.0
2510	790	0	1.0
2510	1266	0	1.0
2510	1573	0	1.0
2511	1573	0	1.0
2511	1595	0	1.0
2511	2453	0	1.0
2511	2638	0	1.0
2512	1571	0	1.0
2514	1829	0	1.0
2514	1979	0	1.0
2517	1554	0	1.0
2517	2836	0	1.0
2518	1559	0	1.0
2518	1832	0	1.0
2519	564	0	1.0
2519	1825	0	1.0
2522	1906	0	1.0
2523	67	0	1.0
2523	811	0	1.0
2523	2718	0	1.0
2524	145	0	1.0
2524	1150	0	1.0
2525	818	0	1.0
2525	1785	0	1.0
2525	2581	0	1.0
2525	2628	0	1.0
2526	2744	0	1.0
2527	1011	0	1.0
2527	1613	0	1.0
2527	1664	0	1.0
2527	2336	0	1.0
2528	70	0	1.0
2529	616	0	1.0
2530	320	0	1.0
2530	327	0	1.0
2530	415	0	1.0
2530	499	0	1.0
2530	2331	0	1.0
2531	992	0	1.0
2531	1074	0	1.0
2532	748	0	1.0
2536	1945	0	1.0
2541	974	0	1.0
2541	1744	0	1.0
2541	1758	0	1.0
2541	2165	0	1.0
2542	1415	0	1.0
2543	377	0	1.0
2543	711	0	1.0
2543	712	0	1.0
2543	791	0	1.0
2543	1251	0	1.0
2543	2726	0	1.0
2544	589	0	1.0
2544	2314	0	1.0
2544	2378	0	1.0
2549	1351	0	1.0
2549	2334	0	1.0
2549	2649	0	1.0
2549	2855	0	1.0
2551	86	0	1.0
2551	1435	0	1.0
2551	1641	0	1.0
2553	730	0	1.0
2553	1114	0	1.0
2553	1280	0	1.0
2554	2052	0	1.0
2554	2258	0	1.0
2555	1984	0	1.0
2555	2674	0	1.0
2556	2720	0	1.0
2561	1061	0	1.0
2561	1154	0	1.0
2561	1667	0	1.0
2561	2459	0	1.0
2561	2503	0	1.0
2562	1040	0	1.0
2563	1571	0	1.0
2563	1636	0	1.0
2563	2438	0	1.0
2564	2378	0	1.0
2567	353	0	1.0
2567	1313	0	1.0
2567	1466	0	1.0
2567	2145	0	1.0
2569	271	0	1.0
2569	371	0	1.0
2569	1135	0	1.0
2570	2722	0	1.0
2571	668	0	1.0
2571	2115	0	1.0
2573	2665	0	1.0
2576	1415	0	1.0
2577	2676	0	1.0
2578	855	0	1.0
2578	1834	0	1.0
2580	1050	0	1.0
2583	779	0	1.0
2584	1658	0	1.0
2588	1306	0	1.0
2589	205	0	1.0
2590	21	0	1.0
2590	31	0	1.0
2590	227	0	1.0
2590	536	0	1.0
2590	1185	0	1.0
2590	1559	0	1.0
2590	2460	0	1.0
2591	715	0	1.0
2591	1190	0	1.0
2593	415	0	1.0
2593	1523	0	1.0
2593	1900	0	1.0
2594	1125	0	1.0
2594	1150	0	1.0
2594	1190	0	1.0
2594	2376	0	1.0
2594	2659	0	1.0
2594	2720	0	1.0
2596	1386	0	1.0
2596	1611	0	1.0
2596	1683	0	1.0
2596	1725	0	1.0
2596	2486	0	1.0
2597	548	0	1.0
2598	95	0	1.0
2598	1882	0	1.0
2598	2190	0	1.0
2599	195	0	1.0
2599	477	0	1.0
2599	1574	0	1.0
2599	2853	0	1.0
2600	476	0	1.0
2600	528	0	1.0
2600	768	0	1.0
2600	922	0	1.0
2600	1125	0	1.0
2600	2378	0	1.0
2600	2544	0	1.0
2600	2564	0	1.0
2600	2816	0	1.0
2601	47	0	1.0
2601	528	0	1.0
2601	768	0	1.0
2601	829	0	1.0
2601	1327	0	1.0
2601	2102	0	1.0
2601	2222	0	1.0
2601	2594	0	1.0
2601	2740	0	1.0
2601	2869	0	1.0
2603	1799	0	1.0
2603	2472	0	1.0
2603	2608	0	1.0
2604	2681	0	1.0
2605	618	0	1.0
2605	993	0	1.0
2605	1135	0	1.0
2605	1625	0	1.0
2605	1664	0	1.0
2605	2527	0	1.0
2607	154	0	1.0
2609	138	0	1.0
2610	2234	0	1.0
2612	520	0	1.0
2612	783	0	1.0
2612	1256	0	1.0
2613	912	0	1.0
2613	2735	0	1.0
2617	381	0	1.0
2617	2358	0	1.0
2617	2849	0	1.0
2619	509	0	1.0
2621	959	0	1.0
2625	416	0	1.0
2626	536	0	1.0
2626	738	0	1.0
2626	946	0	1.0
2626	1823	0	1.0
2626	2079	0	1.0
2626	2497	0	1.0
2627	518	0	1.0
2627	897	0	1.0
2627	1594	0	1.0
2627	1678	0	1.0
2627	1779	0	1.0
2628	1460	0	1.0
2630	46	0	1.0
2630	1341	0	1.0
2630	1501	0	1.0
2631	123	0	1.0
2631	476	0	1.0
2631	768	0	1.0
2631	1125	0	1.0
2631	1171	0	1.0
2631	2544	0	1.0
2633	33	0	1.0
2633	1259	0	1.0
2633	1989	0	1.0
2633	2415	0	1.0
2633	2492	0	1.0
2635	784	0	1.0
2635	2521	0	1.0
2636	311	0	1.0
2636	783	0	1.0
2636	2008	0	1.0
2637	1899	0	1.0
2638	2111	0	1.0
2640	1125	0	1.0
2640	1150	0	1.0
2640	1156	0	1.0
2640	1336	0	1.0
2640	1644	0	1.0
2640	2194	0	1.0
2640	2556	0	1.0
2640	2594	0	1.0
2640	2659	0	1.0
2640	2701	0	1.0
2640	2720	0	1.0
2640	2869	0	1.0
2642	544	0	1.0
2642	1315	0	1.0
2645	2112	0	1.0
2645	2149	0	1.0
2646	203	0	1.0
2647	2808	0	1.0
2648	1799	0	1.0
2648	2158	0	1.0
2648	2245	0	1.0
2649	2334	0	1.0
2649	2676	0	1.0
2650	246	0	1.0
2650	736	0	1.0
2650	1314	0	1.0
2650	1342	0	1.0
2650	1361	0	1.0
2650	1516	0	1.0
2650	1524	0	1.0
2650	1578	0	1.0
2650	1582	0	1.0
2650	2113	0	1.0
2650	2472	0	1.0
2650	2603	0	1.0
2650	2648	0	1.0
2650	2653	0	1.0
2653	1799	0	1.0
2653	2245	0	1.0
2654	982	0	1.0
2654	1817	0	1.0
2655	1534	0	1.0
2656	2266	0	1.0
2656	2846	0	1.0
2658	604	0	1.0
2658	2204	0	1.0
2659	141	0	1.0
2659	1100	0	1.0
2659	1156	0	1.0
2659	1228	0	1.0
2659	2594	0	1.0
2659	2720	0	1.0
2661	2029	0	1.0
2661	2220	0	1.0
2662	1114	0	1.0
2662	1280	0	1.0
2664	715	0	1.0
2664	2197	0	1.0
2667	622	0	1.0
2667	1197	0	1.0
2667	2110	0	1.0
2668	790	0	1.0
2668	938	0	1.0
2670	995	0	1.0
2670	1870	0	1.0
2670	1940	0	1.0
2675	730	0	1.0
2677	1320	0	1.0
2678	530	0	1.0
2678	911	0	1.0
2678	923	0	1.0
2678	1220	0	1.0
2678	1413	0	1.0
2678	1726	0	1.0
2680	5	0	1.0
2680	36	0	1.0
2680	44	0	1.0
2680	127	0	1.0
2680	429	0	1.0
2680	443	0	1.0
2680	466	0	1.0
2680	472	0	1.0
2680	689	0	1.0
2680	926	0	1.0
2680	1106	0	1.0
2680	1277	0	1.0
2680	1901	0	1.0
2680	2157	0	1.0
2680	2525	0	1.0
2680	2578	0	1.0
2680	2729	0	1.0
2682	5	0	1.0
2682	44	0	1.0
2682	112	0	1.0
2682	429	0	1.0
2682	731	0	1.0
2683	1762	0	1.0
2683	2575	0	1.0
2684	517	0	1.0
2685	185	0	1.0
2685	512	0	1.0
2685	602	0	1.0
2685	690	0	1.0
2685	722	0	1.0
2685	1080	0	1.0
2685	1119	0	1.0
2685	1557	0	1.0
2685	1724	0	1.0
2685	1859	0	1.0
2685	2015	0	1.0
2685	2087	0	1.0
2685	2105	0	1.0
2685	2447	0	1.0
2686	1562	0	1.0
2688	1881	0	1.0
2689	1222	0	1.0
2689	1893	0	1.0
2689	1938	0	1.0
2689	2550	0	1.0
2691	589	0	1.0
2691	1100	0	1.0
2691	1150	0	1.0
2691	1577	0	1.0
2691	1746	0	1.0
2691	2154	0	1.0
2691	2250	0	1.0
2691	2314	0	1.0
2691	2467	0	1.0
2691	2594	0	1.0
2691	2659	0	1.0
2691	2869	0	1.0
2692	2720	0	1.0
2694	1168	0	1.0
2694	1417	0	1.0
2694	1426	0	1.0
2694	2147	0	1.0
2694	2334	0	1.0
2694	2367	0	1.0
2694	2485	0	1.0
2694	2676	0	1.0
2694	2855	0	1.0
2695	872	0	1.0
2695	1225	0	1.0
2695	1743	0	1.0
2696	983	0	1.0
2696	1186	0	1.0
2696	1940	0	1.0
2698	489	0	1.0
2698	596	0	1.0
2698	1436	0	1.0
2698	2249	0	1.0
2699	372	0	1.0
2699	784	0	1.0
2699	1244	0	1.0
2699	1280	0	1.0
2699	2283	0	1.0
2699	2553	0	1.0
2700	1538	0	1.0
2700	2022	0	1.0
2700	2669	0	1.0
2700	2846	0	1.0
2701	922	0	1.0
2701	2314	0	1.0
2701	2572	0	1.0
2705	397	0	1.0
2706	438	0	1.0
2706	1181	0	1.0
2706	2801	0	1.0
2707	1303	0	1.0
2708	1792	0	1.0
2708	2287	0	1.0
2709	1883	0	1.0
2709	2123	0	1.0
2709	2336	0	1.0
2710	864	0	1.0
2710	1435	0	1.0
2711	1831	0	1.0
2711	2167	0	1.0
2712	706	0	1.0
2712	1427	0	1.0
2712	1812	0	1.0
2713	2259	0	1.0
2715	136	0	1.0
2715	1149	0	1.0
2716	978	0	1.0
2716	1726	0	1.0
2716	2486	0	1.0
2717	537	0	1.0
2717	2286	0	1.0
2718	67	0	1.0
2718	811	0	1.0
2719	93	0	1.0
2719	196	0	1.0
2719	2409	0	1.0
2722	2254	0	1.0
2724	2671	0	1.0
2726	1428	0	1.0
2726	1531	0	1.0
2727	907	0	1.0
2727	1276	0	1.0
2727	1379	0	1.0
2727	1855	0	1.0
2729	5	0	1.0
2729	44	0	1.0
2729	127	0	1.0
2729	440	0	1.0
2729	731	0	1.0
2729	767	0	1.0
2729	2157	0	1.0
2730	784	0	1.0
2730	1095	0	1.0
2730	1712	0	1.0
2730	1948	0	1.0
2730	2237	0	1.0
2730	2547	0	1.0
2730	2553	0	1.0
2730	2596	0	1.0
2730	2769	0	1.0
2730	2804	0	1.0
2731	544	0	1.0
2731	1170	0	1.0
2731	1232	0	1.0
2731	1315	0	1.0
2731	1579	0	1.0
2731	1625	0	1.0
2731	2212	0	1.0
2731	2230	0	1.0
2731	2642	0	1.0
2732	1681	0	1.0
2733	298	0	1.0
2733	578	0	1.0
2733	659	0	1.0
2733	696	0	1.0
2733	779	0	1.0
2733	789	0	1.0
2733	936	0	1.0
2733	975	0	1.0
2733	1170	0	1.0
2733	1180	0	1.0
2733	1248	0	1.0
2733	1328	0	1.0
2733	1679	0	1.0
2733	1737	0	1.0
2733	2123	0	1.0
2736	2385	0	1.0
2738	2334	0	1.0
2739	480	0	1.0
2739	640	0	1.0
2739	1204	0	1.0
2739	1313	0	1.0
2740	589	0	1.0
2740	2572	0	1.0
2741	2286	0	1.0
2741	2717	0	1.0
2742	1392	0	1.0
2743	323	0	1.0
2743	1807	0	1.0
2745	1242	0	1.0
2746	55	0	1.0
2746	69	0	1.0
2746	198	0	1.0
2746	813	0	1.0
2746	859	0	1.0
2746	2293	0	1.0
2746	2764	0	1.0
2746	2810	0	1.0
2747	242	0	1.0
2747	576	0	1.0
2747	737	0	1.0
2747	1231	0	1.0
2748	549	0	1.0
2748	1172	0	1.0
2748	1449	0	1.0
2748	2168	0	1.0
2748	2623	0	1.0
2750	1457	0	1.0
2750	2026	0	1.0
2750	2167	0	1.0
2750	2502	0	1.0
2750	2616	0	1.0
2751	1913	0	1.0
2753	1145	0	1.0
2753	1173	0	1.0
2753	1790	0	1.0
2755	2307	0	1.0
2756	69	0	1.0
2756	97	0	1.0
2756	110	0	1.0
2756	365	0	1.0
2756	514	0	1.0
2756	619	0	1.0
2756	716	0	1.0
2756	729	0	1.0
2756	1015	0	1.0
2756	1169	0	1.0
2756	1193	0	1.0
2756	1286	0	1.0
2756	1537	0	1.0
2756	1653	0	1.0
2756	1990	0	1.0
2756	2276	0	1.0
2756	2293	0	1.0
2756	2616	0	1.0
2758	922	0	1.0
2758	951	0	1.0
2758	2572	0	1.0
2759	204	0	1.0
2759	778	0	1.0
2759	978	0	1.0
2759	1133	0	1.0
2759	1439	0	1.0
2759	2343	0	1.0
2761	1696	0	1.0
2761	2149	0	1.0
2762	2336	0	1.0
2764	451	0	1.0
2764	541	0	1.0
2766	538	0	1.0
2766	1105	0	1.0
2771	1649	0	1.0
2772	232	0	1.0
2772	281	0	1.0
2772	1562	0	1.0
2772	1595	0	1.0
2772	1826	0	1.0
2772	2111	0	1.0
2772	2355	0	1.0
2775	147	0	1.0
2775	214	0	1.0
2775	218	0	1.0
2775	879	0	1.0
2775	1121	0	1.0
2775	1128	0	1.0
2775	1559	0	1.0
2775	1659	0	1.0
2775	2094	0	1.0
2775	2225	0	1.0
2775	2280	0	1.0
2779	515	0	1.0
2779	1333	0	1.0
2779	1386	0	1.0
2779	1393	0	1.0
2779	1588	0	1.0
2779	2111	0	1.0
2779	2299	0	1.0
2779	2340	0	1.0
2779	2560	0	1.0
2779	2638	0	1.0
2779	2641	0	1.0
2779	2752	0	1.0
2782	1883	0	1.0
2783	1012	0	1.0
2783	1392	0	1.0
2783	2067	0	1.0
2784	110	0	1.0
2784	820	0	1.0
2784	1015	0	1.0
2784	1193	0	1.0
2784	2276	0	1.0
2784	2293	0	1.0
2786	2266	0	1.0
2786	2572	0	1.0
2786	2846	0	1.0
2789	253	0	1.0
2789	694	0	1.0
2789	1288	0	1.0
2789	2233	0	1.0
2789	2435	0	1.0
2791	480	0	1.0
2791	1313	0	1.0
2791	1502	0	1.0
2792	294	0	1.0
2792	995	0	1.0
2792	1186	0	1.0
2792	2512	0	1.0
2793	1718	0	1.0
2794	509	0	1.0
2794	680	0	1.0
2794	1115	0	1.0
2794	1604	0	1.0
2794	2619	0	1.0
2794	2834	0	1.0
2795	593	0	1.0
2796	74	0	1.0
2796	789	0	1.0
2798	778	0	1.0
2799	11	0	1.0
2801	434	0	1.0
2801	995	0	1.0
2801	1050	0	1.0
2801	1095	0	1.0
2801	1181	0	1.0
2801	1272	0	1.0
2801	2470	0	1.0
2801	2580	0	1.0
2801	2706	0	1.0
2802	858	0	1.0
2802	1388	0	1.0
2802	2268	0	1.0
2802	2559	0	1.0
2802	2782	0	1.0
2803	1320	0	1.0
2804	784	0	1.0
2804	2769	0	1.0
2806	323	0	1.0
2806	2076	0	1.0
2806	2314	0	1.0
2806	2701	0	1.0
2806	2816	0	1.0
2806	2869	0	1.0
2807	136	0	1.0
2808	1338	0	1.0
2810	69	0	1.0
2810	97	0	1.0
2810	110	0	1.0
2810	514	0	1.0
2810	729	0	1.0
2810	820	0	1.0
2810	890	0	1.0
2810	1015	0	1.0
2810	1193	0	1.0
2810	1409	0	1.0
2810	1685	0	1.0
2810	2276	0	1.0
2810	2784	0	1.0
2811	483	0	1.0
2811	834	0	1.0
2811	1559	0	1.0
2812	1792	0	1.0
2812	1794	0	1.0
2812	2208	0	1.0
2812	2469	0	1.0
2814	314	0	1.0
2814	1095	0	1.0
2814	1696	0	1.0
2814	2801	0	1.0
2815	1955	0	1.0
2816	1190	0	1.0
2816	2720	0	1.0
2819	929	0	1.0
2821	138	0	1.0
2821	2609	0	1.0
2822	590	0	1.0
2822	1095	0	1.0
2822	2696	0	1.0
2824	1461	0	1.0
2824	2500	0	1.0
2825	180	0	1.0
2825	285	0	1.0
2825	336	0	1.0
2825	1298	0	1.0
2825	1727	0	1.0
2825	2122	0	1.0
2827	1056	0	1.0
2827	2274	0	1.0
2827	2275	0	1.0
2828	2201	0	1.0
2828	2777	0	1.0
2829	1641	0	1.0
2829	2551	0	1.0
2829	2795	0	1.0
2829	2864	0	1.0
2831	915	0	1.0
2831	2147	0	1.0
2831	2334	0	1.0
2831	2367	0	1.0
2831	2577	0	1.0
2831	2867	0	1.0
2832	320	0	1.0
2832	327	0	1.0
2832	499	0	1.0
2832	1422	0	1.0
2832	1438	0	1.0
2832	1523	0	1.0
2832	1831	0	1.0
2832	2026	0	1.0
2832	2128	0	1.0
2832	2350	0	1.0
2832	2351	0	1.0
2832	2616	0	1.0
2833	171	0	1.0
2833	388	0	1.0
2833	564	0	1.0
2833	609	0	1.0
2833	946	0	1.0
2833	1340	0	1.0
2833	1561	0	1.0
2833	1750	0	1.0
2833	1825	0	1.0
2833	2460	0	1.0
2833	2724	0	1.0
2834	1946	0	1.0
2835	1623	0	1.0
2837	1743	0	1.0
2837	2695	0	1.0
2839	707	0	1.0
2839	2455	0	1.0
2840	651	0	1.0
2840	1226	0	1.0
2843	1415	0	1.0
2845	992	0	1.0
2845	1074	0	1.0
2850	292	0	1.0
2850	636	0	1.0
2853	2796	0	1.0
2854	1066	0	1.0
2854	1100	0	1.0
2854	1125	0	1.0
2854	1150	0	1.0
2854	1156	0	1.0
2854	2594	0	1.0
2854	2659	0	1.0
2854	2720	0	1.0
2855	1426	0	1.0
2855	2334	0	1.0
2855	2367	0	1.0
2855	2577	0	1.0
2856	839	0	1.0
2858	725	0	1.0
2858	1044	0	1.0
2858	1720	0	1.0
2858	2435	0	1.0
2859	116	0	1.0
2859	1355	0	1.0
2859	1518	0	1.0
2859	1519	0	1.0
2859	1577	0	1.0
2859	1891	0	1.0
2859	2154	0	1.0
2859	2326	0	1.0
2859	2572	0	1.0
2859	2869	0	1.0
2860	123	0	1.0
2860	922	0	1.0
2860	951	0	1.0
2860	1009	0	1.0
2860	1214	0	1.0
2860	1260	0	1.0
2860	1355	0	1.0
2860	1519	0	1.0
2860	1891	0	1.0
2860	2266	0	1.0
2860	2572	0	1.0
2860	2758	0	1.0
2861	224	0	1.0
2861	572	0	1.0
2861	1524	0	1.0
2861	1583	0	1.0
2861	2472	0	1.0
2863	662	0	1.0
2863	1435	0	1.0
2863	2221	0	1.0
2863	2551	0	1.0
2865	93	0	1.0
2865	2364	0	1.0
2866	835	0	1.0
2866	1627	0	1.0
2866	2402	0	1.0
2869	589	0	1.0
2869	1125	0	1.0
2869	1150	0	1.0
2869	1190	0	1.0
2869	2314	0	1.0
2869	2376	0	1.0
2869	2701	0	1.0
2869	2720	0	1.0
2870	398	0	1.0
2871	180	0	1.0
2871	383	0	1.0
2872	2153	0	1.0
2872	2555	0	1.0
2873	1012	0	1.0
2873	1681	0	1.0
2873	2062	0	1.0
2874	1236	0	1.0
2875	2483	0	1.0
2875	2749	0	1.0
2876	2874	0	1.0
2876	583	0	1.0
2876	1236	0	1.0
2879	2415	0	1.0
2880	111	0	1.0
2880	76	0	1.0
2880	1526	0	1.0
2881	111	0	1.0
2881	534	0	1.0
2881	934	0	1.0
2881	2141	0	1.0
0	2883	1	1.0
2352	2883	1	1.0
0	2884	1	1.0
501	2884	1	1.0
2352	2884	1	1.0
0	2885	1	1.0
2352	2885	1	1.0
0	2886	1	1.0
2352	2886	1	1.0
0	2887	1	1.0
2352	2887	1	1.0
0	2888	1	1.0
2873	2888	1	1.0
1	2889	1	1.0
993	2889	1	1.0
1041	2889	1	1.0
1526	2889	1	1.0
1591	2889	1	1.0
1	2890	1	1.0
1041	2890	1	1.0
1526	2890	1	1.0
2	2891	1	1.0
755	2891	1	1.0
2	2892	1	1.0
571	2892	1	1.0
755	2892	1	1.0
1305	2892	1	1.0
1347	2892	1	1.0
2	2893	1	1.0
755	2893	1	1.0
1347	2893	1	1.0
3	2894	1	1.0
686	2894	1	1.0
1802	2894	1	1.0
3	2895	1	1.0
686	2895	1	1.0
3	2896	1	1.0
686	2896	1	1.0
900	2896	1	1.0
1802	2896	1	1.0
3	2897	1	1.0
686	2897	1	1.0
1802	2897	1	1.0
2264	2897	1	1.0
4	2898	1	1.0
2034	2898	1	1.0
4	2899	1	1.0
2034	2899	1	1.0
5	2900	1	1.0
252	2900	1	1.0
5	2901	1	1.0
252	2901	1	1.0
2581	2901	1	1.0
6	2902	1	1.0
1305	2902	1	1.0
6	2903	1	1.0
6	2904	1	1.0
6	2905	1	1.0
6	2906	1	1.0
7	2907	1	1.0
839	2907	1	1.0
2856	2907	1	1.0
2857	2907	1	1.0
7	2908	1	1.0
2856	2908	1	1.0
7	2909	1	1.0
7	2910	1	1.0
2857	2910	1	1.0
7	2911	1	1.0
7	2912	1	1.0
2856	2912	1	1.0
7	2913	1	1.0
2856	2913	1	1.0
2857	2913	1	1.0
8	2914	1	1.0
8	2915	1	1.0
9	2916	1	1.0
9	2917	1	1.0
9	2918	1	1.0
9	2919	1	1.0
205	2919	1	1.0
233	2919	1	1.0
497	2919	1	1.0
1427	2919	1	1.0
2310	2919	1	1.0
9	2920	1	1.0
9	2921	1	1.0
205	2921	1	1.0
10	2922	1	1.0
10	2923	1	1.0
11	2924	1	1.0
11	2925	1	1.0
11	2926	1	1.0
11	2927	1	1.0
11	2928	1	1.0
11	2929	1	1.0
12	2930	1	1.0
12	2931	1	1.0
12	2932	1	1.0
12	2933	1	1.0
12	2934	1	1.0
12	2935	1	1.0
12	2936	1	1.0
13	2937	1	1.0
13	2938	1	1.0
2441	2938	1	1.0
14	2939	1	1.0
14	2940	1	1.0
2488	2940	1	1.0
2533	2940	1	1.0
2819	2940	1	1.0
14	2941	1	1.0
14	2942	1	1.0
15	2943	1	1.0
15	2944	1	1.0
50	2944	1	1.0
676	2944	1	1.0
2877	2944	1	1.0
15	2945	1	1.0
15	2946	1	1.0
676	2946	1	1.0
2877	2946	1	1.0
16	2947	1	1.0
1510	2947	1	1.0
16	2948	1	1.0
16	2949	1	1.0
534	2949	1	1.0
877	2949	1	1.0
1045	2949	1	1.0
1375	2949	1	1.0
1510	2949	1	1.0
1860	2949	1	1.0
1981	2949	1	1.0
17	2950	1	1.0
533	2950	1	1.0
1859	2950	1	1.0
17	2951	1	1.0
317	2951	1	1.0
328	2951	1	1.0
17	2952	1	1.0
253	2952	1	1.0
17	2953	1	1.0
426	2953	1	1.0
905	2953	1	1.0
1892	2953	1	1.0
18	2954	1	1.0
70	2954	1	1.0
236	2954	1	1.0
330	2954	1	1.0
388	2954	1	1.0
460	2954	1	1.0
819	2954	1	1.0
924	2954	1	1.0
2528	2954	1	1.0
18	2955	1	1.0
101	2955	1	1.0
18	2956	1	1.0
27	2956	1	1.0
1356	2956	1	1.0
19	2957	1	1.0
1384	2957	1	1.0
2136	2957	1	1.0
2214	2957	1	1.0
2496	2957	1	1.0
2867	2957	1	1.0
19	2958	1	1.0
19	2959	1	1.0
1365	2959	1	1.0
1384	2959	1	1.0
2214	2959	1	1.0
2335	2959	1	1.0
2496	2959	1	1.0
2577	2959	1	1.0
2831	2959	1	1.0
2867	2959	1	1.0
20	2960	1	1.0
1381	2960	1	1.0
20	2961	1	1.0
1381	2961	1	1.0
2217	2961	1	1.0
2260	2961	1	1.0
2593	2961	1	1.0
20	2962	1	1.0
20	2963	1	1.0
412	2963	1	1.0
21	2964	1	1.0
147	2964	1	1.0
227	2964	1	1.0
1559	2964	1	1.0
1750	2964	1	1.0
2272	2964	1	1.0
2427	2964	1	1.0
2460	2964	1	1.0
21	2965	1	1.0
21	2966	1	1.0
147	2966	1	1.0
227	2966	1	1.0
1559	2966	1	1.0
1832	2966	1	1.0
2427	2966	1	1.0
2460	2966	1	1.0
21	2967	1	1.0
21	2968	1	1.0
1559	2968	1	1.0
2272	2968	1	1.0
21	2969	1	1.0
227	2969	1	1.0
1559	2969	1	1.0
2272	2969	1	1.0
2811	2969	1	1.0
21	2970	1	1.0
147	2970	1	1.0
227	2970	1	1.0
1559	2970	1	1.0
21	2971	1	1.0
642	2971	1	1.0
21	2972	1	1.0
2518	2972	1	1.0
22	2973	1	1.0
23	2974	1	1.0
88	2974	1	1.0
265	2974	1	1.0
23	2975	1	1.0
88	2975	1	1.0
23	2976	1	1.0
88	2976	1	1.0
24	2977	1	1.0
24	2978	1	1.0
24	2979	1	1.0
25	2980	1	1.0
202	2980	1	1.0
25	2981	1	1.0
202	2981	1	1.0
25	2982	1	1.0
25	2983	1	1.0
202	2983	1	1.0
1559	2983	1	1.0
25	2984	1	1.0
26	2985	1	1.0
26	2986	1	1.0
1235	2986	1	1.0
2246	2986	1	1.0
26	2987	1	1.0
2246	2987	1	1.0
26	2988	1	1.0
26	2989	1	1.0
2246	2989	1	1.0
27	2990	1	1.0
27	2991	1	1.0
28	2992	1	1.0
1059	2992	1	1.0
1155	2992	1	1.0
28	2993	1	1.0
28	2994	1	1.0
758	2994	1	1.0
1059	2994	1	1.0
28	2995	1	1.0
1059	2995	1	1.0
1259	2995	1	1.0
2252	2995	1	1.0
2492	2995	1	1.0
28	2996	1	1.0
1259	2996	1	1.0
2252	2996	1	1.0
2492	2996	1	1.0
28	2997	1	1.0
28	2998	1	1.0
29	2999	1	1.0
29	3000	1	1.0
29	3001	1	1.0
29	3002	1	1.0
29	3003	1	1.0
29	3004	1	1.0
30	3005	1	1.0
232	3005	1	1.0
30	3006	1	1.0
2251	3006	1	1.0
30	3007	1	1.0
2251	3007	1	1.0
30	3008	1	1.0
2251	3008	1	1.0
30	3009	1	1.0
232	3009	1	1.0
2251	3009	1	1.0
30	3010	1	1.0
232	3010	1	1.0
2251	3010	1	1.0
30	3011	1	1.0
232	3011	1	1.0
2251	3011	1	1.0
31	3012	1	1.0
1185	3012	1	1.0
2590	3012	1	1.0
31	3013	1	1.0
1561	3013	1	1.0
1965	3013	1	1.0
2841	3013	1	1.0
31	3014	1	1.0
1965	3014	1	1.0
2052	3014	1	1.0
2108	3014	1	1.0
31	3015	1	1.0
1675	3015	1	1.0
1965	3015	1	1.0
2358	3015	1	1.0
2849	3015	1	1.0
31	3016	1	1.0
31	3017	1	1.0
1965	3017	1	1.0
32	3018	1	1.0
32	3019	1	1.0
32	3020	1	1.0
32	3021	1	1.0
33	3022	1	1.0
42	3022	1	1.0
1025	3022	1	1.0
33	3023	1	1.0
33	3024	1	1.0
33	3025	1	1.0
42	3025	1	1.0
34	3026	1	1.0
34	3027	1	1.0
35	3028	1	1.0
35	3029	1	1.0
35	3030	1	1.0
35	3031	1	1.0
36	3032	1	1.0
1626	3032	1	1.0
36	3033	1	1.0
37	3034	1	1.0
37	3035	1	1.0
1856	3035	1	1.0
37	3036	1	1.0
37	3037	1	1.0
37	3038	1	1.0
37	3039	1	1.0
38	3040	1	1.0
38	3041	1	1.0
38	3042	1	1.0
38	3043	1	1.0
39	3044	1	1.0
39	3045	1	1.0
2383	3045	1	1.0
40	3046	1	1.0
81	3046	1	1.0
2842	3046	1	1.0
40	3047	1	1.0
41	3048	1	1.0
1774	3048	1	1.0
2253	3048	1	1.0
2344	3048	1	1.0
2399	3048	1	1.0
41	3049	1	1.0
41	3050	1	1.0
1777	3050	1	1.0
1942	3050	1	1.0
2344	3050	1	1.0
41	3051	1	1.0
1777	3051	1	1.0
2253	3051	1	1.0
2344	3051	1	1.0
2399	3051	1	1.0
41	3052	1	1.0
1637	3052	1	1.0
1803	3052	1	1.0
1942	3052	1	1.0
2344	3052	1	1.0
41	3053	1	1.0
1942	3053	1	1.0
2344	3053	1	1.0
2399	3053	1	1.0
41	3054	1	1.0
1774	3054	1	1.0
1849	3054	1	1.0
1942	3054	1	1.0
2253	3054	1	1.0
2344	3054	1	1.0
2399	3054	1	1.0
42	3055	1	1.0
42	3056	1	1.0
42	3057	1	1.0
42	3058	1	1.0
43	3059	1	1.0
44	3060	1	1.0
44	3061	1	1.0
44	3062	1	1.0
44	3063	1	1.0
44	3064	1	1.0
1828	3064	1	1.0
45	3065	1	1.0
46	3066	1	1.0
46	3067	1	1.0
47	3068	1	1.0
47	3069	1	1.0
369	3069	1	1.0
971	3069	1	1.0
2653	3069	1	1.0
48	3070	1	1.0
48	3071	1	1.0
48	3072	1	1.0
49	3073	1	1.0
49	3074	1	1.0
49	3075	1	1.0
49	3076	1	1.0
50	3077	1	1.0
627	3077	1	1.0
50	3078	1	1.0
51	3079	1	1.0
51	3080	1	1.0
52	3081	1	1.0
52	3082	1	1.0
52	3083	1	1.0
52	3084	1	1.0
53	3085	1	1.0
53	3086	1	1.0
53	3087	1	1.0
565	3087	1	1.0
957	3087	1	1.0
53	3088	1	1.0
54	3089	1	1.0
55	3090	1	1.0
55	3091	1	1.0
55	3092	1	1.0
2746	3092	1	1.0
56	3093	1	1.0
56	3094	1	1.0
56	3095	1	1.0
540	3095	1	1.0
57	3096	1	1.0
57	3097	1	1.0
58	3098	1	1.0
1355	3098	1	1.0
58	3099	1	1.0
1355	3099	1	1.0
1889	3099	1	1.0
59	3100	1	1.0
1533	3100	1	1.0
59	3101	1	1.0
59	3102	1	1.0
60	3103	1	1.0
60	3104	1	1.0
60	3105	1	1.0
420	3105	1	1.0
1203	3105	1	1.0
60	3106	1	1.0
61	3107	1	1.0
551	3107	1	1.0
753	3107	1	1.0
1671	3107	1	1.0
2229	3107	1	1.0
61	3108	1	1.0
435	3108	1	1.0
436	3108	1	1.0
551	3108	1	1.0
653	3108	1	1.0
753	3108	1	1.0
836	3108	1	1.0
1376	3108	1	1.0
1671	3108	1	1.0
2229	3108	1	1.0
2388	3108	1	1.0
2410	3108	1	1.0
62	3109	1	1.0
704	3109	1	1.0
1049	3109	1	1.0
1605	3109	1	1.0
2309	3109	1	1.0
62	3110	1	1.0
599	3110	1	1.0
704	3110	1	1.0
1895	3110	1	1.0
1909	3110	1	1.0
2076	3110	1	1.0
2309	3110	1	1.0
62	3111	1	1.0
704	3111	1	1.0
1675	3111	1	1.0
1766	3111	1	1.0
1909	3111	1	1.0
1966	3111	1	1.0
2063	3111	1	1.0
2452	3111	1	1.0
2849	3111	1	1.0
62	3112	1	1.0
704	3112	1	1.0
823	3112	1	1.0
1654	3112	1	1.0
1766	3112	1	1.0
1909	3112	1	1.0
2076	3112	1	1.0
63	3113	1	1.0
63	3114	1	1.0
994	3114	1	1.0
63	3115	1	1.0
2658	3115	1	1.0
64	3116	1	1.0
64	3117	1	1.0
1275	3117	1	1.0
1425	3117	1	1.0
2003	3117	1	1.0
65	3118	1	1.0
65	3119	1	1.0
65	3120	1	1.0
65	3121	1	1.0
65	3122	1	1.0
65	3123	1	1.0
66	3124	1	1.0
1204	3124	1	1.0
66	3125	1	1.0
66	3126	1	1.0
1827	3126	1	1.0
67	3127	1	1.0
67	3128	1	1.0
266	3128	1	1.0
2476	3128	1	1.0
68	3129	1	1.0
68	3130	1	1.0
68	3131	1	1.0
68	3132	1	1.0
68	3133	1	1.0
69	3134	1	1.0
69	3135	1	1.0
69	3136	1	1.0
70	3137	1	1.0
70	3138	1	1.0
1373	3138	1	1.0
70	3139	1	1.0
70	3140	1	1.0
70	3141	1	1.0
71	3142	1	1.0
71	3143	1	1.0
72	3144	1	1.0
72	3145	1	1.0
72	3146	1	1.0
72	3147	1	1.0
73	3148	1	1.0
1888	3148	1	1.0
73	3149	1	1.0
625	3149	1	1.0
1837	3149	1	1.0
74	3150	1	1.0
336	3150	1	1.0
852	3150	1	1.0
1180	3150	1	1.0
2796	3150	1	1.0
74	3151	1	1.0
74	3152	1	1.0
2796	3152	1	1.0
75	3153	1	1.0
75	3154	1	1.0
75	3155	1	1.0
75	3156	1	1.0
75	3157	1	1.0
76	3158	1	1.0
2016	3158	1	1.0
2604	3158	1	1.0
2681	3158	1	1.0
76	3159	1	1.0
77	3160	1	1.0
472	3160	1	1.0
926	3160	1	1.0
1151	3160	1	1.0
1921	3160	1	1.0
77	3161	1	1.0
472	3161	1	1.0
78	3162	1	1.0
78	3163	1	1.0
79	3164	1	1.0
79	3165	1	1.0
79	3166	1	1.0
1282	3166	1	1.0
2560	3166	1	1.0
80	3167	1	1.0
107	3167	1	1.0
180	3167	1	1.0
1392	3167	1	1.0
2059	3167	1	1.0
80	3168	1	1.0
107	3168	1	1.0
180	3168	1	1.0
1681	3168	1	1.0
2045	3168	1	1.0
2059	3168	1	1.0
2264	3168	1	1.0
80	3169	1	1.0
1392	3169	1	1.0
81	3170	1	1.0
82	3171	1	1.0
82	3172	1	1.0
82	3173	1	1.0
82	3174	1	1.0
160	3174	1	1.0
82	3175	1	1.0
83	3176	1	1.0
84	3177	1	1.0
84	3178	1	1.0
84	3179	1	1.0
123	3179	1	1.0
323	3179	1	1.0
724	3179	1	1.0
1327	3179	1	1.0
2102	3179	1	1.0
2467	3179	1	1.0
2594	3179	1	1.0
2601	3179	1	1.0
2701	3179	1	1.0
2869	3179	1	1.0
85	3180	1	1.0
85	3181	1	1.0
86	3182	1	1.0
2551	3182	1	1.0
2863	3182	1	1.0
86	3183	1	1.0
2551	3183	1	1.0
87	3184	1	1.0
87	3185	1	1.0
87	3186	1	1.0
87	3187	1	1.0
2742	3187	1	1.0
88	3188	1	1.0
265	3188	1	1.0
89	3189	1	1.0
89	3190	1	1.0
89	3191	1	1.0
89	3192	1	1.0
90	3193	1	1.0
90	3194	1	1.0
90	3195	1	1.0
91	3196	1	1.0
91	3197	1	1.0
92	3198	1	1.0
92	3199	1	1.0
699	3199	1	1.0
851	3199	1	1.0
1245	3199	1	1.0
1481	3199	1	1.0
1495	3199	1	1.0
1874	3199	1	1.0
2113	3199	1	1.0
92	3200	1	1.0
1245	3200	1	1.0
93	3201	1	1.0
2364	3201	1	1.0
94	3202	1	1.0
95	3203	1	1.0
95	3204	1	1.0
96	3205	1	1.0
1809	3205	1	1.0
96	3206	1	1.0
96	3207	1	1.0
97	3208	1	1.0
729	3208	1	1.0
1990	3208	1	1.0
97	3209	1	1.0
110	3209	1	1.0
729	3209	1	1.0
1990	3209	1	1.0
97	3210	1	1.0
110	3210	1	1.0
365	3210	1	1.0
97	3211	1	1.0
110	3211	1	1.0
365	3211	1	1.0
729	3211	1	1.0
1990	3211	1	1.0
2756	3211	1	1.0
98	3212	1	1.0
98	3213	1	1.0
98	3214	1	1.0
98	3215	1	1.0
98	3216	1	1.0
2051	3216	1	1.0
2231	3216	1	1.0
99	3217	1	1.0
488	3217	1	1.0
99	3218	1	1.0
488	3218	1	1.0
2220	3218	1	1.0
99	3219	1	1.0
488	3219	1	1.0
99	3220	1	1.0
488	3220	1	1.0
2220	3220	1	1.0
100	3221	1	1.0
557	3221	1	1.0
863	3221	1	1.0
1968	3221	1	1.0
100	3222	1	1.0
101	3223	1	1.0
757	3223	1	1.0
926	3223	1	1.0
1876	3223	1	1.0
2763	3223	1	1.0
101	3224	1	1.0
757	3224	1	1.0
102	3225	1	1.0
102	3226	1	1.0
102	3227	1	1.0
103	3228	1	1.0
103	3229	1	1.0
104	3230	1	1.0
104	3231	1	1.0
1533	3231	1	1.0
1698	3231	1	1.0
104	3232	1	1.0
104	3233	1	1.0
1354	3233	1	1.0
2371	3233	1	1.0
105	3234	1	1.0
2294	3234	1	1.0
106	3235	1	1.0
1877	3235	1	1.0
107	3236	1	1.0
180	3236	1	1.0
107	3237	1	1.0
107	3238	1	1.0
107	3239	1	1.0
108	3240	1	1.0
108	3241	1	1.0
108	3242	1	1.0
2786	3242	1	1.0
109	3243	1	1.0
1839	3243	1	1.0
2155	3243	1	1.0
2876	3243	1	1.0
109	3244	1	1.0
376	3244	1	1.0
109	3245	1	1.0
583	3245	1	1.0
1839	3245	1	1.0
2155	3245	1	1.0
109	3246	1	1.0
1681	3246	1	1.0
1839	3246	1	1.0
2732	3246	1	1.0
109	3247	1	1.0
872	3247	1	1.0
1012	3247	1	1.0
1603	3247	1	1.0
1743	3247	1	1.0
2062	3247	1	1.0
2695	3247	1	1.0
111	3248	1	1.0
2881	3248	1	1.0
111	3249	1	1.0
2881	3249	1	1.0
112	3250	1	1.0
112	3251	1	1.0
120	3251	1	1.0
112	3252	1	1.0
120	3252	1	1.0
761	3252	1	1.0
2329	3252	1	1.0
113	3253	1	1.0
113	3254	1	1.0
113	3255	1	1.0
114	3256	1	1.0
114	3257	1	1.0
114	3258	1	1.0
115	3259	1	1.0
176	3259	1	1.0
208	3259	1	1.0
115	3260	1	1.0
176	3260	1	1.0
115	3261	1	1.0
148	3261	1	1.0
176	3261	1	1.0
208	3261	1	1.0
2064	3261	1	1.0
2139	3261	1	1.0
116	3262	1	1.0
2250	3262	1	1.0
116	3263	1	1.0
323	3263	1	1.0
392	3263	1	1.0
539	3263	1	1.0
599	3263	1	1.0
823	3263	1	1.0
841	3263	1	1.0
1044	3263	1	1.0
1125	3263	1	1.0
1157	3263	1	1.0
1228	3263	1	1.0
1249	3263	1	1.0
1336	3263	1	1.0
1518	3263	1	1.0
2077	3263	1	1.0
2250	3263	1	1.0
2257	3263	1	1.0
2466	3263	1	1.0
2701	3263	1	1.0
2740	3263	1	1.0
2816	3263	1	1.0
2859	3263	1	1.0
116	3264	1	1.0
117	3265	1	1.0
136	3265	1	1.0
181	3265	1	1.0
207	3265	1	1.0
287	3265	1	1.0
1211	3265	1	1.0
2083	3265	1	1.0
117	3266	1	1.0
124	3266	1	1.0
207	3266	1	1.0
614	3266	1	1.0
808	3266	1	1.0
1227	3266	1	1.0
1998	3266	1	1.0
2319	3266	1	1.0
2705	3266	1	1.0
118	3267	1	1.0
2388	3267	1	1.0
2654	3267	1	1.0
2717	3267	1	1.0
118	3268	1	1.0
961	3268	1	1.0
2717	3268	1	1.0
2751	3268	1	1.0
119	3269	1	1.0
119	3270	1	1.0
120	3271	1	1.0
121	3272	1	1.0
121	3273	1	1.0
121	3274	1	1.0
121	3275	1	1.0
121	3276	1	1.0
121	3277	1	1.0
121	3278	1	1.0
2489	3278	1	1.0
121	3279	1	1.0
122	3280	1	1.0
402	3280	1	1.0
122	3281	1	1.0
122	3282	1	1.0
123	3283	1	1.0
2572	3283	1	1.0
2701	3283	1	1.0
123	3284	1	1.0
1132	3284	1	1.0
1587	3284	1	1.0
2314	3284	1	1.0
2572	3284	1	1.0
2701	3284	1	1.0
2806	3284	1	1.0
124	3285	1	1.0
281	3285	1	1.0
287	3285	1	1.0
362	3285	1	1.0
464	3285	1	1.0
674	3285	1	1.0
1778	3285	1	1.0
124	3286	1	1.0
808	3286	1	1.0
1227	3286	1	1.0
1998	3286	1	1.0
2080	3286	1	1.0
125	3287	1	1.0
126	3288	1	1.0
126	3289	1	1.0
126	3290	1	1.0
632	3290	1	1.0
680	3290	1	1.0
2745	3290	1	1.0
2794	3290	1	1.0
127	3291	1	1.0
127	3292	1	1.0
128	3293	1	1.0
1847	3293	1	1.0
128	3294	1	1.0
128	3295	1	1.0
129	3296	1	1.0
129	3297	1	1.0
1947	3297	1	1.0
129	3298	1	1.0
129	3299	1	1.0
129	3300	1	1.0
129	3301	1	1.0
129	3302	1	1.0
130	3303	1	1.0
1453	3303	1	1.0
130	3304	1	1.0
1453	3304	1	1.0
130	3305	1	1.0
1453	3305	1	1.0
130	3306	1	1.0
131	3307	1	1.0
131	3308	1	1.0
1297	3308	1	1.0
1404	3308	1	1.0
1434	3308	1	1.0
1606	3308	1	1.0
2406	3308	1	1.0
131	3309	1	1.0
2874	3309	1	1.0
132	3310	1	1.0
132	3311	1	1.0
335	3311	1	1.0
1574	3311	1	1.0
1662	3311	1	1.0
2259	3311	1	1.0
2308	3311	1	1.0
2840	3311	1	1.0
132	3312	1	1.0
335	3312	1	1.0
1574	3312	1	1.0
2259	3312	1	1.0
2308	3312	1	1.0
2840	3312	1	1.0
133	3313	1	1.0
1983	3313	1	1.0
134	3314	1	1.0
134	3315	1	1.0
134	3316	1	1.0
134	3317	1	1.0
134	3318	1	1.0
135	3319	1	1.0
135	3320	1	1.0
963	3320	1	1.0
135	3321	1	1.0
2705	3321	1	1.0
136	3322	1	1.0
136	3323	1	1.0
136	3324	1	1.0
136	3325	1	1.0
2726	3325	1	1.0
137	3326	1	1.0
137	3327	1	1.0
137	3328	1	1.0
138	3329	1	1.0
138	3330	1	1.0
138	3331	1	1.0
138	3332	1	1.0
138	3333	1	1.0
139	3334	1	1.0
139	3335	1	1.0
140	3336	1	1.0
2728	3336	1	1.0
140	3337	1	1.0
2728	3337	1	1.0
140	3338	1	1.0
2728	3338	1	1.0
140	3339	1	1.0
2728	3339	1	1.0
141	3340	1	1.0
932	3340	1	1.0
141	3341	1	1.0
932	3341	1	1.0
2684	3341	1	1.0
141	3342	1	1.0
932	3342	1	1.0
142	3343	1	1.0
142	3344	1	1.0
1156	3344	1	1.0
1411	3344	1	1.0
1672	3344	1	1.0
143	3345	1	1.0
219	3345	1	1.0
2249	3345	1	1.0
143	3346	1	1.0
219	3346	1	1.0
2249	3346	1	1.0
144	3347	1	1.0
144	3348	1	1.0
144	3349	1	1.0
144	3350	1	1.0
145	3351	1	1.0
145	3352	1	1.0
146	3353	1	1.0
1342	3353	1	1.0
1665	3353	1	1.0
146	3354	1	1.0
146	3355	1	1.0
449	3355	1	1.0
1342	3355	1	1.0
1665	3355	1	1.0
2781	3355	1	1.0
146	3356	1	1.0
1342	3356	1	1.0
1665	3356	1	1.0
2382	3356	1	1.0
2665	3356	1	1.0
147	3357	1	1.0
227	3357	1	1.0
1559	3357	1	1.0
147	3358	1	1.0
1301	3358	1	1.0
1559	3358	1	1.0
1750	3358	1	1.0
2427	3358	1	1.0
2460	3358	1	1.0
148	3359	1	1.0
148	3360	1	1.0
149	3361	1	1.0
149	3362	1	1.0
149	3363	1	1.0
149	3364	1	1.0
1054	3364	1	1.0
149	3365	1	1.0
149	3366	1	1.0
1054	3366	1	1.0
149	3367	1	1.0
2870	3367	1	1.0
150	3368	1	1.0
1804	3368	1	1.0
150	3369	1	1.0
1804	3369	1	1.0
150	3370	1	1.0
1804	3370	1	1.0
151	3371	1	1.0
151	3372	1	1.0
601	3372	1	1.0
1690	3372	1	1.0
2254	3372	1	1.0
2607	3372	1	1.0
152	3373	1	1.0
153	3374	1	1.0
153	3375	1	1.0
1963	3375	1	1.0
154	3376	1	1.0
154	3377	1	1.0
155	3378	1	1.0
231	3378	1	1.0
156	3379	1	1.0
156	3380	1	1.0
156	3381	1	1.0
157	3382	1	1.0
1499	3382	1	1.0
157	3383	1	1.0
211	3383	1	1.0
323	3383	1	1.0
656	3383	1	1.0
1499	3383	1	1.0
1805	3383	1	1.0
2467	3383	1	1.0
157	3384	1	1.0
211	3384	1	1.0
599	3384	1	1.0
1431	3384	1	1.0
1499	3384	1	1.0
1838	3384	1	1.0
2701	3384	1	1.0
158	3385	1	1.0
1568	3385	1	1.0
1853	3385	1	1.0
158	3386	1	1.0
158	3387	1	1.0
179	3387	1	1.0
1568	3387	1	1.0
1853	3387	1	1.0
159	3388	1	1.0
159	3389	1	1.0
159	3390	1	1.0
161	3391	1	1.0
161	3392	1	1.0
826	3392	1	1.0
1940	3392	1	1.0
2098	3392	1	1.0
161	3393	1	1.0
2512	3393	1	1.0
161	3394	1	1.0
2512	3394	1	1.0
162	3395	1	1.0
1852	3395	1	1.0
162	3396	1	1.0
162	3397	1	1.0
257	3397	1	1.0
1634	3397	1	1.0
1852	3397	1	1.0
163	3398	1	1.0
2721	3398	1	1.0
163	3399	1	1.0
2721	3399	1	1.0
163	3400	1	1.0
163	3401	1	1.0
2721	3401	1	1.0
163	3402	1	1.0
2721	3402	1	1.0
163	3403	1	1.0
1149	3403	1	1.0
164	3404	1	1.0
164	3405	1	1.0
164	3406	1	1.0
164	3407	1	1.0
164	3408	1	1.0
164	3409	1	1.0
165	3410	1	1.0
165	3411	1	1.0
165	3412	1	1.0
165	3413	1	1.0
165	3414	1	1.0
165	3415	1	1.0
166	3416	1	1.0
166	3417	1	1.0
166	3418	1	1.0
166	3419	1	1.0
167	3420	1	1.0
167	3421	1	1.0
830	3421	1	1.0
1054	3421	1	1.0
1478	3421	1	1.0
168	3422	1	1.0
168	3423	1	1.0
168	3424	1	1.0
464	3424	1	1.0
169	3425	1	1.0
170	3426	1	1.0
170	3427	1	1.0
170	3428	1	1.0
170	3429	1	1.0
170	3430	1	1.0
171	3431	1	1.0
171	3432	1	1.0
171	3433	1	1.0
171	3434	1	1.0
171	3435	1	1.0
172	3436	1	1.0
172	3437	1	1.0
173	3438	1	1.0
2350	3438	1	1.0
173	3439	1	1.0
206	3439	1	1.0
2350	3439	1	1.0
173	3440	1	1.0
173	3441	1	1.0
173	3442	1	1.0
173	3443	1	1.0
174	3444	1	1.0
174	3445	1	1.0
174	3446	1	1.0
1620	3446	1	1.0
174	3447	1	1.0
296	3447	1	1.0
175	3448	1	1.0
175	3449	1	1.0
175	3450	1	1.0
176	3451	1	1.0
177	3452	1	1.0
177	3453	1	1.0
177	3454	1	1.0
2190	3454	1	1.0
178	3455	1	1.0
178	3456	1	1.0
179	3457	1	1.0
179	3458	1	1.0
2868	3458	1	1.0
180	3459	1	1.0
180	3460	1	1.0
180	3461	1	1.0
1392	3461	1	1.0
180	3462	1	1.0
180	3463	1	1.0
180	3464	1	1.0
180	3465	1	1.0
180	3466	1	1.0
180	3467	1	1.0
180	3468	1	1.0
180	3469	1	1.0
2067	3469	1	1.0
181	3470	1	1.0
181	3471	1	1.0
195	3471	1	1.0
477	3471	1	1.0
2342	3471	1	1.0
182	3472	1	1.0
182	3473	1	1.0
183	3474	1	1.0
184	3475	1	1.0
184	3476	1	1.0
1716	3476	1	1.0
184	3477	1	1.0
184	3478	1	1.0
2517	3478	1	1.0
185	3479	1	1.0
185	3480	1	1.0
690	3480	1	1.0
2279	3480	1	1.0
185	3481	1	1.0
185	3482	1	1.0
302	3482	1	1.0
602	3482	1	1.0
718	3482	1	1.0
745	3482	1	1.0
752	3482	1	1.0
1265	3482	1	1.0
1772	3482	1	1.0
186	3483	1	1.0
186	3484	1	1.0
186	3485	1	1.0
1647	3485	1	1.0
187	3486	1	1.0
2794	3486	1	1.0
187	3487	1	1.0
2794	3487	1	1.0
187	3488	1	1.0
680	3488	1	1.0
1308	3488	1	1.0
2794	3488	1	1.0
187	3489	1	1.0
680	3489	1	1.0
2794	3489	1	1.0
187	3490	1	1.0
2794	3490	1	1.0
187	3491	1	1.0
188	3492	1	1.0
189	3493	1	1.0
189	3494	1	1.0
189	3495	1	1.0
189	3496	1	1.0
189	3497	1	1.0
190	3498	1	1.0
190	3499	1	1.0
190	3500	1	1.0
190	3501	1	1.0
190	3502	1	1.0
190	3503	1	1.0
190	3504	1	1.0
191	3505	1	1.0
1266	3505	1	1.0
191	3506	1	1.0
1601	3506	1	1.0
191	3507	1	1.0
191	3508	1	1.0
1289	3508	1	1.0
191	3509	1	1.0
191	3510	1	1.0
191	3511	1	1.0
192	3512	1	1.0
1357	3512	1	1.0
192	3513	1	1.0
192	3514	1	1.0
193	3515	1	1.0
193	3516	1	1.0
193	3517	1	1.0
193	3518	1	1.0
193	3519	1	1.0
796	3519	1	1.0
1217	3519	1	1.0
194	3520	1	1.0
1552	3520	1	1.0
194	3521	1	1.0
194	3522	1	1.0
194	3523	1	1.0
195	3524	1	1.0
477	3524	1	1.0
2599	3524	1	1.0
2744	3524	1	1.0
195	3525	1	1.0
385	3525	1	1.0
477	3525	1	1.0
2744	3525	1	1.0
195	3526	1	1.0
2202	3526	1	1.0
2744	3526	1	1.0
196	3527	1	1.0
196	3528	1	1.0
196	3529	1	1.0
197	3530	1	1.0
2772	3530	1	1.0
197	3531	1	1.0
2772	3531	1	1.0
197	3532	1	1.0
2772	3532	1	1.0
198	3533	1	1.0
1634	3533	1	1.0
1935	3533	1	1.0
198	3534	1	1.0
1935	3534	1	1.0
198	3535	1	1.0
1061	3535	1	1.0
1154	3535	1	1.0
1212	3535	1	1.0
1803	3535	1	1.0
198	3536	1	1.0
198	3537	1	1.0
198	3538	1	1.0
199	3539	1	1.0
199	3540	1	1.0
199	3541	1	1.0
199	3542	1	1.0
199	3543	1	1.0
199	3544	1	1.0
199	3545	1	1.0
199	3546	1	1.0
200	3547	1	1.0
1957	3547	1	1.0
200	3548	1	1.0
1130	3548	1	1.0
1296	3548	1	1.0
1957	3548	1	1.0
2634	3548	1	1.0
201	3549	1	1.0
1262	3549	1	1.0
201	3550	1	1.0
201	3551	1	1.0
203	3552	1	1.0
2646	3552	1	1.0
203	3553	1	1.0
2646	3553	1	1.0
203	3554	1	1.0
2646	3554	1	1.0
203	3555	1	1.0
2646	3555	1	1.0
203	3556	1	1.0
2646	3556	1	1.0
203	3557	1	1.0
2646	3557	1	1.0
204	3558	1	1.0
1611	3558	1	1.0
204	3559	1	1.0
726	3559	1	1.0
1611	3559	1	1.0
2809	3559	1	1.0
205	3560	1	1.0
233	3560	1	1.0
497	3560	1	1.0
1427	3560	1	1.0
2310	3560	1	1.0
2712	3560	1	1.0
205	3561	1	1.0
205	3562	1	1.0
206	3563	1	1.0
206	3564	1	1.0
2350	3564	1	1.0
206	3565	1	1.0
207	3566	1	1.0
2083	3566	1	1.0
208	3567	1	1.0
208	3568	1	1.0
208	3569	1	1.0
209	3570	1	1.0
287	3570	1	1.0
674	3570	1	1.0
209	3571	1	1.0
210	3572	1	1.0
2509	3572	1	1.0
210	3573	1	1.0
480	3573	1	1.0
1507	3573	1	1.0
2509	3573	1	1.0
210	3574	1	1.0
211	3575	1	1.0
539	3575	1	1.0
212	3576	1	1.0
212	3577	1	1.0
213	3578	1	1.0
213	3579	1	1.0
213	3580	1	1.0
213	3581	1	1.0
214	3582	1	1.0
214	3583	1	1.0
215	3584	1	1.0
258	3584	1	1.0
675	3584	1	1.0
1764	3584	1	1.0
2279	3584	1	1.0
216	3585	1	1.0
216	3586	1	1.0
216	3587	1	1.0
216	3588	1	1.0
217	3589	1	1.0
935	3589	1	1.0
217	3590	1	1.0
935	3590	1	1.0
2524	3590	1	1.0
2753	3590	1	1.0
217	3591	1	1.0
935	3591	1	1.0
2113	3591	1	1.0
217	3592	1	1.0
935	3592	1	1.0
217	3593	1	1.0
218	3594	1	1.0
218	3595	1	1.0
218	3596	1	1.0
661	3596	1	1.0
2355	3596	1	1.0
219	3597	1	1.0
220	3598	1	1.0
220	3599	1	1.0
220	3600	1	1.0
221	3601	1	1.0
979	3601	1	1.0
1065	3601	1	1.0
2025	3601	1	1.0
221	3602	1	1.0
979	3602	1	1.0
1904	3602	1	1.0
221	3603	1	1.0
222	3604	1	1.0
714	3604	1	1.0
1313	3604	1	1.0
2530	3604	1	1.0
222	3605	1	1.0
714	3605	1	1.0
222	3606	1	1.0
714	3606	1	1.0
1179	3606	1	1.0
222	3607	1	1.0
222	3608	1	1.0
714	3608	1	1.0
742	3608	1	1.0
1179	3608	1	1.0
1313	3608	1	1.0
2530	3608	1	1.0
2567	3608	1	1.0
223	3609	1	1.0
223	3610	1	1.0
267	3610	1	1.0
2202	3610	1	1.0
2639	3610	1	1.0
223	3611	1	1.0
223	3612	1	1.0
224	3613	1	1.0
1417	3613	1	1.0
1583	3613	1	1.0
2398	3613	1	1.0
2472	3613	1	1.0
2861	3613	1	1.0
224	3614	1	1.0
944	3614	1	1.0
1417	3614	1	1.0
1583	3614	1	1.0
1732	3614	1	1.0
2472	3614	1	1.0
2603	3614	1	1.0
2622	3614	1	1.0
225	3615	1	1.0
2715	3615	1	1.0
225	3616	1	1.0
582	3616	1	1.0
1149	3616	1	1.0
1424	3616	1	1.0
1826	3616	1	1.0
2048	3616	1	1.0
2380	3616	1	1.0
2389	3616	1	1.0
2453	3616	1	1.0
2715	3616	1	1.0
225	3617	1	1.0
226	3618	1	1.0
752	3618	1	1.0
226	3619	1	1.0
752	3619	1	1.0
226	3620	1	1.0
1600	3620	1	1.0
2082	3620	1	1.0
226	3621	1	1.0
752	3621	1	1.0
226	3622	1	1.0
550	3622	1	1.0
655	3622	1	1.0
728	3622	1	1.0
752	3622	1	1.0
790	3622	1	1.0
843	3622	1	1.0
862	3622	1	1.0
1053	3622	1	1.0
1600	3622	1	1.0
1920	3622	1	1.0
1941	3622	1	1.0
2082	3622	1	1.0
2264	3622	1	1.0
2420	3622	1	1.0
226	3623	1	1.0
752	3623	1	1.0
227	3624	1	1.0
2427	3624	1	1.0
227	3625	1	1.0
227	3626	1	1.0
227	3627	1	1.0
1559	3627	1	1.0
227	3628	1	1.0
1832	3628	1	1.0
228	3629	1	1.0
228	3630	1	1.0
229	3631	1	1.0
229	3632	1	1.0
725	3632	1	1.0
2199	3632	1	1.0
230	3633	1	1.0
230	3634	1	1.0
230	3635	1	1.0
230	3636	1	1.0
230	3637	1	1.0
421	3637	1	1.0
647	3637	1	1.0
655	3637	1	1.0
843	3637	1	1.0
1557	3637	1	1.0
1689	3637	1	1.0
2793	3637	1	1.0
232	3638	1	1.0
233	3639	1	1.0
233	3640	1	1.0
233	3641	1	1.0
233	3642	1	1.0
234	3643	1	1.0
1798	3643	1	1.0
234	3644	1	1.0
234	3645	1	1.0
1268	3645	1	1.0
1798	3645	1	1.0
234	3646	1	1.0
1798	3646	1	1.0
235	3647	1	1.0
236	3648	1	1.0
330	3648	1	1.0
2528	3648	1	1.0
237	3649	1	1.0
237	3650	1	1.0
1083	3650	1	1.0
1329	3650	1	1.0
2584	3650	1	1.0
2644	3650	1	1.0
238	3651	1	1.0
238	3652	1	1.0
239	3653	1	1.0
239	3654	1	1.0
1708	3654	1	1.0
239	3655	1	1.0
2657	3655	1	1.0
240	3656	1	1.0
240	3657	1	1.0
366	3657	1	1.0
2086	3657	1	1.0
2113	3657	1	1.0
2122	3657	1	1.0
240	3658	1	1.0
1722	3658	1	1.0
1983	3658	1	1.0
2113	3658	1	1.0
2396	3658	1	1.0
2413	3658	1	1.0
2574	3658	1	1.0
241	3659	1	1.0
241	3660	1	1.0
241	3661	1	1.0
2255	3661	1	1.0
242	3662	1	1.0
243	3663	1	1.0
243	3664	1	1.0
243	3665	1	1.0
244	3666	1	1.0
244	3667	1	1.0
244	3668	1	1.0
244	3669	1	1.0
244	3670	1	1.0
2041	3670	1	1.0
2161	3670	1	1.0
2702	3670	1	1.0
245	3671	1	1.0
245	3672	1	1.0
245	3673	1	1.0
246	3674	1	1.0
246	3675	1	1.0
246	3676	1	1.0
247	3677	1	1.0
247	3678	1	1.0
248	3679	1	1.0
248	3680	1	1.0
1319	3680	1	1.0
248	3681	1	1.0
248	3682	1	1.0
248	3683	1	1.0
248	3684	1	1.0
1319	3684	1	1.0
249	3685	1	1.0
1917	3685	1	1.0
249	3686	1	1.0
249	3687	1	1.0
461	3687	1	1.0
250	3688	1	1.0
2713	3688	1	1.0
251	3689	1	1.0
251	3690	1	1.0
253	3691	1	1.0
253	3692	1	1.0
253	3693	1	1.0
2627	3693	1	1.0
254	3694	1	1.0
296	3694	1	1.0
254	3695	1	1.0
254	3696	1	1.0
296	3696	1	1.0
576	3696	1	1.0
1986	3696	1	1.0
255	3697	1	1.0
346	3697	1	1.0
255	3698	1	1.0
346	3698	1	1.0
255	3699	1	1.0
255	3700	1	1.0
256	3701	1	1.0
474	3701	1	1.0
256	3702	1	1.0
474	3702	1	1.0
257	3703	1	1.0
257	3704	1	1.0
1634	3704	1	1.0
257	3705	1	1.0
257	3706	1	1.0
268	3706	1	1.0
1264	3706	1	1.0
1361	3706	1	1.0
1582	3706	1	1.0
1783	3706	1	1.0
2141	3706	1	1.0
2449	3706	1	1.0
2653	3706	1	1.0
258	3707	1	1.0
258	3708	1	1.0
258	3709	1	1.0
394	3709	1	1.0
670	3709	1	1.0
769	3709	1	1.0
2279	3709	1	1.0
258	3710	1	1.0
670	3710	1	1.0
749	3710	1	1.0
769	3710	1	1.0
1755	3710	1	1.0
259	3711	1	1.0
259	3712	1	1.0
259	3713	1	1.0
259	3714	1	1.0
771	3714	1	1.0
1418	3714	1	1.0
1927	3714	1	1.0
2288	3714	1	1.0
259	3715	1	1.0
260	3716	1	1.0
260	3717	1	1.0
450	3717	1	1.0
260	3718	1	1.0
260	3719	1	1.0
261	3720	1	1.0
286	3720	1	1.0
261	3721	1	1.0
505	3721	1	1.0
262	3722	1	1.0
1101	3722	1	1.0
263	3723	1	1.0
2010	3723	1	1.0
263	3724	1	1.0
2010	3724	1	1.0
264	3725	1	1.0
264	3726	1	1.0
266	3727	1	1.0
266	3728	1	1.0
267	3729	1	1.0
267	3730	1	1.0
267	3731	1	1.0
268	3732	1	1.0
2141	3732	1	1.0
268	3733	1	1.0
268	3734	1	1.0
2141	3734	1	1.0
269	3735	1	1.0
269	3736	1	1.0
270	3737	1	1.0
270	3738	1	1.0
2624	3738	1	1.0
270	3739	1	1.0
271	3740	1	1.0
442	3740	1	1.0
271	3741	1	1.0
442	3741	1	1.0
271	3742	1	1.0
442	3742	1	1.0
1818	3742	1	1.0
272	3743	1	1.0
444	3743	1	1.0
272	3744	1	1.0
2742	3744	1	1.0
273	3745	1	1.0
273	3746	1	1.0
273	3747	1	1.0
273	3748	1	1.0
1294	3748	1	1.0
273	3749	1	1.0
504	3749	1	1.0
2568	3749	1	1.0
2861	3749	1	1.0
274	3750	1	1.0
2490	3750	1	1.0
274	3751	1	1.0
1307	3751	1	1.0
2490	3751	1	1.0
275	3752	1	1.0
275	3753	1	1.0
275	3754	1	1.0
276	3755	1	1.0
2570	3755	1	1.0
276	3756	1	1.0
845	3756	1	1.0
2263	3756	1	1.0
276	3757	1	1.0
276	3758	1	1.0
845	3758	1	1.0
1445	3758	1	1.0
2263	3758	1	1.0
2570	3758	1	1.0
276	3759	1	1.0
2337	3759	1	1.0
277	3760	1	1.0
277	3761	1	1.0
277	3762	1	1.0
277	3763	1	1.0
278	3764	1	1.0
279	3765	1	1.0
2501	3765	1	1.0
279	3766	1	1.0
2501	3766	1	1.0
279	3767	1	1.0
2501	3767	1	1.0
279	3768	1	1.0
2501	3768	1	1.0
280	3769	1	1.0
280	3770	1	1.0
360	3770	1	1.0
280	3771	1	1.0
698	3771	1	1.0
868	3771	1	1.0
1080	3771	1	1.0
1119	3771	1	1.0
1504	3771	1	1.0
2322	3771	1	1.0
2447	3771	1	1.0
2685	3771	1	1.0
280	3772	1	1.0
360	3772	1	1.0
281	3773	1	1.0
2299	3773	1	1.0
2443	3773	1	1.0
2686	3773	1	1.0
281	3774	1	1.0
2071	3774	1	1.0
281	3775	1	1.0
281	3776	1	1.0
281	3777	1	1.0
282	3778	1	1.0
283	3779	1	1.0
283	3780	1	1.0
283	3781	1	1.0
284	3782	1	1.0
936	3782	1	1.0
1248	3782	1	1.0
1651	3782	1	1.0
2019	3782	1	1.0
2273	3782	1	1.0
285	3783	1	1.0
285	3784	1	1.0
1298	3784	1	1.0
2825	3784	1	1.0
285	3785	1	1.0
1298	3785	1	1.0
2731	3785	1	1.0
2825	3785	1	1.0
285	3786	1	1.0
285	3787	1	1.0
671	3787	1	1.0
936	3787	1	1.0
1298	3787	1	1.0
1677	3787	1	1.0
2019	3787	1	1.0
2241	3787	1	1.0
2825	3787	1	1.0
286	3788	1	1.0
287	3789	1	1.0
674	3789	1	1.0
288	3790	1	1.0
288	3791	1	1.0
2274	3791	1	1.0
288	3792	1	1.0
2274	3792	1	1.0
289	3793	1	1.0
289	3794	1	1.0
289	3795	1	1.0
290	3796	1	1.0
622	3796	1	1.0
780	3796	1	1.0
1164	3796	1	1.0
1700	3796	1	1.0
1883	3796	1	1.0
2116	3796	1	1.0
2336	3796	1	1.0
290	3797	1	1.0
2336	3797	1	1.0
290	3798	1	1.0
2336	3798	1	1.0
290	3799	1	1.0
2336	3799	1	1.0
290	3800	1	1.0
1700	3800	1	1.0
1883	3800	1	1.0
2116	3800	1	1.0
291	3801	1	1.0
291	3802	1	1.0
439	3802	1	1.0
901	3802	1	1.0
291	3803	1	1.0
292	3803	1	1.0
962	3803	1	1.0
2850	3803	1	1.0
292	3804	1	1.0
962	3804	1	1.0
2850	3804	1	1.0
292	3805	1	1.0
292	3806	1	1.0
2850	3806	1	1.0
292	3807	1	1.0
292	3808	1	1.0
2850	3808	1	1.0
293	3809	1	1.0
293	3810	1	1.0
294	3811	1	1.0
703	3811	1	1.0
797	3811	1	1.0
1385	3811	1	1.0
1408	3811	1	1.0
1633	3811	1	1.0
2256	3811	1	1.0
2327	3811	1	1.0
294	3812	1	1.0
294	3813	1	1.0
294	3814	1	1.0
314	3814	1	1.0
1181	3814	1	1.0
1712	3814	1	1.0
1948	3814	1	1.0
2580	3814	1	1.0
2706	3814	1	1.0
2801	3814	1	1.0
294	3815	1	1.0
703	3815	1	1.0
1270	3815	1	1.0
1540	3815	1	1.0
1633	3815	1	1.0
1712	3815	1	1.0
2135	3815	1	1.0
2340	3815	1	1.0
2611	3815	1	1.0
295	3816	1	1.0
295	3817	1	1.0
295	3818	1	1.0
296	3819	1	1.0
296	3820	1	1.0
297	3821	1	1.0
574	3821	1	1.0
645	3821	1	1.0
1687	3821	1	1.0
2461	3821	1	1.0
297	3822	1	1.0
574	3822	1	1.0
1159	3822	1	1.0
297	3823	1	1.0
645	3823	1	1.0
1687	3823	1	1.0
2377	3823	1	1.0
2461	3823	1	1.0
298	3824	1	1.0
298	3825	1	1.0
592	3825	1	1.0
298	3826	1	1.0
299	3827	1	1.0
299	3828	1	1.0
636	3828	1	1.0
299	3829	1	1.0
636	3829	1	1.0
807	3829	1	1.0
1316	3829	1	1.0
1689	3829	1	1.0
300	3830	1	1.0
300	3831	1	1.0
2356	3831	1	1.0
300	3832	1	1.0
549	3832	1	1.0
1104	3832	1	1.0
1449	3832	1	1.0
1773	3832	1	1.0
2002	3832	1	1.0
2298	3832	1	1.0
2748	3832	1	1.0
301	3833	1	1.0
301	3834	1	1.0
301	3835	1	1.0
301	3836	1	1.0
301	3837	1	1.0
1906	3837	1	1.0
2180	3837	1	1.0
301	3838	1	1.0
301	3839	1	1.0
302	3840	1	1.0
302	3841	1	1.0
303	3842	1	1.0
303	3843	1	1.0
304	3844	1	1.0
304	3845	1	1.0
2110	3845	1	1.0
305	3846	1	1.0
463	3846	1	1.0
533	3846	1	1.0
1195	3846	1	1.0
1859	3846	1	1.0
2105	3846	1	1.0
2353	3846	1	1.0
305	3847	1	1.0
305	3848	1	1.0
305	3849	1	1.0
463	3849	1	1.0
533	3849	1	1.0
1195	3849	1	1.0
1859	3849	1	1.0
2105	3849	1	1.0
2353	3849	1	1.0
305	3850	1	1.0
533	3850	1	1.0
694	3850	1	1.0
1023	3850	1	1.0
1090	3850	1	1.0
1200	3850	1	1.0
1269	3850	1	1.0
1859	3850	1	1.0
2105	3850	1	1.0
2233	3850	1	1.0
2432	3850	1	1.0
2463	3850	1	1.0
306	3851	1	1.0
347	3851	1	1.0
553	3851	1	1.0
916	3851	1	1.0
2203	3851	1	1.0
306	3852	1	1.0
2203	3852	1	1.0
306	3853	1	1.0
347	3853	1	1.0
916	3853	1	1.0
2203	3853	1	1.0
306	3854	1	1.0
347	3854	1	1.0
306	3855	1	1.0
307	3856	1	1.0
307	3857	1	1.0
2110	3857	1	1.0
2516	3857	1	1.0
307	3858	1	1.0
1746	3858	1	1.0
307	3859	1	1.0
2871	3859	1	1.0
308	3860	1	1.0
308	3861	1	1.0
308	3862	1	1.0
406	3862	1	1.0
308	3863	1	1.0
309	3864	1	1.0
310	3865	1	1.0
310	3866	1	1.0
1388	3866	1	1.0
310	3867	1	1.0
1388	3867	1	1.0
310	3868	1	1.0
544	3868	1	1.0
311	3869	1	1.0
311	3870	1	1.0
311	3871	1	1.0
312	3872	1	1.0
312	3873	1	1.0
312	3874	1	1.0
313	3875	1	1.0
313	3876	1	1.0
313	3877	1	1.0
313	3878	1	1.0
313	3879	1	1.0
313	3880	1	1.0
313	3881	1	1.0
314	3882	1	1.0
2706	3882	1	1.0
2801	3882	1	1.0
315	3883	1	1.0
315	3884	1	1.0
941	3884	1	1.0
2245	3884	1	1.0
315	3885	1	1.0
315	3886	1	1.0
941	3886	1	1.0
316	3887	1	1.0
316	3888	1	1.0
1463	3888	1	1.0
2484	3888	1	1.0
317	3889	1	1.0
328	3889	1	1.0
465	3889	1	1.0
479	3889	1	1.0
2423	3889	1	1.0
2552	3889	1	1.0
318	3890	1	1.0
318	3891	1	1.0
319	3892	1	1.0
1079	3892	1	1.0
1250	3892	1	1.0
2393	3892	1	1.0
319	3893	1	1.0
319	3894	1	1.0
876	3894	1	1.0
1079	3894	1	1.0
1250	3894	1	1.0
1551	3894	1	1.0
1850	3894	1	1.0
1880	3894	1	1.0
2177	3894	1	1.0
2393	3894	1	1.0
2462	3894	1	1.0
2818	3894	1	1.0
320	3895	1	1.0
2832	3895	1	1.0
320	3896	1	1.0
2832	3896	1	1.0
321	3897	1	1.0
321	3898	1	1.0
591	3898	1	1.0
1229	3898	1	1.0
321	3899	1	1.0
321	3900	1	1.0
321	3901	1	1.0
321	3902	1	1.0
1229	3902	1	1.0
322	3903	1	1.0
654	3903	1	1.0
322	3904	1	1.0
654	3904	1	1.0
323	3905	1	1.0
656	3905	1	1.0
2362	3905	1	1.0
323	3906	1	1.0
1175	3906	1	1.0
323	3907	1	1.0
323	3908	1	1.0
323	3909	1	1.0
1805	3909	1	1.0
1953	3909	1	1.0
2150	3909	1	1.0
2243	3909	1	1.0
2376	3909	1	1.0
324	3910	1	1.0
2174	3910	1	1.0
324	3911	1	1.0
1374	3911	1	1.0
324	3912	1	1.0
372	3912	1	1.0
404	3912	1	1.0
876	3912	1	1.0
1018	3912	1	1.0
1270	3912	1	1.0
1540	3912	1	1.0
1683	3912	1	1.0
1752	3912	1	1.0
2138	3912	1	1.0
2144	3912	1	1.0
2387	3912	1	1.0
2431	3912	1	1.0
325	3913	1	1.0
484	3913	1	1.0
325	3914	1	1.0
325	3915	1	1.0
326	3916	1	1.0
326	3917	1	1.0
326	3918	1	1.0
327	3919	1	1.0
415	3919	1	1.0
327	3920	1	1.0
415	3920	1	1.0
1457	3920	1	1.0
327	3921	1	1.0
327	3922	1	1.0
415	3922	1	1.0
329	3923	1	1.0
495	3923	1	1.0
1055	3923	1	1.0
329	3924	1	1.0
495	3924	1	1.0
329	3925	1	1.0
495	3925	1	1.0
1055	3925	1	1.0
329	3926	1	1.0
495	3926	1	1.0
331	3927	1	1.0
331	3928	1	1.0
331	3929	1	1.0
332	3930	1	1.0
423	3930	1	1.0
1202	3930	1	1.0
2054	3930	1	1.0
332	3931	1	1.0
400	3931	1	1.0
333	3932	1	1.0
333	3933	1	1.0
333	3934	1	1.0
334	3935	1	1.0
334	3936	1	1.0
335	3937	1	1.0
335	3938	1	1.0
335	3939	1	1.0
1574	3939	1	1.0
2259	3939	1	1.0
336	3940	1	1.0
337	3941	1	1.0
337	3942	1	1.0
337	3943	1	1.0
338	3944	1	1.0
338	3945	1	1.0
1343	3945	1	1.0
339	3946	1	1.0
339	3947	1	1.0
339	3948	1	1.0
340	3949	1	1.0
340	3950	1	1.0
341	3951	1	1.0
341	3952	1	1.0
341	3953	1	1.0
342	3954	1	1.0
342	3955	1	1.0
592	3955	1	1.0
343	3956	1	1.0
1794	3956	1	1.0
2812	3956	1	1.0
343	3957	1	1.0
2812	3957	1	1.0
343	3958	1	1.0
1346	3958	1	1.0
2208	3958	1	1.0
2469	3958	1	1.0
2812	3958	1	1.0
344	3959	1	1.0
344	3960	1	1.0
1897	3960	1	1.0
345	3961	1	1.0
345	3962	1	1.0
345	3963	1	1.0
345	3964	1	1.0
997	3964	1	1.0
346	3965	1	1.0
346	3966	1	1.0
346	3967	1	1.0
1677	3967	1	1.0
346	3968	1	1.0
348	3969	1	1.0
348	3970	1	1.0
2295	3970	1	1.0
2638	3970	1	1.0
349	3971	1	1.0
349	3972	1	1.0
350	3973	1	1.0
350	3974	1	1.0
351	3975	1	1.0
756	3975	1	1.0
1497	3975	1	1.0
2730	3975	1	1.0
351	3976	1	1.0
756	3976	1	1.0
846	3976	1	1.0
1302	3976	1	1.0
1497	3976	1	1.0
2237	3976	1	1.0
2730	3976	1	1.0
351	3977	1	1.0
1270	3977	1	1.0
1284	3977	1	1.0
1323	3977	1	1.0
1497	3977	1	1.0
1540	3977	1	1.0
2340	3977	1	1.0
2635	3977	1	1.0
2730	3977	1	1.0
352	3978	1	1.0
353	3979	1	1.0
353	3980	1	1.0
353	3981	1	1.0
1096	3981	1	1.0
353	3982	1	1.0
354	3983	1	1.0
354	3984	1	1.0
354	3985	1	1.0
354	3986	1	1.0
354	3987	1	1.0
355	3988	1	1.0
355	3989	1	1.0
355	3990	1	1.0
356	3991	1	1.0
951	3991	1	1.0
356	3992	1	1.0
951	3992	1	1.0
2425	3992	1	1.0
357	3993	1	1.0
2351	3993	1	1.0
357	3994	1	1.0
357	3995	1	1.0
357	3996	1	1.0
358	3997	1	1.0
359	3998	1	1.0
359	3999	1	1.0
359	4000	1	1.0
359	4001	1	1.0
360	4002	1	1.0
360	4003	1	1.0
360	4004	1	1.0
418	4004	1	1.0
475	4004	1	1.0
698	4004	1	1.0
719	4004	1	1.0
745	4004	1	1.0
1119	4004	1	1.0
2015	4004	1	1.0
2447	4004	1	1.0
2684	4004	1	1.0
2817	4004	1	1.0
361	4005	1	1.0
361	4006	1	1.0
361	4007	1	1.0
1431	4007	1	1.0
1838	4007	1	1.0
361	4008	1	1.0
1431	4008	1	1.0
1838	4008	1	1.0
361	4009	1	1.0
361	4010	1	1.0
362	4011	1	1.0
362	4012	1	1.0
363	4013	1	1.0
1980	4013	1	1.0
363	4014	1	1.0
1980	4014	1	1.0
364	4015	1	1.0
364	4016	1	1.0
364	4017	1	1.0
364	4018	1	1.0
366	4019	1	1.0
367	4020	1	1.0
367	4021	1	1.0
367	4022	1	1.0
368	4023	1	1.0
1231	4023	1	1.0
368	4024	1	1.0
1498	4024	1	1.0
1986	4024	1	1.0
368	4025	1	1.0
368	4026	1	1.0
368	4027	1	1.0
1231	4027	1	1.0
1498	4027	1	1.0
369	4028	1	1.0
369	4029	1	1.0
369	4030	1	1.0
1265	4030	1	1.0
369	4031	1	1.0
369	4032	1	1.0
575	4032	1	1.0
1894	4032	1	1.0
370	4033	1	1.0
370	4034	1	1.0
370	4035	1	1.0
371	4036	1	1.0
1135	4036	1	1.0
2234	4036	1	1.0
371	4037	1	1.0
1135	4037	1	1.0
1808	4037	1	1.0
2234	4037	1	1.0
2852	4037	1	1.0
372	4038	1	1.0
373	4039	1	1.0
373	4040	1	1.0
374	4041	1	1.0
374	4042	1	1.0
375	4043	1	1.0
547	4043	1	1.0
1040	4043	1	1.0
2562	4043	1	1.0
375	4044	1	1.0
1040	4044	1	1.0
1188	4044	1	1.0
1357	4044	1	1.0
1530	4044	1	1.0
2562	4044	1	1.0
376	4045	1	1.0
376	4046	1	1.0
376	4047	1	1.0
2723	4047	1	1.0
377	4048	1	1.0
2543	4048	1	1.0
377	4049	1	1.0
711	4049	1	1.0
1230	4049	1	1.0
2345	4049	1	1.0
2543	4049	1	1.0
377	4050	1	1.0
1230	4050	1	1.0
2543	4050	1	1.0
377	4051	1	1.0
378	4052	1	1.0
378	4053	1	1.0
378	4054	1	1.0
379	4055	1	1.0
1369	4055	1	1.0
2405	4055	1	1.0
379	4056	1	1.0
406	4056	1	1.0
648	4056	1	1.0
2097	4056	1	1.0
379	4057	1	1.0
1369	4057	1	1.0
2326	4057	1	1.0
2640	4057	1	1.0
380	4058	1	1.0
722	4058	1	1.0
868	4058	1	1.0
380	4059	1	1.0
722	4059	1	1.0
1376	4059	1	1.0
1522	4059	1	1.0
381	4060	1	1.0
381	4061	1	1.0
381	4062	1	1.0
2255	4062	1	1.0
381	4063	1	1.0
381	4064	1	1.0
382	4065	1	1.0
382	4066	1	1.0
383	4067	1	1.0
2871	4067	1	1.0
384	4068	1	1.0
2527	4068	1	1.0
2535	4068	1	1.0
384	4069	1	1.0
384	4070	1	1.0
720	4070	1	1.0
2535	4070	1	1.0
384	4071	1	1.0
1493	4071	1	1.0
385	4072	1	1.0
386	4073	1	1.0
386	4074	1	1.0
386	4075	1	1.0
386	4076	1	1.0
2655	4076	1	1.0
387	4077	1	1.0
387	4078	1	1.0
387	4079	1	1.0
387	4080	1	1.0
388	4081	1	1.0
564	4081	1	1.0
388	4082	1	1.0
389	4083	1	1.0
482	4083	1	1.0
586	4083	1	1.0
587	4083	1	1.0
389	4084	1	1.0
587	4084	1	1.0
389	4085	1	1.0
389	4086	1	1.0
389	4087	1	1.0
587	4087	1	1.0
612	4087	1	1.0
390	4088	1	1.0
390	4089	1	1.0
390	4090	1	1.0
391	4091	1	1.0
1936	4091	1	1.0
391	4092	1	1.0
391	4093	1	1.0
391	4094	1	1.0
391	4095	1	1.0
391	4096	1	1.0
391	4097	1	1.0
392	4098	1	1.0
1249	4098	1	1.0
392	4099	1	1.0
1249	4099	1	1.0
393	4100	1	1.0
394	4101	1	1.0
395	4102	1	1.0
1322	4102	1	1.0
1818	4102	1	1.0
2081	4102	1	1.0
2308	4102	1	1.0
395	4103	1	1.0
1844	4103	1	1.0
395	4104	1	1.0
396	4105	1	1.0
1554	4105	1	1.0
2517	4105	1	1.0
396	4106	1	1.0
1554	4106	1	1.0
2124	4106	1	1.0
2517	4106	1	1.0
396	4107	1	1.0
2361	4107	1	1.0
396	4108	1	1.0
396	4109	1	1.0
397	4110	1	1.0
397	4111	1	1.0
1968	4111	1	1.0
398	4112	1	1.0
2870	4112	1	1.0
398	4113	1	1.0
399	4114	1	1.0
922	4114	1	1.0
1805	4114	1	1.0
2150	4114	1	1.0
2243	4114	1	1.0
2362	4114	1	1.0
2701	4114	1	1.0
399	4115	1	1.0
399	4116	1	1.0
922	4116	1	1.0
1214	4116	1	1.0
1806	4116	1	1.0
2006	4116	1	1.0
2362	4116	1	1.0
2701	4116	1	1.0
401	4117	1	1.0
401	4118	1	1.0
401	4119	1	1.0
402	4120	1	1.0
402	4121	1	1.0
1951	4121	1	1.0
402	4122	1	1.0
402	4123	1	1.0
402	4124	1	1.0
402	4125	1	1.0
1951	4125	1	1.0
403	4126	1	1.0
828	4126	1	1.0
403	4127	1	1.0
403	4128	1	1.0
828	4128	1	1.0
404	4129	1	1.0
1374	4129	1	1.0
404	4130	1	1.0
404	4131	1	1.0
685	4131	1	1.0
404	4132	1	1.0
2138	4132	1	1.0
405	4133	1	1.0
405	4134	1	1.0
405	4135	1	1.0
406	4136	1	1.0
406	4137	1	1.0
407	4138	1	1.0
433	4138	1	1.0
648	4138	1	1.0
407	4139	1	1.0
433	4139	1	1.0
407	4140	1	1.0
433	4140	1	1.0
408	4141	1	1.0
408	4142	1	1.0
408	4143	1	1.0
409	4144	1	1.0
1869	4144	1	1.0
409	4145	1	1.0
635	4145	1	1.0
1322	4145	1	1.0
1869	4145	1	1.0
2081	4145	1	1.0
2413	4145	1	1.0
2478	4145	1	1.0
410	4146	1	1.0
410	4147	1	1.0
410	4148	1	1.0
410	4149	1	1.0
410	4150	1	1.0
870	4150	1	1.0
410	4151	1	1.0
410	4152	1	1.0
411	4153	1	1.0
744	4153	1	1.0
2802	4153	1	1.0
411	4154	1	1.0
727	4154	1	1.0
744	4154	1	1.0
921	4154	1	1.0
1556	4154	1	1.0
1716	4154	1	1.0
1801	4154	1	1.0
2011	4154	1	1.0
2049	4154	1	1.0
2802	4154	1	1.0
411	4155	1	1.0
744	4155	1	1.0
1248	4155	1	1.0
1651	4155	1	1.0
2107	4155	1	1.0
2802	4155	1	1.0
412	4156	1	1.0
413	4157	1	1.0
2508	4157	1	1.0
413	4158	1	1.0
2508	4158	1	1.0
413	4159	1	1.0
2508	4159	1	1.0
414	4160	1	1.0
1401	4160	1	1.0
2032	4160	1	1.0
414	4161	1	1.0
1401	4161	1	1.0
2032	4161	1	1.0
414	4162	1	1.0
1733	4162	1	1.0
414	4163	1	1.0
1733	4163	1	1.0
415	4164	1	1.0
415	4165	1	1.0
415	4166	1	1.0
2407	4166	1	1.0
415	4167	1	1.0
415	4168	1	1.0
415	4169	1	1.0
2407	4169	1	1.0
416	4170	1	1.0
2625	4170	1	1.0
416	4171	1	1.0
416	4172	1	1.0
1718	4172	1	1.0
416	4173	1	1.0
416	4174	1	1.0
416	4175	1	1.0
417	4176	1	1.0
417	4177	1	1.0
417	4178	1	1.0
417	4179	1	1.0
418	4180	1	1.0
1142	4180	1	1.0
418	4181	1	1.0
418	4182	1	1.0
418	4183	1	1.0
860	4183	1	1.0
1142	4183	1	1.0
2096	4183	1	1.0
2717	4183	1	1.0
418	4184	1	1.0
419	4185	1	1.0
971	4185	1	1.0
1681	4185	1	1.0
2081	4185	1	1.0
2238	4185	1	1.0
419	4186	1	1.0
2081	4186	1	1.0
2238	4186	1	1.0
419	4187	1	1.0
420	4188	1	1.0
420	4189	1	1.0
420	4190	1	1.0
420	4191	1	1.0
421	4192	1	1.0
422	4193	1	1.0
422	4194	1	1.0
422	4195	1	1.0
423	4196	1	1.0
1652	4196	1	1.0
2017	4196	1	1.0
2689	4196	1	1.0
423	4197	1	1.0
2689	4197	1	1.0
423	4198	1	1.0
2689	4198	1	1.0
424	4199	1	1.0
799	4199	1	1.0
424	4200	1	1.0
799	4200	1	1.0
425	4201	1	1.0
425	4202	1	1.0
425	4203	1	1.0
425	4204	1	1.0
467	4204	1	1.0
777	4204	1	1.0
1986	4204	1	1.0
426	4205	1	1.0
1892	4205	1	1.0
426	4206	1	1.0
1892	4206	1	1.0
427	4207	1	1.0
427	4208	1	1.0
427	4209	1	1.0
428	4210	1	1.0
428	4211	1	1.0
428	4212	1	1.0
428	4213	1	1.0
429	4214	1	1.0
2219	4214	1	1.0
429	4215	1	1.0
878	4215	1	1.0
2219	4215	1	1.0
430	4216	1	1.0
430	4217	1	1.0
493	4217	1	1.0
642	4217	1	1.0
1016	4217	1	1.0
1030	4217	1	1.0
431	4218	1	1.0
431	4219	1	1.0
2764	4219	1	1.0
431	4220	1	1.0
432	4221	1	1.0
1010	4221	1	1.0
432	4222	1	1.0
432	4223	1	1.0
433	4224	1	1.0
433	4225	1	1.0
434	4226	1	1.0
434	4227	1	1.0
434	4228	1	1.0
438	4228	1	1.0
1615	4228	1	1.0
1919	4228	1	1.0
2372	4228	1	1.0
2470	4228	1	1.0
435	4229	1	1.0
1689	4229	1	1.0
435	4230	1	1.0
649	4230	1	1.0
1376	4230	1	1.0
1534	4230	1	1.0
1572	4230	1	1.0
1689	4230	1	1.0
2410	4230	1	1.0
436	4231	1	1.0
718	4231	1	1.0
436	4232	1	1.0
436	4233	1	1.0
437	4234	1	1.0
437	4235	1	1.0
438	4236	1	1.0
2470	4236	1	1.0
438	4237	1	1.0
439	4238	1	1.0
440	4239	1	1.0
605	4239	1	1.0
440	4240	1	1.0
605	4240	1	1.0
440	4241	1	1.0
605	4241	1	1.0
440	4242	1	1.0
605	4242	1	1.0
440	4243	1	1.0
605	4243	1	1.0
441	4244	1	1.0
441	4245	1	1.0
441	4246	1	1.0
441	4247	1	1.0
443	4248	1	1.0
466	4248	1	1.0
1901	4248	1	1.0
2157	4248	1	1.0
443	4249	1	1.0
443	4250	1	1.0
466	4250	1	1.0
1039	4250	1	1.0
1512	4250	1	1.0
1735	4250	1	1.0
1901	4250	1	1.0
2157	4250	1	1.0
443	4251	1	1.0
810	4251	1	1.0
444	4252	1	1.0
444	4253	1	1.0
444	4254	1	1.0
444	4255	1	1.0
445	4256	1	1.0
445	4257	1	1.0
445	4258	1	1.0
445	4259	1	1.0
958	4259	1	1.0
1944	4259	1	1.0
445	4260	1	1.0
446	4261	1	1.0
615	4261	1	1.0
446	4262	1	1.0
1835	4262	1	1.0
447	4263	1	1.0
447	4264	1	1.0
448	4265	1	1.0
556	4265	1	1.0
448	4266	1	1.0
556	4266	1	1.0
1571	4266	1	1.0
2563	4266	1	1.0
449	4267	1	1.0
449	4268	1	1.0
1257	4268	1	1.0
449	4269	1	1.0
1737	4269	1	1.0
450	4270	1	1.0
450	4271	1	1.0
450	4272	1	1.0
450	4273	1	1.0
450	4274	1	1.0
451	4275	1	1.0
451	4276	1	1.0
1318	4276	1	1.0
452	4277	1	1.0
1976	4277	1	1.0
452	4278	1	1.0
1488	4278	1	1.0
452	4279	1	1.0
1488	4279	1	1.0
1976	4279	1	1.0
453	4280	1	1.0
453	4281	1	1.0
453	4282	1	1.0
453	4283	1	1.0
453	4284	1	1.0
788	4284	1	1.0
454	4285	1	1.0
455	4286	1	1.0
455	4287	1	1.0
455	4288	1	1.0
1266	4288	1	1.0
456	4289	1	1.0
456	4290	1	1.0
457	4291	1	1.0
457	4292	1	1.0
457	4293	1	1.0
457	4294	1	1.0
457	4295	1	1.0
458	4296	1	1.0
458	4297	1	1.0
458	4298	1	1.0
459	4299	1	1.0
459	4300	1	1.0
459	4301	1	1.0
554	4301	1	1.0
460	4302	1	1.0
1533	4302	1	1.0
460	4303	1	1.0
461	4304	1	1.0
461	4305	1	1.0
462	4306	1	1.0
462	4307	1	1.0
463	4308	1	1.0
463	4309	1	1.0
673	4309	1	1.0
901	4309	1	1.0
2353	4309	1	1.0
463	4310	1	1.0
701	4310	1	1.0
2105	4310	1	1.0
463	4311	1	1.0
1859	4311	1	1.0
2105	4311	1	1.0
463	4312	1	1.0
463	4313	1	1.0
701	4313	1	1.0
463	4314	1	1.0
533	4314	1	1.0
1195	4314	1	1.0
1859	4314	1	1.0
2105	4314	1	1.0
463	4315	1	1.0
465	4316	1	1.0
465	4317	1	1.0
467	4318	1	1.0
777	4318	1	1.0
1231	4318	1	1.0
1765	4318	1	1.0
467	4319	1	1.0
467	4320	1	1.0
777	4320	1	1.0
2625	4320	1	1.0
468	4321	1	1.0
2063	4321	1	1.0
2072	4321	1	1.0
468	4322	1	1.0
795	4322	1	1.0
1051	4322	1	1.0
1441	4322	1	1.0
2421	4322	1	1.0
468	4323	1	1.0
795	4323	1	1.0
1051	4323	1	1.0
1142	4323	1	1.0
1441	4323	1	1.0
2286	4323	1	1.0
2465	4323	1	1.0
2741	4323	1	1.0
468	4324	1	1.0
498	4324	1	1.0
1051	4324	1	1.0
468	4325	1	1.0
537	4325	1	1.0
617	4325	1	1.0
860	4325	1	1.0
1747	4325	1	1.0
2063	4325	1	1.0
2096	4325	1	1.0
2435	4325	1	1.0
2514	4325	1	1.0
2858	4325	1	1.0
469	4326	1	1.0
469	4327	1	1.0
469	4328	1	1.0
469	4329	1	1.0
469	4330	1	1.0
1058	4330	1	1.0
469	4331	1	1.0
649	4331	1	1.0
1058	4331	1	1.0
470	4332	1	1.0
470	4333	1	1.0
471	4334	1	1.0
2049	4334	1	1.0
471	4335	1	1.0
471	4336	1	1.0
727	4336	1	1.0
1158	4336	1	1.0
2049	4336	1	1.0
471	4337	1	1.0
827	4337	1	1.0
2049	4337	1	1.0
2574	4337	1	1.0
472	4338	1	1.0
942	4338	1	1.0
473	4339	1	1.0
473	4340	1	1.0
2342	4340	1	1.0
474	4341	1	1.0
475	4342	1	1.0
698	4342	1	1.0
2015	4342	1	1.0
2817	4342	1	1.0
476	4343	1	1.0
476	4344	1	1.0
476	4345	1	1.0
1390	4345	1	1.0
2154	4345	1	1.0
2378	4345	1	1.0
2691	4345	1	1.0
476	4346	1	1.0
1390	4346	1	1.0
2154	4346	1	1.0
2378	4346	1	1.0
2544	4346	1	1.0
2691	4346	1	1.0
476	4347	1	1.0
477	4348	1	1.0
478	4349	1	1.0
1825	4349	1	1.0
2519	4349	1	1.0
478	4350	1	1.0
1356	4350	1	1.0
1825	4350	1	1.0
479	4351	1	1.0
479	4352	1	1.0
2134	4352	1	1.0
479	4353	1	1.0
675	4353	1	1.0
1195	4353	1	1.0
1475	4353	1	1.0
480	4354	1	1.0
985	4354	1	1.0
2175	4354	1	1.0
481	4355	1	1.0
481	4356	1	1.0
481	4357	1	1.0
482	4358	1	1.0
587	4358	1	1.0
482	4359	1	1.0
586	4359	1	1.0
587	4359	1	1.0
612	4359	1	1.0
483	4360	1	1.0
483	4361	1	1.0
940	4361	1	1.0
1240	4361	1	1.0
1658	4361	1	1.0
1666	4361	1	1.0
484	4362	1	1.0
485	4363	1	1.0
485	4364	1	1.0
486	4365	1	1.0
2422	4365	1	1.0
487	4366	1	1.0
487	4367	1	1.0
487	4368	1	1.0
487	4369	1	1.0
488	4370	1	1.0
488	4371	1	1.0
488	4372	1	1.0
488	4373	1	1.0
488	4374	1	1.0
488	4375	1	1.0
488	4376	1	1.0
488	4377	1	1.0
488	4378	1	1.0
488	4379	1	1.0
488	4380	1	1.0
2220	4380	1	1.0
489	4381	1	1.0
489	4382	1	1.0
489	4383	1	1.0
489	4384	1	1.0
742	4384	1	1.0
1393	4384	1	1.0
2390	4384	1	1.0
2698	4384	1	1.0
489	4385	1	1.0
524	4385	1	1.0
742	4385	1	1.0
2513	4385	1	1.0
490	4386	1	1.0
490	4387	1	1.0
490	4388	1	1.0
491	4389	1	1.0
1225	4389	1	1.0
491	4390	1	1.0
491	4391	1	1.0
798	4391	1	1.0
879	4391	1	1.0
912	4391	1	1.0
491	4392	1	1.0
798	4392	1	1.0
879	4392	1	1.0
492	4393	1	1.0
492	4394	1	1.0
1024	4394	1	1.0
1220	4394	1	1.0
493	4395	1	1.0
493	4396	1	1.0
493	4397	1	1.0
494	4398	1	1.0
494	4399	1	1.0
494	4400	1	1.0
496	4401	1	1.0
496	4402	1	1.0
496	4403	1	1.0
497	4404	1	1.0
2310	4404	1	1.0
497	4405	1	1.0
687	4405	1	1.0
2310	4405	1	1.0
497	4406	1	1.0
687	4406	1	1.0
1048	4406	1	1.0
1103	4406	1	1.0
1106	4406	1	1.0
1443	4406	1	1.0
1812	4406	1	1.0
1826	4406	1	1.0
1989	4406	1	1.0
2133	4406	1	1.0
2310	4406	1	1.0
2380	4406	1	1.0
2389	4406	1	1.0
498	4407	1	1.0
498	4408	1	1.0
498	4409	1	1.0
1979	4409	1	1.0
2423	4409	1	1.0
2514	4409	1	1.0
2655	4409	1	1.0
498	4410	1	1.0
747	4410	1	1.0
1420	4410	1	1.0
1586	4410	1	1.0
498	4411	1	1.0
499	4412	1	1.0
499	4413	1	1.0
499	4414	1	1.0
500	4415	1	1.0
501	4416	1	1.0
501	4417	1	1.0
502	4418	1	1.0
502	4419	1	1.0
502	4420	1	1.0
502	4421	1	1.0
502	4422	1	1.0
503	4423	1	1.0
716	4423	1	1.0
1286	4423	1	1.0
503	4424	1	1.0
503	4425	1	1.0
503	4426	1	1.0
716	4426	1	1.0
1286	4426	1	1.0
2371	4426	1	1.0
503	4427	1	1.0
504	4428	1	1.0
2861	4428	1	1.0
504	4429	1	1.0
2568	4429	1	1.0
2861	4429	1	1.0
504	4430	1	1.0
504	4431	1	1.0
505	4432	1	1.0
542	4432	1	1.0
506	4433	1	1.0
2532	4433	1	1.0
506	4434	1	1.0
506	4435	1	1.0
2532	4435	1	1.0
507	4436	1	1.0
966	4436	1	1.0
999	4436	1	1.0
2507	4436	1	1.0
507	4437	1	1.0
966	4437	1	1.0
999	4437	1	1.0
1201	4437	1	1.0
508	4438	1	1.0
508	4439	1	1.0
509	4440	1	1.0
509	4441	1	1.0
1096	4441	1	1.0
2703	4441	1	1.0
510	4442	1	1.0
2289	4442	1	1.0
510	4443	1	1.0
954	4443	1	1.0
2289	4443	1	1.0
511	4444	1	1.0
511	4445	1	1.0
512	4446	1	1.0
678	4446	1	1.0
1923	4446	1	1.0
512	4447	1	1.0
2410	4447	1	1.0
512	4448	1	1.0
1504	4448	1	1.0
512	4449	1	1.0
649	4449	1	1.0
708	4449	1	1.0
1140	4449	1	1.0
1345	4449	1	1.0
1572	4449	1	1.0
1923	4449	1	1.0
1930	4449	1	1.0
513	4450	1	1.0
943	4450	1	1.0
513	4451	1	1.0
943	4451	1	1.0
513	4452	1	1.0
943	4452	1	1.0
514	4453	1	1.0
1382	4453	1	1.0
514	4454	1	1.0
514	4455	1	1.0
1382	4455	1	1.0
2616	4455	1	1.0
515	4456	1	1.0
515	4457	1	1.0
515	4458	1	1.0
516	4459	1	1.0
516	4460	1	1.0
516	4461	1	1.0
517	4462	1	1.0
822	4462	1	1.0
1009	4462	1	1.0
1843	4462	1	1.0
2846	4462	1	1.0
517	4463	1	1.0
546	4463	1	1.0
745	4463	1	1.0
822	4463	1	1.0
1843	4463	1	1.0
2817	4463	1	1.0
518	4464	1	1.0
897	4464	1	1.0
1594	4464	1	1.0
518	4465	1	1.0
518	4466	1	1.0
541	4466	1	1.0
775	4466	1	1.0
897	4466	1	1.0
1367	4466	1	1.0
1594	4466	1	1.0
1779	4466	1	1.0
2627	4466	1	1.0
2826	4466	1	1.0
519	4467	1	1.0
1539	4467	1	1.0
519	4468	1	1.0
1063	4468	1	1.0
1093	4468	1	1.0
1539	4468	1	1.0
1628	4468	1	1.0
2111	4468	1	1.0
2313	4468	1	1.0
2511	4468	1	1.0
520	4469	1	1.0
520	4470	1	1.0
520	4471	1	1.0
520	4472	1	1.0
520	4473	1	1.0
520	4474	1	1.0
1782	4474	1	1.0
520	4475	1	1.0
520	4476	1	1.0
520	4477	1	1.0
520	4478	1	1.0
521	4479	1	1.0
521	4480	1	1.0
521	4481	1	1.0
522	4482	1	1.0
1680	4482	1	1.0
522	4483	1	1.0
522	4484	1	1.0
522	4485	1	1.0
1680	4485	1	1.0
523	4486	1	1.0
523	4487	1	1.0
523	4488	1	1.0
1919	4488	1	1.0
523	4489	1	1.0
523	4490	1	1.0
792	4490	1	1.0
852	4490	1	1.0
1632	4490	1	1.0
524	4491	1	1.0
524	4492	1	1.0
742	4492	1	1.0
525	4493	1	1.0
617	4493	1	1.0
1806	4493	1	1.0
1817	4493	1	1.0
2006	4493	1	1.0
525	4494	1	1.0
617	4494	1	1.0
1006	4494	1	1.0
1817	4494	1	1.0
1894	4494	1	1.0
2121	4494	1	1.0
526	4495	1	1.0
2566	4495	1	1.0
526	4496	1	1.0
759	4496	1	1.0
2566	4496	1	1.0
527	4497	1	1.0
527	4498	1	1.0
528	4499	1	1.0
802	4499	1	1.0
1760	4499	1	1.0
2102	4499	1	1.0
2601	4499	1	1.0
529	4500	1	1.0
529	4501	1	1.0
529	4502	1	1.0
529	4503	1	1.0
529	4504	1	1.0
529	4505	1	1.0
530	4506	1	1.0
530	4507	1	1.0
530	4508	1	1.0
2184	4508	1	1.0
530	4509	1	1.0
530	4510	1	1.0
531	4511	1	1.0
531	4512	1	1.0
532	4513	1	1.0
619	4513	1	1.0
837	4513	1	1.0
859	4513	1	1.0
1685	4513	1	1.0
532	4514	1	1.0
1969	4514	1	1.0
532	4515	1	1.0
1193	4515	1	1.0
1831	4515	1	1.0
533	4516	1	1.0
534	4517	1	1.0
1045	4517	1	1.0
1375	4517	1	1.0
534	4518	1	1.0
1045	4518	1	1.0
1375	4518	1	1.0
535	4519	1	1.0
535	4520	1	1.0
535	4521	1	1.0
536	4522	1	1.0
536	4523	1	1.0
1176	4523	1	1.0
1823	4523	1	1.0
536	4524	1	1.0
536	4525	1	1.0
538	4526	1	1.0
1105	4526	1	1.0
1191	4526	1	1.0
2554	4526	1	1.0
2766	4526	1	1.0
539	4527	1	1.0
540	4528	1	1.0
540	4529	1	1.0
541	4530	1	1.0
1367	4530	1	1.0
541	4531	1	1.0
543	4532	1	1.0
543	4533	1	1.0
641	4533	1	1.0
544	4534	1	1.0
1388	4534	1	1.0
544	4535	1	1.0
1631	4535	1	1.0
544	4536	1	1.0
545	4537	1	1.0
545	4538	1	1.0
560	4538	1	1.0
545	4539	1	1.0
545	4540	1	1.0
575	4540	1	1.0
649	4540	1	1.0
1184	4540	1	1.0
1534	4540	1	1.0
2421	4540	1	1.0
545	4541	1	1.0
560	4541	1	1.0
547	4542	1	1.0
1237	4542	1	1.0
547	4543	1	1.0
547	4544	1	1.0
907	4544	1	1.0
1234	4544	1	1.0
1237	4544	1	1.0
1385	4544	1	1.0
2184	4544	1	1.0
2327	4544	1	1.0
2727	4544	1	1.0
547	4545	1	1.0
1237	4545	1	1.0
548	4546	1	1.0
669	4546	1	1.0
2024	4546	1	1.0
548	4547	1	1.0
669	4547	1	1.0
2474	4547	1	1.0
548	4548	1	1.0
548	4549	1	1.0
548	4550	1	1.0
1616	4550	1	1.0
549	4551	1	1.0
549	4552	1	1.0
1104	4552	1	1.0
2748	4552	1	1.0
549	4553	1	1.0
1172	4553	1	1.0
1449	4553	1	1.0
1740	4553	1	1.0
550	4554	1	1.0
1970	4554	1	1.0
2484	4554	1	1.0
550	4555	1	1.0
655	4555	1	1.0
698	4555	1	1.0
728	4555	1	1.0
862	4555	1	1.0
2373	4555	1	1.0
550	4556	1	1.0
862	4556	1	1.0
2373	4556	1	1.0
551	4557	1	1.0
551	4558	1	1.0
849	4558	1	1.0
1791	4558	1	1.0
2412	4558	1	1.0
2542	4558	1	1.0
552	4559	1	1.0
1984	4559	1	1.0
2555	4559	1	1.0
552	4560	1	1.0
552	4561	1	1.0
1984	4561	1	1.0
2555	4561	1	1.0
553	4562	1	1.0
554	4563	1	1.0
554	4564	1	1.0
554	4565	1	1.0
554	4566	1	1.0
555	4567	1	1.0
555	4568	1	1.0
626	4568	1	1.0
1154	4568	1	1.0
2085	4568	1	1.0
2321	4568	1	1.0
2459	4568	1	1.0
2561	4568	1	1.0
555	4569	1	1.0
557	4570	1	1.0
557	4571	1	1.0
557	4572	1	1.0
558	4573	1	1.0
842	4573	1	1.0
558	4574	1	1.0
842	4574	1	1.0
559	4575	1	1.0
559	4576	1	1.0
559	4577	1	1.0
653	4577	1	1.0
561	4578	1	1.0
561	4579	1	1.0
562	4580	1	1.0
562	4581	1	1.0
562	4582	1	1.0
563	4583	1	1.0
563	4584	1	1.0
564	4585	1	1.0
564	4586	1	1.0
657	4586	1	1.0
565	4587	1	1.0
565	4588	1	1.0
566	4589	1	1.0
566	4590	1	1.0
2325	4590	1	1.0
566	4591	1	1.0
992	4591	1	1.0
1074	4591	1	1.0
1454	4591	1	1.0
2325	4591	1	1.0
2673	4591	1	1.0
567	4592	1	1.0
1647	4592	1	1.0
567	4593	1	1.0
567	4594	1	1.0
567	4595	1	1.0
567	4596	1	1.0
567	4597	1	1.0
567	4598	1	1.0
567	4599	1	1.0
1647	4599	1	1.0
568	4600	1	1.0
1649	4600	1	1.0
2490	4600	1	1.0
568	4601	1	1.0
1649	4601	1	1.0
2112	4601	1	1.0
2645	4601	1	1.0
2771	4601	1	1.0
569	4602	1	1.0
569	4603	1	1.0
569	4604	1	1.0
1184	4604	1	1.0
2843	4604	1	1.0
569	4605	1	1.0
569	4606	1	1.0
570	4607	1	1.0
570	4608	1	1.0
1797	4608	1	1.0
2445	4608	1	1.0
571	4609	1	1.0
571	4610	1	1.0
571	4611	1	1.0
571	4612	1	1.0
572	4613	1	1.0
572	4614	1	1.0
573	4615	1	1.0
573	4616	1	1.0
575	4617	1	1.0
575	4618	1	1.0
955	4618	1	1.0
1534	4618	1	1.0
576	4619	1	1.0
576	4620	1	1.0
576	4621	1	1.0
1163	4621	1	1.0
1517	4621	1	1.0
1721	4621	1	1.0
577	4622	1	1.0
577	4623	1	1.0
577	4624	1	1.0
578	4625	1	1.0
578	4626	1	1.0
579	4627	1	1.0
579	4628	1	1.0
579	4629	1	1.0
579	4630	1	1.0
579	4631	1	1.0
580	4632	1	1.0
580	4633	1	1.0
580	4634	1	1.0
580	4635	1	1.0
581	4636	1	1.0
2096	4636	1	1.0
2100	4636	1	1.0
2421	4636	1	1.0
582	4637	1	1.0
1149	4637	1	1.0
582	4638	1	1.0
1149	4638	1	1.0
582	4639	1	1.0
583	4640	1	1.0
1235	4640	1	1.0
1236	4640	1	1.0
1743	4640	1	1.0
2101	4640	1	1.0
2360	4640	1	1.0
2695	4640	1	1.0
2876	4640	1	1.0
583	4641	1	1.0
584	4642	1	1.0
2120	4642	1	1.0
584	4643	1	1.0
2120	4643	1	1.0
585	4644	1	1.0
1025	4644	1	1.0
2321	4644	1	1.0
585	4645	1	1.0
585	4646	1	1.0
586	4647	1	1.0
1772	4647	1	1.0
2381	4647	1	1.0
586	4648	1	1.0
586	4649	1	1.0
587	4650	1	1.0
587	4651	1	1.0
1772	4651	1	1.0
587	4652	1	1.0
588	4653	1	1.0
588	4654	1	1.0
2799	4654	1	1.0
589	4655	1	1.0
1364	4655	1	1.0
1519	4655	1	1.0
1644	4655	1	1.0
2666	4655	1	1.0
589	4656	1	1.0
1364	4656	1	1.0
2666	4656	1	1.0
2853	4656	1	1.0
590	4657	1	1.0
590	4658	1	1.0
590	4659	1	1.0
1321	4659	1	1.0
2507	4659	1	1.0
591	4660	1	1.0
591	4661	1	1.0
592	4662	1	1.0
592	4663	1	1.0
593	4664	1	1.0
593	4665	1	1.0
2024	4665	1	1.0
593	4666	1	1.0
593	4667	1	1.0
2024	4667	1	1.0
593	4668	1	1.0
593	4669	1	1.0
594	4670	1	1.0
595	4671	1	1.0
635	4671	1	1.0
1278	4671	1	1.0
1508	4671	1	1.0
595	4672	1	1.0
1278	4672	1	1.0
595	4673	1	1.0
595	4674	1	1.0
595	4675	1	1.0
2113	4675	1	1.0
596	4676	1	1.0
896	4676	1	1.0
596	4677	1	1.0
896	4677	1	1.0
597	4678	1	1.0
597	4679	1	1.0
1982	4679	1	1.0
597	4680	1	1.0
598	4681	1	1.0
598	4682	1	1.0
598	4683	1	1.0
598	4684	1	1.0
598	4685	1	1.0
598	4686	1	1.0
598	4687	1	1.0
598	4688	1	1.0
598	4689	1	1.0
599	4690	1	1.0
2701	4690	1	1.0
2740	4690	1	1.0
599	4691	1	1.0
2701	4691	1	1.0
2728	4691	1	1.0
600	4692	1	1.0
601	4693	1	1.0
1690	4693	1	1.0
2607	4693	1	1.0
602	4694	1	1.0
602	4695	1	1.0
603	4696	1	1.0
2626	4696	1	1.0
603	4697	1	1.0
2626	4697	1	1.0
603	4698	1	1.0
1820	4698	1	1.0
2652	4698	1	1.0
604	4699	1	1.0
1464	4699	1	1.0
1483	4699	1	1.0
1646	4699	1	1.0
2658	4699	1	1.0
604	4700	1	1.0
606	4701	1	1.0
1027	4701	1	1.0
1189	4701	1	1.0
607	4702	1	1.0
2284	4702	1	1.0
607	4703	1	1.0
2284	4703	1	1.0
607	4704	1	1.0
607	4705	1	1.0
607	4706	1	1.0
2284	4706	1	1.0
2341	4706	1	1.0
608	4707	1	1.0
608	4708	1	1.0
608	4709	1	1.0
609	4710	1	1.0
609	4711	1	1.0
610	4712	1	1.0
610	4713	1	1.0
611	4714	1	1.0
611	4715	1	1.0
612	4716	1	1.0
612	4717	1	1.0
612	4718	1	1.0
612	4719	1	1.0
613	4720	1	1.0
613	4721	1	1.0
613	4722	1	1.0
614	4723	1	1.0
2319	4723	1	1.0
614	4724	1	1.0
615	4725	1	1.0
615	4726	1	1.0
1011	4726	1	1.0
1579	4726	1	1.0
1613	4726	1	1.0
1664	4726	1	1.0
2044	4726	1	1.0
615	4727	1	1.0
616	4728	1	1.0
2529	4728	1	1.0
616	4729	1	1.0
2529	4729	1	1.0
616	4730	1	1.0
2529	4730	1	1.0
616	4731	1	1.0
1387	4731	1	1.0
2529	4731	1	1.0
616	4732	1	1.0
2529	4732	1	1.0
617	4733	1	1.0
617	4734	1	1.0
1020	4734	1	1.0
1866	4734	1	1.0
2063	4734	1	1.0
2514	4734	1	1.0
617	4735	1	1.0
618	4736	1	1.0
618	4737	1	1.0
1315	4737	1	1.0
618	4738	1	1.0
787	4738	1	1.0
1358	4738	1	1.0
1578	4738	1	1.0
2113	4738	1	1.0
2650	4738	1	1.0
618	4739	1	1.0
936	4739	1	1.0
1315	4739	1	1.0
1358	4739	1	1.0
1677	4739	1	1.0
619	4740	1	1.0
620	4741	1	1.0
620	4742	1	1.0
620	4743	1	1.0
620	4744	1	1.0
621	4745	1	1.0
623	4746	1	1.0
1035	4746	1	1.0
624	4747	1	1.0
624	4748	1	1.0
624	4749	1	1.0
624	4750	1	1.0
625	4751	1	1.0
626	4752	1	1.0
627	4753	1	1.0
627	4754	1	1.0
627	4755	1	1.0
628	4756	1	1.0
889	4756	1	1.0
2482	4756	1	1.0
628	4757	1	1.0
2482	4757	1	1.0
628	4758	1	1.0
2482	4758	1	1.0
628	4759	1	1.0
2482	4759	1	1.0
629	4760	1	1.0
629	4761	1	1.0
629	4762	1	1.0
630	4763	1	1.0
630	4764	1	1.0
631	4765	1	1.0
1863	4765	1	1.0
631	4766	1	1.0
1863	4766	1	1.0
632	4767	1	1.0
633	4768	1	1.0
633	4769	1	1.0
633	4770	1	1.0
634	4771	1	1.0
634	4772	1	1.0
635	4773	1	1.0
2413	4773	1	1.0
2478	4773	1	1.0
636	4774	1	1.0
636	4775	1	1.0
637	4776	1	1.0
2156	4776	1	1.0
638	4777	1	1.0
1011	4777	1	1.0
1664	4777	1	1.0
638	4778	1	1.0
794	4778	1	1.0
1780	4778	1	1.0
638	4779	1	1.0
794	4779	1	1.0
1780	4779	1	1.0
638	4780	1	1.0
785	4780	1	1.0
1780	4780	1	1.0
638	4781	1	1.0
639	4782	1	1.0
778	4782	1	1.0
1439	4782	1	1.0
2798	4782	1	1.0
640	4783	1	1.0
2175	4783	1	1.0
640	4784	1	1.0
1204	4784	1	1.0
1466	4784	1	1.0
640	4785	1	1.0
641	4786	1	1.0
641	4787	1	1.0
641	4788	1	1.0
641	4789	1	1.0
641	4790	1	1.0
643	4791	1	1.0
643	4792	1	1.0
643	4793	1	1.0
643	4794	1	1.0
644	4795	1	1.0
1277	4795	1	1.0
644	4796	1	1.0
990	4796	1	1.0
1584	4796	1	1.0
645	4797	1	1.0
1687	4797	1	1.0
646	4798	1	1.0
646	4799	1	1.0
646	4800	1	1.0
647	4801	1	1.0
690	4801	1	1.0
1557	4801	1	1.0
1607	4801	1	1.0
2279	4801	1	1.0
2685	4801	1	1.0
647	4802	1	1.0
655	4802	1	1.0
678	4802	1	1.0
690	4802	1	1.0
728	4802	1	1.0
843	4802	1	1.0
862	4802	1	1.0
1557	4802	1	1.0
1941	4802	1	1.0
2279	4802	1	1.0
647	4803	1	1.0
1600	4803	1	1.0
2082	4803	1	1.0
648	4804	1	1.0
648	4805	1	1.0
649	4806	1	1.0
1572	4806	1	1.0
1930	4806	1	1.0
649	4807	1	1.0
1058	4807	1	1.0
649	4808	1	1.0
1140	4808	1	1.0
1572	4808	1	1.0
650	4809	1	1.0
1209	4809	1	1.0
1749	4809	1	1.0
2297	4809	1	1.0
650	4810	1	1.0
696	4810	1	1.0
1170	4810	1	1.0
1209	4810	1	1.0
1232	4810	1	1.0
1314	4810	1	1.0
1749	4810	1	1.0
2297	4810	1	1.0
2583	4810	1	1.0
2733	4810	1	1.0
651	4811	1	1.0
651	4812	1	1.0
652	4813	1	1.0
652	4814	1	1.0
652	4815	1	1.0
652	4816	1	1.0
652	4817	1	1.0
653	4818	1	1.0
653	4819	1	1.0
653	4820	1	1.0
655	4821	1	1.0
657	4822	1	1.0
657	4823	1	1.0
657	4824	1	1.0
657	4825	1	1.0
658	4826	1	1.0
658	4827	1	1.0
658	4828	1	1.0
659	4829	1	1.0
659	4830	1	1.0
779	4830	1	1.0
866	4830	1	1.0
2579	4830	1	1.0
660	4831	1	1.0
1635	4831	1	1.0
660	4832	1	1.0
1635	4832	1	1.0
660	4833	1	1.0
660	4834	1	1.0
1380	4834	1	1.0
661	4835	1	1.0
1347	4835	1	1.0
661	4836	1	1.0
662	4837	1	1.0
1435	4837	1	1.0
2863	4837	1	1.0
662	4838	1	1.0
2220	4838	1	1.0
2863	4838	1	1.0
662	4839	1	1.0
662	4840	1	1.0
663	4841	1	1.0
663	4842	1	1.0
2379	4842	1	1.0
663	4843	1	1.0
1389	4843	1	1.0
2075	4843	1	1.0
2379	4843	1	1.0
664	4844	1	1.0
664	4845	1	1.0
665	4846	1	1.0
665	4847	1	1.0
666	4848	1	1.0
2164	4848	1	1.0
667	4849	1	1.0
1447	4849	1	1.0
2332	4849	1	1.0
667	4850	1	1.0
1447	4850	1	1.0
2332	4850	1	1.0
667	4851	1	1.0
1543	4851	1	1.0
2332	4851	1	1.0
668	4852	1	1.0
2115	4852	1	1.0
2571	4852	1	1.0
668	4853	1	1.0
2115	4853	1	1.0
2571	4853	1	1.0
669	4854	1	1.0
669	4855	1	1.0
669	4856	1	1.0
670	4857	1	1.0
670	4858	1	1.0
671	4859	1	1.0
671	4860	1	1.0
671	4861	1	1.0
672	4862	1	1.0
673	4863	1	1.0
673	4864	1	1.0
1231	4864	1	1.0
1986	4864	1	1.0
2187	4864	1	1.0
675	4865	1	1.0
1195	4865	1	1.0
675	4866	1	1.0
1475	4866	1	1.0
676	4867	1	1.0
677	4868	1	1.0
2196	4868	1	1.0
2479	4868	1	1.0
2729	4868	1	1.0
677	4869	1	1.0
678	4870	1	1.0
679	4871	1	1.0
1098	4871	1	1.0
1116	4871	1	1.0
1704	4871	1	1.0
1870	4871	1	1.0
2670	4871	1	1.0
679	4872	1	1.0
1098	4872	1	1.0
1116	4872	1	1.0
1704	4872	1	1.0
2670	4872	1	1.0
680	4873	1	1.0
2794	4873	1	1.0
680	4874	1	1.0
1596	4874	1	1.0
1604	4874	1	1.0
680	4875	1	1.0
680	4876	1	1.0
938	4876	1	1.0
681	4877	1	1.0
681	4878	1	1.0
681	4879	1	1.0
682	4880	1	1.0
682	4881	1	1.0
682	4882	1	1.0
682	4883	1	1.0
683	4884	1	1.0
683	4885	1	1.0
684	4886	1	1.0
684	4887	1	1.0
684	4888	1	1.0
684	4889	1	1.0
684	4890	1	1.0
1255	4890	1	1.0
1931	4890	1	1.0
2633	4890	1	1.0
685	4891	1	1.0
685	4892	1	1.0
685	4893	1	1.0
686	4894	1	1.0
900	4894	1	1.0
1802	4894	1	1.0
686	4895	1	1.0
900	4895	1	1.0
686	4896	1	1.0
686	4897	1	1.0
686	4898	1	1.0
686	4899	1	1.0
900	4899	1	1.0
686	4900	1	1.0
686	4901	1	1.0
686	4902	1	1.0
687	4903	1	1.0
687	4904	1	1.0
2329	4904	1	1.0
688	4905	1	1.0
688	4906	1	1.0
688	4907	1	1.0
688	4908	1	1.0
688	4909	1	1.0
688	4910	1	1.0
688	4911	1	1.0
689	4912	1	1.0
1952	4912	1	1.0
689	4913	1	1.0
757	4913	1	1.0
1277	4913	1	1.0
1952	4913	1	1.0
689	4914	1	1.0
1952	4914	1	1.0
689	4915	1	1.0
1952	4915	1	1.0
689	4916	1	1.0
1952	4916	1	1.0
689	4917	1	1.0
1952	4917	1	1.0
689	4918	1	1.0
1025	4918	1	1.0
1212	4918	1	1.0
1277	4918	1	1.0
1300	4918	1	1.0
1952	4918	1	1.0
2163	4918	1	1.0
2680	4918	1	1.0
690	4919	1	1.0
2279	4919	1	1.0
690	4920	1	1.0
1557	4920	1	1.0
1607	4920	1	1.0
2279	4920	1	1.0
691	4921	1	1.0
1379	4921	1	1.0
691	4922	1	1.0
1379	4922	1	1.0
692	4923	1	1.0
692	4924	1	1.0
692	4925	1	1.0
692	4926	1	1.0
692	4927	1	1.0
692	4928	1	1.0
692	4929	1	1.0
692	4930	1	1.0
693	4931	1	1.0
693	4932	1	1.0
694	4933	1	1.0
906	4933	1	1.0
2072	4933	1	1.0
2233	4933	1	1.0
694	4934	1	1.0
1090	4934	1	1.0
1200	4934	1	1.0
1269	4934	1	1.0
2233	4934	1	1.0
694	4935	1	1.0
695	4936	1	1.0
824	4936	1	1.0
981	4936	1	1.0
1589	4936	1	1.0
1620	4936	1	1.0
2277	4936	1	1.0
2466	4936	1	1.0
695	4937	1	1.0
824	4937	1	1.0
695	4938	1	1.0
824	4938	1	1.0
695	4939	1	1.0
905	4939	1	1.0
980	4939	1	1.0
1857	4939	1	1.0
695	4940	1	1.0
1171	4940	1	1.0
1519	4940	1	1.0
2466	4940	1	1.0
696	4941	1	1.0
2583	4941	1	1.0
697	4942	1	1.0
697	4943	1	1.0
790	4943	1	1.0
1920	4943	1	1.0
1943	4943	1	1.0
2510	4943	1	1.0
697	4944	1	1.0
699	4945	1	1.0
1495	4945	1	1.0
700	4946	1	1.0
804	4946	1	1.0
700	4947	1	1.0
701	4948	1	1.0
702	4949	1	1.0
702	4950	1	1.0
702	4951	1	1.0
702	4952	1	1.0
705	4953	1	1.0
705	4954	1	1.0
1157	4954	1	1.0
1190	4954	1	1.0
1214	4954	1	1.0
2816	4954	1	1.0
706	4955	1	1.0
1137	4955	1	1.0
706	4956	1	1.0
991	4956	1	1.0
1137	4956	1	1.0
1274	4956	1	1.0
1443	4956	1	1.0
2795	4956	1	1.0
707	4957	1	1.0
707	4958	1	1.0
1851	4958	1	1.0
708	4959	1	1.0
708	4960	1	1.0
1345	4960	1	1.0
2484	4960	1	1.0
709	4961	1	1.0
709	4962	1	1.0
710	4963	1	1.0
710	4964	1	1.0
1430	4964	1	1.0
710	4965	1	1.0
1430	4965	1	1.0
710	4966	1	1.0
1430	4966	1	1.0
1833	4966	1	1.0
711	4967	1	1.0
791	4967	1	1.0
1251	4967	1	1.0
2345	4967	1	1.0
711	4968	1	1.0
791	4968	1	1.0
859	4968	1	1.0
1259	4968	1	1.0
1695	4968	1	1.0
2252	4968	1	1.0
2345	4968	1	1.0
2492	4968	1	1.0
712	4969	1	1.0
712	4970	1	1.0
712	4971	1	1.0
713	4972	1	1.0
713	4973	1	1.0
1911	4973	1	1.0
713	4974	1	1.0
713	4975	1	1.0
1911	4975	1	1.0
714	4976	1	1.0
715	4977	1	1.0
2197	4977	1	1.0
2664	4977	1	1.0
715	4978	1	1.0
715	4979	1	1.0
715	4980	1	1.0
1034	4980	1	1.0
716	4981	1	1.0
1286	4981	1	1.0
2276	4981	1	1.0
716	4982	1	1.0
1286	4982	1	1.0
2276	4982	1	1.0
2616	4982	1	1.0
716	4983	1	1.0
1286	4983	1	1.0
716	4984	1	1.0
821	4984	1	1.0
1286	4984	1	1.0
1950	4984	1	1.0
2276	4984	1	1.0
2616	4984	1	1.0
716	4985	1	1.0
1286	4985	1	1.0
2276	4985	1	1.0
2616	4985	1	1.0
717	4986	1	1.0
718	4987	1	1.0
718	4988	1	1.0
718	4989	1	1.0
718	4990	1	1.0
719	4991	1	1.0
719	4992	1	1.0
720	4993	1	1.0
720	4994	1	1.0
2535	4994	1	1.0
720	4995	1	1.0
2076	4995	1	1.0
2452	4995	1	1.0
721	4996	1	1.0
1448	4996	1	1.0
2522	4996	1	1.0
722	4997	1	1.0
723	4998	1	1.0
725	4998	1	1.0
723	4999	1	1.0
725	4999	1	1.0
2428	4999	1	1.0
723	5000	1	1.0
725	5000	1	1.0
2318	5000	1	1.0
2428	5000	1	1.0
723	5001	1	1.0
723	5002	1	1.0
723	5003	1	1.0
725	5003	1	1.0
1720	5003	1	1.0
2428	5003	1	1.0
724	5004	1	1.0
724	5005	1	1.0
1327	5005	1	1.0
2594	5005	1	1.0
2869	5005	1	1.0
724	5006	1	1.0
750	5006	1	1.0
841	5006	1	1.0
1339	5006	1	1.0
2594	5006	1	1.0
725	5007	1	1.0
725	5008	1	1.0
725	5009	1	1.0
725	5010	1	1.0
725	5011	1	1.0
725	5012	1	1.0
725	5013	1	1.0
725	5014	1	1.0
725	5015	1	1.0
725	5016	1	1.0
725	5017	1	1.0
725	5018	1	1.0
1720	5018	1	1.0
2428	5018	1	1.0
725	5019	1	1.0
725	5020	1	1.0
726	5021	1	1.0
726	5022	1	1.0
2809	5022	1	1.0
727	5023	1	1.0
727	5024	1	1.0
1332	5024	1	1.0
2301	5024	1	1.0
727	5025	1	1.0
727	5026	1	1.0
729	5027	1	1.0
730	5028	1	1.0
2675	5028	1	1.0
730	5029	1	1.0
2675	5029	1	1.0
731	5030	1	1.0
731	5031	1	1.0
731	5032	1	1.0
731	5033	1	1.0
732	5034	1	1.0
732	5035	1	1.0
733	5036	1	1.0
743	5036	1	1.0
2455	5036	1	1.0
733	5037	1	1.0
743	5037	1	1.0
733	5038	1	1.0
2455	5038	1	1.0
734	5039	1	1.0
734	5040	1	1.0
992	5040	1	1.0
735	5041	1	1.0
747	5041	1	1.0
735	5042	1	1.0
735	5043	1	1.0
836	5043	1	1.0
736	5044	1	1.0
736	5045	1	1.0
736	5046	1	1.0
1314	5046	1	1.0
736	5047	1	1.0
1136	5047	1	1.0
1177	5047	1	1.0
1297	5047	1	1.0
1404	5047	1	1.0
1434	5047	1	1.0
1606	5047	1	1.0
2406	5047	1	1.0
2610	5047	1	1.0
2757	5047	1	1.0
737	5048	1	1.0
737	5049	1	1.0
737	5050	1	1.0
738	5051	1	1.0
2079	5051	1	1.0
738	5052	1	1.0
2079	5052	1	1.0
2497	5052	1	1.0
2626	5052	1	1.0
738	5053	1	1.0
738	5054	1	1.0
738	5055	1	1.0
738	5056	1	1.0
738	5057	1	1.0
739	5058	1	1.0
2275	5058	1	1.0
739	5059	1	1.0
1588	5059	1	1.0
2275	5059	1	1.0
739	5060	1	1.0
1588	5060	1	1.0
1822	5060	1	1.0
2149	5060	1	1.0
2275	5060	1	1.0
2305	5060	1	1.0
2761	5060	1	1.0
740	5061	1	1.0
740	5062	1	1.0
740	5063	1	1.0
741	5064	1	1.0
741	5065	1	1.0
741	5066	1	1.0
1647	5066	1	1.0
742	5067	1	1.0
743	5068	1	1.0
745	5069	1	1.0
745	5070	1	1.0
746	5071	1	1.0
746	5072	1	1.0
746	5073	1	1.0
746	5074	1	1.0
746	5075	1	1.0
746	5076	1	1.0
746	5077	1	1.0
747	5078	1	1.0
2412	5078	1	1.0
2542	5078	1	1.0
747	5079	1	1.0
1586	5079	1	1.0
2412	5079	1	1.0
2542	5079	1	1.0
748	5080	1	1.0
748	5081	1	1.0
748	5082	1	1.0
749	5083	1	1.0
749	5084	1	1.0
750	5085	1	1.0
751	5086	1	1.0
1287	5086	1	1.0
1288	5086	1	1.0
2397	5086	1	1.0
2591	5086	1	1.0
751	5087	1	1.0
1125	5087	1	1.0
1288	5087	1	1.0
1336	5087	1	1.0
751	5088	1	1.0
752	5089	1	1.0
843	5089	1	1.0
1600	5089	1	1.0
1941	5089	1	1.0
2082	5089	1	1.0
752	5090	1	1.0
752	5091	1	1.0
754	5092	1	1.0
2536	5092	1	1.0
754	5093	1	1.0
2536	5093	1	1.0
754	5094	1	1.0
2536	5094	1	1.0
754	5095	1	1.0
2536	5095	1	1.0
756	5096	1	1.0
846	5096	1	1.0
1302	5096	1	1.0
756	5097	1	1.0
846	5097	1	1.0
1302	5097	1	1.0
758	5098	1	1.0
758	5099	1	1.0
758	5100	1	1.0
2630	5100	1	1.0
759	5101	1	1.0
759	5102	1	1.0
760	5103	1	1.0
760	5104	1	1.0
760	5105	1	1.0
1486	5105	1	1.0
1967	5105	1	1.0
761	5106	1	1.0
761	5107	1	1.0
762	5108	1	1.0
1602	5108	1	1.0
762	5109	1	1.0
1602	5109	1	1.0
762	5110	1	1.0
1602	5110	1	1.0
763	5111	1	1.0
763	5112	1	1.0
764	5113	1	1.0
764	5114	1	1.0
764	5115	1	1.0
764	5116	1	1.0
765	5117	1	1.0
765	5118	1	1.0
765	5119	1	1.0
765	5120	1	1.0
765	5121	1	1.0
765	5122	1	1.0
765	5123	1	1.0
765	5124	1	1.0
766	5125	1	1.0
1533	5125	1	1.0
766	5126	1	1.0
767	5127	1	1.0
1259	5127	1	1.0
2091	5127	1	1.0
2492	5127	1	1.0
767	5128	1	1.0
2091	5128	1	1.0
767	5129	1	1.0
2091	5129	1	1.0
768	5130	1	1.0
2631	5130	1	1.0
768	5131	1	1.0
768	5132	1	1.0
769	5133	1	1.0
770	5134	1	1.0
770	5135	1	1.0
771	5136	1	1.0
1418	5136	1	1.0
1927	5136	1	1.0
771	5137	1	1.0
1927	5137	1	1.0
772	5138	1	1.0
772	5139	1	1.0
772	5140	1	1.0
772	5141	1	1.0
773	5142	1	1.0
773	5143	1	1.0
773	5144	1	1.0
773	5145	1	1.0
841	5145	1	1.0
1339	5145	1	1.0
1368	5145	1	1.0
1532	5145	1	1.0
1907	5145	1	1.0
1993	5145	1	1.0
773	5146	1	1.0
941	5146	1	1.0
2216	5146	1	1.0
2872	5146	1	1.0
773	5147	1	1.0
1112	5147	1	1.0
2860	5147	1	1.0
774	5148	1	1.0
774	5149	1	1.0
774	5150	1	1.0
775	5151	1	1.0
1779	5151	1	1.0
775	5152	1	1.0
897	5152	1	1.0
1779	5152	1	1.0
775	5153	1	1.0
897	5153	1	1.0
1594	5153	1	1.0
1779	5153	1	1.0
2627	5153	1	1.0
776	5154	1	1.0
776	5155	1	1.0
776	5156	1	1.0
776	5157	1	1.0
776	5158	1	1.0
777	5159	1	1.0
777	5160	1	1.0
777	5161	1	1.0
777	5162	1	1.0
777	5163	1	1.0
778	5164	1	1.0
1439	5164	1	1.0
2343	5164	1	1.0
2798	5164	1	1.0
778	5165	1	1.0
779	5166	1	1.0
1028	5166	1	1.0
781	5167	1	1.0
782	5168	1	1.0
782	5169	1	1.0
1811	5169	1	1.0
782	5170	1	1.0
1811	5170	1	1.0
783	5171	1	1.0
783	5172	1	1.0
1256	5172	1	1.0
784	5173	1	1.0
785	5174	1	1.0
858	5174	1	1.0
785	5175	1	1.0
785	5176	1	1.0
1780	5176	1	1.0
785	5177	1	1.0
785	5178	1	1.0
1033	5178	1	1.0
1285	5178	1	1.0
1780	5178	1	1.0
786	5179	1	1.0
2787	5179	1	1.0
787	5180	1	1.0
2790	5180	1	1.0
787	5181	1	1.0
787	5182	1	1.0
787	5183	1	1.0
1278	5183	1	1.0
1508	5183	1	1.0
2463	5183	1	1.0
787	5184	1	1.0
1112	5184	1	1.0
1136	5184	1	1.0
2790	5184	1	1.0
788	5185	1	1.0
788	5186	1	1.0
789	5187	1	1.0
976	5187	1	1.0
1328	5187	1	1.0
789	5188	1	1.0
1328	5188	1	1.0
790	5189	1	1.0
790	5190	1	1.0
1920	5190	1	1.0
790	5191	1	1.0
792	5192	1	1.0
1261	5192	1	1.0
792	5193	1	1.0
1056	5193	1	1.0
1261	5193	1	1.0
792	5194	1	1.0
1056	5194	1	1.0
2827	5194	1	1.0
792	5195	1	1.0
793	5196	1	1.0
993	5196	1	1.0
1591	5196	1	1.0
793	5197	1	1.0
993	5197	1	1.0
1591	5197	1	1.0
793	5198	1	1.0
993	5198	1	1.0
1591	5198	1	1.0
793	5199	1	1.0
1591	5199	1	1.0
794	5200	1	1.0
794	5201	1	1.0
794	5202	1	1.0
794	5203	1	1.0
794	5204	1	1.0
795	5205	1	1.0
1441	5205	1	1.0
2286	5205	1	1.0
2741	5205	1	1.0
796	5206	1	1.0
1217	5206	1	1.0
796	5207	1	1.0
796	5208	1	1.0
1217	5208	1	1.0
2732	5208	1	1.0
796	5209	1	1.0
864	5209	1	1.0
1217	5209	1	1.0
2710	5209	1	1.0
796	5210	1	1.0
1217	5210	1	1.0
798	5211	1	1.0
799	5212	1	1.0
799	5213	1	1.0
818	5213	1	1.0
1667	5213	1	1.0
1785	5213	1	1.0
2767	5213	1	1.0
800	5214	1	1.0
800	5215	1	1.0
801	5216	1	1.0
801	5217	1	1.0
801	5218	1	1.0
2027	5218	1	1.0
2074	5218	1	1.0
803	5219	1	1.0
803	5220	1	1.0
803	5221	1	1.0
803	5222	1	1.0
804	5223	1	1.0
805	5224	1	1.0
805	5225	1	1.0
806	5226	1	1.0
806	5227	1	1.0
806	5228	1	1.0
807	5229	1	1.0
1316	5229	1	1.0
1689	5229	1	1.0
808	5230	1	1.0
2202	5230	1	1.0
809	5231	1	1.0
809	5232	1	1.0
1512	5232	1	1.0
810	5233	1	1.0
810	5234	1	1.0
810	5235	1	1.0
810	5236	1	1.0
811	5237	1	1.0
2523	5237	1	1.0
2718	5237	1	1.0
811	5238	1	1.0
812	5239	1	1.0
975	5239	1	1.0
812	5240	1	1.0
964	5240	1	1.0
975	5240	1	1.0
2608	5240	1	1.0
813	5241	1	1.0
1187	5241	1	1.0
1676	5241	1	1.0
2661	5241	1	1.0
813	5242	1	1.0
1216	5242	1	1.0
813	5243	1	1.0
814	5244	1	1.0
1092	5244	1	1.0
814	5245	1	1.0
814	5246	1	1.0
814	5247	1	1.0
1031	5247	1	1.0
2347	5247	1	1.0
815	5248	1	1.0
2464	5248	1	1.0
2526	5248	1	1.0
815	5249	1	1.0
815	5250	1	1.0
815	5251	1	1.0
816	5252	1	1.0
817	5253	1	1.0
817	5254	1	1.0
817	5255	1	1.0
817	5256	1	1.0
817	5257	1	1.0
818	5258	1	1.0
818	5259	1	1.0
819	5260	1	1.0
820	5261	1	1.0
1409	5261	1	1.0
2810	5261	1	1.0
820	5262	1	1.0
820	5263	1	1.0
2810	5263	1	1.0
820	5264	1	1.0
820	5265	1	1.0
1409	5265	1	1.0
2810	5265	1	1.0
820	5266	1	1.0
2810	5266	1	1.0
821	5267	1	1.0
1286	5267	1	1.0
1950	5267	1	1.0
2616	5267	1	1.0
822	5268	1	1.0
1843	5268	1	1.0
823	5269	1	1.0
825	5270	1	1.0
2212	5270	1	1.0
825	5271	1	1.0
826	5272	1	1.0
826	5273	1	1.0
2098	5273	1	1.0
827	5274	1	1.0
2574	5274	1	1.0
828	5275	1	1.0
829	5276	1	1.0
829	5277	1	1.0
2326	5277	1	1.0
2859	5277	1	1.0
829	5278	1	1.0
829	5279	1	1.0
829	5280	1	1.0
2664	5280	1	1.0
2700	5280	1	1.0
830	5281	1	1.0
830	5282	1	1.0
830	5283	1	1.0
830	5284	1	1.0
1054	5284	1	1.0
831	5285	1	1.0
831	5286	1	1.0
832	5287	1	1.0
832	5288	1	1.0
833	5289	1	1.0
834	5290	1	1.0
834	5291	1	1.0
835	5292	1	1.0
835	5293	1	1.0
998	5293	1	1.0
2402	5293	1	1.0
2409	5293	1	1.0
836	5294	1	1.0
837	5295	1	1.0
1255	5295	1	1.0
2172	5295	1	1.0
2633	5295	1	1.0
837	5296	1	1.0
1255	5296	1	1.0
2172	5296	1	1.0
2633	5296	1	1.0
838	5297	1	1.0
838	5298	1	1.0
839	5299	1	1.0
840	5300	1	1.0
840	5301	1	1.0
841	5302	1	1.0
1339	5302	1	1.0
1368	5302	1	1.0
841	5303	1	1.0
1233	5303	1	1.0
1339	5303	1	1.0
2302	5303	1	1.0
842	5304	1	1.0
1859	5304	1	1.0
843	5305	1	1.0
1941	5305	1	1.0
2087	5305	1	1.0
843	5306	1	1.0
844	5307	1	1.0
1072	5307	1	1.0
844	5308	1	1.0
996	5308	1	1.0
1072	5308	1	1.0
1596	5308	1	1.0
1870	5308	1	1.0
2438	5308	1	1.0
845	5309	1	1.0
845	5310	1	1.0
1445	5310	1	1.0
2263	5310	1	1.0
2791	5310	1	1.0
846	5311	1	1.0
1302	5311	1	1.0
847	5312	1	1.0
2352	5312	1	1.0
847	5313	1	1.0
848	5314	1	1.0
848	5315	1	1.0
848	5316	1	1.0
1944	5316	1	1.0
849	5317	1	1.0
849	5318	1	1.0
2198	5318	1	1.0
849	5319	1	1.0
2198	5319	1	1.0
850	5320	1	1.0
850	5321	1	1.0
850	5322	1	1.0
851	5323	1	1.0
1874	5323	1	1.0
852	5324	1	1.0
853	5325	1	1.0
854	5326	1	1.0
855	5327	1	1.0
855	5328	1	1.0
855	5329	1	1.0
1834	5329	1	1.0
2578	5329	1	1.0
2791	5329	1	1.0
855	5330	1	1.0
1834	5330	1	1.0
856	5331	1	1.0
857	5332	1	1.0
1405	5332	1	1.0
2659	5332	1	1.0
857	5333	1	1.0
1129	5333	1	1.0
1405	5333	1	1.0
857	5334	1	1.0
1405	5334	1	1.0
857	5335	1	1.0
1066	5335	1	1.0
1129	5335	1	1.0
1405	5335	1	1.0
1746	5335	1	1.0
1891	5335	1	1.0
2556	5335	1	1.0
2659	5335	1	1.0
2720	5335	1	1.0
858	5336	1	1.0
859	5337	1	1.0
1059	5337	1	1.0
859	5338	1	1.0
1044	5338	1	1.0
1059	5338	1	1.0
2077	5338	1	1.0
2257	5338	1	1.0
860	5339	1	1.0
2096	5339	1	1.0
860	5340	1	1.0
1142	5340	1	1.0
861	5341	1	1.0
861	5342	1	1.0
861	5343	1	1.0
861	5344	1	1.0
861	5345	1	1.0
861	5346	1	1.0
862	5347	1	1.0
863	5348	1	1.0
863	5349	1	1.0
1867	5349	1	1.0
863	5350	1	1.0
864	5351	1	1.0
2710	5351	1	1.0
2742	5351	1	1.0
864	5352	1	1.0
2710	5352	1	1.0
864	5353	1	1.0
2710	5353	1	1.0
864	5354	1	1.0
2710	5354	1	1.0
865	5355	1	1.0
865	5356	1	1.0
865	5357	1	1.0
1310	5357	1	1.0
865	5358	1	1.0
866	5359	1	1.0
867	5360	1	1.0
867	5361	1	1.0
1246	5361	1	1.0
2303	5361	1	1.0
868	5362	1	1.0
1119	5362	1	1.0
2087	5362	1	1.0
868	5363	1	1.0
1119	5363	1	1.0
2322	5363	1	1.0
869	5364	1	1.0
869	5365	1	1.0
870	5366	1	1.0
871	5367	1	1.0
920	5367	1	1.0
2209	5367	1	1.0
871	5368	1	1.0
871	5369	1	1.0
872	5370	1	1.0
872	5371	1	1.0
1603	5371	1	1.0
1743	5371	1	1.0
2695	5371	1	1.0
872	5372	1	1.0
1743	5372	1	1.0
2695	5372	1	1.0
872	5373	1	1.0
872	5374	1	1.0
872	5375	1	1.0
873	5376	1	1.0
873	5377	1	1.0
874	5378	1	1.0
874	5379	1	1.0
874	5380	1	1.0
875	5381	1	1.0
875	5382	1	1.0
875	5383	1	1.0
915	5383	1	1.0
1426	5383	1	1.0
2485	5383	1	1.0
875	5384	1	1.0
875	5385	1	1.0
2694	5385	1	1.0
876	5386	1	1.0
1250	5386	1	1.0
877	5387	1	1.0
1510	5387	1	1.0
878	5388	1	1.0
878	5389	1	1.0
879	5390	1	1.0
912	5390	1	1.0
880	5391	1	1.0
1638	5391	1	1.0
880	5392	1	1.0
880	5393	1	1.0
1456	5393	1	1.0
1603	5393	1	1.0
1638	5393	1	1.0
2749	5393	1	1.0
881	5394	1	1.0
881	5395	1	1.0
882	5396	1	1.0
882	5397	1	1.0
2481	5397	1	1.0
883	5398	1	1.0
1562	5398	1	1.0
1595	5398	1	1.0
2299	5398	1	1.0
2443	5398	1	1.0
883	5399	1	1.0
1562	5399	1	1.0
1595	5399	1	1.0
1896	5399	1	1.0
2299	5399	1	1.0
2443	5399	1	1.0
2686	5399	1	1.0
884	5400	1	1.0
884	5401	1	1.0
885	5402	1	1.0
2207	5402	1	1.0
885	5403	1	1.0
2207	5403	1	1.0
885	5404	1	1.0
2207	5404	1	1.0
886	5405	1	1.0
886	5406	1	1.0
887	5407	1	1.0
887	5408	1	1.0
887	5409	1	1.0
1011	5409	1	1.0
1737	5409	1	1.0
888	5410	1	1.0
888	5411	1	1.0
888	5412	1	1.0
2540	5412	1	1.0
888	5413	1	1.0
888	5414	1	1.0
2540	5414	1	1.0
889	5415	1	1.0
889	5416	1	1.0
890	5417	1	1.0
890	5418	1	1.0
890	5419	1	1.0
1668	5419	1	1.0
891	5420	1	1.0
891	5421	1	1.0
891	5422	1	1.0
891	5423	1	1.0
1715	5423	1	1.0
891	5424	1	1.0
892	5425	1	1.0
989	5425	1	1.0
1158	5425	1	1.0
1349	5425	1	1.0
892	5426	1	1.0
893	5427	1	1.0
1992	5427	1	1.0
2823	5427	1	1.0
2862	5427	1	1.0
894	5428	1	1.0
894	5429	1	1.0
894	5430	1	1.0
895	5431	1	1.0
2324	5431	1	1.0
895	5432	1	1.0
895	5433	1	1.0
1048	5433	1	1.0
1812	5433	1	1.0
2712	5433	1	1.0
895	5434	1	1.0
898	5435	1	1.0
898	5436	1	1.0
898	5437	1	1.0
899	5438	1	1.0
2317	5438	1	1.0
899	5439	1	1.0
2317	5439	1	1.0
899	5440	1	1.0
899	5441	1	1.0
2317	5441	1	1.0
901	5442	1	1.0
901	5443	1	1.0
902	5444	1	1.0
902	5445	1	1.0
902	5446	1	1.0
903	5447	1	1.0
904	5448	1	1.0
904	5449	1	1.0
904	5450	1	1.0
1099	5450	1	1.0
904	5451	1	1.0
1099	5451	1	1.0
907	5452	1	1.0
1385	5452	1	1.0
2327	5452	1	1.0
2727	5452	1	1.0
907	5453	1	1.0
2727	5453	1	1.0
907	5454	1	1.0
2115	5454	1	1.0
2727	5454	1	1.0
908	5455	1	1.0
908	5456	1	1.0
909	5457	1	1.0
909	5458	1	1.0
909	5459	1	1.0
910	5460	1	1.0
910	5461	1	1.0
911	5462	1	1.0
911	5463	1	1.0
1713	5463	1	1.0
912	5464	1	1.0
913	5465	1	1.0
913	5466	1	1.0
913	5467	1	1.0
914	5468	1	1.0
914	5469	1	1.0
1105	5469	1	1.0
1121	5469	1	1.0
1579	5469	1	1.0
2225	5469	1	1.0
915	5470	1	1.0
915	5471	1	1.0
915	5472	1	1.0
916	5473	1	1.0
917	5474	1	1.0
917	5475	1	1.0
917	5476	1	1.0
1087	5476	1	1.0
1614	5476	1	1.0
2193	5476	1	1.0
2246	5476	1	1.0
918	5477	1	1.0
2199	5477	1	1.0
918	5478	1	1.0
1049	5478	1	1.0
1605	5478	1	1.0
1829	5478	1	1.0
2600	5478	1	1.0
919	5479	1	1.0
919	5480	1	1.0
995	5480	1	1.0
921	5481	1	1.0
922	5482	1	1.0
2701	5482	1	1.0
923	5483	1	1.0
1542	5483	1	1.0
923	5484	1	1.0
1542	5484	1	1.0
925	5485	1	1.0
925	5486	1	1.0
925	5487	1	1.0
1810	5487	1	1.0
925	5488	1	1.0
1243	5488	1	1.0
1575	5488	1	1.0
1810	5488	1	1.0
2392	5488	1	1.0
2629	5488	1	1.0
926	5489	1	1.0
927	5490	1	1.0
927	5491	1	1.0
928	5492	1	1.0
928	5493	1	1.0
928	5494	1	1.0
928	5495	1	1.0
928	5496	1	1.0
929	5497	1	1.0
929	5498	1	1.0
929	5499	1	1.0
2772	5499	1	1.0
930	5500	1	1.0
1012	5500	1	1.0
930	5501	1	1.0
1546	5501	1	1.0
1757	5501	1	1.0
930	5502	1	1.0
1546	5502	1	1.0
931	5503	1	1.0
931	5504	1	1.0
931	5505	1	1.0
931	5506	1	1.0
932	5507	1	1.0
933	5508	1	1.0
933	5509	1	1.0
1627	5509	1	1.0
2719	5509	1	1.0
2865	5509	1	1.0
2866	5509	1	1.0
933	5510	1	1.0
2865	5510	1	1.0
933	5511	1	1.0
1627	5511	1	1.0
2866	5511	1	1.0
934	5512	1	1.0
934	5513	1	1.0
934	5514	1	1.0
1898	5514	1	1.0
936	5515	1	1.0
1248	5515	1	1.0
2019	5515	1	1.0
936	5516	1	1.0
937	5517	1	1.0
937	5518	1	1.0
937	5519	1	1.0
937	5520	1	1.0
938	5521	1	1.0
938	5522	1	1.0
939	5523	1	1.0
1094	5523	1	1.0
939	5524	1	1.0
1094	5524	1	1.0
940	5525	1	1.0
940	5526	1	1.0
947	5526	1	1.0
2052	5526	1	1.0
2258	5526	1	1.0
2554	5526	1	1.0
941	5527	1	1.0
942	5528	1	1.0
942	5529	1	1.0
944	5530	1	1.0
2603	5530	1	1.0
944	5531	1	1.0
944	5532	1	1.0
944	5533	1	1.0
944	5534	1	1.0
944	5535	1	1.0
944	5536	1	1.0
1790	5536	1	1.0
2472	5536	1	1.0
2603	5536	1	1.0
945	5537	1	1.0
945	5538	1	1.0
2872	5538	1	1.0
945	5539	1	1.0
946	5540	1	1.0
946	5541	1	1.0
947	5542	1	1.0
2554	5542	1	1.0
947	5543	1	1.0
948	5544	1	1.0
948	5545	1	1.0
948	5546	1	1.0
1029	5546	1	1.0
1566	5546	1	1.0
1719	5546	1	1.0
948	5547	1	1.0
948	5548	1	1.0
949	5549	1	1.0
949	5550	1	1.0
949	5551	1	1.0
949	5552	1	1.0
949	5553	1	1.0
950	5554	1	1.0
950	5555	1	1.0
950	5556	1	1.0
952	5557	1	1.0
1234	5557	1	1.0
1357	5557	1	1.0
1954	5557	1	1.0
952	5558	1	1.0
995	5558	1	1.0
2458	5558	1	1.0
953	5559	1	1.0
1210	5559	1	1.0
953	5560	1	1.0
1210	5560	1	1.0
1624	5560	1	1.0
953	5561	1	1.0
1081	5561	1	1.0
1210	5561	1	1.0
1807	5561	1	1.0
2323	5561	1	1.0
2743	5561	1	1.0
954	5562	1	1.0
956	5563	1	1.0
956	5564	1	1.0
956	5565	1	1.0
957	5566	1	1.0
957	5567	1	1.0
958	5568	1	1.0
959	5569	1	1.0
1511	5569	1	1.0
2621	5569	1	1.0
959	5570	1	1.0
2621	5570	1	1.0
959	5571	1	1.0
2621	5571	1	1.0
960	5572	1	1.0
1461	5572	1	1.0
2500	5572	1	1.0
2824	5572	1	1.0
960	5573	1	1.0
1461	5573	1	1.0
2500	5573	1	1.0
2824	5573	1	1.0
960	5574	1	1.0
1321	5574	1	1.0
1461	5574	1	1.0
2007	5574	1	1.0
2500	5574	1	1.0
2824	5574	1	1.0
961	5575	1	1.0
982	5575	1	1.0
1125	5575	1	1.0
1287	5575	1	1.0
1288	5575	1	1.0
1336	5575	1	1.0
2388	5575	1	1.0
2591	5575	1	1.0
2751	5575	1	1.0
962	5576	1	1.0
962	5577	1	1.0
962	5578	1	1.0
962	5579	1	1.0
963	5580	1	1.0
964	5581	1	1.0
965	5582	1	1.0
965	5583	1	1.0
965	5584	1	1.0
966	5585	1	1.0
967	5586	1	1.0
967	5587	1	1.0
967	5588	1	1.0
967	5589	1	1.0
968	5590	1	1.0
969	5591	1	1.0
969	5592	1	1.0
969	5593	1	1.0
970	5594	1	1.0
971	5595	1	1.0
971	5596	1	1.0
972	5597	1	1.0
1244	5597	1	1.0
2213	5597	1	1.0
2283	5597	1	1.0
2699	5597	1	1.0
972	5598	1	1.0
1244	5598	1	1.0
2213	5598	1	1.0
2283	5598	1	1.0
2699	5598	1	1.0
973	5599	1	1.0
2095	5599	1	1.0
973	5600	1	1.0
973	5601	1	1.0
2095	5601	1	1.0
974	5602	1	1.0
2400	5602	1	1.0
974	5603	1	1.0
976	5604	1	1.0
977	5605	1	1.0
977	5606	1	1.0
977	5607	1	1.0
977	5608	1	1.0
977	5609	1	1.0
978	5610	1	1.0
1133	5610	1	1.0
978	5611	1	1.0
1133	5611	1	1.0
1611	5611	1	1.0
2759	5611	1	1.0
979	5612	1	1.0
1065	5612	1	1.0
2025	5612	1	1.0
979	5613	1	1.0
1926	5613	1	1.0
980	5614	1	1.0
980	5615	1	1.0
981	5616	1	1.0
981	5617	1	1.0
981	5618	1	1.0
1118	5618	1	1.0
1645	5618	1	1.0
1909	5618	1	1.0
2194	5618	1	1.0
2328	5618	1	1.0
2417	5618	1	1.0
982	5619	1	1.0
1157	5619	1	1.0
2388	5619	1	1.0
2397	5619	1	1.0
2816	5619	1	1.0
982	5620	1	1.0
982	5621	1	1.0
1210	5621	1	1.0
1592	5621	1	1.0
1624	5621	1	1.0
2655	5621	1	1.0
2672	5621	1	1.0
982	5622	1	1.0
1145	5622	1	1.0
983	5623	1	1.0
983	5624	1	1.0
1104	5624	1	1.0
2002	5624	1	1.0
2298	5624	1	1.0
983	5625	1	1.0
984	5626	1	1.0
984	5627	1	1.0
984	5628	1	1.0
984	5629	1	1.0
984	5630	1	1.0
984	5631	1	1.0
985	5632	1	1.0
986	5633	1	1.0
986	5634	1	1.0
987	5635	1	1.0
1492	5635	1	1.0
987	5636	1	1.0
987	5637	1	1.0
987	5638	1	1.0
987	5639	1	1.0
987	5640	1	1.0
1492	5640	1	1.0
987	5641	1	1.0
987	5642	1	1.0
987	5643	1	1.0
987	5644	1	1.0
987	5645	1	1.0
988	5646	1	1.0
988	5647	1	1.0
988	5648	1	1.0
989	5649	1	1.0
989	5650	1	1.0
989	5651	1	1.0
989	5652	1	1.0
990	5653	1	1.0
1459	5653	1	1.0
2252	5653	1	1.0
990	5654	1	1.0
1459	5654	1	1.0
990	5655	1	1.0
1459	5655	1	1.0
990	5656	1	1.0
991	5657	1	1.0
1274	5657	1	1.0
991	5658	1	1.0
1137	5658	1	1.0
1443	5658	1	1.0
992	5659	1	1.0
2325	5659	1	1.0
993	5660	1	1.0
993	5661	1	1.0
994	5662	1	1.0
995	5663	1	1.0
995	5664	1	1.0
996	5665	1	1.0
996	5666	1	1.0
997	5667	1	1.0
998	5668	1	1.0
2409	5668	1	1.0
1000	5669	1	1.0
1000	5670	1	1.0
1000	5671	1	1.0
1000	5672	1	1.0
1001	5673	1	1.0
1974	5673	1	1.0
2232	5673	1	1.0
2701	5673	1	1.0
2882	5673	1	1.0
1001	5674	1	1.0
1002	5675	1	1.0
2374	5675	1	1.0
1002	5676	1	1.0
1357	5676	1	1.0
2374	5676	1	1.0
2582	5676	1	1.0
1003	5677	1	1.0
1003	5678	1	1.0
1004	5679	1	1.0
2708	5679	1	1.0
1004	5680	1	1.0
1005	5681	1	1.0
1005	5682	1	1.0
2029	5682	1	1.0
1005	5683	1	1.0
2029	5683	1	1.0
1005	5684	1	1.0
2029	5684	1	1.0
1005	5685	1	1.0
1005	5686	1	1.0
1006	5687	1	1.0
1894	5687	1	1.0
2121	5687	1	1.0
1006	5688	1	1.0
1894	5688	1	1.0
1007	5689	1	1.0
1816	5689	1	1.0
1007	5690	1	1.0
1008	5691	1	1.0
1009	5692	1	1.0
1009	5693	1	1.0
1009	5694	1	1.0
1010	5695	1	1.0
1010	5696	1	1.0
1010	5697	1	1.0
1011	5698	1	1.0
1664	5698	1	1.0
1012	5699	1	1.0
1013	5700	1	1.0
1013	5701	1	1.0
1013	5702	1	1.0
1014	5703	1	1.0
1014	5704	1	1.0
1015	5705	1	1.0
1015	5706	1	1.0
2128	5706	1	1.0
1015	5707	1	1.0
1015	5708	1	1.0
1015	5709	1	1.0
1016	5710	1	1.0
1016	5711	1	1.0
1016	5712	1	1.0
1016	5713	1	1.0
1030	5713	1	1.0
1016	5714	1	1.0
1017	5715	1	1.0
1017	5716	1	1.0
1018	5717	1	1.0
1270	5717	1	1.0
1540	5717	1	1.0
1019	5718	1	1.0
2167	5718	1	1.0
1019	5719	1	1.0
2167	5719	1	1.0
1019	5720	1	1.0
1020	5721	1	1.0
1021	5722	1	1.0
1579	5722	1	1.0
2044	5722	1	1.0
1021	5723	1	1.0
1021	5724	1	1.0
2782	5724	1	1.0
1021	5725	1	1.0
1022	5726	1	1.0
1022	5727	1	1.0
1719	5727	1	1.0
2109	5727	1	1.0
1023	5728	1	1.0
1269	5728	1	1.0
2233	5728	1	1.0
1023	5729	1	1.0
1023	5730	1	1.0
1269	5730	1	1.0
1024	5731	1	1.0
1025	5732	1	1.0
1300	5732	1	1.0
1025	5733	1	1.0
1025	5734	1	1.0
1025	5735	1	1.0
1025	5736	1	1.0
1025	5737	1	1.0
1212	5737	1	1.0
1300	5737	1	1.0
1025	5738	1	1.0
1025	5739	1	1.0
1025	5740	1	1.0
1025	5741	1	1.0
1025	5742	1	1.0
1026	5743	1	1.0
1971	5743	1	1.0
1026	5744	1	1.0
1971	5744	1	1.0
1026	5745	1	1.0
1955	5745	1	1.0
1028	5746	1	1.0
2475	5746	1	1.0
1029	5747	1	1.0
1566	5747	1	1.0
1030	5748	1	1.0
1031	5749	1	1.0
1031	5750	1	1.0
1126	5750	1	1.0
1893	5750	1	1.0
1031	5751	1	1.0
1126	5751	1	1.0
1893	5751	1	1.0
1031	5752	1	1.0
1781	5752	1	1.0
1893	5752	1	1.0
1032	5753	1	1.0
1032	5754	1	1.0
1034	5755	1	1.0
1035	5756	1	1.0
1036	5757	1	1.0
1036	5758	1	1.0
1036	5759	1	1.0
1037	5760	1	1.0
1037	5761	1	1.0
1037	5762	1	1.0
1037	5763	1	1.0
1037	5764	1	1.0
1038	5765	1	1.0
1038	5766	1	1.0
1038	5767	1	1.0
1038	5768	1	1.0
1038	5769	1	1.0
1038	5770	1	1.0
1038	5771	1	1.0
1038	5772	1	1.0
1038	5773	1	1.0
1038	5774	1	1.0
1039	5775	1	1.0
1039	5776	1	1.0
1039	5777	1	1.0
1042	5778	1	1.0
1042	5779	1	1.0
1043	5780	1	1.0
1043	5781	1	1.0
2769	5781	1	1.0
1044	5782	1	1.0
1175	5782	1	1.0
1518	5782	1	1.0
2077	5782	1	1.0
2257	5782	1	1.0
1044	5783	1	1.0
2077	5783	1	1.0
2257	5783	1	1.0
1044	5784	1	1.0
1125	5784	1	1.0
1336	5784	1	1.0
2077	5784	1	1.0
2257	5784	1	1.0
2740	5784	1	1.0
1045	5785	1	1.0
1045	5786	1	1.0
1046	5787	1	1.0
1046	5788	1	1.0
1046	5789	1	1.0
1872	5789	1	1.0
1046	5790	1	1.0
1047	5791	1	1.0
1047	5792	1	1.0
1048	5793	1	1.0
1211	5793	1	1.0
1443	5793	1	1.0
2018	5793	1	1.0
1048	5794	1	1.0
1106	5794	1	1.0
1443	5794	1	1.0
1989	5794	1	1.0
1048	5795	1	1.0
1049	5796	1	1.0
1050	5797	1	1.0
1186	5797	1	1.0
1560	5797	1	1.0
1051	5798	1	1.0
1051	5799	1	1.0
1052	5800	1	1.0
2616	5800	1	1.0
1053	5801	1	1.0
2420	5801	1	1.0
1053	5802	1	1.0
2420	5802	1	1.0
1054	5803	1	1.0
2252	5803	1	1.0
1054	5804	1	1.0
1054	5805	1	1.0
1054	5806	1	1.0
1056	5807	1	1.0
1057	5808	1	1.0
1057	5809	1	1.0
1058	5810	1	1.0
1058	5811	1	1.0
1058	5812	1	1.0
1060	5813	1	1.0
2538	5813	1	1.0
1060	5814	1	1.0
2240	5814	1	1.0
1060	5815	1	1.0
2240	5815	1	1.0
1061	5816	1	1.0
1154	5816	1	1.0
1915	5816	1	1.0
2042	5816	1	1.0
1062	5817	1	1.0
1608	5817	1	1.0
2620	5817	1	1.0
1062	5818	1	1.0
1063	5819	1	1.0
1093	5819	1	1.0
1063	5820	1	1.0
1063	5821	1	1.0
1064	5822	1	1.0
1064	5823	1	1.0
1065	5824	1	1.0
1904	5824	1	1.0
1065	5825	1	1.0
1904	5825	1	1.0
1066	5826	1	1.0
1746	5826	1	1.0
1066	5827	1	1.0
2110	5827	1	1.0
2516	5827	1	1.0
1067	5828	1	1.0
1067	5829	1	1.0
2331	5829	1	1.0
1067	5830	1	1.0
1264	5830	1	1.0
1653	5830	1	1.0
2293	5830	1	1.0
2784	5830	1	1.0
1068	5831	1	1.0
1068	5832	1	1.0
1068	5833	1	1.0
1069	5834	1	1.0
1069	5835	1	1.0
2711	5835	1	1.0
1070	5836	1	1.0
1071	5837	1	1.0
2012	5837	1	1.0
1071	5838	1	1.0
1071	5839	1	1.0
2012	5839	1	1.0
1071	5840	1	1.0
2012	5840	1	1.0
1073	5841	1	1.0
1073	5842	1	1.0
1073	5843	1	1.0
1073	5844	1	1.0
1101	5844	1	1.0
2697	5844	1	1.0
1073	5845	1	1.0
1073	5846	1	1.0
1101	5846	1	1.0
1074	5847	1	1.0
1454	5847	1	1.0
1074	5848	1	1.0
1395	5848	1	1.0
1454	5848	1	1.0
1074	5849	1	1.0
1395	5849	1	1.0
1454	5849	1	1.0
1479	5849	1	1.0
2343	5849	1	1.0
1075	5850	1	1.0
1075	5851	1	1.0
1076	5852	1	1.0
1076	5853	1	1.0
1076	5854	1	1.0
1077	5855	1	1.0
1096	5855	1	1.0
1280	5855	1	1.0
1683	5855	1	1.0
2227	5855	1	1.0
2401	5855	1	1.0
2553	5855	1	1.0
1077	5856	1	1.0
1078	5857	1	1.0
1078	5858	1	1.0
1081	5859	1	1.0
1081	5860	1	1.0
1807	5860	1	1.0
2323	5860	1	1.0
2743	5860	1	1.0
1082	5861	1	1.0
1082	5862	1	1.0
1082	5863	1	1.0
1082	5864	1	1.0
1082	5865	1	1.0
1082	5866	1	1.0
1082	5867	1	1.0
1082	5868	1	1.0
1082	5869	1	1.0
1082	5870	1	1.0
1082	5871	1	1.0
1082	5872	1	1.0
1083	5873	1	1.0
1666	5873	1	1.0
1083	5874	1	1.0
1666	5874	1	1.0
1083	5875	1	1.0
1666	5875	1	1.0
1084	5876	1	1.0
1084	5877	1	1.0
1444	5877	1	1.0
1084	5878	1	1.0
1444	5878	1	1.0
1543	5878	1	1.0
1768	5878	1	1.0
1085	5879	1	1.0
1085	5880	1	1.0
1086	5881	1	1.0
1092	5881	1	1.0
1086	5882	1	1.0
1086	5883	1	1.0
1087	5884	1	1.0
1087	5885	1	1.0
1088	5886	1	1.0
1088	5887	1	1.0
1383	5887	1	1.0
1088	5888	1	1.0
2337	5888	1	1.0
1089	5889	1	1.0
1089	5890	1	1.0
1090	5891	1	1.0
1200	5891	1	1.0
1091	5892	1	1.0
1244	5892	1	1.0
1350	5892	1	1.0
2068	5892	1	1.0
2213	5892	1	1.0
2283	5892	1	1.0
2596	5892	1	1.0
2699	5892	1	1.0
1091	5893	1	1.0
1092	5894	1	1.0
1092	5895	1	1.0
1093	5896	1	1.0
2111	5896	1	1.0
2511	5896	1	1.0
2638	5896	1	1.0
1095	5897	1	1.0
1095	5898	1	1.0
1813	5898	1	1.0
2050	5898	1	1.0
2696	5898	1	1.0
1095	5899	1	1.0
1813	5899	1	1.0
2050	5899	1	1.0
2696	5899	1	1.0
1096	5900	1	1.0
1097	5901	1	1.0
1097	5902	1	1.0
1097	5903	1	1.0
1097	5904	1	1.0
1097	5905	1	1.0
1097	5906	1	1.0
1097	5907	1	1.0
1097	5908	1	1.0
1097	5909	1	1.0
1097	5910	1	1.0
1098	5911	1	1.0
1099	5912	1	1.0
1099	5913	1	1.0
1100	5914	1	1.0
1884	5914	1	1.0
1100	5915	1	1.0
1100	5916	1	1.0
1182	5916	1	1.0
1190	5916	1	1.0
1241	5916	1	1.0
1599	5916	1	1.0
1741	5916	1	1.0
1884	5916	1	1.0
2222	5916	1	1.0
2631	5916	1	1.0
2816	5916	1	1.0
1101	5917	1	1.0
1102	5918	1	1.0
1315	5918	1	1.0
1102	5919	1	1.0
1103	5920	1	1.0
1373	5920	1	1.0
1103	5921	1	1.0
2548	5921	1	1.0
1103	5922	1	1.0
1103	5923	1	1.0
1103	5924	1	1.0
1103	5925	1	1.0
2548	5925	1	1.0
1107	5926	1	1.0
1108	5927	1	1.0
1585	5927	1	1.0
1108	5928	1	1.0
1585	5928	1	1.0
1109	5929	1	1.0
2789	5929	1	1.0
1109	5930	1	1.0
1118	5930	1	1.0
1125	5930	1	1.0
1336	5930	1	1.0
1645	5930	1	1.0
2194	5930	1	1.0
2328	5930	1	1.0
2417	5930	1	1.0
2789	5930	1	1.0
1110	5931	1	1.0
1879	5931	1	1.0
1110	5932	1	1.0
1110	5933	1	1.0
1111	5934	1	1.0
1111	5935	1	1.0
2747	5935	1	1.0
1112	5936	1	1.0
1136	5936	1	1.0
1177	5936	1	1.0
1808	5936	1	1.0
2610	5936	1	1.0
2757	5936	1	1.0
1112	5937	1	1.0
1136	5937	1	1.0
1177	5937	1	1.0
1808	5937	1	1.0
2297	5937	1	1.0
2610	5937	1	1.0
2757	5937	1	1.0
1113	5938	1	1.0
1113	5939	1	1.0
1114	5940	1	1.0
1326	5940	1	1.0
1114	5941	1	1.0
1280	5941	1	1.0
1326	5941	1	1.0
1115	5942	1	1.0
1115	5943	1	1.0
1115	5944	1	1.0
1117	5945	1	1.0
1117	5946	1	1.0
1118	5947	1	1.0
1118	5948	1	1.0
1645	5948	1	1.0
1739	5948	1	1.0
1996	5948	1	1.0
2194	5948	1	1.0
2328	5948	1	1.0
2417	5948	1	1.0
2564	5948	1	1.0
2692	5948	1	1.0
1120	5949	1	1.0
1120	5950	1	1.0
1121	5951	1	1.0
1121	5952	1	1.0
1122	5953	1	1.0
1122	5954	1	1.0
2160	5954	1	1.0
1122	5955	1	1.0
1242	5955	1	1.0
1281	5955	1	1.0
1287	5955	1	1.0
1913	5955	1	1.0
2160	5955	1	1.0
2591	5955	1	1.0
1123	5956	1	1.0
1123	5957	1	1.0
1124	5958	1	1.0
1124	5959	1	1.0
1124	5960	1	1.0
1284	5960	1	1.0
1471	5960	1	1.0
1570	5960	1	1.0
2635	5960	1	1.0
1126	5961	1	1.0
1418	5961	1	1.0
1126	5962	1	1.0
1127	5963	1	1.0
1127	5964	1	1.0
1127	5965	1	1.0
1127	5966	1	1.0
1127	5967	1	1.0
1127	5968	1	1.0
1128	5969	1	1.0
1659	5969	1	1.0
1128	5970	1	1.0
1659	5970	1	1.0
1128	5971	1	1.0
1128	5972	1	1.0
1129	5973	1	1.0
1129	5974	1	1.0
1130	5975	1	1.0
1957	5975	1	1.0
1130	5976	1	1.0
1131	5977	1	1.0
1131	5978	1	1.0
1621	5978	1	1.0
1956	5978	1	1.0
1131	5979	1	1.0
1132	5980	1	1.0
1132	5981	1	1.0
2314	5981	1	1.0
2701	5981	1	1.0
2806	5981	1	1.0
1134	5982	1	1.0
1134	5983	1	1.0
1135	5984	1	1.0
1723	5984	1	1.0
2234	5984	1	1.0
2852	5984	1	1.0
1137	5985	1	1.0
1138	5986	1	1.0
1138	5987	1	1.0
1138	5988	1	1.0
1139	5989	1	1.0
1139	5990	1	1.0
1139	5991	1	1.0
1139	5992	1	1.0
1141	5993	1	1.0
1141	5994	1	1.0
1141	5995	1	1.0
1141	5996	1	1.0
1141	5997	1	1.0
1141	5998	1	1.0
1143	5999	1	1.0
1143	6000	1	1.0
1143	6001	1	1.0
1143	6002	1	1.0
1264	6002	1	1.0
1143	6003	1	1.0
1653	6003	1	1.0
1753	6003	1	1.0
2293	6003	1	1.0
2784	6003	1	1.0
1144	6004	1	1.0
1144	6005	1	1.0
1144	6006	1	1.0
1358	6006	1	1.0
1578	6006	1	1.0
2226	6006	1	1.0
1145	6007	1	1.0
1146	6008	1	1.0
1146	6009	1	1.0
1146	6010	1	1.0
1147	6011	1	1.0
1346	6011	1	1.0
1147	6012	1	1.0
1147	6013	1	1.0
1147	6014	1	1.0
1147	6015	1	1.0
1147	6016	1	1.0
1147	6017	1	1.0
1147	6018	1	1.0
1148	6019	1	1.0
2262	6019	1	1.0
1148	6020	1	1.0
1206	6020	1	1.0
1284	6020	1	1.0
1540	6020	1	1.0
2262	6020	1	1.0
2507	6020	1	1.0
1148	6021	1	1.0
2262	6021	1	1.0
1148	6022	1	1.0
1149	6023	1	1.0
2380	6023	1	1.0
1149	6024	1	1.0
1150	6025	1	1.0
2854	6025	1	1.0
1150	6026	1	1.0
2854	6026	1	1.0
1151	6027	1	1.0
1152	6028	1	1.0
1152	6029	1	1.0
1152	6030	1	1.0
1153	6031	1	1.0
1153	6032	1	1.0
1153	6033	1	1.0
1155	6034	1	1.0
1155	6035	1	1.0
1156	6036	1	1.0
1158	6037	1	1.0
1160	6038	1	1.0
1160	6039	1	1.0
1160	6040	1	1.0
1160	6041	1	1.0
1160	6042	1	1.0
1161	6043	1	1.0
1161	6044	1	1.0
1161	6045	1	1.0
1161	6046	1	1.0
1162	6047	1	1.0
1162	6048	1	1.0
1162	6049	1	1.0
1162	6050	1	1.0
1163	6051	1	1.0
1517	6051	1	1.0
1163	6052	1	1.0
1410	6052	1	1.0
1517	6052	1	1.0
1163	6053	1	1.0
1164	6054	1	1.0
1164	6055	1	1.0
1355	6055	1	1.0
1164	6056	1	1.0
1165	6057	1	1.0
1165	6058	1	1.0
1165	6059	1	1.0
1165	6060	1	1.0
1166	6061	1	1.0
1166	6062	1	1.0
1166	6063	1	1.0
1973	6063	1	1.0
1167	6064	1	1.0
1167	6065	1	1.0
1167	6066	1	1.0
1167	6067	1	1.0
1167	6068	1	1.0
1903	6068	1	1.0
1167	6069	1	1.0
1167	6070	1	1.0
1167	6071	1	1.0
1167	6072	1	1.0
1168	6073	1	1.0
1168	6074	1	1.0
1263	6074	1	1.0
1168	6075	1	1.0
1168	6076	1	1.0
1169	6077	1	1.0
1537	6077	1	1.0
1169	6078	1	1.0
1537	6078	1	1.0
1169	6079	1	1.0
1169	6080	1	1.0
1537	6080	1	1.0
2092	6080	1	1.0
1170	6081	1	1.0
1232	6081	1	1.0
1170	6082	1	1.0
1232	6082	1	1.0
1172	6083	1	1.0
1172	6084	1	1.0
1173	6085	1	1.0
1790	6085	1	1.0
2013	6085	1	1.0
1173	6086	1	1.0
1790	6086	1	1.0
2013	6086	1	1.0
1174	6087	1	1.0
2795	6087	1	1.0
1174	6088	1	1.0
1176	6089	1	1.0
1176	6090	1	1.0
1176	6091	1	1.0
1176	6092	1	1.0
1176	6093	1	1.0
1176	6094	1	1.0
1176	6095	1	1.0
1178	6096	1	1.0
1178	6097	1	1.0
1556	6097	1	1.0
1179	6098	1	1.0
1180	6099	1	1.0
1181	6100	1	1.0
1253	6100	1	1.0
1622	6100	1	1.0
1629	6100	1	1.0
2130	6100	1	1.0
1182	6101	1	1.0
1241	6101	1	1.0
1884	6101	1	1.0
2222	6101	1	1.0
1182	6102	1	1.0
1241	6102	1	1.0
1183	6103	1	1.0
1183	6104	1	1.0
1183	6105	1	1.0
1184	6106	1	1.0
1689	6106	1	1.0
1184	6107	1	1.0
1534	6107	1	1.0
1184	6108	1	1.0
1185	6109	1	1.0
2590	6109	1	1.0
1185	6110	1	1.0
2590	6110	1	1.0
1185	6111	1	1.0
2590	6111	1	1.0
1185	6112	1	1.0
2590	6112	1	1.0
1185	6113	1	1.0
2590	6113	1	1.0
1185	6114	1	1.0
1185	6115	1	1.0
1185	6116	1	1.0
1215	6116	1	1.0
1185	6117	1	1.0
1185	6118	1	1.0
1186	6119	1	1.0
1186	6120	1	1.0
1560	6120	1	1.0
1187	6121	1	1.0
1193	6121	1	1.0
1187	6122	1	1.0
1188	6123	1	1.0
1188	6124	1	1.0
1191	6125	1	1.0
1191	6126	1	1.0
1191	6127	1	1.0
1192	6128	1	1.0
2212	6128	1	1.0
2291	6128	1	1.0
2504	6128	1	1.0
1192	6129	1	1.0
2504	6129	1	1.0
1192	6130	1	1.0
1192	6131	1	1.0
1193	6132	1	1.0
1831	6132	1	1.0
1194	6133	1	1.0
1194	6134	1	1.0
1195	6135	1	1.0
1859	6135	1	1.0
1196	6136	1	1.0
2129	6136	1	1.0
1196	6137	1	1.0
2129	6137	1	1.0
2872	6137	1	1.0
1197	6138	1	1.0
1723	6138	1	1.0
1974	6138	1	1.0
2667	6138	1	1.0
1197	6139	1	1.0
1974	6139	1	1.0
1198	6140	1	1.0
1239	6140	1	1.0
2520	6140	1	1.0
1198	6141	1	1.0
1198	6142	1	1.0
1199	6143	1	1.0
1199	6144	1	1.0
1199	6145	1	1.0
1199	6146	1	1.0
1199	6147	1	1.0
1199	6148	1	1.0
1200	6149	1	1.0
1201	6150	1	1.0
1202	6151	1	1.0
2155	6151	1	1.0
1203	6152	1	1.0
1205	6153	1	1.0
1205	6154	1	1.0
1206	6155	1	1.0
1206	6156	1	1.0
1207	6157	1	1.0
1601	6157	1	1.0
1207	6158	1	1.0
1207	6159	1	1.0
1217	6159	1	1.0
1207	6160	1	1.0
1208	6161	1	1.0
1208	6162	1	1.0
1208	6163	1	1.0
2296	6163	1	1.0
1209	6164	1	1.0
1606	6164	1	1.0
1209	6165	1	1.0
1749	6165	1	1.0
1212	6166	1	1.0
1213	6167	1	1.0
1214	6168	1	1.0
1214	6169	1	1.0
1215	6170	1	1.0
1215	6171	1	1.0
1215	6172	1	1.0
1216	6173	1	1.0
1216	6174	1	1.0
1216	6175	1	1.0
1216	6176	1	1.0
1803	6176	1	1.0
1217	6177	1	1.0
1217	6178	1	1.0
1217	6179	1	1.0
1218	6180	1	1.0
1218	6181	1	1.0
1218	6182	1	1.0
1219	6183	1	1.0
1219	6184	1	1.0
1219	6185	1	1.0
1220	6186	1	1.0
1221	6187	1	1.0
1221	6188	1	1.0
2118	6188	1	1.0
1222	6189	1	1.0
1222	6190	1	1.0
1225	6190	1	1.0
1716	6190	1	1.0
1801	6190	1	1.0
1223	6191	1	1.0
2037	6191	1	1.0
1223	6192	1	1.0
2037	6192	1	1.0
1224	6193	1	1.0
1225	6194	1	1.0
1225	6195	1	1.0
1225	6196	1	1.0
1290	6196	1	1.0
1225	6197	1	1.0
1226	6198	1	1.0
1858	6198	1	1.0
1226	6199	1	1.0
1317	6199	1	1.0
1858	6199	1	1.0
1227	6200	1	1.0
2380	6200	1	1.0
1228	6201	1	1.0
1577	6201	1	1.0
2859	6201	1	1.0
1229	6202	1	1.0
1229	6203	1	1.0
1230	6204	1	1.0
1231	6205	1	1.0
1498	6205	1	1.0
2499	6205	1	1.0
1231	6206	1	1.0
1231	6207	1	1.0
1316	6207	1	1.0
1234	6208	1	1.0
1235	6209	1	1.0
1235	6210	1	1.0
1839	6210	1	1.0
1235	6211	1	1.0
1236	6212	1	1.0
2876	6212	1	1.0
1236	6213	1	1.0
1236	6214	1	1.0
1238	6215	1	1.0
1238	6216	1	1.0
1239	6217	1	1.0
2520	6217	1	1.0
1240	6218	1	1.0
2644	6218	1	1.0
1241	6219	1	1.0
1241	6220	1	1.0
1241	6221	1	1.0
1242	6222	1	1.0
1706	6222	1	1.0
1913	6222	1	1.0
1917	6222	1	1.0
2745	6222	1	1.0
1242	6223	1	1.0
1913	6223	1	1.0
1243	6224	1	1.0
1575	6224	1	1.0
1243	6225	1	1.0
1258	6225	1	1.0
1575	6225	1	1.0
1243	6226	1	1.0
1575	6226	1	1.0
1243	6227	1	1.0
1414	6227	1	1.0
1573	6227	1	1.0
1616	6227	1	1.0
1245	6228	1	1.0
1800	6228	1	1.0
1245	6229	1	1.0
1246	6230	1	1.0
2303	6230	1	1.0
1247	6231	1	1.0
1248	6232	1	1.0
1248	6233	1	1.0
2019	6233	1	1.0
1252	6234	1	1.0
1252	6235	1	1.0
1669	6235	1	1.0
1252	6236	1	1.0
1253	6237	1	1.0
1253	6238	1	1.0
2215	6238	1	1.0
2348	6238	1	1.0
1254	6239	1	1.0
1254	6240	1	1.0
1254	6241	1	1.0
1254	6242	1	1.0
1255	6243	1	1.0
2633	6243	1	1.0
2829	6243	1	1.0
1255	6244	1	1.0
2172	6244	1	1.0
2633	6244	1	1.0
1255	6245	1	1.0
2172	6245	1	1.0
2633	6245	1	1.0
1255	6246	1	1.0
2633	6246	1	1.0
1256	6247	1	1.0
1257	6248	1	1.0
1257	6249	1	1.0
1257	6250	1	1.0
1288	6250	1	1.0
1258	6251	1	1.0
1258	6252	1	1.0
1260	6253	1	1.0
2656	6253	1	1.0
1260	6254	1	1.0
2266	6254	1	1.0
2656	6254	1	1.0
1260	6255	1	1.0
2656	6255	1	1.0
1261	6256	1	1.0
1261	6257	1	1.0
1263	6258	1	1.0
1263	6259	1	1.0
1263	6260	1	1.0
1263	6261	1	1.0
2871	6261	1	1.0
1264	6262	1	1.0
1264	6263	1	1.0
1264	6264	1	1.0
1264	6265	1	1.0
1265	6266	1	1.0
1265	6267	1	1.0
1265	6268	1	1.0
1265	6269	1	1.0
1266	6270	1	1.0
1266	6271	1	1.0
1266	6272	1	1.0
1266	6273	1	1.0
1266	6274	1	1.0
1267	6275	1	1.0
1267	6276	1	1.0
1268	6277	1	1.0
1268	6278	1	1.0
1268	6279	1	1.0
1268	6280	1	1.0
1268	6281	1	1.0
1268	6282	1	1.0
1268	6283	1	1.0
1268	6284	1	1.0
1271	6285	1	1.0
1397	6285	1	1.0
1468	6285	1	1.0
2667	6285	1	1.0
1272	6286	1	1.0
1272	6287	1	1.0
1272	6288	1	1.0
2521	6288	1	1.0
1273	6289	1	1.0
1273	6290	1	1.0
1273	6291	1	1.0
1273	6292	1	1.0
1274	6293	1	1.0
1443	6293	1	1.0
1274	6294	1	1.0
1275	6295	1	1.0
1276	6296	1	1.0
1276	6297	1	1.0
1277	6298	1	1.0
1754	6298	1	1.0
1852	6298	1	1.0
1277	6299	1	1.0
1300	6299	1	1.0
2680	6299	1	1.0
1278	6300	1	1.0
1279	6301	1	1.0
1279	6302	1	1.0
1280	6303	1	1.0
1280	6304	1	1.0
1280	6305	1	1.0
1281	6306	1	1.0
1281	6307	1	1.0
1281	6308	1	1.0
1282	6309	1	1.0
1282	6310	1	1.0
1282	6311	1	1.0
1283	6312	1	1.0
2074	6312	1	1.0
1283	6313	1	1.0
1283	6314	1	1.0
1284	6315	1	1.0
2635	6315	1	1.0
1285	6316	1	1.0
1285	6317	1	1.0
1285	6318	1	1.0
1287	6319	1	1.0
2591	6319	1	1.0
1289	6320	1	1.0
1289	6321	1	1.0
1289	6322	1	1.0
1290	6323	1	1.0
1290	6324	1	1.0
1291	6325	1	1.0
1291	6326	1	1.0
1291	6327	1	1.0
1291	6328	1	1.0
1292	6329	1	1.0
1292	6330	1	1.0
1293	6331	1	1.0
1778	6331	1	1.0
1293	6332	1	1.0
1295	6333	1	1.0
1295	6334	1	1.0
1295	6335	1	1.0
1295	6336	1	1.0
1295	6337	1	1.0
1296	6338	1	1.0
1296	6339	1	1.0
1296	6340	1	1.0
2355	6340	1	1.0
1297	6341	1	1.0
1404	6341	1	1.0
1434	6341	1	1.0
2406	6341	1	1.0
1297	6342	1	1.0
1404	6342	1	1.0
2406	6342	1	1.0
1298	6343	1	1.0
1299	6344	1	1.0
1299	6345	1	1.0
1300	6346	1	1.0
2163	6346	1	1.0
1300	6347	1	1.0
1300	6348	1	1.0
1301	6349	1	1.0
2427	6349	1	1.0
1301	6350	1	1.0
1301	6351	1	1.0
2427	6351	1	1.0
1301	6352	1	1.0
1301	6353	1	1.0
2427	6353	1	1.0
1301	6354	1	1.0
1750	6354	1	1.0
1835	6354	1	1.0
2427	6354	1	1.0
2652	6354	1	1.0
1303	6355	1	1.0
1303	6356	1	1.0
2707	6356	1	1.0
1303	6357	1	1.0
1304	6358	1	1.0
1407	6358	1	1.0
2088	6358	1	1.0
2471	6358	1	1.0
1304	6359	1	1.0
1304	6360	1	1.0
2088	6360	1	1.0
1305	6361	1	1.0
1305	6362	1	1.0
1305	6363	1	1.0
1305	6364	1	1.0
1305	6365	1	1.0
1450	6365	1	1.0
2415	6365	1	1.0
2493	6365	1	1.0
1306	6366	1	1.0
1306	6367	1	1.0
1306	6368	1	1.0
1306	6369	1	1.0
1306	6370	1	1.0
1306	6371	1	1.0
1306	6372	1	1.0
1307	6373	1	1.0
1308	6374	1	1.0
1309	6375	1	1.0
2838	6375	1	1.0
1309	6376	1	1.0
1309	6377	1	1.0
1592	6377	1	1.0
2838	6377	1	1.0
1310	6378	1	1.0
1310	6379	1	1.0
1310	6380	1	1.0
1311	6381	1	1.0
1311	6382	1	1.0
1311	6383	1	1.0
2224	6383	1	1.0
1312	6384	1	1.0
1312	6385	1	1.0
1312	6386	1	1.0
1312	6387	1	1.0
1313	6388	1	1.0
2567	6388	1	1.0
1313	6389	1	1.0
2567	6389	1	1.0
1313	6390	1	1.0
2567	6390	1	1.0
1313	6391	1	1.0
2567	6391	1	1.0
1315	6392	1	1.0
1358	6392	1	1.0
1315	6393	1	1.0
1316	6394	1	1.0
1316	6395	1	1.0
2747	6395	1	1.0
1318	6396	1	1.0
1318	6397	1	1.0
1423	6397	1	1.0
1709	6397	1	1.0
1734	6397	1	1.0
1829	6397	1	1.0
1318	6398	1	1.0
1319	6399	1	1.0
1319	6400	1	1.0
1319	6401	1	1.0
1319	6402	1	1.0
1320	6403	1	1.0
1320	6404	1	1.0
1830	6404	1	1.0
2677	6404	1	1.0
2803	6404	1	1.0
1321	6405	1	1.0
2007	6405	1	1.0
1322	6406	1	1.0
2238	6406	1	1.0
2599	6406	1	1.0
2853	6406	1	1.0
1323	6407	1	1.0
1323	6408	1	1.0
1324	6409	1	1.0
1324	6410	1	1.0
1325	6411	1	1.0
1326	6412	1	1.0
2769	6412	1	1.0
1326	6413	1	1.0
1350	6413	1	1.0
1386	6413	1	1.0
2262	6413	1	1.0
2486	6413	1	1.0
2491	6413	1	1.0
2596	6413	1	1.0
1327	6414	1	1.0
2701	6414	1	1.0
2869	6414	1	1.0
1327	6415	1	1.0
2102	6415	1	1.0
2601	6415	1	1.0
2869	6415	1	1.0
1329	6416	1	1.0
1330	6417	1	1.0
1330	6418	1	1.0
1330	6419	1	1.0
1868	6419	1	1.0
1331	6420	1	1.0
1331	6421	1	1.0
1332	6422	1	1.0
1419	6422	1	1.0
2011	6422	1	1.0
2301	6422	1	1.0
1332	6423	1	1.0
1419	6423	1	1.0
2011	6423	1	1.0
2301	6423	1	1.0
1332	6424	1	1.0
1333	6425	1	1.0
1333	6426	1	1.0
2045	6426	1	1.0
2641	6426	1	1.0
1333	6427	1	1.0
1333	6428	1	1.0
2153	6428	1	1.0
1334	6429	1	1.0
1701	6429	1	1.0
1334	6430	1	1.0
1334	6431	1	1.0
1334	6432	1	1.0
1335	6433	1	1.0
1335	6434	1	1.0
1353	6434	1	1.0
1335	6435	1	1.0
1470	6435	1	1.0
2033	6435	1	1.0
2112	6435	1	1.0
1335	6436	1	1.0
1337	6437	1	1.0
1337	6438	1	1.0
1337	6439	1	1.0
1338	6440	1	1.0
2808	6440	1	1.0
1338	6441	1	1.0
1338	6442	1	1.0
1338	6443	1	1.0
2808	6443	1	1.0
1340	6444	1	1.0
1340	6445	1	1.0
1340	6446	1	1.0
1341	6447	1	1.0
1341	6448	1	1.0
2264	6448	1	1.0
2560	6448	1	1.0
1342	6449	1	1.0
2665	6449	1	1.0
1342	6450	1	1.0
1665	6450	1	1.0
1343	6451	1	1.0
1344	6452	1	1.0
1344	6453	1	1.0
1345	6454	1	1.0
1346	6455	1	1.0
1346	6456	1	1.0
1348	6457	1	1.0
1348	6458	1	1.0
1348	6459	1	1.0
1349	6460	1	1.0
1349	6461	1	1.0
1349	6462	1	1.0
1349	6463	1	1.0
1350	6464	1	1.0
1350	6465	1	1.0
1350	6466	1	1.0
1351	6467	1	1.0
1351	6468	1	1.0
1351	6469	1	1.0
1352	6470	1	1.0
1352	6471	1	1.0
1353	6472	1	1.0
1354	6473	1	1.0
1354	6474	1	1.0
1354	6475	1	1.0
1356	6476	1	1.0
1356	6477	1	1.0
1357	6478	1	1.0
1357	6479	1	1.0
2401	6479	1	1.0
1358	6480	1	1.0
1578	6480	1	1.0
2226	6480	1	1.0
1358	6481	1	1.0
1358	6482	1	1.0
1677	6482	1	1.0
1359	6483	1	1.0
1359	6484	1	1.0
1359	6485	1	1.0
1359	6486	1	1.0
1360	6487	1	1.0
2473	6487	1	1.0
1360	6488	1	1.0
2473	6488	1	1.0
1360	6489	1	1.0
2473	6489	1	1.0
1360	6490	1	1.0
2473	6490	1	1.0
1360	6491	1	1.0
2473	6491	1	1.0
1360	6492	1	1.0
2473	6492	1	1.0
1360	6493	1	1.0
2473	6493	1	1.0
1361	6494	1	1.0
1582	6494	1	1.0
1783	6494	1	1.0
1361	6495	1	1.0
1582	6495	1	1.0
1361	6496	1	1.0
1582	6496	1	1.0
2653	6496	1	1.0
1362	6497	1	1.0
1362	6498	1	1.0
1362	6499	1	1.0
1362	6500	1	1.0
1362	6501	1	1.0
1362	6502	1	1.0
1362	6503	1	1.0
1363	6504	1	1.0
1363	6505	1	1.0
1914	6505	1	1.0
2099	6505	1	1.0
1364	6506	1	1.0
1365	6507	1	1.0
2867	6507	1	1.0
1366	6508	1	1.0
1366	6509	1	1.0
1367	6510	1	1.0
1367	6511	1	1.0
1367	6512	1	1.0
1367	6513	1	1.0
1368	6514	1	1.0
1488	6514	1	1.0
1976	6514	1	1.0
2248	6514	1	1.0
2365	6514	1	1.0
2400	6514	1	1.0
1370	6515	1	1.0
1370	6516	1	1.0
1370	6517	1	1.0
2320	6517	1	1.0
1371	6518	1	1.0
1371	6519	1	1.0
1372	6520	1	1.0
1372	6521	1	1.0
1373	6522	1	1.0
1373	6523	1	1.0
1374	6524	1	1.0
1374	6525	1	1.0
1376	6526	1	1.0
1376	6527	1	1.0
1534	6527	1	1.0
1689	6527	1	1.0
1930	6527	1	1.0
1377	6528	1	1.0
1377	6529	1	1.0
1377	6530	1	1.0
1378	6531	1	1.0
1378	6532	1	1.0
1379	6533	1	1.0
1380	6534	1	1.0
1380	6535	1	1.0
1381	6536	1	1.0
2217	6536	1	1.0
2260	6536	1	1.0
2414	6536	1	1.0
1382	6537	1	1.0
1382	6538	1	1.0
1383	6539	1	1.0
1383	6540	1	1.0
1383	6541	1	1.0
1383	6542	1	1.0
1403	6542	1	1.0
1384	6543	1	1.0
2214	6543	1	1.0
2335	6543	1	1.0
2496	6543	1	1.0
1384	6544	1	1.0
2214	6544	1	1.0
1387	6545	1	1.0
1387	6546	1	1.0
1387	6547	1	1.0
1387	6548	1	1.0
1457	6548	1	1.0
1617	6548	1	1.0
1387	6549	1	1.0
1457	6549	1	1.0
2529	6549	1	1.0
1389	6550	1	1.0
1389	6551	1	1.0
1390	6552	1	1.0
1390	6553	1	1.0
1391	6554	1	1.0
1391	6555	1	1.0
1391	6556	1	1.0
1391	6557	1	1.0
1391	6558	1	1.0
1392	6559	1	1.0
1392	6560	1	1.0
1392	6561	1	1.0
2067	6561	1	1.0
1392	6562	1	1.0
1392	6563	1	1.0
1392	6564	1	1.0
1392	6565	1	1.0
1392	6566	1	1.0
2067	6566	1	1.0
1392	6567	1	1.0
1393	6568	1	1.0
2390	6568	1	1.0
1394	6569	1	1.0
1707	6569	1	1.0
1394	6570	1	1.0
1394	6571	1	1.0
1707	6571	1	1.0
1394	6572	1	1.0
1394	6573	1	1.0
1394	6574	1	1.0
1394	6575	1	1.0
1707	6575	1	1.0
1395	6576	1	1.0
1395	6577	1	1.0
1396	6578	1	1.0
1396	6579	1	1.0
1396	6580	1	1.0
1397	6581	1	1.0
1468	6581	1	1.0
1397	6582	1	1.0
1398	6583	1	1.0
1398	6584	1	1.0
1398	6585	1	1.0
1398	6586	1	1.0
1398	6587	1	1.0
1398	6588	1	1.0
1399	6589	1	1.0
1636	6589	1	1.0
1399	6590	1	1.0
1399	6591	1	1.0
1400	6592	1	1.0
1402	6593	1	1.0
1646	6593	1	1.0
1402	6594	1	1.0
1402	6595	1	1.0
1402	6596	1	1.0
1646	6596	1	1.0
1403	6597	1	1.0
1403	6598	1	1.0
1406	6599	1	1.0
1406	6600	1	1.0
1406	6601	1	1.0
1406	6602	1	1.0
1407	6603	1	1.0
2471	6603	1	1.0
1407	6604	1	1.0
2471	6604	1	1.0
1408	6605	1	1.0
2643	6605	1	1.0
1408	6606	1	1.0
1408	6607	1	1.0
1409	6608	1	1.0
1409	6609	1	1.0
1409	6610	1	1.0
1410	6611	1	1.0
1410	6612	1	1.0
1410	6613	1	1.0
1411	6614	1	1.0
1411	6615	1	1.0
1412	6616	1	1.0
1412	6617	1	1.0
1413	6618	1	1.0
1413	6619	1	1.0
2678	6619	1	1.0
1413	6620	1	1.0
1414	6621	1	1.0
1414	6622	1	1.0
1573	6622	1	1.0
1616	6622	1	1.0
1414	6623	1	1.0
1415	6624	1	1.0
1415	6625	1	1.0
1415	6626	1	1.0
1415	6627	1	1.0
1415	6628	1	1.0
1415	6629	1	1.0
1415	6630	1	1.0
1970	6630	1	1.0
1415	6631	1	1.0
2843	6631	1	1.0
1415	6632	1	1.0
1970	6632	1	1.0
2843	6632	1	1.0
1416	6633	1	1.0
1416	6634	1	1.0
1417	6635	1	1.0
2516	6635	1	1.0
1419	6636	1	1.0
2301	6636	1	1.0
1419	6637	1	1.0
1420	6638	1	1.0
1421	6639	1	1.0
1421	6640	1	1.0
2747	6640	1	1.0
1421	6641	1	1.0
1422	6642	1	1.0
1423	6643	1	1.0
1734	6643	1	1.0
1423	6644	1	1.0
1424	6645	1	1.0
2715	6645	1	1.0
1424	6646	1	1.0
2220	6646	1	1.0
2715	6646	1	1.0
1425	6647	1	1.0
1425	6648	1	1.0
1426	6649	1	1.0
1427	6650	1	1.0
1428	6651	1	1.0
1428	6652	1	1.0
1840	6652	1	1.0
1428	6653	1	1.0
1428	6654	1	1.0
1428	6655	1	1.0
1428	6656	1	1.0
1428	6657	1	1.0
1428	6658	1	1.0
1428	6659	1	1.0
1428	6660	1	1.0
1428	6661	1	1.0
1840	6661	1	1.0
1428	6662	1	1.0
1428	6663	1	1.0
1428	6664	1	1.0
1428	6665	1	1.0
1428	6666	1	1.0
1840	6666	1	1.0
1428	6667	1	1.0
1429	6668	1	1.0
1429	6669	1	1.0
1429	6670	1	1.0
1429	6671	1	1.0
1430	6672	1	1.0
1430	6673	1	1.0
1431	6674	1	1.0
1431	6675	1	1.0
1432	6676	1	1.0
1939	6676	1	1.0
1432	6677	1	1.0
1939	6677	1	1.0
1433	6678	1	1.0
1433	6679	1	1.0
2272	6679	1	1.0
2811	6679	1	1.0
1433	6680	1	1.0
1433	6681	1	1.0
1433	6682	1	1.0
1433	6683	1	1.0
1433	6684	1	1.0
1434	6685	1	1.0
1435	6686	1	1.0
2630	6686	1	1.0
1435	6687	1	1.0
2515	6687	1	1.0
2630	6687	1	1.0
1435	6688	1	1.0
1435	6689	1	1.0
2863	6689	1	1.0
2879	6689	1	1.0
1435	6690	1	1.0
2879	6690	1	1.0
1436	6691	1	1.0
1437	6692	1	1.0
1437	6693	1	1.0
1437	6694	1	1.0
1438	6695	1	1.0
1438	6696	1	1.0
1438	6697	1	1.0
1439	6698	1	1.0
1440	6699	1	1.0
1440	6700	1	1.0
1440	6701	1	1.0
2017	6701	1	1.0
2689	6701	1	1.0
1441	6702	1	1.0
1441	6703	1	1.0
1442	6704	1	1.0
1443	6705	1	1.0
1443	6706	1	1.0
1444	6707	1	1.0
1445	6708	1	1.0
1445	6709	1	1.0
2263	6709	1	1.0
1445	6710	1	1.0
1445	6711	1	1.0
1446	6712	1	1.0
1446	6713	1	1.0
1447	6714	1	1.0
1447	6715	1	1.0
1447	6716	1	1.0
1448	6717	1	1.0
2324	6717	1	1.0
2522	6717	1	1.0
1448	6718	1	1.0
1450	6719	1	1.0
2415	6719	1	1.0
1451	6720	1	1.0
1451	6721	1	1.0
1490	6721	1	1.0
1452	6722	1	1.0
1452	6723	1	1.0
1452	6724	1	1.0
1452	6725	1	1.0
1453	6726	1	1.0
1453	6727	1	1.0
1455	6728	1	1.0
1455	6729	1	1.0
1563	6729	1	1.0
1456	6730	1	1.0
1458	6731	1	1.0
1458	6732	1	1.0
1458	6733	1	1.0
1459	6734	1	1.0
1459	6735	1	1.0
1459	6736	1	1.0
1459	6737	1	1.0
1459	6738	1	1.0
1460	6739	1	1.0
1460	6740	1	1.0
1460	6741	1	1.0
1462	6742	1	1.0
1462	6743	1	1.0
1886	6743	1	1.0
2065	6743	1	1.0
2597	6743	1	1.0
1463	6744	1	1.0
1463	6745	1	1.0
1463	6746	1	1.0
1464	6747	1	1.0
1465	6748	1	1.0
1465	6749	1	1.0
1465	6750	1	1.0
1466	6751	1	1.0
1466	6752	1	1.0
1466	6753	1	1.0
1466	6754	1	1.0
1467	6755	1	1.0
1467	6756	1	1.0
1468	6757	1	1.0
2667	6757	1	1.0
1468	6758	1	1.0
2667	6758	1	1.0
1468	6759	1	1.0
1469	6760	1	1.0
2401	6760	1	1.0
1469	6761	1	1.0
1469	6762	1	1.0
1470	6763	1	1.0
1470	6764	1	1.0
2112	6764	1	1.0
1471	6765	1	1.0
1472	6766	1	1.0
1472	6767	1	1.0
1472	6768	1	1.0
2491	6768	1	1.0
1472	6769	1	1.0
1473	6770	1	1.0
1473	6771	1	1.0
1473	6772	1	1.0
1474	6773	1	1.0
1474	6774	1	1.0
1641	6774	1	1.0
1474	6775	1	1.0
1641	6775	1	1.0
1905	6775	1	1.0
1475	6776	1	1.0
1475	6777	1	1.0
1476	6778	1	1.0
1476	6779	1	1.0
1477	6780	1	1.0
1478	6781	1	1.0
2442	6781	1	1.0
1478	6782	1	1.0
1478	6783	1	1.0
1479	6784	1	1.0
1480	6785	1	1.0
1480	6786	1	1.0
1480	6787	1	1.0
1480	6788	1	1.0
1481	6789	1	1.0
1482	6790	1	1.0
1482	6791	1	1.0
1547	6791	1	1.0
1483	6792	1	1.0
1484	6793	1	1.0
2296	6793	1	1.0
1484	6794	1	1.0
1484	6795	1	1.0
1484	6796	1	1.0
1485	6797	1	1.0
1485	6798	1	1.0
1485	6799	1	1.0
1486	6800	1	1.0
1967	6800	1	1.0
1487	6801	1	1.0
1487	6802	1	1.0
1489	6803	1	1.0
1520	6803	1	1.0
2191	6803	1	1.0
1490	6804	1	1.0
1490	6805	1	1.0
1491	6806	1	1.0
1491	6807	1	1.0
1492	6808	1	1.0
1493	6809	1	1.0
1493	6810	1	1.0
1493	6811	1	1.0
1493	6812	1	1.0
1493	6813	1	1.0
1493	6814	1	1.0
1494	6815	1	1.0
1494	6816	1	1.0
2486	6816	1	1.0
1494	6817	1	1.0
2486	6817	1	1.0
1496	6818	1	1.0
2324	6818	1	1.0
1496	6819	1	1.0
1496	6820	1	1.0
1496	6821	1	1.0
1497	6822	1	1.0
1498	6823	1	1.0
1499	6824	1	1.0
1500	6825	1	1.0
1500	6826	1	1.0
1585	6826	1	1.0
1730	6826	1	1.0
1500	6827	1	1.0
1730	6827	1	1.0
1501	6828	1	1.0
1501	6829	1	1.0
1501	6830	1	1.0
2363	6830	1	1.0
1501	6831	1	1.0
2363	6831	1	1.0
1501	6832	1	1.0
1502	6833	1	1.0
2791	6833	1	1.0
1502	6834	1	1.0
1502	6835	1	1.0
1503	6836	1	1.0
1820	6836	1	1.0
1503	6837	1	1.0
1820	6837	1	1.0
1503	6838	1	1.0
1503	6839	1	1.0
1503	6840	1	1.0
1504	6841	1	1.0
1504	6842	1	1.0
2015	6842	1	1.0
2447	6842	1	1.0
1505	6843	1	1.0
1505	6844	1	1.0
1506	6845	1	1.0
1506	6846	1	1.0
1506	6847	1	1.0
1944	6847	1	1.0
1507	6848	1	1.0
1507	6849	1	1.0
1507	6850	1	1.0
1507	6851	1	1.0
1508	6852	1	1.0
1509	6853	1	1.0
1509	6854	1	1.0
1509	6855	1	1.0
1510	6856	1	1.0
1981	6856	1	1.0
1510	6857	1	1.0
1510	6858	1	1.0
1510	6859	1	1.0
1511	6860	1	1.0
1512	6861	1	1.0
1512	6862	1	1.0
1512	6863	1	1.0
1512	6864	1	1.0
1513	6865	1	1.0
1513	6866	1	1.0
1513	6867	1	1.0
1514	6868	1	1.0
1514	6869	1	1.0
1515	6870	1	1.0
1515	6871	1	1.0
1515	6872	1	1.0
1528	6872	1	1.0
1681	6872	1	1.0
2732	6872	1	1.0
2873	6872	1	1.0
1516	6873	1	1.0
1524	6873	1	1.0
1517	6874	1	1.0
1517	6875	1	1.0
1519	6876	1	1.0
1520	6877	1	1.0
1520	6878	1	1.0
1521	6879	1	1.0
1521	6880	1	1.0
1521	6881	1	1.0
1522	6882	1	1.0
1523	6883	1	1.0
1523	6884	1	1.0
1523	6885	1	1.0
2593	6885	1	1.0
1523	6886	1	1.0
1617	6886	1	1.0
1524	6887	1	1.0
2147	6887	1	1.0
2649	6887	1	1.0
1525	6888	1	1.0
1525	6889	1	1.0
1527	6890	1	1.0
1528	6891	1	1.0
1529	6892	1	1.0
1529	6893	1	1.0
1529	6894	1	1.0
1530	6895	1	1.0
1531	6896	1	1.0
1531	6897	1	1.0
1531	6898	1	1.0
1531	6899	1	1.0
1532	6900	1	1.0
1533	6901	1	1.0
1899	6901	1	1.0
2442	6901	1	1.0
2637	6901	1	1.0
1533	6902	1	1.0
1533	6903	1	1.0
1533	6904	1	1.0
1533	6905	1	1.0
1533	6906	1	1.0
1534	6907	1	1.0
1534	6908	1	1.0
1535	6909	1	1.0
2158	6909	1	1.0
1535	6910	1	1.0
2158	6910	1	1.0
2648	6910	1	1.0
1536	6911	1	1.0
1536	6912	1	1.0
1537	6913	1	1.0
1538	6914	1	1.0
1538	6915	1	1.0
1538	6916	1	1.0
1541	6917	1	1.0
1541	6918	1	1.0
1541	6919	1	1.0
1541	6920	1	1.0
2166	6920	1	1.0
1542	6921	1	1.0
1543	6922	1	1.0
1768	6922	1	1.0
1543	6923	1	1.0
1543	6924	1	1.0
1544	6925	1	1.0
1544	6926	1	1.0
1544	6927	1	1.0
1544	6928	1	1.0
1545	6929	1	1.0
1546	6930	1	1.0
1757	6930	1	1.0
1547	6931	1	1.0
1548	6932	1	1.0
1548	6933	1	1.0
1549	6934	1	1.0
1549	6935	1	1.0
1549	6936	1	1.0
1550	6937	1	1.0
1550	6938	1	1.0
1550	6939	1	1.0
1551	6940	1	1.0
2177	6940	1	1.0
1551	6941	1	1.0
2462	6941	1	1.0
1552	6942	1	1.0
1552	6943	1	1.0
1552	6944	1	1.0
1552	6945	1	1.0
2384	6945	1	1.0
1553	6946	1	1.0
1553	6947	1	1.0
1553	6948	1	1.0
1554	6949	1	1.0
1555	6950	1	1.0
1555	6951	1	1.0
1555	6952	1	1.0
1555	6953	1	1.0
1556	6954	1	1.0
1556	6955	1	1.0
1558	6956	1	1.0
1558	6957	1	1.0
1559	6958	1	1.0
1559	6959	1	1.0
1559	6960	1	1.0
2460	6960	1	1.0
1559	6961	1	1.0
2460	6961	1	1.0
1559	6962	1	1.0
1561	6963	1	1.0
1562	6964	1	1.0
1563	6965	1	1.0
1563	6966	1	1.0
1564	6967	1	1.0
1564	6968	1	1.0
1564	6969	1	1.0
1564	6970	1	1.0
1564	6971	1	1.0
1564	6972	1	1.0
1565	6973	1	1.0
1565	6974	1	1.0
1565	6975	1	1.0
1565	6976	1	1.0
1566	6977	1	1.0
1663	6977	1	1.0
1567	6978	1	1.0
1567	6979	1	1.0
1567	6980	1	1.0
1567	6981	1	1.0
1569	6982	1	1.0
1569	6983	1	1.0
1569	6984	1	1.0
1570	6985	1	1.0
1570	6986	1	1.0
1571	6987	1	1.0
2563	6987	1	1.0
1571	6988	1	1.0
2563	6988	1	1.0
1573	6989	1	1.0
1573	6990	1	1.0
1576	6991	1	1.0
1576	6992	1	1.0
1576	6993	1	1.0
1577	6994	1	1.0
1578	6995	1	1.0
1580	6996	1	1.0
1580	6997	1	1.0
1580	6998	1	1.0
1581	6999	1	1.0
1581	7000	1	1.0
1582	7001	1	1.0
1583	7002	1	1.0
1583	7003	1	1.0
1584	7004	1	1.0
1584	7005	1	1.0
1584	7006	1	1.0
1586	7007	1	1.0
1586	7008	1	1.0
1587	7009	1	1.0
1588	7010	1	1.0
1822	7010	1	1.0
1589	7011	1	1.0
2720	7011	1	1.0
1590	7012	1	1.0
2728	7012	1	1.0
1590	7013	1	1.0
2701	7013	1	1.0
1591	7014	1	1.0
1592	7015	1	1.0
1593	7016	1	1.0
1593	7017	1	1.0
1873	7017	1	1.0
1594	7018	1	1.0
1595	7019	1	1.0
1596	7020	1	1.0
1596	7021	1	1.0
1596	7022	1	1.0
1597	7023	1	1.0
1597	7024	1	1.0
1597	7025	1	1.0
1597	7026	1	1.0
1598	7027	1	1.0
1598	7028	1	1.0
2836	7028	1	1.0
1598	7029	1	1.0
1598	7030	1	1.0
1599	7031	1	1.0
1601	7032	1	1.0
1601	7033	1	1.0
1601	7034	1	1.0
1601	7035	1	1.0
1601	7036	1	1.0
1602	7037	1	1.0
1603	7038	1	1.0
1603	7039	1	1.0
1603	7040	1	1.0
1604	7041	1	1.0
1604	7042	1	1.0
1604	7043	1	1.0
2619	7043	1	1.0
2687	7043	1	1.0
1604	7044	1	1.0
1604	7045	1	1.0
2619	7045	1	1.0
1604	7046	1	1.0
1605	7047	1	1.0
1654	7047	1	1.0
1766	7047	1	1.0
2452	7047	1	1.0
1606	7048	1	1.0
1606	7049	1	1.0
1608	7050	1	1.0
2338	7050	1	1.0
2620	7050	1	1.0
1608	7051	1	1.0
1609	7052	1	1.0
1610	7053	1	1.0
1610	7054	1	1.0
1610	7055	1	1.0
1610	7056	1	1.0
1610	7057	1	1.0
1610	7058	1	1.0
1668	7058	1	1.0
1612	7059	1	1.0
1612	7060	1	1.0
1613	7061	1	1.0
1613	7062	1	1.0
1613	7063	1	1.0
1613	7064	1	1.0
1614	7065	1	1.0
2193	7065	1	1.0
1615	7066	1	1.0
1615	7067	1	1.0
1696	7067	1	1.0
1616	7068	1	1.0
1617	7069	1	1.0
1617	7070	1	1.0
1617	7071	1	1.0
1618	7072	1	1.0
1618	7073	1	1.0
1619	7074	1	1.0
1619	7075	1	1.0
1619	7076	1	1.0
1620	7077	1	1.0
1621	7078	1	1.0
1622	7079	1	1.0
1623	7080	1	1.0
1623	7081	1	1.0
1623	7082	1	1.0
1624	7083	1	1.0
2672	7083	1	1.0
1625	7084	1	1.0
1625	7085	1	1.0
1625	7086	1	1.0
2642	7086	1	1.0
1626	7087	1	1.0
1648	7087	1	1.0
1915	7087	1	1.0
2085	7087	1	1.0
2321	7087	1	1.0
2459	7087	1	1.0
2525	7087	1	1.0
2561	7087	1	1.0
1627	7088	1	1.0
2866	7088	1	1.0
1628	7089	1	1.0
1629	7090	1	1.0
1629	7091	1	1.0
1630	7092	1	1.0
1630	7093	1	1.0
1630	7094	1	1.0
1631	7095	1	1.0
1631	7096	1	1.0
1631	7097	1	1.0
1632	7098	1	1.0
1632	7099	1	1.0
1632	7100	1	1.0
1632	7101	1	1.0
1633	7102	1	1.0
2135	7102	1	1.0
2611	7102	1	1.0
1634	7103	1	1.0
1636	7104	1	1.0
1636	7105	1	1.0
1636	7106	1	1.0
1692	7106	1	1.0
1636	7107	1	1.0
1692	7107	1	1.0
1637	7108	1	1.0
1637	7109	1	1.0
1638	7110	1	1.0
1639	7111	1	1.0
2020	7111	1	1.0
1639	7112	1	1.0
1639	7113	1	1.0
1639	7114	1	1.0
1639	7115	1	1.0
1639	7116	1	1.0
1639	7117	1	1.0
1639	7118	1	1.0
1676	7118	1	1.0
2020	7118	1	1.0
1639	7119	1	1.0
1639	7120	1	1.0
2020	7120	1	1.0
1639	7121	1	1.0
1640	7122	1	1.0
1641	7123	1	1.0
1642	7124	1	1.0
1657	7124	1	1.0
1697	7124	1	1.0
1642	7125	1	1.0
1642	7126	1	1.0
1657	7126	1	1.0
1697	7126	1	1.0
1642	7127	1	1.0
1642	7128	1	1.0
1657	7128	1	1.0
1697	7128	1	1.0
1642	7129	1	1.0
1643	7130	1	1.0
1643	7131	1	1.0
1643	7132	1	1.0
1643	7133	1	1.0
1643	7134	1	1.0
1643	7135	1	1.0
1644	7136	1	1.0
1647	7137	1	1.0
1647	7138	1	1.0
1647	7139	1	1.0
1647	7140	1	1.0
1647	7141	1	1.0
1647	7142	1	1.0
1647	7143	1	1.0
1647	7144	1	1.0
1647	7145	1	1.0
1647	7146	1	1.0
1647	7147	1	1.0
1647	7148	1	1.0
1647	7149	1	1.0
1649	7150	1	1.0
1650	7151	1	1.0
1651	7152	1	1.0
1651	7153	1	1.0
2107	7153	1	1.0
1651	7154	1	1.0
1651	7155	1	1.0
1652	7156	1	1.0
2054	7156	1	1.0
1652	7157	1	1.0
2054	7157	1	1.0
1652	7158	1	1.0
1653	7159	1	1.0
2293	7159	1	1.0
2784	7159	1	1.0
1653	7160	1	1.0
1653	7161	1	1.0
2293	7161	1	1.0
2784	7161	1	1.0
1653	7162	1	1.0
2293	7162	1	1.0
2784	7162	1	1.0
1653	7163	1	1.0
1653	7164	1	1.0
1654	7165	1	1.0
1766	7165	1	1.0
1654	7166	1	1.0
1766	7166	1	1.0
1966	7166	1	1.0
2063	7166	1	1.0
2452	7166	1	1.0
1655	7167	1	1.0
1655	7168	1	1.0
1655	7169	1	1.0
1656	7170	1	1.0
1656	7171	1	1.0
1657	7172	1	1.0
1697	7172	1	1.0
1657	7173	1	1.0
1697	7173	1	1.0
1657	7174	1	1.0
1697	7174	1	1.0
1658	7175	1	1.0
1835	7175	1	1.0
1658	7176	1	1.0
1658	7177	1	1.0
2497	7177	1	1.0
1660	7178	1	1.0
1660	7179	1	1.0
2629	7179	1	1.0
1660	7180	1	1.0
1661	7181	1	1.0
2073	7181	1	1.0
2848	7181	1	1.0
1661	7182	1	1.0
1661	7183	1	1.0
2073	7183	1	1.0
1661	7184	1	1.0
1662	7185	1	1.0
2744	7185	1	1.0
1662	7186	1	1.0
1662	7187	1	1.0
1662	7188	1	1.0
1663	7189	1	1.0
1665	7190	1	1.0
1666	7191	1	1.0
1667	7192	1	1.0
1667	7193	1	1.0
1667	7194	1	1.0
1668	7195	1	1.0
1668	7196	1	1.0
1669	7197	1	1.0
1669	7198	1	1.0
1972	7198	1	1.0
1670	7199	1	1.0
1670	7200	1	1.0
1671	7201	1	1.0
1672	7202	1	1.0
2440	7202	1	1.0
1673	7203	1	1.0
1674	7204	1	1.0
1674	7205	1	1.0
1675	7206	1	1.0
1675	7207	1	1.0
1675	7208	1	1.0
2108	7208	1	1.0
1675	7209	1	1.0
1965	7209	1	1.0
2108	7209	1	1.0
1676	7210	1	1.0
1676	7211	1	1.0
2509	7211	1	1.0
1676	7212	1	1.0
1677	7213	1	1.0
2790	7213	1	1.0
1677	7214	1	1.0
1677	7215	1	1.0
1677	7216	1	1.0
1678	7217	1	1.0
1678	7218	1	1.0
2826	7218	1	1.0
1679	7219	1	1.0
2290	7219	1	1.0
1679	7220	1	1.0
1679	7221	1	1.0
1680	7222	1	1.0
1680	7223	1	1.0
1682	7224	1	1.0
1682	7225	1	1.0
1682	7226	1	1.0
1684	7227	1	1.0
1684	7228	1	1.0
1684	7229	1	1.0
1685	7230	1	1.0
1685	7231	1	1.0
1685	7232	1	1.0
1686	7233	1	1.0
1686	7234	1	1.0
1686	7235	1	1.0
1686	7236	1	1.0
1688	7237	1	1.0
1688	7238	1	1.0
1688	7239	1	1.0
1689	7240	1	1.0
1689	7241	1	1.0
1689	7242	1	1.0
1689	7243	1	1.0
1691	7244	1	1.0
1691	7245	1	1.0
1691	7246	1	1.0
1691	7247	1	1.0
1693	7248	1	1.0
1693	7249	1	1.0
1694	7250	1	1.0
2804	7250	1	1.0
1694	7251	1	1.0
2804	7251	1	1.0
1694	7252	1	1.0
1695	7253	1	1.0
1696	7254	1	1.0
1696	7255	1	1.0
2814	7255	1	1.0
1698	7256	1	1.0
1698	7257	1	1.0
1699	7258	1	1.0
1699	7259	1	1.0
1700	7260	1	1.0
1700	7261	1	1.0
1701	7262	1	1.0
1701	7263	1	1.0
1701	7264	1	1.0
1701	7265	1	1.0
1702	7266	1	1.0
1702	7267	1	1.0
1702	7268	1	1.0
1703	7269	1	1.0
2073	7269	1	1.0
2223	7269	1	1.0
1703	7270	1	1.0
1705	7271	1	1.0
1705	7272	1	1.0
1707	7273	1	1.0
1708	7274	1	1.0
1708	7275	1	1.0
1708	7276	1	1.0
1708	7277	1	1.0
1709	7278	1	1.0
1709	7279	1	1.0
1709	7280	1	1.0
1709	7281	1	1.0
1710	7282	1	1.0
1710	7283	1	1.0
1711	7284	1	1.0
1997	7284	1	1.0
1711	7285	1	1.0
1712	7286	1	1.0
1784	7286	1	1.0
1712	7287	1	1.0
1948	7287	1	1.0
1713	7288	1	1.0
1713	7289	1	1.0
1714	7290	1	1.0
1714	7291	1	1.0
1714	7292	1	1.0
1714	7293	1	1.0
1715	7294	1	1.0
1715	7295	1	1.0
1716	7296	1	1.0
1717	7297	1	1.0
1717	7298	1	1.0
1718	7299	1	1.0
2793	7299	1	1.0
1718	7300	1	1.0
1718	7301	1	1.0
2793	7301	1	1.0
1718	7302	1	1.0
1718	7303	1	1.0
1718	7304	1	1.0
1718	7305	1	1.0
1718	7306	1	1.0
1718	7307	1	1.0
1718	7308	1	1.0
1721	7309	1	1.0
1721	7310	1	1.0
1721	7311	1	1.0
1721	7312	1	1.0
1721	7313	1	1.0
1722	7314	1	1.0
1722	7315	1	1.0
1722	7316	1	1.0
1722	7317	1	1.0
1724	7318	1	1.0
1724	7319	1	1.0
1724	7320	1	1.0
1724	7321	1	1.0
1725	7322	1	1.0
1725	7323	1	1.0
1726	7324	1	1.0
2041	7324	1	1.0
1726	7325	1	1.0
1872	7325	1	1.0
1726	7326	1	1.0
1726	7327	1	1.0
1727	7328	1	1.0
1727	7329	1	1.0
1727	7330	1	1.0
1727	7331	1	1.0
1727	7332	1	1.0
1728	7333	1	1.0
1728	7334	1	1.0
1729	7335	1	1.0
1729	7336	1	1.0
1729	7337	1	1.0
1729	7338	1	1.0
1729	7339	1	1.0
1729	7340	1	1.0
1729	7341	1	1.0
1729	7342	1	1.0
1730	7343	1	1.0
1731	7344	1	1.0
1732	7345	1	1.0
2622	7345	1	1.0
1733	7346	1	1.0
1734	7347	1	1.0
1735	7348	1	1.0
1735	7349	1	1.0
1735	7350	1	1.0
1736	7351	1	1.0
1904	7351	1	1.0
1736	7352	1	1.0
2124	7352	1	1.0
2437	7352	1	1.0
2613	7352	1	1.0
1736	7353	1	1.0
2613	7353	1	1.0
1736	7354	1	1.0
2124	7354	1	1.0
1737	7355	1	1.0
2123	7355	1	1.0
1738	7356	1	1.0
1738	7357	1	1.0
2468	7357	1	1.0
1738	7358	1	1.0
2032	7358	1	1.0
1738	7359	1	1.0
1738	7360	1	1.0
1739	7361	1	1.0
1740	7362	1	1.0
1741	7363	1	1.0
1742	7364	1	1.0
1742	7365	1	1.0
1744	7366	1	1.0
1758	7366	1	1.0
1890	7366	1	1.0
2165	7366	1	1.0
1744	7367	1	1.0
1758	7367	1	1.0
1890	7367	1	1.0
2165	7367	1	1.0
1745	7368	1	1.0
1745	7369	1	1.0
1745	7370	1	1.0
1746	7371	1	1.0
1747	7372	1	1.0
2423	7372	1	1.0
2435	7372	1	1.0
2858	7372	1	1.0
1747	7373	1	1.0
1979	7373	1	1.0
2423	7373	1	1.0
2435	7373	1	1.0
2514	7373	1	1.0
2655	7373	1	1.0
2858	7373	1	1.0
1748	7374	1	1.0
1748	7375	1	1.0
1748	7376	1	1.0
1749	7377	1	1.0
1749	7378	1	1.0
1750	7379	1	1.0
1751	7380	1	1.0
1751	7381	1	1.0
1752	7382	1	1.0
1752	7383	1	1.0
2174	7383	1	1.0
1752	7384	1	1.0
1753	7385	1	1.0
1753	7386	1	1.0
1754	7387	1	1.0
1852	7387	1	1.0
1755	7388	1	1.0
1755	7389	1	1.0
1756	7390	1	1.0
1756	7391	1	1.0
1757	7392	1	1.0
1759	7393	1	1.0
1759	7394	1	1.0
1759	7395	1	1.0
1760	7396	1	1.0
1761	7397	1	1.0
1762	7398	1	1.0
1815	7398	1	1.0
1978	7398	1	1.0
1762	7399	1	1.0
1815	7399	1	1.0
1978	7399	1	1.0
1763	7400	1	1.0
1763	7401	1	1.0
1764	7402	1	1.0
1764	7403	1	1.0
1765	7404	1	1.0
1765	7405	1	1.0
1765	7406	1	1.0
1765	7407	1	1.0
1767	7408	1	1.0
1767	7409	1	1.0
1767	7410	1	1.0
1768	7411	1	1.0
1768	7412	1	1.0
2732	7412	1	1.0
1769	7413	1	1.0
1769	7414	1	1.0
1770	7415	1	1.0
1770	7416	1	1.0
2657	7416	1	1.0
1770	7417	1	1.0
1771	7418	1	1.0
1772	7419	1	1.0
1773	7420	1	1.0
1773	7421	1	1.0
2748	7421	1	1.0
1774	7422	1	1.0
1775	7423	1	1.0
1775	7424	1	1.0
2174	7424	1	1.0
1776	7425	1	1.0
1776	7426	1	1.0
1776	7427	1	1.0
1776	7428	1	1.0
1777	7429	1	1.0
1778	7430	1	1.0
1778	7431	1	1.0
1781	7432	1	1.0
1781	7433	1	1.0
1781	7434	1	1.0
1781	7435	1	1.0
1782	7436	1	1.0
1782	7437	1	1.0
1782	7438	1	1.0
1783	7439	1	1.0
1783	7440	1	1.0
1784	7441	1	1.0
1784	7442	1	1.0
1784	7443	1	1.0
1785	7444	1	1.0
1786	7445	1	1.0
1786	7446	1	1.0
1786	7447	1	1.0
1786	7448	1	1.0
1787	7449	1	1.0
1787	7450	1	1.0
1788	7451	1	1.0
1788	7452	1	1.0
1789	7453	1	1.0
1789	7454	1	1.0
1789	7455	1	1.0
1791	7456	1	1.0
1792	7457	1	1.0
1793	7458	1	1.0
1793	7459	1	1.0
1793	7460	1	1.0
1794	7461	1	1.0
1794	7462	1	1.0
1795	7463	1	1.0
1795	7464	1	1.0
1795	7465	1	1.0
1796	7466	1	1.0
1797	7467	1	1.0
1797	7468	1	1.0
1798	7469	1	1.0
1799	7470	1	1.0
1799	7471	1	1.0
1800	7472	1	1.0
1801	7473	1	1.0
1803	7474	1	1.0
1803	7475	1	1.0
1803	7476	1	1.0
1803	7477	1	1.0
1803	7478	1	1.0
1803	7479	1	1.0
1805	7480	1	1.0
1805	7481	1	1.0
1805	7482	1	1.0
1806	7483	1	1.0
2006	7483	1	1.0
1807	7484	1	1.0
1809	7485	1	1.0
1810	7486	1	1.0
1811	7487	1	1.0
1811	7488	1	1.0
1812	7489	1	1.0
2712	7489	1	1.0
1812	7490	1	1.0
1812	7491	1	1.0
1813	7492	1	1.0
1814	7493	1	1.0
2265	7493	1	1.0
1814	7494	1	1.0
1992	7494	1	1.0
2265	7494	1	1.0
2823	7494	1	1.0
2862	7494	1	1.0
1814	7495	1	1.0
1992	7495	1	1.0
2265	7495	1	1.0
2823	7495	1	1.0
2862	7495	1	1.0
1815	7496	1	1.0
1815	7497	1	1.0
1816	7498	1	1.0
1818	7499	1	1.0
1818	7500	1	1.0
1819	7501	1	1.0
1819	7502	1	1.0
1819	7503	1	1.0
1821	7504	1	1.0
1821	7505	1	1.0
2505	7505	1	1.0
1821	7506	1	1.0
1822	7507	1	1.0
2149	7507	1	1.0
2761	7507	1	1.0
1823	7508	1	1.0
1823	7509	1	1.0
1823	7510	1	1.0
1824	7511	1	1.0
1825	7512	1	1.0
1826	7513	1	1.0
2048	7513	1	1.0
2389	7513	1	1.0
1826	7514	1	1.0
1827	7515	1	1.0
1827	7516	1	1.0
1827	7517	1	1.0
1828	7518	1	1.0
1828	7519	1	1.0
1828	7520	1	1.0
1828	7521	1	1.0
1829	7522	1	1.0
1830	7523	1	1.0
1830	7524	1	1.0
2677	7524	1	1.0
1830	7525	1	1.0
1830	7526	1	1.0
1831	7527	1	1.0
1831	7528	1	1.0
1832	7529	1	1.0
1832	7530	1	1.0
1833	7531	1	1.0
1833	7532	1	1.0
1834	7533	1	1.0
1834	7534	1	1.0
2578	7534	1	1.0
1834	7535	1	1.0
1834	7536	1	1.0
1834	7537	1	1.0
1834	7538	1	1.0
2578	7538	1	1.0
1834	7539	1	1.0
2070	7539	1	1.0
2578	7539	1	1.0
1835	7540	1	1.0
1836	7541	1	1.0
1836	7542	1	1.0
1836	7543	1	1.0
1836	7544	1	1.0
1836	7545	1	1.0
1836	7546	1	1.0
1836	7547	1	1.0
1837	7548	1	1.0
1837	7549	1	1.0
1837	7550	1	1.0
1838	7551	1	1.0
1839	7552	1	1.0
1839	7553	1	1.0
1839	7554	1	1.0
1839	7555	1	1.0
1839	7556	1	1.0
1841	7557	1	1.0
1841	7558	1	1.0
1842	7559	1	1.0
1842	7560	1	1.0
1844	7561	1	1.0
1844	7562	1	1.0
1845	7563	1	1.0
2180	7563	1	1.0
1845	7564	1	1.0
1846	7565	1	1.0
1846	7566	1	1.0
1847	7567	1	1.0
1847	7568	1	1.0
1848	7569	1	1.0
1848	7570	1	1.0
1848	7571	1	1.0
1848	7572	1	1.0
1848	7573	1	1.0
1848	7574	1	1.0
1850	7575	1	1.0
1851	7576	1	1.0
1851	7577	1	1.0
1852	7578	1	1.0
1853	7579	1	1.0
1853	7580	1	1.0
2878	7580	1	1.0
1854	7581	1	1.0
1854	7582	1	1.0
1855	7583	1	1.0
2184	7583	1	1.0
1855	7584	1	1.0
1855	7585	1	1.0
1856	7586	1	1.0
1856	7587	1	1.0
1857	7588	1	1.0
1857	7589	1	1.0
1857	7590	1	1.0
1858	7591	1	1.0
1859	7592	1	1.0
2105	7592	1	1.0
1860	7593	1	1.0
1981	7593	1	1.0
1861	7594	1	1.0
2268	7594	1	1.0
1861	7595	1	1.0
2268	7595	1	1.0
2480	7595	1	1.0
1862	7596	1	1.0
1862	7597	1	1.0
1863	7598	1	1.0
1864	7599	1	1.0
1864	7600	1	1.0
1865	7601	1	1.0
1865	7602	1	1.0
2005	7602	1	1.0
1865	7603	1	1.0
2005	7603	1	1.0
1866	7604	1	1.0
1867	7605	1	1.0
1867	7606	1	1.0
1868	7607	1	1.0
1868	7608	1	1.0
1869	7609	1	1.0
1871	7610	1	1.0
2800	7610	1	1.0
1873	7611	1	1.0
1875	7612	1	1.0
1875	7613	1	1.0
2053	7613	1	1.0
1877	7614	1	1.0
1878	7615	1	1.0
1878	7616	1	1.0
1879	7617	1	1.0
1879	7618	1	1.0
1879	7619	1	1.0
1879	7620	1	1.0
1880	7621	1	1.0
1880	7622	1	1.0
1880	7623	1	1.0
1881	7624	1	1.0
2669	7624	1	1.0
1881	7625	1	1.0
1881	7626	1	1.0
1882	7627	1	1.0
1882	7628	1	1.0
1882	7629	1	1.0
1885	7630	1	1.0
1885	7631	1	1.0
1885	7632	1	1.0
1885	7633	1	1.0
1886	7634	1	1.0
1887	7635	1	1.0
1887	7636	1	1.0
2456	7636	1	1.0
2619	7636	1	1.0
1887	7637	1	1.0
1887	7638	1	1.0
1888	7639	1	1.0
1889	7640	1	1.0
1889	7641	1	1.0
1891	7642	1	1.0
1891	7643	1	1.0
2556	7643	1	1.0
2659	7643	1	1.0
2720	7643	1	1.0
1893	7644	1	1.0
1894	7645	1	1.0
1895	7646	1	1.0
1896	7647	1	1.0
1897	7648	1	1.0
1897	7649	1	1.0
1898	7650	1	1.0
1898	7651	1	1.0
1900	7652	1	1.0
1900	7653	1	1.0
1900	7654	1	1.0
1900	7655	1	1.0
1900	7656	1	1.0
1900	7657	1	1.0
1900	7658	1	1.0
1900	7659	1	1.0
1900	7660	1	1.0
1902	7661	1	1.0
2549	7661	1	1.0
1903	7662	1	1.0
1905	7663	1	1.0
1906	7664	1	1.0
1906	7665	1	1.0
1907	7666	1	1.0
1908	7667	1	1.0
1908	7668	1	1.0
1909	7669	1	1.0
1909	7670	1	1.0
1910	7671	1	1.0
1910	7672	1	1.0
1910	7673	1	1.0
1910	7674	1	1.0
1911	7675	1	1.0
1912	7676	1	1.0
1912	7677	1	1.0
1914	7678	1	1.0
1914	7679	1	1.0
1914	7680	1	1.0
1951	7680	1	1.0
2099	7680	1	1.0
2498	7680	1	1.0
1916	7681	1	1.0
1916	7682	1	1.0
1917	7683	1	1.0
1918	7684	1	1.0
1918	7685	1	1.0
1918	7686	1	1.0
1919	7687	1	1.0
2184	7687	1	1.0
1919	7688	1	1.0
1920	7689	1	1.0
1920	7690	1	1.0
1922	7691	1	1.0
1922	7692	1	1.0
1923	7693	1	1.0
1924	7694	1	1.0
2750	7694	1	1.0
1924	7695	1	1.0
2750	7695	1	1.0
1925	7696	1	1.0
1925	7697	1	1.0
1925	7698	1	1.0
1925	7699	1	1.0
1925	7700	1	1.0
1926	7701	1	1.0
2525	7701	1	1.0
1926	7702	1	1.0
1928	7703	1	1.0
1928	7704	1	1.0
1928	7705	1	1.0
1929	7706	1	1.0
1929	7707	1	1.0
2758	7707	1	1.0
1930	7708	1	1.0
1931	7709	1	1.0
1931	7710	1	1.0
1932	7711	1	1.0
1932	7712	1	1.0
1932	7713	1	1.0
1932	7714	1	1.0
1932	7715	1	1.0
1932	7716	1	1.0
1933	7717	1	1.0
1933	7718	1	1.0
2506	7718	1	1.0
1934	7719	1	1.0
1934	7720	1	1.0
1966	7720	1	1.0
1936	7721	1	1.0
1936	7722	1	1.0
1936	7723	1	1.0
1936	7724	1	1.0
1936	7725	1	1.0
1936	7726	1	1.0
1936	7727	1	1.0
1936	7728	1	1.0
1936	7729	1	1.0
1936	7730	1	1.0
1937	7731	1	1.0
1938	7732	1	1.0
2104	7732	1	1.0
2148	7732	1	1.0
1938	7733	1	1.0
1938	7734	1	1.0
1939	7735	1	1.0
1940	7736	1	1.0
1940	7737	1	1.0
1943	7738	1	1.0
2510	7738	1	1.0
1943	7739	1	1.0
2510	7739	1	1.0
1944	7740	1	1.0
2734	7740	1	1.0
1945	7741	1	1.0
1945	7742	1	1.0
1946	7743	1	1.0
1946	7744	1	1.0
1946	7745	1	1.0
1947	7746	1	1.0
1947	7747	1	1.0
1947	7748	1	1.0
1947	7749	1	1.0
1947	7750	1	1.0
1947	7751	1	1.0
1947	7752	1	1.0
1947	7753	1	1.0
1947	7754	1	1.0
1947	7755	1	1.0
1947	7756	1	1.0
1947	7757	1	1.0
1949	7758	1	1.0
1949	7759	1	1.0
1951	7760	1	1.0
2665	7760	1	1.0
1951	7761	1	1.0
1951	7762	1	1.0
1953	7763	1	1.0
2243	7763	1	1.0
1954	7764	1	1.0
1954	7765	1	1.0
1954	7766	1	1.0
1955	7767	1	1.0
1955	7768	1	1.0
1956	7769	1	1.0
1956	7770	1	1.0
1956	7771	1	1.0
2671	7771	1	1.0
1957	7772	1	1.0
1958	7773	1	1.0
1958	7774	1	1.0
1959	7775	1	1.0
1959	7776	1	1.0
1960	7777	1	1.0
1960	7778	1	1.0
1960	7779	1	1.0
1960	7780	1	1.0
1960	7781	1	1.0
1960	7782	1	1.0
1960	7783	1	1.0
1960	7784	1	1.0
1960	7785	1	1.0
1960	7786	1	1.0
1960	7787	1	1.0
1960	7788	1	1.0
1960	7789	1	1.0
1961	7790	1	1.0
1961	7791	1	1.0
1962	7792	1	1.0
1962	7793	1	1.0
1962	7794	1	1.0
1962	7795	1	1.0
1962	7796	1	1.0
1962	7797	1	1.0
1962	7798	1	1.0
1962	7799	1	1.0
1962	7800	1	1.0
1962	7801	1	1.0
1962	7802	1	1.0
1962	7803	1	1.0
1962	7804	1	1.0
1963	7805	1	1.0
1964	7806	1	1.0
1964	7807	1	1.0
1964	7808	1	1.0
1964	7809	1	1.0
1965	7810	1	1.0
1965	7811	1	1.0
1966	7812	1	1.0
2527	7812	1	1.0
1969	7813	1	1.0
1969	7814	1	1.0
1969	7815	1	1.0
1969	7816	1	1.0
1969	7817	1	1.0
1969	7818	1	1.0
1970	7819	1	1.0
1972	7820	1	1.0
1973	7821	1	1.0
1973	7822	1	1.0
1975	7823	1	1.0
1975	7824	1	1.0
1975	7825	1	1.0
1975	7826	1	1.0
1976	7827	1	1.0
1977	7828	1	1.0
1977	7829	1	1.0
1977	7830	1	1.0
1977	7831	1	1.0
1977	7832	1	1.0
1978	7833	1	1.0
1979	7834	1	1.0
2423	7834	1	1.0
1980	7835	1	1.0
1982	7836	1	1.0
1984	7837	1	1.0
1984	7838	1	1.0
1984	7839	1	1.0
1984	7840	1	1.0
1984	7841	1	1.0
1984	7842	1	1.0
1984	7843	1	1.0
1985	7844	1	1.0
1985	7845	1	1.0
1986	7846	1	1.0
1987	7847	1	1.0
1987	7848	1	1.0
1987	7849	1	1.0
1987	7850	1	1.0
1988	7851	1	1.0
1988	7852	1	1.0
1988	7853	1	1.0
1989	7854	1	1.0
1990	7855	1	1.0
2756	7855	1	1.0
1990	7856	1	1.0
1990	7857	1	1.0
2756	7857	1	1.0
1991	7858	1	1.0
1991	7859	1	1.0
1992	7860	1	1.0
2823	7860	1	1.0
1992	7861	1	1.0
2823	7861	1	1.0
2862	7861	1	1.0
1993	7862	1	1.0
1994	7863	1	1.0
1994	7864	1	1.0
1995	7865	1	1.0
1995	7866	1	1.0
1995	7867	1	1.0
1996	7868	1	1.0
2564	7868	1	1.0
1996	7869	1	1.0
2564	7869	1	1.0
1997	7870	1	1.0
1997	7871	1	1.0
1997	7872	1	1.0
1997	7873	1	1.0
1997	7874	1	1.0
1997	7875	1	1.0
1997	7876	1	1.0
1997	7877	1	1.0
1997	7878	1	1.0
1997	7879	1	1.0
1997	7880	1	1.0
1997	7881	1	1.0
1997	7882	1	1.0
1997	7883	1	1.0
1997	7884	1	1.0
1997	7885	1	1.0
1997	7886	1	1.0
1997	7887	1	1.0
1997	7888	1	1.0
1997	7889	1	1.0
1997	7890	1	1.0
1997	7891	1	1.0
1998	7892	1	1.0
1998	7893	1	1.0
1999	7894	1	1.0
1999	7895	1	1.0
1999	7896	1	1.0
1999	7897	1	1.0
2000	7898	1	1.0
2000	7899	1	1.0
2001	7900	1	1.0
2001	7901	1	1.0
2001	7902	1	1.0
2003	7903	1	1.0
2004	7904	1	1.0
2004	7905	1	1.0
2004	7906	1	1.0
2780	7906	1	1.0
2005	7907	1	1.0
2008	7908	1	1.0
2009	7909	1	1.0
2009	7910	1	1.0
2009	7911	1	1.0
2009	7912	1	1.0
2011	7913	1	1.0
2014	7914	1	1.0
2014	7915	1	1.0
2014	7916	1	1.0
2014	7917	1	1.0
2014	7918	1	1.0
2014	7919	1	1.0
2014	7920	1	1.0
2015	7921	1	1.0
2447	7921	1	1.0
2016	7922	1	1.0
2524	7922	1	1.0
2604	7922	1	1.0
2681	7922	1	1.0
2017	7923	1	1.0
2017	7924	1	1.0
2017	7925	1	1.0
2018	7926	1	1.0
2018	7927	1	1.0
2019	7928	1	1.0
2021	7929	1	1.0
2021	7930	1	1.0
2021	7931	1	1.0
2021	7932	1	1.0
2022	7933	1	1.0
2022	7934	1	1.0
2022	7935	1	1.0
2022	7936	1	1.0
2700	7936	1	1.0
2023	7937	1	1.0
2023	7938	1	1.0
2024	7939	1	1.0
2024	7940	1	1.0
2025	7941	1	1.0
2026	7942	1	1.0
2026	7943	1	1.0
2026	7944	1	1.0
2026	7945	1	1.0
2026	7946	1	1.0
2026	7947	1	1.0
2028	7948	1	1.0
2028	7949	1	1.0
2028	7950	1	1.0
2029	7951	1	1.0
2029	7952	1	1.0
2030	7953	1	1.0
2031	7954	1	1.0
2815	7954	1	1.0
2031	7955	1	1.0
2031	7956	1	1.0
2031	7957	1	1.0
2032	7958	1	1.0
2032	7959	1	1.0
2033	7960	1	1.0
2033	7961	1	1.0
2033	7962	1	1.0
2034	7963	1	1.0
2034	7964	1	1.0
2035	7965	1	1.0
2035	7966	1	1.0
2035	7967	1	1.0
2035	7968	1	1.0
2036	7969	1	1.0
2036	7970	1	1.0
2037	7971	1	1.0
2038	7972	1	1.0
2038	7973	1	1.0
2039	7974	1	1.0
2039	7975	1	1.0
2039	7976	1	1.0
2039	7977	1	1.0
2040	7978	1	1.0
2040	7979	1	1.0
2041	7980	1	1.0
2042	7981	1	1.0
2042	7982	1	1.0
2043	7983	1	1.0
2044	7984	1	1.0
2045	7985	1	1.0
2045	7986	1	1.0
2045	7987	1	1.0
2641	7987	1	1.0
2046	7988	1	1.0
2046	7989	1	1.0
2047	7990	1	1.0
2047	7991	1	1.0
2050	7992	1	1.0
2696	7992	1	1.0
2050	7993	1	1.0
2051	7994	1	1.0
2052	7995	1	1.0
2052	7996	1	1.0
2052	7997	1	1.0
2849	7997	1	1.0
2053	7998	1	1.0
2055	7999	1	1.0
2334	7999	1	1.0
2549	7999	1	1.0
2855	7999	1	1.0
2055	8000	1	1.0
2147	8000	1	1.0
2649	8000	1	1.0
2676	8000	1	1.0
2055	8001	1	1.0
2147	8001	1	1.0
2056	8002	1	1.0
2056	8003	1	1.0
2057	8004	1	1.0
2057	8005	1	1.0
2057	8006	1	1.0
2058	8007	1	1.0
2058	8008	1	1.0
2058	8009	1	1.0
2058	8010	1	1.0
2059	8011	1	1.0
2059	8012	1	1.0
2060	8013	1	1.0
2060	8014	1	1.0
2060	8015	1	1.0
2060	8016	1	1.0
2061	8017	1	1.0
2061	8018	1	1.0
2061	8019	1	1.0
2062	8020	1	1.0
2288	8020	1	1.0
2062	8021	1	1.0
2063	8022	1	1.0
2063	8023	1	1.0
2063	8024	1	1.0
2064	8025	1	1.0
2064	8026	1	1.0
2064	8027	1	1.0
2139	8027	1	1.0
2065	8028	1	1.0
2065	8029	1	1.0
2066	8030	1	1.0
2066	8031	1	1.0
2066	8032	1	1.0
2068	8033	1	1.0
2068	8034	1	1.0
2068	8035	1	1.0
2069	8036	1	1.0
2070	8037	1	1.0
2070	8038	1	1.0
2070	8039	1	1.0
2071	8040	1	1.0
2071	8041	1	1.0
2072	8042	1	1.0
2073	8043	1	1.0
2073	8044	1	1.0
2165	8044	1	1.0
2074	8045	1	1.0
2074	8046	1	1.0
2074	8047	1	1.0
2075	8048	1	1.0
2078	8049	1	1.0
2078	8050	1	1.0
2384	8050	1	1.0
2079	8051	1	1.0
2080	8052	1	1.0
2179	8052	1	1.0
2081	8053	1	1.0
2081	8054	1	1.0
2083	8055	1	1.0
2084	8056	1	1.0
2084	8057	1	1.0
2084	8058	1	1.0
2085	8059	1	1.0
2085	8060	1	1.0
2086	8061	1	1.0
2086	8062	1	1.0
2087	8063	1	1.0
2793	8063	1	1.0
2087	8064	1	1.0
2087	8065	1	1.0
2088	8066	1	1.0
2089	8067	1	1.0
2089	8068	1	1.0
2104	8068	1	1.0
2429	8068	1	1.0
2089	8069	1	1.0
2089	8070	1	1.0
2090	8071	1	1.0
2090	8072	1	1.0
2092	8073	1	1.0
2093	8074	1	1.0
2094	8075	1	1.0
2225	8075	1	1.0
2775	8075	1	1.0
2095	8076	1	1.0
2095	8077	1	1.0
2095	8078	1	1.0
2097	8079	1	1.0
2099	8080	1	1.0
2099	8081	1	1.0
2100	8082	1	1.0
2100	8083	1	1.0
2100	8084	1	1.0
2100	8085	1	1.0
2101	8086	1	1.0
2101	8087	1	1.0
2102	8088	1	1.0
2103	8089	1	1.0
2103	8090	1	1.0
2104	8091	1	1.0
2104	8092	1	1.0
2106	8093	1	1.0
2106	8094	1	1.0
2106	8095	1	1.0
2108	8096	1	1.0
2108	8097	1	1.0
2108	8098	1	1.0
2108	8099	1	1.0
2108	8100	1	1.0
2108	8101	1	1.0
2109	8102	1	1.0
2112	8103	1	1.0
2113	8104	1	1.0
2113	8105	1	1.0
2113	8106	1	1.0
2113	8107	1	1.0
2113	8108	1	1.0
2113	8109	1	1.0
2113	8110	1	1.0
2113	8111	1	1.0
2114	8112	1	1.0
2114	8113	1	1.0
2114	8114	1	1.0
2361	8114	1	1.0
2114	8115	1	1.0
2117	8116	1	1.0
2117	8117	1	1.0
2118	8118	1	1.0
2119	8119	1	1.0
2119	8120	1	1.0
2120	8121	1	1.0
2122	8122	1	1.0
2123	8123	1	1.0
2123	8124	1	1.0
2123	8125	1	1.0
2123	8126	1	1.0
2123	8127	1	1.0
2123	8128	1	1.0
2124	8129	1	1.0
2125	8130	1	1.0
2125	8131	1	1.0
2126	8132	1	1.0
2126	8133	1	1.0
2126	8134	1	1.0
2126	8135	1	1.0
2126	8136	1	1.0
2127	8137	1	1.0
2316	8137	1	1.0
2127	8138	1	1.0
2127	8139	1	1.0
2316	8139	1	1.0
2127	8140	1	1.0
2316	8140	1	1.0
2128	8141	1	1.0
2130	8142	1	1.0
2130	8143	1	1.0
2131	8144	1	1.0
2132	8145	1	1.0
2132	8146	1	1.0
2133	8147	1	1.0
2134	8148	1	1.0
2134	8149	1	1.0
2136	8150	1	1.0
2137	8151	1	1.0
2137	8152	1	1.0
2137	8153	1	1.0
2139	8154	1	1.0
2139	8155	1	1.0
2140	8156	1	1.0
2140	8157	1	1.0
2142	8158	1	1.0
2142	8159	1	1.0
2143	8160	1	1.0
2159	8160	1	1.0
2211	8160	1	1.0
2143	8161	1	1.0
2144	8162	1	1.0
2145	8163	1	1.0
2145	8164	1	1.0
2145	8165	1	1.0
2145	8166	1	1.0
2146	8167	1	1.0
2146	8168	1	1.0
2146	8169	1	1.0
2146	8170	1	1.0
2146	8171	1	1.0
2146	8172	1	1.0
2147	8173	1	1.0
2148	8174	1	1.0
2148	8175	1	1.0
2149	8176	1	1.0
2149	8177	1	1.0
2150	8178	1	1.0
2150	8179	1	1.0
2151	8180	1	1.0
2151	8181	1	1.0
2822	8181	1	1.0
2152	8182	1	1.0
2152	8183	1	1.0
2153	8184	1	1.0
2156	8185	1	1.0
2156	8186	1	1.0
2156	8187	1	1.0
2156	8188	1	1.0
2156	8189	1	1.0
2156	8190	1	1.0
2156	8191	1	1.0
2156	8192	1	1.0
2156	8193	1	1.0
2156	8194	1	1.0
2156	8195	1	1.0
2156	8196	1	1.0
2158	8197	1	1.0
2648	8197	1	1.0
2159	8198	1	1.0
2211	8198	1	1.0
2159	8199	1	1.0
2211	8199	1	1.0
2159	8200	1	1.0
2247	8200	1	1.0
2160	8201	1	1.0
2160	8202	1	1.0
2160	8203	1	1.0
2161	8204	1	1.0
2162	8205	1	1.0
2162	8206	1	1.0
2162	8207	1	1.0
2164	8208	1	1.0
2166	8209	1	1.0
2166	8210	1	1.0
2166	8211	1	1.0
2167	8212	1	1.0
2168	8213	1	1.0
2168	8214	1	1.0
2169	8215	1	1.0
2170	8216	1	1.0
2170	8217	1	1.0
2170	8218	1	1.0
2170	8219	1	1.0
2170	8220	1	1.0
2171	8221	1	1.0
2518	8221	1	1.0
2171	8222	1	1.0
2172	8223	1	1.0
2173	8224	1	1.0
2173	8225	1	1.0
2182	8225	1	1.0
2173	8226	1	1.0
2173	8227	1	1.0
2182	8227	1	1.0
2174	8228	1	1.0
2174	8229	1	1.0
2261	8229	1	1.0
2175	8230	1	1.0
2176	8231	1	1.0
2178	8232	1	1.0
2178	8233	1	1.0
2180	8234	1	1.0
2181	8235	1	1.0
2181	8236	1	1.0
2182	8237	1	1.0
2183	8238	1	1.0
2183	8239	1	1.0
2184	8240	1	1.0
2185	8241	1	1.0
2185	8242	1	1.0
2185	8243	1	1.0
2185	8244	1	1.0
2186	8245	1	1.0
2186	8246	1	1.0
2186	8247	1	1.0
2186	8248	1	1.0
2187	8249	1	1.0
2187	8250	1	1.0
2187	8251	1	1.0
2187	8252	1	1.0
2188	8253	1	1.0
2188	8254	1	1.0
2188	8255	1	1.0
2189	8256	1	1.0
2189	8257	1	1.0
2190	8258	1	1.0
2190	8259	1	1.0
2190	8260	1	1.0
2192	8261	1	1.0
2192	8262	1	1.0
2195	8263	1	1.0
2195	8264	1	1.0
2195	8265	1	1.0
2195	8266	1	1.0
2196	8267	1	1.0
2198	8268	1	1.0
2199	8269	1	1.0
2199	8270	1	1.0
2200	8271	1	1.0
2300	8271	1	1.0
2200	8272	1	1.0
2300	8272	1	1.0
2201	8273	1	1.0
2201	8274	1	1.0
2201	8275	1	1.0
2201	8276	1	1.0
2201	8277	1	1.0
2201	8278	1	1.0
2201	8279	1	1.0
2201	8280	1	1.0
2201	8281	1	1.0
2828	8281	1	1.0
2201	8282	1	1.0
2201	8283	1	1.0
2201	8284	1	1.0
2202	8285	1	1.0
2204	8286	1	1.0
2204	8287	1	1.0
2204	8288	1	1.0
2205	8289	1	1.0
2205	8290	1	1.0
2205	8291	1	1.0
2206	8292	1	1.0
2207	8293	1	1.0
2208	8294	1	1.0
2209	8295	1	1.0
2209	8296	1	1.0
2209	8297	1	1.0
2210	8298	1	1.0
2210	8299	1	1.0
2210	8300	1	1.0
2210	8301	1	1.0
2214	8302	1	1.0
2215	8303	1	1.0
2216	8304	1	1.0
2216	8305	1	1.0
2216	8306	1	1.0
2218	8307	1	1.0
2219	8308	1	1.0
2221	8309	1	1.0
2224	8310	1	1.0
2224	8311	1	1.0
2224	8312	1	1.0
2226	8313	1	1.0
2226	8314	1	1.0
2226	8315	1	1.0
2226	8316	1	1.0
2227	8317	1	1.0
2228	8318	1	1.0
2228	8319	1	1.0
2228	8320	1	1.0
2228	8321	1	1.0
2228	8322	1	1.0
2229	8323	1	1.0
2230	8324	1	1.0
2230	8325	1	1.0
2231	8326	1	1.0
2231	8327	1	1.0
2235	8328	1	1.0
2235	8329	1	1.0
2235	8330	1	1.0
2236	8331	1	1.0
2236	8332	1	1.0
2236	8333	1	1.0
2237	8334	1	1.0
2237	8335	1	1.0
2238	8336	1	1.0
2239	8337	1	1.0
2239	8338	1	1.0
2240	8339	1	1.0
2241	8340	1	1.0
2241	8341	1	1.0
2241	8342	1	1.0
2242	8343	1	1.0
2242	8344	1	1.0
2244	8345	1	1.0
2244	8346	1	1.0
2244	8347	1	1.0
2833	8347	1	1.0
2245	8348	1	1.0
2245	8349	1	1.0
2246	8350	1	1.0
2246	8351	1	1.0
2246	8352	1	1.0
2246	8353	1	1.0
2247	8354	1	1.0
2247	8355	1	1.0
2250	8356	1	1.0
2251	8357	1	1.0
2254	8358	1	1.0
2254	8359	1	1.0
2254	8360	1	1.0
2259	8361	1	1.0
2259	8362	1	1.0
2259	8363	1	1.0
2260	8364	1	1.0
2261	8365	1	1.0
2263	8366	1	1.0
2264	8367	1	1.0
2264	8368	1	1.0
2264	8369	1	1.0
2264	8370	1	1.0
2264	8371	1	1.0
2265	8372	1	1.0
2265	8373	1	1.0
2267	8374	1	1.0
2268	8375	1	1.0
2880	8375	1	1.0
2269	8376	1	1.0
2269	8377	1	1.0
2269	8378	1	1.0
2270	8379	1	1.0
2270	8380	1	1.0
2271	8381	1	1.0
2271	8382	1	1.0
2271	8383	1	1.0
2272	8384	1	1.0
2811	8384	1	1.0
2272	8385	1	1.0
2274	8386	1	1.0
2276	8387	1	1.0
2277	8388	1	1.0
2278	8389	1	1.0
2278	8390	1	1.0
2278	8391	1	1.0
2280	8392	1	1.0
2280	8393	1	1.0
2281	8394	1	1.0
2281	8395	1	1.0
2281	8396	1	1.0
2282	8397	1	1.0
2282	8398	1	1.0
2282	8399	1	1.0
2285	8400	1	1.0
2285	8401	1	1.0
2285	8402	1	1.0
2285	8403	1	1.0
2285	8404	1	1.0
2287	8405	1	1.0
2287	8406	1	1.0
2287	8407	1	1.0
2288	8408	1	1.0
2288	8409	1	1.0
2288	8410	1	1.0
2288	8411	1	1.0
2288	8412	1	1.0
2288	8413	1	1.0
2288	8414	1	1.0
2292	8415	1	1.0
2292	8416	1	1.0
2292	8417	1	1.0
2292	8418	1	1.0
2292	8419	1	1.0
2292	8420	1	1.0
2292	8421	1	1.0
2293	8422	1	1.0
2784	8422	1	1.0
2293	8423	1	1.0
2784	8423	1	1.0
2295	8424	1	1.0
2638	8424	1	1.0
2296	8425	1	1.0
2617	8425	1	1.0
2296	8426	1	1.0
2297	8427	1	1.0
2301	8428	1	1.0
2301	8429	1	1.0
2302	8430	1	1.0
2302	8431	1	1.0
2302	8432	1	1.0
2304	8433	1	1.0
2304	8434	1	1.0
2304	8435	1	1.0
2305	8436	1	1.0
2305	8437	1	1.0
2306	8438	1	1.0
2306	8439	1	1.0
2307	8440	1	1.0
2755	8440	1	1.0
2308	8441	1	1.0
2599	8441	1	1.0
2853	8441	1	1.0
2311	8442	1	1.0
2311	8443	1	1.0
2311	8444	1	1.0
2311	8445	1	1.0
2311	8446	1	1.0
2311	8447	1	1.0
2311	8448	1	1.0
2311	8449	1	1.0
2311	8450	1	1.0
2311	8451	1	1.0
2312	8452	1	1.0
2312	8453	1	1.0
2312	8454	1	1.0
2312	8455	1	1.0
2313	8456	1	1.0
2313	8457	1	1.0
2315	8458	1	1.0
2315	8459	1	1.0
2318	8460	1	1.0
2318	8461	1	1.0
2320	8462	1	1.0
2321	8463	1	1.0
2323	8464	1	1.0
2324	8465	1	1.0
2324	8466	1	1.0
2324	8467	1	1.0
2326	8468	1	1.0
2330	8469	1	1.0
2330	8470	1	1.0
2330	8471	1	1.0
2330	8472	1	1.0
2331	8473	1	1.0
2331	8474	1	1.0
2333	8475	1	1.0
2333	8476	1	1.0
2337	8477	1	1.0
2337	8478	1	1.0
2338	8479	1	1.0
2338	8480	1	1.0
2339	8481	1	1.0
2339	8482	1	1.0
2340	8483	1	1.0
2341	8484	1	1.0
2341	8485	1	1.0
2342	8486	1	1.0
2342	8487	1	1.0
2342	8488	1	1.0
2342	8489	1	1.0
2343	8490	1	1.0
2344	8491	1	1.0
2346	8492	1	1.0
2346	8493	1	1.0
2346	8494	1	1.0
2346	8495	1	1.0
2346	8496	1	1.0
2347	8497	1	1.0
2348	8498	1	1.0
2348	8499	1	1.0
2349	8500	1	1.0
2349	8501	1	1.0
2349	8502	1	1.0
2349	8503	1	1.0
2350	8504	1	1.0
2351	8505	1	1.0
2351	8506	1	1.0
2351	8507	1	1.0
2351	8508	1	1.0
2351	8509	1	1.0
2352	8510	1	1.0
2353	8511	1	1.0
2354	8512	1	1.0
2354	8513	1	1.0
2355	8514	1	1.0
2356	8515	1	1.0
2356	8516	1	1.0
2357	8517	1	1.0
2357	8518	1	1.0
2358	8519	1	1.0
2358	8520	1	1.0
2358	8521	1	1.0
2359	8522	1	1.0
2359	8523	1	1.0
2359	8524	1	1.0
2359	8525	1	1.0
2359	8526	1	1.0
2359	8527	1	1.0
2359	8528	1	1.0
2360	8529	1	1.0
2360	8530	1	1.0
2876	8530	1	1.0
2361	8531	1	1.0
2361	8532	1	1.0
2361	8533	1	1.0
2363	8534	1	1.0
2363	8535	1	1.0
2363	8536	1	1.0
2365	8537	1	1.0
2366	8538	1	1.0
2366	8539	1	1.0
2366	8540	1	1.0
2366	8541	1	1.0
2366	8542	1	1.0
2366	8543	1	1.0
2366	8544	1	1.0
2366	8545	1	1.0
2366	8546	1	1.0
2367	8547	1	1.0
2367	8548	1	1.0
2367	8549	1	1.0
2368	8550	1	1.0
2368	8551	1	1.0
2368	8552	1	1.0
2368	8553	1	1.0
2369	8554	1	1.0
2369	8555	1	1.0
2369	8556	1	1.0
2369	8557	1	1.0
2369	8558	1	1.0
2370	8559	1	1.0
2370	8560	1	1.0
2370	8561	1	1.0
2370	8562	1	1.0
2371	8563	1	1.0
2372	8564	1	1.0
2373	8565	1	1.0
2375	8566	1	1.0
2375	8567	1	1.0
2376	8568	1	1.0
2376	8569	1	1.0
2376	8570	1	1.0
2376	8571	1	1.0
2376	8572	1	1.0
2377	8573	1	1.0
2380	8574	1	1.0
2381	8575	1	1.0
2381	8576	1	1.0
2382	8577	1	1.0
2382	8578	1	1.0
2382	8579	1	1.0
2383	8580	1	1.0
2384	8581	1	1.0
2384	8582	1	1.0
2385	8583	1	1.0
2736	8583	1	1.0
2385	8584	1	1.0
2736	8584	1	1.0
2385	8585	1	1.0
2386	8586	1	1.0
2386	8587	1	1.0
2386	8588	1	1.0
2386	8589	1	1.0
2391	8590	1	1.0
2391	8591	1	1.0
2391	8592	1	1.0
2392	8593	1	1.0
2392	8594	1	1.0
2394	8595	1	1.0
2394	8596	1	1.0
2394	8597	1	1.0
2394	8598	1	1.0
2394	8599	1	1.0
2395	8600	1	1.0
2396	8601	1	1.0
2396	8602	1	1.0
2396	8603	1	1.0
2397	8604	1	1.0
2398	8605	1	1.0
2400	8606	1	1.0
2401	8607	1	1.0
2401	8608	1	1.0
2401	8609	1	1.0
2402	8610	1	1.0
2403	8611	1	1.0
2403	8612	1	1.0
2403	8613	1	1.0
2403	8614	1	1.0
2404	8615	1	1.0
2404	8616	1	1.0
2404	8617	1	1.0
2405	8618	1	1.0
2405	8619	1	1.0
2407	8620	1	1.0
2407	8621	1	1.0
2408	8622	1	1.0
2408	8623	1	1.0
2408	8624	1	1.0
2411	8625	1	1.0
2411	8626	1	1.0
2412	8627	1	1.0
2412	8628	1	1.0
2413	8629	1	1.0
2478	8629	1	1.0
2414	8630	1	1.0
2414	8631	1	1.0
2415	8632	1	1.0
2415	8633	1	1.0
2416	8634	1	1.0
2416	8635	1	1.0
2418	8636	1	1.0
2418	8637	1	1.0
2419	8638	1	1.0
2419	8639	1	1.0
2419	8640	1	1.0
2419	8641	1	1.0
2422	8642	1	1.0
2424	8643	1	1.0
2424	8644	1	1.0
2425	8645	1	1.0
2426	8646	1	1.0
2426	8647	1	1.0
2426	8648	1	1.0
2426	8649	1	1.0
2427	8650	1	1.0
2427	8651	1	1.0
2427	8652	1	1.0
2427	8653	1	1.0
2428	8654	1	1.0
2429	8655	1	1.0
2429	8656	1	1.0
2429	8657	1	1.0
2430	8658	1	1.0
2430	8659	1	1.0
2430	8660	1	1.0
2432	8661	1	1.0
2432	8662	1	1.0
2432	8663	1	1.0
2432	8664	1	1.0
2433	8665	1	1.0
2433	8666	1	1.0
2433	8667	1	1.0
2434	8668	1	1.0
2434	8669	1	1.0
2434	8670	1	1.0
2436	8671	1	1.0
2436	8672	1	1.0
2436	8673	1	1.0
2605	8673	1	1.0
2436	8674	1	1.0
2669	8674	1	1.0
2437	8675	1	1.0
2437	8676	1	1.0
2438	8677	1	1.0
2439	8678	1	1.0
2439	8679	1	1.0
2439	8680	1	1.0
2440	8681	1	1.0
2441	8682	1	1.0
2444	8683	1	1.0
2444	8684	1	1.0
2445	8685	1	1.0
2446	8686	1	1.0
2446	8687	1	1.0
2448	8688	1	1.0
2449	8689	1	1.0
2449	8690	1	1.0
2450	8691	1	1.0
2450	8692	1	1.0
2450	8693	1	1.0
2450	8694	1	1.0
2450	8695	1	1.0
2451	8696	1	1.0
2451	8697	1	1.0
2451	8698	1	1.0
2451	8699	1	1.0
2451	8700	1	1.0
2453	8701	1	1.0
2453	8702	1	1.0
2454	8703	1	1.0
2454	8704	1	1.0
2455	8705	1	1.0
2456	8706	1	1.0
2456	8707	1	1.0
2457	8708	1	1.0
2457	8709	1	1.0
2458	8710	1	1.0
2459	8711	1	1.0
2460	8712	1	1.0
2462	8713	1	1.0
2463	8714	1	1.0
2463	8715	1	1.0
2463	8716	1	1.0
2464	8717	1	1.0
2464	8718	1	1.0
2464	8719	1	1.0
2464	8720	1	1.0
2465	8721	1	1.0
2468	8722	1	1.0
2468	8723	1	1.0
2468	8724	1	1.0
2468	8725	1	1.0
2469	8726	1	1.0
2469	8727	1	1.0
2470	8728	1	1.0
2471	8729	1	1.0
2473	8730	1	1.0
2474	8731	1	1.0
2474	8732	1	1.0
2474	8733	1	1.0
2476	8734	1	1.0
2476	8735	1	1.0
2477	8736	1	1.0
2479	8737	1	1.0
2479	8738	1	1.0
2480	8739	1	1.0
2481	8740	1	1.0
2483	8741	1	1.0
2484	8742	1	1.0
2484	8743	1	1.0
2484	8744	1	1.0
2484	8745	1	1.0
2484	8746	1	1.0
2484	8747	1	1.0
2485	8748	1	1.0
2485	8749	1	1.0
2486	8750	1	1.0
2487	8751	1	1.0
2487	8752	1	1.0
2488	8753	1	1.0
2488	8754	1	1.0
2488	8755	1	1.0
2489	8756	1	1.0
2489	8757	1	1.0
2489	8758	1	1.0
2491	8759	1	1.0
2491	8760	1	1.0
2491	8761	1	1.0
2493	8762	1	1.0
2493	8763	1	1.0
2494	8764	1	1.0
2494	8765	1	1.0
2494	8766	1	1.0
2494	8767	1	1.0
2495	8768	1	1.0
2496	8769	1	1.0
2496	8770	1	1.0
2496	8771	1	1.0
2497	8772	1	1.0
2497	8773	1	1.0
2497	8774	1	1.0
2497	8775	1	1.0
2497	8776	1	1.0
2497	8777	1	1.0
2498	8778	1	1.0
2498	8779	1	1.0
2499	8780	1	1.0
2499	8781	1	1.0
2499	8782	1	1.0
2502	8783	1	1.0
2503	8784	1	1.0
2503	8785	1	1.0
2503	8786	1	1.0
2505	8787	1	1.0
2506	8788	1	1.0
2509	8789	1	1.0
2512	8790	1	1.0
2513	8791	1	1.0
2513	8792	1	1.0
2514	8793	1	1.0
2515	8794	1	1.0
2515	8795	1	1.0
2515	8796	1	1.0
2516	8797	1	1.0
2516	8798	1	1.0
2517	8799	1	1.0
2517	8800	1	1.0
2518	8801	1	1.0
2519	8802	1	1.0
2519	8803	1	1.0
2519	8804	1	1.0
2521	8805	1	1.0
2522	8806	1	1.0
2523	8807	1	1.0
2523	8808	1	1.0
2523	8809	1	1.0
2524	8810	1	1.0
2753	8810	1	1.0
2524	8811	1	1.0
2525	8812	1	1.0
2525	8813	1	1.0
2525	8814	1	1.0
2525	8815	1	1.0
2526	8816	1	1.0
2526	8817	1	1.0
2530	8818	1	1.0
2530	8819	1	1.0
2530	8820	1	1.0
2530	8821	1	1.0
2531	8822	1	1.0
2531	8823	1	1.0
2531	8824	1	1.0
2532	8825	1	1.0
2534	8826	1	1.0
2534	8827	1	1.0
2534	8828	1	1.0
2534	8829	1	1.0
2535	8830	1	1.0
2537	8831	1	1.0
2537	8832	1	1.0
2538	8833	1	1.0
2538	8834	1	1.0
2539	8835	1	1.0
2539	8836	1	1.0
2539	8837	1	1.0
2540	8838	1	1.0
2540	8839	1	1.0
2541	8840	1	1.0
2541	8841	1	1.0
2543	8842	1	1.0
2543	8843	1	1.0
2544	8844	1	1.0
2691	8844	1	1.0
2545	8845	1	1.0
2545	8846	1	1.0
2545	8847	1	1.0
2545	8848	1	1.0
2546	8849	1	1.0
2546	8850	1	1.0
2546	8851	1	1.0
2546	8852	1	1.0
2547	8853	1	1.0
2547	8854	1	1.0
2550	8855	1	1.0
2550	8856	1	1.0
2552	8857	1	1.0
2552	8858	1	1.0
2552	8859	1	1.0
2552	8860	1	1.0
2553	8861	1	1.0
2555	8862	1	1.0
2556	8863	1	1.0
2557	8864	1	1.0
2557	8865	1	1.0
2558	8866	1	1.0
2559	8867	1	1.0
2559	8868	1	1.0
2560	8869	1	1.0
2560	8870	1	1.0
2560	8871	1	1.0
2561	8872	1	1.0
2563	8873	1	1.0
2565	8874	1	1.0
2565	8875	1	1.0
2565	8876	1	1.0
2566	8877	1	1.0
2566	8878	1	1.0
2569	8879	1	1.0
2569	8880	1	1.0
2570	8881	1	1.0
2570	8882	1	1.0
2571	8883	1	1.0
2573	8884	1	1.0
2573	8885	1	1.0
2573	8886	1	1.0
2573	8887	1	1.0
2575	8888	1	1.0
2575	8889	1	1.0
2575	8890	1	1.0
2575	8891	1	1.0
2575	8892	1	1.0
2576	8893	1	1.0
2577	8894	1	1.0
2831	8894	1	1.0
2577	8895	1	1.0
2578	8896	1	1.0
2578	8897	1	1.0
2578	8898	1	1.0
2579	8899	1	1.0
2579	8900	1	1.0
2580	8901	1	1.0
2581	8902	1	1.0
2581	8903	1	1.0
2581	8904	1	1.0
2581	8905	1	1.0
2582	8906	1	1.0
2582	8907	1	1.0
2582	8908	1	1.0
2584	8909	1	1.0
2585	8910	1	1.0
2585	8911	1	1.0
2585	8912	1	1.0
2585	8913	1	1.0
2586	8914	1	1.0
2586	8915	1	1.0
2586	8916	1	1.0
2587	8917	1	1.0
2588	8918	1	1.0
2628	8918	1	1.0
2588	8919	1	1.0
2589	8920	1	1.0
2592	8921	1	1.0
2592	8922	1	1.0
2592	8923	1	1.0
2592	8924	1	1.0
2592	8925	1	1.0
2592	8926	1	1.0
2595	8927	1	1.0
2651	8927	1	1.0
2595	8928	1	1.0
2597	8929	1	1.0
2597	8930	1	1.0
2597	8931	1	1.0
2597	8932	1	1.0
2597	8933	1	1.0
2597	8934	1	1.0
2597	8935	1	1.0
2598	8936	1	1.0
2598	8937	1	1.0
2598	8938	1	1.0
2600	8939	1	1.0
2600	8940	1	1.0
2602	8941	1	1.0
2602	8942	1	1.0
2602	8943	1	1.0
2602	8944	1	1.0
2602	8945	1	1.0
2602	8946	1	1.0
2602	8947	1	1.0
2605	8948	1	1.0
2605	8949	1	1.0
2606	8950	1	1.0
2608	8951	1	1.0
2609	8952	1	1.0
2609	8953	1	1.0
2821	8953	1	1.0
2612	8954	1	1.0
2612	8955	1	1.0
2613	8956	1	1.0
2614	8957	1	1.0
2614	8958	1	1.0
2614	8959	1	1.0
2614	8960	1	1.0
2615	8961	1	1.0
2616	8962	1	1.0
2616	8963	1	1.0
2616	8964	1	1.0
2617	8965	1	1.0
2618	8966	1	1.0
2618	8967	1	1.0
2618	8968	1	1.0
2618	8969	1	1.0
2618	8970	1	1.0
2618	8971	1	1.0
2619	8972	1	1.0
2619	8973	1	1.0
2619	8974	1	1.0
2620	8975	1	1.0
2620	8976	1	1.0
2620	8977	1	1.0
2620	8978	1	1.0
2622	8979	1	1.0
2623	8980	1	1.0
2623	8981	1	1.0
2624	8982	1	1.0
2625	8983	1	1.0
2625	8984	1	1.0
2625	8985	1	1.0
2843	8985	1	1.0
2625	8986	1	1.0
2626	8987	1	1.0
2627	8988	1	1.0
2628	8989	1	1.0
2628	8990	1	1.0
2629	8991	1	1.0
2630	8992	1	1.0
2630	8993	1	1.0
2630	8994	1	1.0
2632	8995	1	1.0
2632	8996	1	1.0
2632	8997	1	1.0
2634	8998	1	1.0
2636	8999	1	1.0
2637	9000	1	1.0
2639	9001	1	1.0
2640	9002	1	1.0
2641	9003	1	1.0
2642	9004	1	1.0
2643	9005	1	1.0
2643	9006	1	1.0
2645	9007	1	1.0
2645	9008	1	1.0
2645	9009	1	1.0
2646	9010	1	1.0
2647	9011	1	1.0
2647	9012	1	1.0
2648	9013	1	1.0
2649	9014	1	1.0
2649	9015	1	1.0
2676	9015	1	1.0
2649	9016	1	1.0
2649	9017	1	1.0
2649	9018	1	1.0
2650	9019	1	1.0
2651	9020	1	1.0
2651	9021	1	1.0
2651	9022	1	1.0
2652	9023	1	1.0
2657	9024	1	1.0
2657	9025	1	1.0
2657	9026	1	1.0
2659	9027	1	1.0
2660	9028	1	1.0
2660	9029	1	1.0
2660	9030	1	1.0
2661	9031	1	1.0
2662	9032	1	1.0
2662	9033	1	1.0
2663	9034	1	1.0
2663	9035	1	1.0
2664	9036	1	1.0
2667	9037	1	1.0
2668	9038	1	1.0
2668	9039	1	1.0
2669	9040	1	1.0
2672	9041	1	1.0
2673	9042	1	1.0
2674	9043	1	1.0
2674	9044	1	1.0
2674	9045	1	1.0
2676	9046	1	1.0
2678	9047	1	1.0
2679	9048	1	1.0
2679	9049	1	1.0
2680	9050	1	1.0
2680	9051	1	1.0
2681	9052	1	1.0
2681	9053	1	1.0
2681	9054	1	1.0
2681	9055	1	1.0
2681	9056	1	1.0
2682	9057	1	1.0
2682	9058	1	1.0
2682	9059	1	1.0
2682	9060	1	1.0
2682	9061	1	1.0
2682	9062	1	1.0
2682	9063	1	1.0
2683	9064	1	1.0
2683	9065	1	1.0
2684	9066	1	1.0
2686	9067	1	1.0
2687	9068	1	1.0
2688	9069	1	1.0
2688	9070	1	1.0
2690	9071	1	1.0
2690	9072	1	1.0
2690	9073	1	1.0
2692	9074	1	1.0
2693	9075	1	1.0
2693	9076	1	1.0
2694	9077	1	1.0
2694	9078	1	1.0
2697	9079	1	1.0
2697	9080	1	1.0
2698	9081	1	1.0
2698	9082	1	1.0
2700	9083	1	1.0
2701	9084	1	1.0
2701	9085	1	1.0
2701	9086	1	1.0
2701	9087	1	1.0
2701	9088	1	1.0
2701	9089	1	1.0
2701	9090	1	1.0
2701	9091	1	1.0
2701	9092	1	1.0
2701	9093	1	1.0
2701	9094	1	1.0
2701	9095	1	1.0
2701	9096	1	1.0
2701	9097	1	1.0
2701	9098	1	1.0
2701	9099	1	1.0
2701	9100	1	1.0
2701	9101	1	1.0
2701	9102	1	1.0
2701	9103	1	1.0
2702	9104	1	1.0
2703	9105	1	1.0
2703	9106	1	1.0
2704	9107	1	1.0
2704	9108	1	1.0
2704	9109	1	1.0
2704	9110	1	1.0
2704	9111	1	1.0
2704	9112	1	1.0
2704	9113	1	1.0
2705	9114	1	1.0
2706	9115	1	1.0
2707	9116	1	1.0
2707	9117	1	1.0
2708	9118	1	1.0
2709	9119	1	1.0
2709	9120	1	1.0
2709	9121	1	1.0
2709	9122	1	1.0
2710	9123	1	1.0
2710	9124	1	1.0
2711	9125	1	1.0
2711	9126	1	1.0
2711	9127	1	1.0
2714	9128	1	1.0
2714	9129	1	1.0
2715	9130	1	1.0
2716	9131	1	1.0
2716	9132	1	1.0
2718	9133	1	1.0
2719	9134	1	1.0
2719	9135	1	1.0
2721	9136	1	1.0
2721	9137	1	1.0
2721	9138	1	1.0
2721	9139	1	1.0
2722	9140	1	1.0
2722	9141	1	1.0
2722	9142	1	1.0
2723	9143	1	1.0
2724	9144	1	1.0
2725	9145	1	1.0
2725	9146	1	1.0
2725	9147	1	1.0
2725	9148	1	1.0
2725	9149	1	1.0
2726	9150	1	1.0
2726	9151	1	1.0
2726	9152	1	1.0
2728	9153	1	1.0
2728	9154	1	1.0
2728	9155	1	1.0
2729	9156	1	1.0
2729	9157	1	1.0
2731	9158	1	1.0
2731	9159	1	1.0
2734	9160	1	1.0
2734	9161	1	1.0
2735	9162	1	1.0
2735	9163	1	1.0
2736	9164	1	1.0
2736	9165	1	1.0
2736	9166	1	1.0
2737	9167	1	1.0
2737	9168	1	1.0
2738	9169	1	1.0
2738	9170	1	1.0
2739	9171	1	1.0
2739	9172	1	1.0
2739	9173	1	1.0
2739	9174	1	1.0
2739	9175	1	1.0
2739	9176	1	1.0
2739	9177	1	1.0
2742	9178	1	1.0
2742	9179	1	1.0
2742	9180	1	1.0
2744	9181	1	1.0
2745	9182	1	1.0
2746	9183	1	1.0
2746	9184	1	1.0
2746	9185	1	1.0
2747	9186	1	1.0
2747	9187	1	1.0
2747	9188	1	1.0
2747	9189	1	1.0
2747	9190	1	1.0
2747	9191	1	1.0
2747	9192	1	1.0
2747	9193	1	1.0
2747	9194	1	1.0
2747	9195	1	1.0
2747	9196	1	1.0
2748	9197	1	1.0
2749	9198	1	1.0
2750	9199	1	1.0
2750	9200	1	1.0
2750	9201	1	1.0
2751	9202	1	1.0
2752	9203	1	1.0
2752	9204	1	1.0
2753	9205	1	1.0
2753	9206	1	1.0
2753	9207	1	1.0
2754	9208	1	1.0
2754	9209	1	1.0
2755	9210	1	1.0
2758	9211	1	1.0
2759	9212	1	1.0
2759	9213	1	1.0
2760	9214	1	1.0
2760	9215	1	1.0
2762	9216	1	1.0
2762	9217	1	1.0
2763	9218	1	1.0
2764	9219	1	1.0
2764	9220	1	1.0
2764	9221	1	1.0
2765	9222	1	1.0
2766	9223	1	1.0
2767	9224	1	1.0
2768	9225	1	1.0
2768	9226	1	1.0
2769	9227	1	1.0
2770	9228	1	1.0
2770	9229	1	1.0
2771	9230	1	1.0
2773	9231	1	1.0
2773	9232	1	1.0
2773	9233	1	1.0
2773	9234	1	1.0
2774	9235	1	1.0
2774	9236	1	1.0
2776	9237	1	1.0
2776	9238	1	1.0
2776	9239	1	1.0
2776	9240	1	1.0
2777	9241	1	1.0
2777	9242	1	1.0
2778	9243	1	1.0
2778	9244	1	1.0
2778	9245	1	1.0
2779	9246	1	1.0
2779	9247	1	1.0
2779	9248	1	1.0
2780	9249	1	1.0
2781	9250	1	1.0
2781	9251	1	1.0
2782	9252	1	1.0
2782	9253	1	1.0
2782	9254	1	1.0
2783	9255	1	1.0
2783	9256	1	1.0
2783	9257	1	1.0
2783	9258	1	1.0
2783	9259	1	1.0
2785	9260	1	1.0
2785	9261	1	1.0
2785	9262	1	1.0
2786	9263	1	1.0
2787	9264	1	1.0
2788	9265	1	1.0
2788	9266	1	1.0
2788	9267	1	1.0
2788	9268	1	1.0
2788	9269	1	1.0
2788	9270	1	1.0
2788	9271	1	1.0
2788	9272	1	1.0
2788	9273	1	1.0
2790	9274	1	1.0
2791	9275	1	1.0
2792	9276	1	1.0
2792	9277	1	1.0
2794	9278	1	1.0
2795	9279	1	1.0
2795	9280	1	1.0
2795	9281	1	1.0
2795	9282	1	1.0
2797	9283	1	1.0
2797	9284	1	1.0
2797	9285	1	1.0
2799	9286	1	1.0
2800	9287	1	1.0
2802	9288	1	1.0
2802	9289	1	1.0
2802	9290	1	1.0
2802	9291	1	1.0
2803	9292	1	1.0
2804	9293	1	1.0
2804	9294	1	1.0
2804	9295	1	1.0
2805	9296	1	1.0
2805	9297	1	1.0
2805	9298	1	1.0
2805	9299	1	1.0
2805	9300	1	1.0
2805	9301	1	1.0
2806	9302	1	1.0
2807	9303	1	1.0
2807	9304	1	1.0
2809	9305	1	1.0
2809	9306	1	1.0
2809	9307	1	1.0
2810	9308	1	1.0
2810	9309	1	1.0
2810	9310	1	1.0
2810	9311	1	1.0
2811	9312	1	1.0
2813	9313	1	1.0
2813	9314	1	1.0
2813	9315	1	1.0
2813	9316	1	1.0
2814	9317	1	1.0
2815	9318	1	1.0
2815	9319	1	1.0
2815	9320	1	1.0
2818	9321	1	1.0
2818	9322	1	1.0
2819	9323	1	1.0
2819	9324	1	1.0
2819	9325	1	1.0
2820	9326	1	1.0
2820	9327	1	1.0
2820	9328	1	1.0
2821	9329	1	1.0
2822	9330	1	1.0
2826	9331	1	1.0
2827	9332	1	1.0
2827	9333	1	1.0
2828	9334	1	1.0
2829	9335	1	1.0
2829	9336	1	1.0
2830	9337	1	1.0
2831	9338	1	1.0
2833	9339	1	1.0
2834	9340	1	1.0
2835	9341	1	1.0
2835	9342	1	1.0
2836	9343	1	1.0
2837	9344	1	1.0
2837	9345	1	1.0
2837	9346	1	1.0
2838	9347	1	1.0
2839	9348	1	1.0
2840	9349	1	1.0
2842	9350	1	1.0
2843	9351	1	1.0
2843	9352	1	1.0
2843	9353	1	1.0
2844	9354	1	1.0
2844	9355	1	1.0
2845	9356	1	1.0
2845	9357	1	1.0
2847	9358	1	1.0
2847	9359	1	1.0
2847	9360	1	1.0
2849	9361	1	1.0
2851	9362	1	1.0
2851	9363	1	1.0
2852	9364	1	1.0
2853	9365	1	1.0
2856	9366	1	1.0
2856	9367	1	1.0
2857	9368	1	1.0
2857	9369	1	1.0
2858	9370	1	1.0
2858	9371	1	1.0
2859	9372	1	1.0
2860	9373	1	1.0
2860	9374	1	1.0
2861	9375	1	1.0
2861	9376	1	1.0
2861	9377	1	1.0
2862	9378	1	1.0
2863	9379	1	1.0
2864	9380	1	1.0
2864	9381	1	1.0
2864	9382	1	1.0
2864	9383	1	1.0
2864	9384	1	1.0
2864	9385	1	1.0
2865	9386	1	1.0
2867	9387	1	1.0
2867	9388	1	1.0
2867	9389	1	1.0
2867	9390	1	1.0
2867	9391	1	1.0
2867	9392	1	1.0
2867	9393	1	1.0
2867	9394	1	1.0
2867	9395	1	1.0
2867	9396	1	1.0
2867	9397	1	1.0
2868	9398	1	1.0
2868	9399	1	1.0
2868	9400	1	1.0
2868	9401	1	1.0
2870	9402	1	1.0
2871	9403	1	1.0
2871	9404	1	1.0
2871	9405	1	1.0
2871	9406	1	1.0
2871	9407	1	1.0
2871	9408	1	1.0
2872	9409	1	1.0
2873	9410	1	1.0
2874	9411	1	1.0
2874	9412	1	1.0
2875	9413	1	1.0
2875	9414	1	1.0
2876	9415	1	1.0
2876	9416	1	1.0
2876	9417	1	1.0
2877	9418	1	1.0
2878	9419	1	1.0
2878	9420	1	1.0
2879	9421	1	1.0
2882	9422	1	1.0
2882	9423	1	1.0
2883	0	2	1.0
2883	2352	2	1.0
2884	0	2	1.0
2884	501	2	1.0
2884	2352	2	1.0
2885	0	2	1.0
2885	2352	2	1.0
2886	0	2	1.0
2886	2352	2	1.0
2887	0	2	1.0
2887	2352	2	1.0
2888	0	2	1.0
2888	2873	2	1.0
2889	1	2	1.0
2889	993	2	1.0
2889	1041	2	1.0
2889	1526	2	1.0
2889	1591	2	1.0
2890	1	2	1.0
2890	1041	2	1.0
2890	1526	2	1.0
2891	2	2	1.0
2891	755	2	1.0
2892	2	2	1.0
2892	571	2	1.0
2892	755	2	1.0
2892	1305	2	1.0
2892	1347	2	1.0
2893	2	2	1.0
2893	755	2	1.0
2893	1347	2	1.0
2894	3	2	1.0
2894	686	2	1.0
2894	1802	2	1.0
2895	3	2	1.0
2895	686	2	1.0
2896	3	2	1.0
2896	686	2	1.0
2896	900	2	1.0
2896	1802	2	1.0
2897	3	2	1.0
2897	686	2	1.0
2897	1802	2	1.0
2897	2264	2	1.0
2898	4	2	1.0
2898	2034	2	1.0
2899	4	2	1.0
2899	2034	2	1.0
2900	5	2	1.0
2900	252	2	1.0
2901	5	2	1.0
2901	252	2	1.0
2901	2581	2	1.0
2902	6	2	1.0
2902	1305	2	1.0
2903	6	2	1.0
2904	6	2	1.0
2905	6	2	1.0
2906	6	2	1.0
2907	7	2	1.0
2907	839	2	1.0
2907	2856	2	1.0
2907	2857	2	1.0
2908	7	2	1.0
2908	2856	2	1.0
2909	7	2	1.0
2910	7	2	1.0
2910	2857	2	1.0
2911	7	2	1.0
2912	7	2	1.0
2912	2856	2	1.0
2913	7	2	1.0
2913	2856	2	1.0
2913	2857	2	1.0
2914	8	2	1.0
2915	8	2	1.0
2916	9	2	1.0
2917	9	2	1.0
2918	9	2	1.0
2919	9	2	1.0
2919	205	2	1.0
2919	233	2	1.0
2919	497	2	1.0
2919	1427	2	1.0
2919	2310	2	1.0
2920	9	2	1.0
2921	9	2	1.0
2921	205	2	1.0
2922	10	2	1.0
2923	10	2	1.0
2924	11	2	1.0
2925	11	2	1.0
2926	11	2	1.0
2927	11	2	1.0
2928	11	2	1.0
2929	11	2	1.0
2930	12	2	1.0
2931	12	2	1.0
2932	12	2	1.0
2933	12	2	1.0
2934	12	2	1.0
2935	12	2	1.0
2936	12	2	1.0
2937	13	2	1.0
2938	13	2	1.0
2938	2441	2	1.0
2939	14	2	1.0
2940	14	2	1.0
2940	2488	2	1.0
2940	2533	2	1.0
2940	2819	2	1.0
2941	14	2	1.0
2942	14	2	1.0
2943	15	2	1.0
2944	15	2	1.0
2944	50	2	1.0
2944	676	2	1.0
2944	2877	2	1.0
2945	15	2	1.0
2946	15	2	1.0
2946	676	2	1.0
2946	2877	2	1.0
2947	16	2	1.0
2947	1510	2	1.0
2948	16	2	1.0
2949	16	2	1.0
2949	534	2	1.0
2949	877	2	1.0
2949	1045	2	1.0
2949	1375	2	1.0
2949	1510	2	1.0
2949	1860	2	1.0
2949	1981	2	1.0
2950	17	2	1.0
2950	533	2	1.0
2950	1859	2	1.0
2951	17	2	1.0
2951	317	2	1.0
2951	328	2	1.0
2952	17	2	1.0
2952	253	2	1.0
2953	17	2	1.0
2953	426	2	1.0
2953	905	2	1.0
2953	1892	2	1.0
2954	18	2	1.0
2954	70	2	1.0
2954	236	2	1.0
2954	330	2	1.0
2954	388	2	1.0
2954	460	2	1.0
2954	819	2	1.0
2954	924	2	1.0
2954	2528	2	1.0
2955	18	2	1.0
2955	101	2	1.0
2956	18	2	1.0
2956	27	2	1.0
2956	1356	2	1.0
2957	19	2	1.0
2957	1384	2	1.0
2957	2136	2	1.0
2957	2214	2	1.0
2957	2496	2	1.0
2957	2867	2	1.0
2958	19	2	1.0
2959	19	2	1.0
2959	1365	2	1.0
2959	1384	2	1.0
2959	2214	2	1.0
2959	2335	2	1.0
2959	2496	2	1.0
2959	2577	2	1.0
2959	2831	2	1.0
2959	2867	2	1.0
2960	20	2	1.0
2960	1381	2	1.0
2961	20	2	1.0
2961	1381	2	1.0
2961	2217	2	1.0
2961	2260	2	1.0
2961	2593	2	1.0
2962	20	2	1.0
2963	20	2	1.0
2963	412	2	1.0
2964	21	2	1.0
2964	147	2	1.0
2964	227	2	1.0
2964	1559	2	1.0
2964	1750	2	1.0
2964	2272	2	1.0
2964	2427	2	1.0
2964	2460	2	1.0
2965	21	2	1.0
2966	21	2	1.0
2966	147	2	1.0
2966	227	2	1.0
2966	1559	2	1.0
2966	1832	2	1.0
2966	2427	2	1.0
2966	2460	2	1.0
2967	21	2	1.0
2968	21	2	1.0
2968	1559	2	1.0
2968	2272	2	1.0
2969	21	2	1.0
2969	227	2	1.0
2969	1559	2	1.0
2969	2272	2	1.0
2969	2811	2	1.0
2970	21	2	1.0
2970	147	2	1.0
2970	227	2	1.0
2970	1559	2	1.0
2971	21	2	1.0
2971	642	2	1.0
2972	21	2	1.0
2972	2518	2	1.0
2973	22	2	1.0
2974	23	2	1.0
2974	88	2	1.0
2974	265	2	1.0
2975	23	2	1.0
2975	88	2	1.0
2976	23	2	1.0
2976	88	2	1.0
2977	24	2	1.0
2978	24	2	1.0
2979	24	2	1.0
2980	25	2	1.0
2980	202	2	1.0
2981	25	2	1.0
2981	202	2	1.0
2982	25	2	1.0
2983	25	2	1.0
2983	202	2	1.0
2983	1559	2	1.0
2984	25	2	1.0
2985	26	2	1.0
2986	26	2	1.0
2986	1235	2	1.0
2986	2246	2	1.0
2987	26	2	1.0
2987	2246	2	1.0
2988	26	2	1.0
2989	26	2	1.0
2989	2246	2	1.0
2990	27	2	1.0
2991	27	2	1.0
2992	28	2	1.0
2992	1059	2	1.0
2992	1155	2	1.0
2993	28	2	1.0
2994	28	2	1.0
2994	758	2	1.0
2994	1059	2	1.0
2995	28	2	1.0
2995	1059	2	1.0
2995	1259	2	1.0
2995	2252	2	1.0
2995	2492	2	1.0
2996	28	2	1.0
2996	1259	2	1.0
2996	2252	2	1.0
2996	2492	2	1.0
2997	28	2	1.0
2998	28	2	1.0
2999	29	2	1.0
3000	29	2	1.0
3001	29	2	1.0
3002	29	2	1.0
3003	29	2	1.0
3004	29	2	1.0
3005	30	2	1.0
3005	232	2	1.0
3006	30	2	1.0
3006	2251	2	1.0
3007	30	2	1.0
3007	2251	2	1.0
3008	30	2	1.0
3008	2251	2	1.0
3009	30	2	1.0
3009	232	2	1.0
3009	2251	2	1.0
3010	30	2	1.0
3010	232	2	1.0
3010	2251	2	1.0
3011	30	2	1.0
3011	232	2	1.0
3011	2251	2	1.0
3012	31	2	1.0
3012	1185	2	1.0
3012	2590	2	1.0
3013	31	2	1.0
3013	1561	2	1.0
3013	1965	2	1.0
3013	2841	2	1.0
3014	31	2	1.0
3014	1965	2	1.0
3014	2052	2	1.0
3014	2108	2	1.0
3015	31	2	1.0
3015	1675	2	1.0
3015	1965	2	1.0
3015	2358	2	1.0
3015	2849	2	1.0
3016	31	2	1.0
3017	31	2	1.0
3017	1965	2	1.0
3018	32	2	1.0
3019	32	2	1.0
3020	32	2	1.0
3021	32	2	1.0
3022	33	2	1.0
3022	42	2	1.0
3022	1025	2	1.0
3023	33	2	1.0
3024	33	2	1.0
3025	33	2	1.0
3025	42	2	1.0
3026	34	2	1.0
3027	34	2	1.0
3028	35	2	1.0
3029	35	2	1.0
3030	35	2	1.0
3031	35	2	1.0
3032	36	2	1.0
3032	1626	2	1.0
3033	36	2	1.0
3034	37	2	1.0
3035	37	2	1.0
3035	1856	2	1.0
3036	37	2	1.0
3037	37	2	1.0
3038	37	2	1.0
3039	37	2	1.0
3040	38	2	1.0
3041	38	2	1.0
3042	38	2	1.0
3043	38	2	1.0
3044	39	2	1.0
3045	39	2	1.0
3045	2383	2	1.0
3046	40	2	1.0
3046	81	2	1.0
3046	2842	2	1.0
3047	40	2	1.0
3048	41	2	1.0
3048	1774	2	1.0
3048	2253	2	1.0
3048	2344	2	1.0
3048	2399	2	1.0
3049	41	2	1.0
3050	41	2	1.0
3050	1777	2	1.0
3050	1942	2	1.0
3050	2344	2	1.0
3051	41	2	1.0
3051	1777	2	1.0
3051	2253	2	1.0
3051	2344	2	1.0
3051	2399	2	1.0
3052	41	2	1.0
3052	1637	2	1.0
3052	1803	2	1.0
3052	1942	2	1.0
3052	2344	2	1.0
3053	41	2	1.0
3053	1942	2	1.0
3053	2344	2	1.0
3053	2399	2	1.0
3054	41	2	1.0
3054	1774	2	1.0
3054	1849	2	1.0
3054	1942	2	1.0
3054	2253	2	1.0
3054	2344	2	1.0
3054	2399	2	1.0
3055	42	2	1.0
3056	42	2	1.0
3057	42	2	1.0
3058	42	2	1.0
3059	43	2	1.0
3060	44	2	1.0
3061	44	2	1.0
3062	44	2	1.0
3063	44	2	1.0
3064	44	2	1.0
3064	1828	2	1.0
3065	45	2	1.0
3066	46	2	1.0
3067	46	2	1.0
3068	47	2	1.0
3069	47	2	1.0
3069	369	2	1.0
3069	971	2	1.0
3069	2653	2	1.0
3070	48	2	1.0
3071	48	2	1.0
3072	48	2	1.0
3073	49	2	1.0
3074	49	2	1.0
3075	49	2	1.0
3076	49	2	1.0
3077	50	2	1.0
3077	627	2	1.0
3078	50	2	1.0
3079	51	2	1.0
3080	51	2	1.0
3081	52	2	1.0
3082	52	2	1.0
3083	52	2	1.0
3084	52	2	1.0
3085	53	2	1.0
3086	53	2	1.0
3087	53	2	1.0
3087	565	2	1.0
3087	957	2	1.0
3088	53	2	1.0
3089	54	2	1.0
3090	55	2	1.0
3091	55	2	1.0
3092	55	2	1.0
3092	2746	2	1.0
3093	56	2	1.0
3094	56	2	1.0
3095	56	2	1.0
3095	540	2	1.0
3096	57	2	1.0
3097	57	2	1.0
3098	58	2	1.0
3098	1355	2	1.0
3099	58	2	1.0
3099	1355	2	1.0
3099	1889	2	1.0
3100	59	2	1.0
3100	1533	2	1.0
3101	59	2	1.0
3102	59	2	1.0
3103	60	2	1.0
3104	60	2	1.0
3105	60	2	1.0
3105	420	2	1.0
3105	1203	2	1.0
3106	60	2	1.0
3107	61	2	1.0
3107	551	2	1.0
3107	753	2	1.0
3107	1671	2	1.0
3107	2229	2	1.0
3108	61	2	1.0
3108	435	2	1.0
3108	436	2	1.0
3108	551	2	1.0
3108	653	2	1.0
3108	753	2	1.0
3108	836	2	1.0
3108	1376	2	1.0
3108	1671	2	1.0
3108	2229	2	1.0
3108	2388	2	1.0
3108	2410	2	1.0
3109	62	2	1.0
3109	704	2	1.0
3109	1049	2	1.0
3109	1605	2	1.0
3109	2309	2	1.0
3110	62	2	1.0
3110	599	2	1.0
3110	704	2	1.0
3110	1895	2	1.0
3110	1909	2	1.0
3110	2076	2	1.0
3110	2309	2	1.0
3111	62	2	1.0
3111	704	2	1.0
3111	1675	2	1.0
3111	1766	2	1.0
3111	1909	2	1.0
3111	1966	2	1.0
3111	2063	2	1.0
3111	2452	2	1.0
3111	2849	2	1.0
3112	62	2	1.0
3112	704	2	1.0
3112	823	2	1.0
3112	1654	2	1.0
3112	1766	2	1.0
3112	1909	2	1.0
3112	2076	2	1.0
3113	63	2	1.0
3114	63	2	1.0
3114	994	2	1.0
3115	63	2	1.0
3115	2658	2	1.0
3116	64	2	1.0
3117	64	2	1.0
3117	1275	2	1.0
3117	1425	2	1.0
3117	2003	2	1.0
3118	65	2	1.0
3119	65	2	1.0
3120	65	2	1.0
3121	65	2	1.0
3122	65	2	1.0
3123	65	2	1.0
3124	66	2	1.0
3124	1204	2	1.0
3125	66	2	1.0
3126	66	2	1.0
3126	1827	2	1.0
3127	67	2	1.0
3128	67	2	1.0
3128	266	2	1.0
3128	2476	2	1.0
3129	68	2	1.0
3130	68	2	1.0
3131	68	2	1.0
3132	68	2	1.0
3133	68	2	1.0
3134	69	2	1.0
3135	69	2	1.0
3136	69	2	1.0
3137	70	2	1.0
3138	70	2	1.0
3138	1373	2	1.0
3139	70	2	1.0
3140	70	2	1.0
3141	70	2	1.0
3142	71	2	1.0
3143	71	2	1.0
3144	72	2	1.0
3145	72	2	1.0
3146	72	2	1.0
3147	72	2	1.0
3148	73	2	1.0
3148	1888	2	1.0
3149	73	2	1.0
3149	625	2	1.0
3149	1837	2	1.0
3150	74	2	1.0
3150	336	2	1.0
3150	852	2	1.0
3150	1180	2	1.0
3150	2796	2	1.0
3151	74	2	1.0
3152	74	2	1.0
3152	2796	2	1.0
3153	75	2	1.0
3154	75	2	1.0
3155	75	2	1.0
3156	75	2	1.0
3157	75	2	1.0
3158	76	2	1.0
3158	2016	2	1.0
3158	2604	2	1.0
3158	2681	2	1.0
3159	76	2	1.0
3160	77	2	1.0
3160	472	2	1.0
3160	926	2	1.0
3160	1151	2	1.0
3160	1921	2	1.0
3161	77	2	1.0
3161	472	2	1.0
3162	78	2	1.0
3163	78	2	1.0
3164	79	2	1.0
3165	79	2	1.0
3166	79	2	1.0
3166	1282	2	1.0
3166	2560	2	1.0
3167	80	2	1.0
3167	107	2	1.0
3167	180	2	1.0
3167	1392	2	1.0
3167	2059	2	1.0
3168	80	2	1.0
3168	107	2	1.0
3168	180	2	1.0
3168	1681	2	1.0
3168	2045	2	1.0
3168	2059	2	1.0
3168	2264	2	1.0
3169	80	2	1.0
3169	1392	2	1.0
3170	81	2	1.0
3171	82	2	1.0
3172	82	2	1.0
3173	82	2	1.0
3174	82	2	1.0
3174	160	2	1.0
3175	82	2	1.0
3176	83	2	1.0
3177	84	2	1.0
3178	84	2	1.0
3179	84	2	1.0
3179	123	2	1.0
3179	323	2	1.0
3179	724	2	1.0
3179	1327	2	1.0
3179	2102	2	1.0
3179	2467	2	1.0
3179	2594	2	1.0
3179	2601	2	1.0
3179	2701	2	1.0
3179	2869	2	1.0
3180	85	2	1.0
3181	85	2	1.0
3182	86	2	1.0
3182	2551	2	1.0
3182	2863	2	1.0
3183	86	2	1.0
3183	2551	2	1.0
3184	87	2	1.0
3185	87	2	1.0
3186	87	2	1.0
3187	87	2	1.0
3187	2742	2	1.0
3188	88	2	1.0
3188	265	2	1.0
3189	89	2	1.0
3190	89	2	1.0
3191	89	2	1.0
3192	89	2	1.0
3193	90	2	1.0
3194	90	2	1.0
3195	90	2	1.0
3196	91	2	1.0
3197	91	2	1.0
3198	92	2	1.0
3199	92	2	1.0
3199	699	2	1.0
3199	851	2	1.0
3199	1245	2	1.0
3199	1481	2	1.0
3199	1495	2	1.0
3199	1874	2	1.0
3199	2113	2	1.0
3200	92	2	1.0
3200	1245	2	1.0
3201	93	2	1.0
3201	2364	2	1.0
3202	94	2	1.0
3203	95	2	1.0
3204	95	2	1.0
3205	96	2	1.0
3205	1809	2	1.0
3206	96	2	1.0
3207	96	2	1.0
3208	97	2	1.0
3208	729	2	1.0
3208	1990	2	1.0
3209	97	2	1.0
3209	110	2	1.0
3209	729	2	1.0
3209	1990	2	1.0
3210	97	2	1.0
3210	110	2	1.0
3210	365	2	1.0
3211	97	2	1.0
3211	110	2	1.0
3211	365	2	1.0
3211	729	2	1.0
3211	1990	2	1.0
3211	2756	2	1.0
3212	98	2	1.0
3213	98	2	1.0
3214	98	2	1.0
3215	98	2	1.0
3216	98	2	1.0
3216	2051	2	1.0
3216	2231	2	1.0
3217	99	2	1.0
3217	488	2	1.0
3218	99	2	1.0
3218	488	2	1.0
3218	2220	2	1.0
3219	99	2	1.0
3219	488	2	1.0
3220	99	2	1.0
3220	488	2	1.0
3220	2220	2	1.0
3221	100	2	1.0
3221	557	2	1.0
3221	863	2	1.0
3221	1968	2	1.0
3222	100	2	1.0
3223	101	2	1.0
3223	757	2	1.0
3223	926	2	1.0
3223	1876	2	1.0
3223	2763	2	1.0
3224	101	2	1.0
3224	757	2	1.0
3225	102	2	1.0
3226	102	2	1.0
3227	102	2	1.0
3228	103	2	1.0
3229	103	2	1.0
3230	104	2	1.0
3231	104	2	1.0
3231	1533	2	1.0
3231	1698	2	1.0
3232	104	2	1.0
3233	104	2	1.0
3233	1354	2	1.0
3233	2371	2	1.0
3234	105	2	1.0
3234	2294	2	1.0
3235	106	2	1.0
3235	1877	2	1.0
3236	107	2	1.0
3236	180	2	1.0
3237	107	2	1.0
3238	107	2	1.0
3239	107	2	1.0
3240	108	2	1.0
3241	108	2	1.0
3242	108	2	1.0
3242	2786	2	1.0
3243	109	2	1.0
3243	1839	2	1.0
3243	2155	2	1.0
3243	2876	2	1.0
3244	109	2	1.0
3244	376	2	1.0
3245	109	2	1.0
3245	583	2	1.0
3245	1839	2	1.0
3245	2155	2	1.0
3246	109	2	1.0
3246	1681	2	1.0
3246	1839	2	1.0
3246	2732	2	1.0
3247	109	2	1.0
3247	872	2	1.0
3247	1012	2	1.0
3247	1603	2	1.0
3247	1743	2	1.0
3247	2062	2	1.0
3247	2695	2	1.0
3248	111	2	1.0
3248	2881	2	1.0
3249	111	2	1.0
3249	2881	2	1.0
3250	112	2	1.0
3251	112	2	1.0
3251	120	2	1.0
3252	112	2	1.0
3252	120	2	1.0
3252	761	2	1.0
3252	2329	2	1.0
3253	113	2	1.0
3254	113	2	1.0
3255	113	2	1.0
3256	114	2	1.0
3257	114	2	1.0
3258	114	2	1.0
3259	115	2	1.0
3259	176	2	1.0
3259	208	2	1.0
3260	115	2	1.0
3260	176	2	1.0
3261	115	2	1.0
3261	148	2	1.0
3261	176	2	1.0
3261	208	2	1.0
3261	2064	2	1.0
3261	2139	2	1.0
3262	116	2	1.0
3262	2250	2	1.0
3263	116	2	1.0
3263	323	2	1.0
3263	392	2	1.0
3263	539	2	1.0
3263	599	2	1.0
3263	823	2	1.0
3263	841	2	1.0
3263	1044	2	1.0
3263	1125	2	1.0
3263	1157	2	1.0
3263	1228	2	1.0
3263	1249	2	1.0
3263	1336	2	1.0
3263	1518	2	1.0
3263	2077	2	1.0
3263	2250	2	1.0
3263	2257	2	1.0
3263	2466	2	1.0
3263	2701	2	1.0
3263	2740	2	1.0
3263	2816	2	1.0
3263	2859	2	1.0
3264	116	2	1.0
3265	117	2	1.0
3265	136	2	1.0
3265	181	2	1.0
3265	207	2	1.0
3265	287	2	1.0
3265	1211	2	1.0
3265	2083	2	1.0
3266	117	2	1.0
3266	124	2	1.0
3266	207	2	1.0
3266	614	2	1.0
3266	808	2	1.0
3266	1227	2	1.0
3266	1998	2	1.0
3266	2319	2	1.0
3266	2705	2	1.0
3267	118	2	1.0
3267	2388	2	1.0
3267	2654	2	1.0
3267	2717	2	1.0
3268	118	2	1.0
3268	961	2	1.0
3268	2717	2	1.0
3268	2751	2	1.0
3269	119	2	1.0
3270	119	2	1.0
3271	120	2	1.0
3272	121	2	1.0
3273	121	2	1.0
3274	121	2	1.0
3275	121	2	1.0
3276	121	2	1.0
3277	121	2	1.0
3278	121	2	1.0
3278	2489	2	1.0
3279	121	2	1.0
3280	122	2	1.0
3280	402	2	1.0
3281	122	2	1.0
3282	122	2	1.0
3283	123	2	1.0
3283	2572	2	1.0
3283	2701	2	1.0
3284	123	2	1.0
3284	1132	2	1.0
3284	1587	2	1.0
3284	2314	2	1.0
3284	2572	2	1.0
3284	2701	2	1.0
3284	2806	2	1.0
3285	124	2	1.0
3285	281	2	1.0
3285	287	2	1.0
3285	362	2	1.0
3285	464	2	1.0
3285	674	2	1.0
3285	1778	2	1.0
3286	124	2	1.0
3286	808	2	1.0
3286	1227	2	1.0
3286	1998	2	1.0
3286	2080	2	1.0
3287	125	2	1.0
3288	126	2	1.0
3289	126	2	1.0
3290	126	2	1.0
3290	632	2	1.0
3290	680	2	1.0
3290	2745	2	1.0
3290	2794	2	1.0
3291	127	2	1.0
3292	127	2	1.0
3293	128	2	1.0
3293	1847	2	1.0
3294	128	2	1.0
3295	128	2	1.0
3296	129	2	1.0
3297	129	2	1.0
3297	1947	2	1.0
3298	129	2	1.0
3299	129	2	1.0
3300	129	2	1.0
3301	129	2	1.0
3302	129	2	1.0
3303	130	2	1.0
3303	1453	2	1.0
3304	130	2	1.0
3304	1453	2	1.0
3305	130	2	1.0
3305	1453	2	1.0
3306	130	2	1.0
3307	131	2	1.0
3308	131	2	1.0
3308	1297	2	1.0
3308	1404	2	1.0
3308	1434	2	1.0
3308	1606	2	1.0
3308	2406	2	1.0
3309	131	2	1.0
3309	2874	2	1.0
3310	132	2	1.0
3311	132	2	1.0
3311	335	2	1.0
3311	1574	2	1.0
3311	1662	2	1.0
3311	2259	2	1.0
3311	2308	2	1.0
3311	2840	2	1.0
3312	132	2	1.0
3312	335	2	1.0
3312	1574	2	1.0
3312	2259	2	1.0
3312	2308	2	1.0
3312	2840	2	1.0
3313	133	2	1.0
3313	1983	2	1.0
3314	134	2	1.0
3315	134	2	1.0
3316	134	2	1.0
3317	134	2	1.0
3318	134	2	1.0
3319	135	2	1.0
3320	135	2	1.0
3320	963	2	1.0
3321	135	2	1.0
3321	2705	2	1.0
3322	136	2	1.0
3323	136	2	1.0
3324	136	2	1.0
3325	136	2	1.0
3325	2726	2	1.0
3326	137	2	1.0
3327	137	2	1.0
3328	137	2	1.0
3329	138	2	1.0
3330	138	2	1.0
3331	138	2	1.0
3332	138	2	1.0
3333	138	2	1.0
3334	139	2	1.0
3335	139	2	1.0
3336	140	2	1.0
3336	2728	2	1.0
3337	140	2	1.0
3337	2728	2	1.0
3338	140	2	1.0
3338	2728	2	1.0
3339	140	2	1.0
3339	2728	2	1.0
3340	141	2	1.0
3340	932	2	1.0
3341	141	2	1.0
3341	932	2	1.0
3341	2684	2	1.0
3342	141	2	1.0
3342	932	2	1.0
3343	142	2	1.0
3344	142	2	1.0
3344	1156	2	1.0
3344	1411	2	1.0
3344	1672	2	1.0
3345	143	2	1.0
3345	219	2	1.0
3345	2249	2	1.0
3346	143	2	1.0
3346	219	2	1.0
3346	2249	2	1.0
3347	144	2	1.0
3348	144	2	1.0
3349	144	2	1.0
3350	144	2	1.0
3351	145	2	1.0
3352	145	2	1.0
3353	146	2	1.0
3353	1342	2	1.0
3353	1665	2	1.0
3354	146	2	1.0
3355	146	2	1.0
3355	449	2	1.0
3355	1342	2	1.0
3355	1665	2	1.0
3355	2781	2	1.0
3356	146	2	1.0
3356	1342	2	1.0
3356	1665	2	1.0
3356	2382	2	1.0
3356	2665	2	1.0
3357	147	2	1.0
3357	227	2	1.0
3357	1559	2	1.0
3358	147	2	1.0
3358	1301	2	1.0
3358	1559	2	1.0
3358	1750	2	1.0
3358	2427	2	1.0
3358	2460	2	1.0
3359	148	2	1.0
3360	148	2	1.0
3361	149	2	1.0
3362	149	2	1.0
3363	149	2	1.0
3364	149	2	1.0
3364	1054	2	1.0
3365	149	2	1.0
3366	149	2	1.0
3366	1054	2	1.0
3367	149	2	1.0
3367	2870	2	1.0
3368	150	2	1.0
3368	1804	2	1.0
3369	150	2	1.0
3369	1804	2	1.0
3370	150	2	1.0
3370	1804	2	1.0
3371	151	2	1.0
3372	151	2	1.0
3372	601	2	1.0
3372	1690	2	1.0
3372	2254	2	1.0
3372	2607	2	1.0
3373	152	2	1.0
3374	153	2	1.0
3375	153	2	1.0
3375	1963	2	1.0
3376	154	2	1.0
3377	154	2	1.0
3378	155	2	1.0
3378	231	2	1.0
3379	156	2	1.0
3380	156	2	1.0
3381	156	2	1.0
3382	157	2	1.0
3382	1499	2	1.0
3383	157	2	1.0
3383	211	2	1.0
3383	323	2	1.0
3383	656	2	1.0
3383	1499	2	1.0
3383	1805	2	1.0
3383	2467	2	1.0
3384	157	2	1.0
3384	211	2	1.0
3384	599	2	1.0
3384	1431	2	1.0
3384	1499	2	1.0
3384	1838	2	1.0
3384	2701	2	1.0
3385	158	2	1.0
3385	1568	2	1.0
3385	1853	2	1.0
3386	158	2	1.0
3387	158	2	1.0
3387	179	2	1.0
3387	1568	2	1.0
3387	1853	2	1.0
3388	159	2	1.0
3389	159	2	1.0
3390	159	2	1.0
3391	161	2	1.0
3392	161	2	1.0
3392	826	2	1.0
3392	1940	2	1.0
3392	2098	2	1.0
3393	161	2	1.0
3393	2512	2	1.0
3394	161	2	1.0
3394	2512	2	1.0
3395	162	2	1.0
3395	1852	2	1.0
3396	162	2	1.0
3397	162	2	1.0
3397	257	2	1.0
3397	1634	2	1.0
3397	1852	2	1.0
3398	163	2	1.0
3398	2721	2	1.0
3399	163	2	1.0
3399	2721	2	1.0
3400	163	2	1.0
3401	163	2	1.0
3401	2721	2	1.0
3402	163	2	1.0
3402	2721	2	1.0
3403	163	2	1.0
3403	1149	2	1.0
3404	164	2	1.0
3405	164	2	1.0
3406	164	2	1.0
3407	164	2	1.0
3408	164	2	1.0
3409	164	2	1.0
3410	165	2	1.0
3411	165	2	1.0
3412	165	2	1.0
3413	165	2	1.0
3414	165	2	1.0
3415	165	2	1.0
3416	166	2	1.0
3417	166	2	1.0
3418	166	2	1.0
3419	166	2	1.0
3420	167	2	1.0
3421	167	2	1.0
3421	830	2	1.0
3421	1054	2	1.0
3421	1478	2	1.0
3422	168	2	1.0
3423	168	2	1.0
3424	168	2	1.0
3424	464	2	1.0
3425	169	2	1.0
3426	170	2	1.0
3427	170	2	1.0
3428	170	2	1.0
3429	170	2	1.0
3430	170	2	1.0
3431	171	2	1.0
3432	171	2	1.0
3433	171	2	1.0
3434	171	2	1.0
3435	171	2	1.0
3436	172	2	1.0
3437	172	2	1.0
3438	173	2	1.0
3438	2350	2	1.0
3439	173	2	1.0
3439	206	2	1.0
3439	2350	2	1.0
3440	173	2	1.0
3441	173	2	1.0
3442	173	2	1.0
3443	173	2	1.0
3444	174	2	1.0
3445	174	2	1.0
3446	174	2	1.0
3446	1620	2	1.0
3447	174	2	1.0
3447	296	2	1.0
3448	175	2	1.0
3449	175	2	1.0
3450	175	2	1.0
3451	176	2	1.0
3452	177	2	1.0
3453	177	2	1.0
3454	177	2	1.0
3454	2190	2	1.0
3455	178	2	1.0
3456	178	2	1.0
3457	179	2	1.0
3458	179	2	1.0
3458	2868	2	1.0
3459	180	2	1.0
3460	180	2	1.0
3461	180	2	1.0
3461	1392	2	1.0
3462	180	2	1.0
3463	180	2	1.0
3464	180	2	1.0
3465	180	2	1.0
3466	180	2	1.0
3467	180	2	1.0
3468	180	2	1.0
3469	180	2	1.0
3469	2067	2	1.0
3470	181	2	1.0
3471	181	2	1.0
3471	195	2	1.0
3471	477	2	1.0
3471	2342	2	1.0
3472	182	2	1.0
3473	182	2	1.0
3474	183	2	1.0
3475	184	2	1.0
3476	184	2	1.0
3476	1716	2	1.0
3477	184	2	1.0
3478	184	2	1.0
3478	2517	2	1.0
3479	185	2	1.0
3480	185	2	1.0
3480	690	2	1.0
3480	2279	2	1.0
3481	185	2	1.0
3482	185	2	1.0
3482	302	2	1.0
3482	602	2	1.0
3482	718	2	1.0
3482	745	2	1.0
3482	752	2	1.0
3482	1265	2	1.0
3482	1772	2	1.0
3483	186	2	1.0
3484	186	2	1.0
3485	186	2	1.0
3485	1647	2	1.0
3486	187	2	1.0
3486	2794	2	1.0
3487	187	2	1.0
3487	2794	2	1.0
3488	187	2	1.0
3488	680	2	1.0
3488	1308	2	1.0
3488	2794	2	1.0
3489	187	2	1.0
3489	680	2	1.0
3489	2794	2	1.0
3490	187	2	1.0
3490	2794	2	1.0
3491	187	2	1.0
3492	188	2	1.0
3493	189	2	1.0
3494	189	2	1.0
3495	189	2	1.0
3496	189	2	1.0
3497	189	2	1.0
3498	190	2	1.0
3499	190	2	1.0
3500	190	2	1.0
3501	190	2	1.0
3502	190	2	1.0
3503	190	2	1.0
3504	190	2	1.0
3505	191	2	1.0
3505	1266	2	1.0
3506	191	2	1.0
3506	1601	2	1.0
3507	191	2	1.0
3508	191	2	1.0
3508	1289	2	1.0
3509	191	2	1.0
3510	191	2	1.0
3511	191	2	1.0
3512	192	2	1.0
3512	1357	2	1.0
3513	192	2	1.0
3514	192	2	1.0
3515	193	2	1.0
3516	193	2	1.0
3517	193	2	1.0
3518	193	2	1.0
3519	193	2	1.0
3519	796	2	1.0
3519	1217	2	1.0
3520	194	2	1.0
3520	1552	2	1.0
3521	194	2	1.0
3522	194	2	1.0
3523	194	2	1.0
3524	195	2	1.0
3524	477	2	1.0
3524	2599	2	1.0
3524	2744	2	1.0
3525	195	2	1.0
3525	385	2	1.0
3525	477	2	1.0
3525	2744	2	1.0
3526	195	2	1.0
3526	2202	2	1.0
3526	2744	2	1.0
3527	196	2	1.0
3528	196	2	1.0
3529	196	2	1.0
3530	197	2	1.0
3530	2772	2	1.0
3531	197	2	1.0
3531	2772	2	1.0
3532	197	2	1.0
3532	2772	2	1.0
3533	198	2	1.0
3533	1634	2	1.0
3533	1935	2	1.0
3534	198	2	1.0
3534	1935	2	1.0
3535	198	2	1.0
3535	1061	2	1.0
3535	1154	2	1.0
3535	1212	2	1.0
3535	1803	2	1.0
3536	198	2	1.0
3537	198	2	1.0
3538	198	2	1.0
3539	199	2	1.0
3540	199	2	1.0
3541	199	2	1.0
3542	199	2	1.0
3543	199	2	1.0
3544	199	2	1.0
3545	199	2	1.0
3546	199	2	1.0
3547	200	2	1.0
3547	1957	2	1.0
3548	200	2	1.0
3548	1130	2	1.0
3548	1296	2	1.0
3548	1957	2	1.0
3548	2634	2	1.0
3549	201	2	1.0
3549	1262	2	1.0
3550	201	2	1.0
3551	201	2	1.0
3552	203	2	1.0
3552	2646	2	1.0
3553	203	2	1.0
3553	2646	2	1.0
3554	203	2	1.0
3554	2646	2	1.0
3555	203	2	1.0
3555	2646	2	1.0
3556	203	2	1.0
3556	2646	2	1.0
3557	203	2	1.0
3557	2646	2	1.0
3558	204	2	1.0
3558	1611	2	1.0
3559	204	2	1.0
3559	726	2	1.0
3559	1611	2	1.0
3559	2809	2	1.0
3560	205	2	1.0
3560	233	2	1.0
3560	497	2	1.0
3560	1427	2	1.0
3560	2310	2	1.0
3560	2712	2	1.0
3561	205	2	1.0
3562	205	2	1.0
3563	206	2	1.0
3564	206	2	1.0
3564	2350	2	1.0
3565	206	2	1.0
3566	207	2	1.0
3566	2083	2	1.0
3567	208	2	1.0
3568	208	2	1.0
3569	208	2	1.0
3570	209	2	1.0
3570	287	2	1.0
3570	674	2	1.0
3571	209	2	1.0
3572	210	2	1.0
3572	2509	2	1.0
3573	210	2	1.0
3573	480	2	1.0
3573	1507	2	1.0
3573	2509	2	1.0
3574	210	2	1.0
3575	211	2	1.0
3575	539	2	1.0
3576	212	2	1.0
3577	212	2	1.0
3578	213	2	1.0
3579	213	2	1.0
3580	213	2	1.0
3581	213	2	1.0
3582	214	2	1.0
3583	214	2	1.0
3584	215	2	1.0
3584	258	2	1.0
3584	675	2	1.0
3584	1764	2	1.0
3584	2279	2	1.0
3585	216	2	1.0
3586	216	2	1.0
3587	216	2	1.0
3588	216	2	1.0
3589	217	2	1.0
3589	935	2	1.0
3590	217	2	1.0
3590	935	2	1.0
3590	2524	2	1.0
3590	2753	2	1.0
3591	217	2	1.0
3591	935	2	1.0
3591	2113	2	1.0
3592	217	2	1.0
3592	935	2	1.0
3593	217	2	1.0
3594	218	2	1.0
3595	218	2	1.0
3596	218	2	1.0
3596	661	2	1.0
3596	2355	2	1.0
3597	219	2	1.0
3598	220	2	1.0
3599	220	2	1.0
3600	220	2	1.0
3601	221	2	1.0
3601	979	2	1.0
3601	1065	2	1.0
3601	2025	2	1.0
3602	221	2	1.0
3602	979	2	1.0
3602	1904	2	1.0
3603	221	2	1.0
3604	222	2	1.0
3604	714	2	1.0
3604	1313	2	1.0
3604	2530	2	1.0
3605	222	2	1.0
3605	714	2	1.0
3606	222	2	1.0
3606	714	2	1.0
3606	1179	2	1.0
3607	222	2	1.0
3608	222	2	1.0
3608	714	2	1.0
3608	742	2	1.0
3608	1179	2	1.0
3608	1313	2	1.0
3608	2530	2	1.0
3608	2567	2	1.0
3609	223	2	1.0
3610	223	2	1.0
3610	267	2	1.0
3610	2202	2	1.0
3610	2639	2	1.0
3611	223	2	1.0
3612	223	2	1.0
3613	224	2	1.0
3613	1417	2	1.0
3613	1583	2	1.0
3613	2398	2	1.0
3613	2472	2	1.0
3613	2861	2	1.0
3614	224	2	1.0
3614	944	2	1.0
3614	1417	2	1.0
3614	1583	2	1.0
3614	1732	2	1.0
3614	2472	2	1.0
3614	2603	2	1.0
3614	2622	2	1.0
3615	225	2	1.0
3615	2715	2	1.0
3616	225	2	1.0
3616	582	2	1.0
3616	1149	2	1.0
3616	1424	2	1.0
3616	1826	2	1.0
3616	2048	2	1.0
3616	2380	2	1.0
3616	2389	2	1.0
3616	2453	2	1.0
3616	2715	2	1.0
3617	225	2	1.0
3618	226	2	1.0
3618	752	2	1.0
3619	226	2	1.0
3619	752	2	1.0
3620	226	2	1.0
3620	1600	2	1.0
3620	2082	2	1.0
3621	226	2	1.0
3621	752	2	1.0
3622	226	2	1.0
3622	550	2	1.0
3622	655	2	1.0
3622	728	2	1.0
3622	752	2	1.0
3622	790	2	1.0
3622	843	2	1.0
3622	862	2	1.0
3622	1053	2	1.0
3622	1600	2	1.0
3622	1920	2	1.0
3622	1941	2	1.0
3622	2082	2	1.0
3622	2264	2	1.0
3622	2420	2	1.0
3623	226	2	1.0
3623	752	2	1.0
3624	227	2	1.0
3624	2427	2	1.0
3625	227	2	1.0
3626	227	2	1.0
3627	227	2	1.0
3627	1559	2	1.0
3628	227	2	1.0
3628	1832	2	1.0
3629	228	2	1.0
3630	228	2	1.0
3631	229	2	1.0
3632	229	2	1.0
3632	725	2	1.0
3632	2199	2	1.0
3633	230	2	1.0
3634	230	2	1.0
3635	230	2	1.0
3636	230	2	1.0
3637	230	2	1.0
3637	421	2	1.0
3637	647	2	1.0
3637	655	2	1.0
3637	843	2	1.0
3637	1557	2	1.0
3637	1689	2	1.0
3637	2793	2	1.0
3638	232	2	1.0
3639	233	2	1.0
3640	233	2	1.0
3641	233	2	1.0
3642	233	2	1.0
3643	234	2	1.0
3643	1798	2	1.0
3644	234	2	1.0
3645	234	2	1.0
3645	1268	2	1.0
3645	1798	2	1.0
3646	234	2	1.0
3646	1798	2	1.0
3647	235	2	1.0
3648	236	2	1.0
3648	330	2	1.0
3648	2528	2	1.0
3649	237	2	1.0
3650	237	2	1.0
3650	1083	2	1.0
3650	1329	2	1.0
3650	2584	2	1.0
3650	2644	2	1.0
3651	238	2	1.0
3652	238	2	1.0
3653	239	2	1.0
3654	239	2	1.0
3654	1708	2	1.0
3655	239	2	1.0
3655	2657	2	1.0
3656	240	2	1.0
3657	240	2	1.0
3657	366	2	1.0
3657	2086	2	1.0
3657	2113	2	1.0
3657	2122	2	1.0
3658	240	2	1.0
3658	1722	2	1.0
3658	1983	2	1.0
3658	2113	2	1.0
3658	2396	2	1.0
3658	2413	2	1.0
3658	2574	2	1.0
3659	241	2	1.0
3660	241	2	1.0
3661	241	2	1.0
3661	2255	2	1.0
3662	242	2	1.0
3663	243	2	1.0
3664	243	2	1.0
3665	243	2	1.0
3666	244	2	1.0
3667	244	2	1.0
3668	244	2	1.0
3669	244	2	1.0
3670	244	2	1.0
3670	2041	2	1.0
3670	2161	2	1.0
3670	2702	2	1.0
3671	245	2	1.0
3672	245	2	1.0
3673	245	2	1.0
3674	246	2	1.0
3675	246	2	1.0
3676	246	2	1.0
3677	247	2	1.0
3678	247	2	1.0
3679	248	2	1.0
3680	248	2	1.0
3680	1319	2	1.0
3681	248	2	1.0
3682	248	2	1.0
3683	248	2	1.0
3684	248	2	1.0
3684	1319	2	1.0
3685	249	2	1.0
3685	1917	2	1.0
3686	249	2	1.0
3687	249	2	1.0
3687	461	2	1.0
3688	250	2	1.0
3688	2713	2	1.0
3689	251	2	1.0
3690	251	2	1.0
3691	253	2	1.0
3692	253	2	1.0
3693	253	2	1.0
3693	2627	2	1.0
3694	254	2	1.0
3694	296	2	1.0
3695	254	2	1.0
3696	254	2	1.0
3696	296	2	1.0
3696	576	2	1.0
3696	1986	2	1.0
3697	255	2	1.0
3697	346	2	1.0
3698	255	2	1.0
3698	346	2	1.0
3699	255	2	1.0
3700	255	2	1.0
3701	256	2	1.0
3701	474	2	1.0
3702	256	2	1.0
3702	474	2	1.0
3703	257	2	1.0
3704	257	2	1.0
3704	1634	2	1.0
3705	257	2	1.0
3706	257	2	1.0
3706	268	2	1.0
3706	1264	2	1.0
3706	1361	2	1.0
3706	1582	2	1.0
3706	1783	2	1.0
3706	2141	2	1.0
3706	2449	2	1.0
3706	2653	2	1.0
3707	258	2	1.0
3708	258	2	1.0
3709	258	2	1.0
3709	394	2	1.0
3709	670	2	1.0
3709	769	2	1.0
3709	2279	2	1.0
3710	258	2	1.0
3710	670	2	1.0
3710	749	2	1.0
3710	769	2	1.0
3710	1755	2	1.0
3711	259	2	1.0
3712	259	2	1.0
3713	259	2	1.0
3714	259	2	1.0
3714	771	2	1.0
3714	1418	2	1.0
3714	1927	2	1.0
3714	2288	2	1.0
3715	259	2	1.0
3716	260	2	1.0
3717	260	2	1.0
3717	450	2	1.0
3718	260	2	1.0
3719	260	2	1.0
3720	261	2	1.0
3720	286	2	1.0
3721	261	2	1.0
3721	505	2	1.0
3722	262	2	1.0
3722	1101	2	1.0
3723	263	2	1.0
3723	2010	2	1.0
3724	263	2	1.0
3724	2010	2	1.0
3725	264	2	1.0
3726	264	2	1.0
3727	266	2	1.0
3728	266	2	1.0
3729	267	2	1.0
3730	267	2	1.0
3731	267	2	1.0
3732	268	2	1.0
3732	2141	2	1.0
3733	268	2	1.0
3734	268	2	1.0
3734	2141	2	1.0
3735	269	2	1.0
3736	269	2	1.0
3737	270	2	1.0
3738	270	2	1.0
3738	2624	2	1.0
3739	270	2	1.0
3740	271	2	1.0
3740	442	2	1.0
3741	271	2	1.0
3741	442	2	1.0
3742	271	2	1.0
3742	442	2	1.0
3742	1818	2	1.0
3743	272	2	1.0
3743	444	2	1.0
3744	272	2	1.0
3744	2742	2	1.0
3745	273	2	1.0
3746	273	2	1.0
3747	273	2	1.0
3748	273	2	1.0
3748	1294	2	1.0
3749	273	2	1.0
3749	504	2	1.0
3749	2568	2	1.0
3749	2861	2	1.0
3750	274	2	1.0
3750	2490	2	1.0
3751	274	2	1.0
3751	1307	2	1.0
3751	2490	2	1.0
3752	275	2	1.0
3753	275	2	1.0
3754	275	2	1.0
3755	276	2	1.0
3755	2570	2	1.0
3756	276	2	1.0
3756	845	2	1.0
3756	2263	2	1.0
3757	276	2	1.0
3758	276	2	1.0
3758	845	2	1.0
3758	1445	2	1.0
3758	2263	2	1.0
3758	2570	2	1.0
3759	276	2	1.0
3759	2337	2	1.0
3760	277	2	1.0
3761	277	2	1.0
3762	277	2	1.0
3763	277	2	1.0
3764	278	2	1.0
3765	279	2	1.0
3765	2501	2	1.0
3766	279	2	1.0
3766	2501	2	1.0
3767	279	2	1.0
3767	2501	2	1.0
3768	279	2	1.0
3768	2501	2	1.0
3769	280	2	1.0
3770	280	2	1.0
3770	360	2	1.0
3771	280	2	1.0
3771	698	2	1.0
3771	868	2	1.0
3771	1080	2	1.0
3771	1119	2	1.0
3771	1504	2	1.0
3771	2322	2	1.0
3771	2447	2	1.0
3771	2685	2	1.0
3772	280	2	1.0
3772	360	2	1.0
3773	281	2	1.0
3773	2299	2	1.0
3773	2443	2	1.0
3773	2686	2	1.0
3774	281	2	1.0
3774	2071	2	1.0
3775	281	2	1.0
3776	281	2	1.0
3777	281	2	1.0
3778	282	2	1.0
3779	283	2	1.0
3780	283	2	1.0
3781	283	2	1.0
3782	284	2	1.0
3782	936	2	1.0
3782	1248	2	1.0
3782	1651	2	1.0
3782	2019	2	1.0
3782	2273	2	1.0
3783	285	2	1.0
3784	285	2	1.0
3784	1298	2	1.0
3784	2825	2	1.0
3785	285	2	1.0
3785	1298	2	1.0
3785	2731	2	1.0
3785	2825	2	1.0
3786	285	2	1.0
3787	285	2	1.0
3787	671	2	1.0
3787	936	2	1.0
3787	1298	2	1.0
3787	1677	2	1.0
3787	2019	2	1.0
3787	2241	2	1.0
3787	2825	2	1.0
3788	286	2	1.0
3789	287	2	1.0
3789	674	2	1.0
3790	288	2	1.0
3791	288	2	1.0
3791	2274	2	1.0
3792	288	2	1.0
3792	2274	2	1.0
3793	289	2	1.0
3794	289	2	1.0
3795	289	2	1.0
3796	290	2	1.0
3796	622	2	1.0
3796	780	2	1.0
3796	1164	2	1.0
3796	1700	2	1.0
3796	1883	2	1.0
3796	2116	2	1.0
3796	2336	2	1.0
3797	290	2	1.0
3797	2336	2	1.0
3798	290	2	1.0
3798	2336	2	1.0
3799	290	2	1.0
3799	2336	2	1.0
3800	290	2	1.0
3800	1700	2	1.0
3800	1883	2	1.0
3800	2116	2	1.0
3801	291	2	1.0
3802	291	2	1.0
3802	439	2	1.0
3802	901	2	1.0
3803	291	2	1.0
3803	292	2	1.0
3803	962	2	1.0
3803	2850	2	1.0
3804	292	2	1.0
3804	962	2	1.0
3804	2850	2	1.0
3805	292	2	1.0
3806	292	2	1.0
3806	2850	2	1.0
3807	292	2	1.0
3808	292	2	1.0
3808	2850	2	1.0
3809	293	2	1.0
3810	293	2	1.0
3811	294	2	1.0
3811	703	2	1.0
3811	797	2	1.0
3811	1385	2	1.0
3811	1408	2	1.0
3811	1633	2	1.0
3811	2256	2	1.0
3811	2327	2	1.0
3812	294	2	1.0
3813	294	2	1.0
3814	294	2	1.0
3814	314	2	1.0
3814	1181	2	1.0
3814	1712	2	1.0
3814	1948	2	1.0
3814	2580	2	1.0
3814	2706	2	1.0
3814	2801	2	1.0
3815	294	2	1.0
3815	703	2	1.0
3815	1270	2	1.0
3815	1540	2	1.0
3815	1633	2	1.0
3815	1712	2	1.0
3815	2135	2	1.0
3815	2340	2	1.0
3815	2611	2	1.0
3816	295	2	1.0
3817	295	2	1.0
3818	295	2	1.0
3819	296	2	1.0
3820	296	2	1.0
3821	297	2	1.0
3821	574	2	1.0
3821	645	2	1.0
3821	1687	2	1.0
3821	2461	2	1.0
3822	297	2	1.0
3822	574	2	1.0
3822	1159	2	1.0
3823	297	2	1.0
3823	645	2	1.0
3823	1687	2	1.0
3823	2377	2	1.0
3823	2461	2	1.0
3824	298	2	1.0
3825	298	2	1.0
3825	592	2	1.0
3826	298	2	1.0
3827	299	2	1.0
3828	299	2	1.0
3828	636	2	1.0
3829	299	2	1.0
3829	636	2	1.0
3829	807	2	1.0
3829	1316	2	1.0
3829	1689	2	1.0
3830	300	2	1.0
3831	300	2	1.0
3831	2356	2	1.0
3832	300	2	1.0
3832	549	2	1.0
3832	1104	2	1.0
3832	1449	2	1.0
3832	1773	2	1.0
3832	2002	2	1.0
3832	2298	2	1.0
3832	2748	2	1.0
3833	301	2	1.0
3834	301	2	1.0
3835	301	2	1.0
3836	301	2	1.0
3837	301	2	1.0
3837	1906	2	1.0
3837	2180	2	1.0
3838	301	2	1.0
3839	301	2	1.0
3840	302	2	1.0
3841	302	2	1.0
3842	303	2	1.0
3843	303	2	1.0
3844	304	2	1.0
3845	304	2	1.0
3845	2110	2	1.0
3846	305	2	1.0
3846	463	2	1.0
3846	533	2	1.0
3846	1195	2	1.0
3846	1859	2	1.0
3846	2105	2	1.0
3846	2353	2	1.0
3847	305	2	1.0
3848	305	2	1.0
3849	305	2	1.0
3849	463	2	1.0
3849	533	2	1.0
3849	1195	2	1.0
3849	1859	2	1.0
3849	2105	2	1.0
3849	2353	2	1.0
3850	305	2	1.0
3850	533	2	1.0
3850	694	2	1.0
3850	1023	2	1.0
3850	1090	2	1.0
3850	1200	2	1.0
3850	1269	2	1.0
3850	1859	2	1.0
3850	2105	2	1.0
3850	2233	2	1.0
3850	2432	2	1.0
3850	2463	2	1.0
3851	306	2	1.0
3851	347	2	1.0
3851	553	2	1.0
3851	916	2	1.0
3851	2203	2	1.0
3852	306	2	1.0
3852	2203	2	1.0
3853	306	2	1.0
3853	347	2	1.0
3853	916	2	1.0
3853	2203	2	1.0
3854	306	2	1.0
3854	347	2	1.0
3855	306	2	1.0
3856	307	2	1.0
3857	307	2	1.0
3857	2110	2	1.0
3857	2516	2	1.0
3858	307	2	1.0
3858	1746	2	1.0
3859	307	2	1.0
3859	2871	2	1.0
3860	308	2	1.0
3861	308	2	1.0
3862	308	2	1.0
3862	406	2	1.0
3863	308	2	1.0
3864	309	2	1.0
3865	310	2	1.0
3866	310	2	1.0
3866	1388	2	1.0
3867	310	2	1.0
3867	1388	2	1.0
3868	310	2	1.0
3868	544	2	1.0
3869	311	2	1.0
3870	311	2	1.0
3871	311	2	1.0
3872	312	2	1.0
3873	312	2	1.0
3874	312	2	1.0
3875	313	2	1.0
3876	313	2	1.0
3877	313	2	1.0
3878	313	2	1.0
3879	313	2	1.0
3880	313	2	1.0
3881	313	2	1.0
3882	314	2	1.0
3882	2706	2	1.0
3882	2801	2	1.0
3883	315	2	1.0
3884	315	2	1.0
3884	941	2	1.0
3884	2245	2	1.0
3885	315	2	1.0
3886	315	2	1.0
3886	941	2	1.0
3887	316	2	1.0
3888	316	2	1.0
3888	1463	2	1.0
3888	2484	2	1.0
3889	317	2	1.0
3889	328	2	1.0
3889	465	2	1.0
3889	479	2	1.0
3889	2423	2	1.0
3889	2552	2	1.0
3890	318	2	1.0
3891	318	2	1.0
3892	319	2	1.0
3892	1079	2	1.0
3892	1250	2	1.0
3892	2393	2	1.0
3893	319	2	1.0
3894	319	2	1.0
3894	876	2	1.0
3894	1079	2	1.0
3894	1250	2	1.0
3894	1551	2	1.0
3894	1850	2	1.0
3894	1880	2	1.0
3894	2177	2	1.0
3894	2393	2	1.0
3894	2462	2	1.0
3894	2818	2	1.0
3895	320	2	1.0
3895	2832	2	1.0
3896	320	2	1.0
3896	2832	2	1.0
3897	321	2	1.0
3898	321	2	1.0
3898	591	2	1.0
3898	1229	2	1.0
3899	321	2	1.0
3900	321	2	1.0
3901	321	2	1.0
3902	321	2	1.0
3902	1229	2	1.0
3903	322	2	1.0
3903	654	2	1.0
3904	322	2	1.0
3904	654	2	1.0
3905	323	2	1.0
3905	656	2	1.0
3905	2362	2	1.0
3906	323	2	1.0
3906	1175	2	1.0
3907	323	2	1.0
3908	323	2	1.0
3909	323	2	1.0
3909	1805	2	1.0
3909	1953	2	1.0
3909	2150	2	1.0
3909	2243	2	1.0
3909	2376	2	1.0
3910	324	2	1.0
3910	2174	2	1.0
3911	324	2	1.0
3911	1374	2	1.0
3912	324	2	1.0
3912	372	2	1.0
3912	404	2	1.0
3912	876	2	1.0
3912	1018	2	1.0
3912	1270	2	1.0
3912	1540	2	1.0
3912	1683	2	1.0
3912	1752	2	1.0
3912	2138	2	1.0
3912	2144	2	1.0
3912	2387	2	1.0
3912	2431	2	1.0
3913	325	2	1.0
3913	484	2	1.0
3914	325	2	1.0
3915	325	2	1.0
3916	326	2	1.0
3917	326	2	1.0
3918	326	2	1.0
3919	327	2	1.0
3919	415	2	1.0
3920	327	2	1.0
3920	415	2	1.0
3920	1457	2	1.0
3921	327	2	1.0
3922	327	2	1.0
3922	415	2	1.0
3923	329	2	1.0
3923	495	2	1.0
3923	1055	2	1.0
3924	329	2	1.0
3924	495	2	1.0
3925	329	2	1.0
3925	495	2	1.0
3925	1055	2	1.0
3926	329	2	1.0
3926	495	2	1.0
3927	331	2	1.0
3928	331	2	1.0
3929	331	2	1.0
3930	332	2	1.0
3930	423	2	1.0
3930	1202	2	1.0
3930	2054	2	1.0
3931	332	2	1.0
3931	400	2	1.0
3932	333	2	1.0
3933	333	2	1.0
3934	333	2	1.0
3935	334	2	1.0
3936	334	2	1.0
3937	335	2	1.0
3938	335	2	1.0
3939	335	2	1.0
3939	1574	2	1.0
3939	2259	2	1.0
3940	336	2	1.0
3941	337	2	1.0
3942	337	2	1.0
3943	337	2	1.0
3944	338	2	1.0
3945	338	2	1.0
3945	1343	2	1.0
3946	339	2	1.0
3947	339	2	1.0
3948	339	2	1.0
3949	340	2	1.0
3950	340	2	1.0
3951	341	2	1.0
3952	341	2	1.0
3953	341	2	1.0
3954	342	2	1.0
3955	342	2	1.0
3955	592	2	1.0
3956	343	2	1.0
3956	1794	2	1.0
3956	2812	2	1.0
3957	343	2	1.0
3957	2812	2	1.0
3958	343	2	1.0
3958	1346	2	1.0
3958	2208	2	1.0
3958	2469	2	1.0
3958	2812	2	1.0
3959	344	2	1.0
3960	344	2	1.0
3960	1897	2	1.0
3961	345	2	1.0
3962	345	2	1.0
3963	345	2	1.0
3964	345	2	1.0
3964	997	2	1.0
3965	346	2	1.0
3966	346	2	1.0
3967	346	2	1.0
3967	1677	2	1.0
3968	346	2	1.0
3969	348	2	1.0
3970	348	2	1.0
3970	2295	2	1.0
3970	2638	2	1.0
3971	349	2	1.0
3972	349	2	1.0
3973	350	2	1.0
3974	350	2	1.0
3975	351	2	1.0
3975	756	2	1.0
3975	1497	2	1.0
3975	2730	2	1.0
3976	351	2	1.0
3976	756	2	1.0
3976	846	2	1.0
3976	1302	2	1.0
3976	1497	2	1.0
3976	2237	2	1.0
3976	2730	2	1.0
3977	351	2	1.0
3977	1270	2	1.0
3977	1284	2	1.0
3977	1323	2	1.0
3977	1497	2	1.0
3977	1540	2	1.0
3977	2340	2	1.0
3977	2635	2	1.0
3977	2730	2	1.0
3978	352	2	1.0
3979	353	2	1.0
3980	353	2	1.0
3981	353	2	1.0
3981	1096	2	1.0
3982	353	2	1.0
3983	354	2	1.0
3984	354	2	1.0
3985	354	2	1.0
3986	354	2	1.0
3987	354	2	1.0
3988	355	2	1.0
3989	355	2	1.0
3990	355	2	1.0
3991	356	2	1.0
3991	951	2	1.0
3992	356	2	1.0
3992	951	2	1.0
3992	2425	2	1.0
3993	357	2	1.0
3993	2351	2	1.0
3994	357	2	1.0
3995	357	2	1.0
3996	357	2	1.0
3997	358	2	1.0
3998	359	2	1.0
3999	359	2	1.0
4000	359	2	1.0
4001	359	2	1.0
4002	360	2	1.0
4003	360	2	1.0
4004	360	2	1.0
4004	418	2	1.0
4004	475	2	1.0
4004	698	2	1.0
4004	719	2	1.0
4004	745	2	1.0
4004	1119	2	1.0
4004	2015	2	1.0
4004	2447	2	1.0
4004	2684	2	1.0
4004	2817	2	1.0
4005	361	2	1.0
4006	361	2	1.0
4007	361	2	1.0
4007	1431	2	1.0
4007	1838	2	1.0
4008	361	2	1.0
4008	1431	2	1.0
4008	1838	2	1.0
4009	361	2	1.0
4010	361	2	1.0
4011	362	2	1.0
4012	362	2	1.0
4013	363	2	1.0
4013	1980	2	1.0
4014	363	2	1.0
4014	1980	2	1.0
4015	364	2	1.0
4016	364	2	1.0
4017	364	2	1.0
4018	364	2	1.0
4019	366	2	1.0
4020	367	2	1.0
4021	367	2	1.0
4022	367	2	1.0
4023	368	2	1.0
4023	1231	2	1.0
4024	368	2	1.0
4024	1498	2	1.0
4024	1986	2	1.0
4025	368	2	1.0
4026	368	2	1.0
4027	368	2	1.0
4027	1231	2	1.0
4027	1498	2	1.0
4028	369	2	1.0
4029	369	2	1.0
4030	369	2	1.0
4030	1265	2	1.0
4031	369	2	1.0
4032	369	2	1.0
4032	575	2	1.0
4032	1894	2	1.0
4033	370	2	1.0
4034	370	2	1.0
4035	370	2	1.0
4036	371	2	1.0
4036	1135	2	1.0
4036	2234	2	1.0
4037	371	2	1.0
4037	1135	2	1.0
4037	1808	2	1.0
4037	2234	2	1.0
4037	2852	2	1.0
4038	372	2	1.0
4039	373	2	1.0
4040	373	2	1.0
4041	374	2	1.0
4042	374	2	1.0
4043	375	2	1.0
4043	547	2	1.0
4043	1040	2	1.0
4043	2562	2	1.0
4044	375	2	1.0
4044	1040	2	1.0
4044	1188	2	1.0
4044	1357	2	1.0
4044	1530	2	1.0
4044	2562	2	1.0
4045	376	2	1.0
4046	376	2	1.0
4047	376	2	1.0
4047	2723	2	1.0
4048	377	2	1.0
4048	2543	2	1.0
4049	377	2	1.0
4049	711	2	1.0
4049	1230	2	1.0
4049	2345	2	1.0
4049	2543	2	1.0
4050	377	2	1.0
4050	1230	2	1.0
4050	2543	2	1.0
4051	377	2	1.0
4052	378	2	1.0
4053	378	2	1.0
4054	378	2	1.0
4055	379	2	1.0
4055	1369	2	1.0
4055	2405	2	1.0
4056	379	2	1.0
4056	406	2	1.0
4056	648	2	1.0
4056	2097	2	1.0
4057	379	2	1.0
4057	1369	2	1.0
4057	2326	2	1.0
4057	2640	2	1.0
4058	380	2	1.0
4058	722	2	1.0
4058	868	2	1.0
4059	380	2	1.0
4059	722	2	1.0
4059	1376	2	1.0
4059	1522	2	1.0
4060	381	2	1.0
4061	381	2	1.0
4062	381	2	1.0
4062	2255	2	1.0
4063	381	2	1.0
4064	381	2	1.0
4065	382	2	1.0
4066	382	2	1.0
4067	383	2	1.0
4067	2871	2	1.0
4068	384	2	1.0
4068	2527	2	1.0
4068	2535	2	1.0
4069	384	2	1.0
4070	384	2	1.0
4070	720	2	1.0
4070	2535	2	1.0
4071	384	2	1.0
4071	1493	2	1.0
4072	385	2	1.0
4073	386	2	1.0
4074	386	2	1.0
4075	386	2	1.0
4076	386	2	1.0
4076	2655	2	1.0
4077	387	2	1.0
4078	387	2	1.0
4079	387	2	1.0
4080	387	2	1.0
4081	388	2	1.0
4081	564	2	1.0
4082	388	2	1.0
4083	389	2	1.0
4083	482	2	1.0
4083	586	2	1.0
4083	587	2	1.0
4084	389	2	1.0
4084	587	2	1.0
4085	389	2	1.0
4086	389	2	1.0
4087	389	2	1.0
4087	587	2	1.0
4087	612	2	1.0
4088	390	2	1.0
4089	390	2	1.0
4090	390	2	1.0
4091	391	2	1.0
4091	1936	2	1.0
4092	391	2	1.0
4093	391	2	1.0
4094	391	2	1.0
4095	391	2	1.0
4096	391	2	1.0
4097	391	2	1.0
4098	392	2	1.0
4098	1249	2	1.0
4099	392	2	1.0
4099	1249	2	1.0
4100	393	2	1.0
4101	394	2	1.0
4102	395	2	1.0
4102	1322	2	1.0
4102	1818	2	1.0
4102	2081	2	1.0
4102	2308	2	1.0
4103	395	2	1.0
4103	1844	2	1.0
4104	395	2	1.0
4105	396	2	1.0
4105	1554	2	1.0
4105	2517	2	1.0
4106	396	2	1.0
4106	1554	2	1.0
4106	2124	2	1.0
4106	2517	2	1.0
4107	396	2	1.0
4107	2361	2	1.0
4108	396	2	1.0
4109	396	2	1.0
4110	397	2	1.0
4111	397	2	1.0
4111	1968	2	1.0
4112	398	2	1.0
4112	2870	2	1.0
4113	398	2	1.0
4114	399	2	1.0
4114	922	2	1.0
4114	1805	2	1.0
4114	2150	2	1.0
4114	2243	2	1.0
4114	2362	2	1.0
4114	2701	2	1.0
4115	399	2	1.0
4116	399	2	1.0
4116	922	2	1.0
4116	1214	2	1.0
4116	1806	2	1.0
4116	2006	2	1.0
4116	2362	2	1.0
4116	2701	2	1.0
4117	401	2	1.0
4118	401	2	1.0
4119	401	2	1.0
4120	402	2	1.0
4121	402	2	1.0
4121	1951	2	1.0
4122	402	2	1.0
4123	402	2	1.0
4124	402	2	1.0
4125	402	2	1.0
4125	1951	2	1.0
4126	403	2	1.0
4126	828	2	1.0
4127	403	2	1.0
4128	403	2	1.0
4128	828	2	1.0
4129	404	2	1.0
4129	1374	2	1.0
4130	404	2	1.0
4131	404	2	1.0
4131	685	2	1.0
4132	404	2	1.0
4132	2138	2	1.0
4133	405	2	1.0
4134	405	2	1.0
4135	405	2	1.0
4136	406	2	1.0
4137	406	2	1.0
4138	407	2	1.0
4138	433	2	1.0
4138	648	2	1.0
4139	407	2	1.0
4139	433	2	1.0
4140	407	2	1.0
4140	433	2	1.0
4141	408	2	1.0
4142	408	2	1.0
4143	408	2	1.0
4144	409	2	1.0
4144	1869	2	1.0
4145	409	2	1.0
4145	635	2	1.0
4145	1322	2	1.0
4145	1869	2	1.0
4145	2081	2	1.0
4145	2413	2	1.0
4145	2478	2	1.0
4146	410	2	1.0
4147	410	2	1.0
4148	410	2	1.0
4149	410	2	1.0
4150	410	2	1.0
4150	870	2	1.0
4151	410	2	1.0
4152	410	2	1.0
4153	411	2	1.0
4153	744	2	1.0
4153	2802	2	1.0
4154	411	2	1.0
4154	727	2	1.0
4154	744	2	1.0
4154	921	2	1.0
4154	1556	2	1.0
4154	1716	2	1.0
4154	1801	2	1.0
4154	2011	2	1.0
4154	2049	2	1.0
4154	2802	2	1.0
4155	411	2	1.0
4155	744	2	1.0
4155	1248	2	1.0
4155	1651	2	1.0
4155	2107	2	1.0
4155	2802	2	1.0
4156	412	2	1.0
4157	413	2	1.0
4157	2508	2	1.0
4158	413	2	1.0
4158	2508	2	1.0
4159	413	2	1.0
4159	2508	2	1.0
4160	414	2	1.0
4160	1401	2	1.0
4160	2032	2	1.0
4161	414	2	1.0
4161	1401	2	1.0
4161	2032	2	1.0
4162	414	2	1.0
4162	1733	2	1.0
4163	414	2	1.0
4163	1733	2	1.0
4164	415	2	1.0
4165	415	2	1.0
4166	415	2	1.0
4166	2407	2	1.0
4167	415	2	1.0
4168	415	2	1.0
4169	415	2	1.0
4169	2407	2	1.0
4170	416	2	1.0
4170	2625	2	1.0
4171	416	2	1.0
4172	416	2	1.0
4172	1718	2	1.0
4173	416	2	1.0
4174	416	2	1.0
4175	416	2	1.0
4176	417	2	1.0
4177	417	2	1.0
4178	417	2	1.0
4179	417	2	1.0
4180	418	2	1.0
4180	1142	2	1.0
4181	418	2	1.0
4182	418	2	1.0
4183	418	2	1.0
4183	860	2	1.0
4183	1142	2	1.0
4183	2096	2	1.0
4183	2717	2	1.0
4184	418	2	1.0
4185	419	2	1.0
4185	971	2	1.0
4185	1681	2	1.0
4185	2081	2	1.0
4185	2238	2	1.0
4186	419	2	1.0
4186	2081	2	1.0
4186	2238	2	1.0
4187	419	2	1.0
4188	420	2	1.0
4189	420	2	1.0
4190	420	2	1.0
4191	420	2	1.0
4192	421	2	1.0
4193	422	2	1.0
4194	422	2	1.0
4195	422	2	1.0
4196	423	2	1.0
4196	1652	2	1.0
4196	2017	2	1.0
4196	2689	2	1.0
4197	423	2	1.0
4197	2689	2	1.0
4198	423	2	1.0
4198	2689	2	1.0
4199	424	2	1.0
4199	799	2	1.0
4200	424	2	1.0
4200	799	2	1.0
4201	425	2	1.0
4202	425	2	1.0
4203	425	2	1.0
4204	425	2	1.0
4204	467	2	1.0
4204	777	2	1.0
4204	1986	2	1.0
4205	426	2	1.0
4205	1892	2	1.0
4206	426	2	1.0
4206	1892	2	1.0
4207	427	2	1.0
4208	427	2	1.0
4209	427	2	1.0
4210	428	2	1.0
4211	428	2	1.0
4212	428	2	1.0
4213	428	2	1.0
4214	429	2	1.0
4214	2219	2	1.0
4215	429	2	1.0
4215	878	2	1.0
4215	2219	2	1.0
4216	430	2	1.0
4217	430	2	1.0
4217	493	2	1.0
4217	642	2	1.0
4217	1016	2	1.0
4217	1030	2	1.0
4218	431	2	1.0
4219	431	2	1.0
4219	2764	2	1.0
4220	431	2	1.0
4221	432	2	1.0
4221	1010	2	1.0
4222	432	2	1.0
4223	432	2	1.0
4224	433	2	1.0
4225	433	2	1.0
4226	434	2	1.0
4227	434	2	1.0
4228	434	2	1.0
4228	438	2	1.0
4228	1615	2	1.0
4228	1919	2	1.0
4228	2372	2	1.0
4228	2470	2	1.0
4229	435	2	1.0
4229	1689	2	1.0
4230	435	2	1.0
4230	649	2	1.0
4230	1376	2	1.0
4230	1534	2	1.0
4230	1572	2	1.0
4230	1689	2	1.0
4230	2410	2	1.0
4231	436	2	1.0
4231	718	2	1.0
4232	436	2	1.0
4233	436	2	1.0
4234	437	2	1.0
4235	437	2	1.0
4236	438	2	1.0
4236	2470	2	1.0
4237	438	2	1.0
4238	439	2	1.0
4239	440	2	1.0
4239	605	2	1.0
4240	440	2	1.0
4240	605	2	1.0
4241	440	2	1.0
4241	605	2	1.0
4242	440	2	1.0
4242	605	2	1.0
4243	440	2	1.0
4243	605	2	1.0
4244	441	2	1.0
4245	441	2	1.0
4246	441	2	1.0
4247	441	2	1.0
4248	443	2	1.0
4248	466	2	1.0
4248	1901	2	1.0
4248	2157	2	1.0
4249	443	2	1.0
4250	443	2	1.0
4250	466	2	1.0
4250	1039	2	1.0
4250	1512	2	1.0
4250	1735	2	1.0
4250	1901	2	1.0
4250	2157	2	1.0
4251	443	2	1.0
4251	810	2	1.0
4252	444	2	1.0
4253	444	2	1.0
4254	444	2	1.0
4255	444	2	1.0
4256	445	2	1.0
4257	445	2	1.0
4258	445	2	1.0
4259	445	2	1.0
4259	958	2	1.0
4259	1944	2	1.0
4260	445	2	1.0
4261	446	2	1.0
4261	615	2	1.0
4262	446	2	1.0
4262	1835	2	1.0
4263	447	2	1.0
4264	447	2	1.0
4265	448	2	1.0
4265	556	2	1.0
4266	448	2	1.0
4266	556	2	1.0
4266	1571	2	1.0
4266	2563	2	1.0
4267	449	2	1.0
4268	449	2	1.0
4268	1257	2	1.0
4269	449	2	1.0
4269	1737	2	1.0
4270	450	2	1.0
4271	450	2	1.0
4272	450	2	1.0
4273	450	2	1.0
4274	450	2	1.0
4275	451	2	1.0
4276	451	2	1.0
4276	1318	2	1.0
4277	452	2	1.0
4277	1976	2	1.0
4278	452	2	1.0
4278	1488	2	1.0
4279	452	2	1.0
4279	1488	2	1.0
4279	1976	2	1.0
4280	453	2	1.0
4281	453	2	1.0
4282	453	2	1.0
4283	453	2	1.0
4284	453	2	1.0
4284	788	2	1.0
4285	454	2	1.0
4286	455	2	1.0
4287	455	2	1.0
4288	455	2	1.0
4288	1266	2	1.0
4289	456	2	1.0
4290	456	2	1.0
4291	457	2	1.0
4292	457	2	1.0
4293	457	2	1.0
4294	457	2	1.0
4295	457	2	1.0
4296	458	2	1.0
4297	458	2	1.0
4298	458	2	1.0
4299	459	2	1.0
4300	459	2	1.0
4301	459	2	1.0
4301	554	2	1.0
4302	460	2	1.0
4302	1533	2	1.0
4303	460	2	1.0
4304	461	2	1.0
4305	461	2	1.0
4306	462	2	1.0
4307	462	2	1.0
4308	463	2	1.0
4309	463	2	1.0
4309	673	2	1.0
4309	901	2	1.0
4309	2353	2	1.0
4310	463	2	1.0
4310	701	2	1.0
4310	2105	2	1.0
4311	463	2	1.0
4311	1859	2	1.0
4311	2105	2	1.0
4312	463	2	1.0
4313	463	2	1.0
4313	701	2	1.0
4314	463	2	1.0
4314	533	2	1.0
4314	1195	2	1.0
4314	1859	2	1.0
4314	2105	2	1.0
4315	463	2	1.0
4316	465	2	1.0
4317	465	2	1.0
4318	467	2	1.0
4318	777	2	1.0
4318	1231	2	1.0
4318	1765	2	1.0
4319	467	2	1.0
4320	467	2	1.0
4320	777	2	1.0
4320	2625	2	1.0
4321	468	2	1.0
4321	2063	2	1.0
4321	2072	2	1.0
4322	468	2	1.0
4322	795	2	1.0
4322	1051	2	1.0
4322	1441	2	1.0
4322	2421	2	1.0
4323	468	2	1.0
4323	795	2	1.0
4323	1051	2	1.0
4323	1142	2	1.0
4323	1441	2	1.0
4323	2286	2	1.0
4323	2465	2	1.0
4323	2741	2	1.0
4324	468	2	1.0
4324	498	2	1.0
4324	1051	2	1.0
4325	468	2	1.0
4325	537	2	1.0
4325	617	2	1.0
4325	860	2	1.0
4325	1747	2	1.0
4325	2063	2	1.0
4325	2096	2	1.0
4325	2435	2	1.0
4325	2514	2	1.0
4325	2858	2	1.0
4326	469	2	1.0
4327	469	2	1.0
4328	469	2	1.0
4329	469	2	1.0
4330	469	2	1.0
4330	1058	2	1.0
4331	469	2	1.0
4331	649	2	1.0
4331	1058	2	1.0
4332	470	2	1.0
4333	470	2	1.0
4334	471	2	1.0
4334	2049	2	1.0
4335	471	2	1.0
4336	471	2	1.0
4336	727	2	1.0
4336	1158	2	1.0
4336	2049	2	1.0
4337	471	2	1.0
4337	827	2	1.0
4337	2049	2	1.0
4337	2574	2	1.0
4338	472	2	1.0
4338	942	2	1.0
4339	473	2	1.0
4340	473	2	1.0
4340	2342	2	1.0
4341	474	2	1.0
4342	475	2	1.0
4342	698	2	1.0
4342	2015	2	1.0
4342	2817	2	1.0
4343	476	2	1.0
4344	476	2	1.0
4345	476	2	1.0
4345	1390	2	1.0
4345	2154	2	1.0
4345	2378	2	1.0
4345	2691	2	1.0
4346	476	2	1.0
4346	1390	2	1.0
4346	2154	2	1.0
4346	2378	2	1.0
4346	2544	2	1.0
4346	2691	2	1.0
4347	476	2	1.0
4348	477	2	1.0
4349	478	2	1.0
4349	1825	2	1.0
4349	2519	2	1.0
4350	478	2	1.0
4350	1356	2	1.0
4350	1825	2	1.0
4351	479	2	1.0
4352	479	2	1.0
4352	2134	2	1.0
4353	479	2	1.0
4353	675	2	1.0
4353	1195	2	1.0
4353	1475	2	1.0
4354	480	2	1.0
4354	985	2	1.0
4354	2175	2	1.0
4355	481	2	1.0
4356	481	2	1.0
4357	481	2	1.0
4358	482	2	1.0
4358	587	2	1.0
4359	482	2	1.0
4359	586	2	1.0
4359	587	2	1.0
4359	612	2	1.0
4360	483	2	1.0
4361	483	2	1.0
4361	940	2	1.0
4361	1240	2	1.0
4361	1658	2	1.0
4361	1666	2	1.0
4362	484	2	1.0
4363	485	2	1.0
4364	485	2	1.0
4365	486	2	1.0
4365	2422	2	1.0
4366	487	2	1.0
4367	487	2	1.0
4368	487	2	1.0
4369	487	2	1.0
4370	488	2	1.0
4371	488	2	1.0
4372	488	2	1.0
4373	488	2	1.0
4374	488	2	1.0
4375	488	2	1.0
4376	488	2	1.0
4377	488	2	1.0
4378	488	2	1.0
4379	488	2	1.0
4380	488	2	1.0
4380	2220	2	1.0
4381	489	2	1.0
4382	489	2	1.0
4383	489	2	1.0
4384	489	2	1.0
4384	742	2	1.0
4384	1393	2	1.0
4384	2390	2	1.0
4384	2698	2	1.0
4385	489	2	1.0
4385	524	2	1.0
4385	742	2	1.0
4385	2513	2	1.0
4386	490	2	1.0
4387	490	2	1.0
4388	490	2	1.0
4389	491	2	1.0
4389	1225	2	1.0
4390	491	2	1.0
4391	491	2	1.0
4391	798	2	1.0
4391	879	2	1.0
4391	912	2	1.0
4392	491	2	1.0
4392	798	2	1.0
4392	879	2	1.0
4393	492	2	1.0
4394	492	2	1.0
4394	1024	2	1.0
4394	1220	2	1.0
4395	493	2	1.0
4396	493	2	1.0
4397	493	2	1.0
4398	494	2	1.0
4399	494	2	1.0
4400	494	2	1.0
4401	496	2	1.0
4402	496	2	1.0
4403	496	2	1.0
4404	497	2	1.0
4404	2310	2	1.0
4405	497	2	1.0
4405	687	2	1.0
4405	2310	2	1.0
4406	497	2	1.0
4406	687	2	1.0
4406	1048	2	1.0
4406	1103	2	1.0
4406	1106	2	1.0
4406	1443	2	1.0
4406	1812	2	1.0
4406	1826	2	1.0
4406	1989	2	1.0
4406	2133	2	1.0
4406	2310	2	1.0
4406	2380	2	1.0
4406	2389	2	1.0
4407	498	2	1.0
4408	498	2	1.0
4409	498	2	1.0
4409	1979	2	1.0
4409	2423	2	1.0
4409	2514	2	1.0
4409	2655	2	1.0
4410	498	2	1.0
4410	747	2	1.0
4410	1420	2	1.0
4410	1586	2	1.0
4411	498	2	1.0
4412	499	2	1.0
4413	499	2	1.0
4414	499	2	1.0
4415	500	2	1.0
4416	501	2	1.0
4417	501	2	1.0
4418	502	2	1.0
4419	502	2	1.0
4420	502	2	1.0
4421	502	2	1.0
4422	502	2	1.0
4423	503	2	1.0
4423	716	2	1.0
4423	1286	2	1.0
4424	503	2	1.0
4425	503	2	1.0
4426	503	2	1.0
4426	716	2	1.0
4426	1286	2	1.0
4426	2371	2	1.0
4427	503	2	1.0
4428	504	2	1.0
4428	2861	2	1.0
4429	504	2	1.0
4429	2568	2	1.0
4429	2861	2	1.0
4430	504	2	1.0
4431	504	2	1.0
4432	505	2	1.0
4432	542	2	1.0
4433	506	2	1.0
4433	2532	2	1.0
4434	506	2	1.0
4435	506	2	1.0
4435	2532	2	1.0
4436	507	2	1.0
4436	966	2	1.0
4436	999	2	1.0
4436	2507	2	1.0
4437	507	2	1.0
4437	966	2	1.0
4437	999	2	1.0
4437	1201	2	1.0
4438	508	2	1.0
4439	508	2	1.0
4440	509	2	1.0
4441	509	2	1.0
4441	1096	2	1.0
4441	2703	2	1.0
4442	510	2	1.0
4442	2289	2	1.0
4443	510	2	1.0
4443	954	2	1.0
4443	2289	2	1.0
4444	511	2	1.0
4445	511	2	1.0
4446	512	2	1.0
4446	678	2	1.0
4446	1923	2	1.0
4447	512	2	1.0
4447	2410	2	1.0
4448	512	2	1.0
4448	1504	2	1.0
4449	512	2	1.0
4449	649	2	1.0
4449	708	2	1.0
4449	1140	2	1.0
4449	1345	2	1.0
4449	1572	2	1.0
4449	1923	2	1.0
4449	1930	2	1.0
4450	513	2	1.0
4450	943	2	1.0
4451	513	2	1.0
4451	943	2	1.0
4452	513	2	1.0
4452	943	2	1.0
4453	514	2	1.0
4453	1382	2	1.0
4454	514	2	1.0
4455	514	2	1.0
4455	1382	2	1.0
4455	2616	2	1.0
4456	515	2	1.0
4457	515	2	1.0
4458	515	2	1.0
4459	516	2	1.0
4460	516	2	1.0
4461	516	2	1.0
4462	517	2	1.0
4462	822	2	1.0
4462	1009	2	1.0
4462	1843	2	1.0
4462	2846	2	1.0
4463	517	2	1.0
4463	546	2	1.0
4463	745	2	1.0
4463	822	2	1.0
4463	1843	2	1.0
4463	2817	2	1.0
4464	518	2	1.0
4464	897	2	1.0
4464	1594	2	1.0
4465	518	2	1.0
4466	518	2	1.0
4466	541	2	1.0
4466	775	2	1.0
4466	897	2	1.0
4466	1367	2	1.0
4466	1594	2	1.0
4466	1779	2	1.0
4466	2627	2	1.0
4466	2826	2	1.0
4467	519	2	1.0
4467	1539	2	1.0
4468	519	2	1.0
4468	1063	2	1.0
4468	1093	2	1.0
4468	1539	2	1.0
4468	1628	2	1.0
4468	2111	2	1.0
4468	2313	2	1.0
4468	2511	2	1.0
4469	520	2	1.0
4470	520	2	1.0
4471	520	2	1.0
4472	520	2	1.0
4473	520	2	1.0
4474	520	2	1.0
4474	1782	2	1.0
4475	520	2	1.0
4476	520	2	1.0
4477	520	2	1.0
4478	520	2	1.0
4479	521	2	1.0
4480	521	2	1.0
4481	521	2	1.0
4482	522	2	1.0
4482	1680	2	1.0
4483	522	2	1.0
4484	522	2	1.0
4485	522	2	1.0
4485	1680	2	1.0
4486	523	2	1.0
4487	523	2	1.0
4488	523	2	1.0
4488	1919	2	1.0
4489	523	2	1.0
4490	523	2	1.0
4490	792	2	1.0
4490	852	2	1.0
4490	1632	2	1.0
4491	524	2	1.0
4492	524	2	1.0
4492	742	2	1.0
4493	525	2	1.0
4493	617	2	1.0
4493	1806	2	1.0
4493	1817	2	1.0
4493	2006	2	1.0
4494	525	2	1.0
4494	617	2	1.0
4494	1006	2	1.0
4494	1817	2	1.0
4494	1894	2	1.0
4494	2121	2	1.0
4495	526	2	1.0
4495	2566	2	1.0
4496	526	2	1.0
4496	759	2	1.0
4496	2566	2	1.0
4497	527	2	1.0
4498	527	2	1.0
4499	528	2	1.0
4499	802	2	1.0
4499	1760	2	1.0
4499	2102	2	1.0
4499	2601	2	1.0
4500	529	2	1.0
4501	529	2	1.0
4502	529	2	1.0
4503	529	2	1.0
4504	529	2	1.0
4505	529	2	1.0
4506	530	2	1.0
4507	530	2	1.0
4508	530	2	1.0
4508	2184	2	1.0
4509	530	2	1.0
4510	530	2	1.0
4511	531	2	1.0
4512	531	2	1.0
4513	532	2	1.0
4513	619	2	1.0
4513	837	2	1.0
4513	859	2	1.0
4513	1685	2	1.0
4514	532	2	1.0
4514	1969	2	1.0
4515	532	2	1.0
4515	1193	2	1.0
4515	1831	2	1.0
4516	533	2	1.0
4517	534	2	1.0
4517	1045	2	1.0
4517	1375	2	1.0
4518	534	2	1.0
4518	1045	2	1.0
4518	1375	2	1.0
4519	535	2	1.0
4520	535	2	1.0
4521	535	2	1.0
4522	536	2	1.0
4523	536	2	1.0
4523	1176	2	1.0
4523	1823	2	1.0
4524	536	2	1.0
4525	536	2	1.0
4526	538	2	1.0
4526	1105	2	1.0
4526	1191	2	1.0
4526	2554	2	1.0
4526	2766	2	1.0
4527	539	2	1.0
4528	540	2	1.0
4529	540	2	1.0
4530	541	2	1.0
4530	1367	2	1.0
4531	541	2	1.0
4532	543	2	1.0
4533	543	2	1.0
4533	641	2	1.0
4534	544	2	1.0
4534	1388	2	1.0
4535	544	2	1.0
4535	1631	2	1.0
4536	544	2	1.0
4537	545	2	1.0
4538	545	2	1.0
4538	560	2	1.0
4539	545	2	1.0
4540	545	2	1.0
4540	575	2	1.0
4540	649	2	1.0
4540	1184	2	1.0
4540	1534	2	1.0
4540	2421	2	1.0
4541	545	2	1.0
4541	560	2	1.0
4542	547	2	1.0
4542	1237	2	1.0
4543	547	2	1.0
4544	547	2	1.0
4544	907	2	1.0
4544	1234	2	1.0
4544	1237	2	1.0
4544	1385	2	1.0
4544	2184	2	1.0
4544	2327	2	1.0
4544	2727	2	1.0
4545	547	2	1.0
4545	1237	2	1.0
4546	548	2	1.0
4546	669	2	1.0
4546	2024	2	1.0
4547	548	2	1.0
4547	669	2	1.0
4547	2474	2	1.0
4548	548	2	1.0
4549	548	2	1.0
4550	548	2	1.0
4550	1616	2	1.0
4551	549	2	1.0
4552	549	2	1.0
4552	1104	2	1.0
4552	2748	2	1.0
4553	549	2	1.0
4553	1172	2	1.0
4553	1449	2	1.0
4553	1740	2	1.0
4554	550	2	1.0
4554	1970	2	1.0
4554	2484	2	1.0
4555	550	2	1.0
4555	655	2	1.0
4555	698	2	1.0
4555	728	2	1.0
4555	862	2	1.0
4555	2373	2	1.0
4556	550	2	1.0
4556	862	2	1.0
4556	2373	2	1.0
4557	551	2	1.0
4558	551	2	1.0
4558	849	2	1.0
4558	1791	2	1.0
4558	2412	2	1.0
4558	2542	2	1.0
4559	552	2	1.0
4559	1984	2	1.0
4559	2555	2	1.0
4560	552	2	1.0
4561	552	2	1.0
4561	1984	2	1.0
4561	2555	2	1.0
4562	553	2	1.0
4563	554	2	1.0
4564	554	2	1.0
4565	554	2	1.0
4566	554	2	1.0
4567	555	2	1.0
4568	555	2	1.0
4568	626	2	1.0
4568	1154	2	1.0
4568	2085	2	1.0
4568	2321	2	1.0
4568	2459	2	1.0
4568	2561	2	1.0
4569	555	2	1.0
4570	557	2	1.0
4571	557	2	1.0
4572	557	2	1.0
4573	558	2	1.0
4573	842	2	1.0
4574	558	2	1.0
4574	842	2	1.0
4575	559	2	1.0
4576	559	2	1.0
4577	559	2	1.0
4577	653	2	1.0
4578	561	2	1.0
4579	561	2	1.0
4580	562	2	1.0
4581	562	2	1.0
4582	562	2	1.0
4583	563	2	1.0
4584	563	2	1.0
4585	564	2	1.0
4586	564	2	1.0
4586	657	2	1.0
4587	565	2	1.0
4588	565	2	1.0
4589	566	2	1.0
4590	566	2	1.0
4590	2325	2	1.0
4591	566	2	1.0
4591	992	2	1.0
4591	1074	2	1.0
4591	1454	2	1.0
4591	2325	2	1.0
4591	2673	2	1.0
4592	567	2	1.0
4592	1647	2	1.0
4593	567	2	1.0
4594	567	2	1.0
4595	567	2	1.0
4596	567	2	1.0
4597	567	2	1.0
4598	567	2	1.0
4599	567	2	1.0
4599	1647	2	1.0
4600	568	2	1.0
4600	1649	2	1.0
4600	2490	2	1.0
4601	568	2	1.0
4601	1649	2	1.0
4601	2112	2	1.0
4601	2645	2	1.0
4601	2771	2	1.0
4602	569	2	1.0
4603	569	2	1.0
4604	569	2	1.0
4604	1184	2	1.0
4604	2843	2	1.0
4605	569	2	1.0
4606	569	2	1.0
4607	570	2	1.0
4608	570	2	1.0
4608	1797	2	1.0
4608	2445	2	1.0
4609	571	2	1.0
4610	571	2	1.0
4611	571	2	1.0
4612	571	2	1.0
4613	572	2	1.0
4614	572	2	1.0
4615	573	2	1.0
4616	573	2	1.0
4617	575	2	1.0
4618	575	2	1.0
4618	955	2	1.0
4618	1534	2	1.0
4619	576	2	1.0
4620	576	2	1.0
4621	576	2	1.0
4621	1163	2	1.0
4621	1517	2	1.0
4621	1721	2	1.0
4622	577	2	1.0
4623	577	2	1.0
4624	577	2	1.0
4625	578	2	1.0
4626	578	2	1.0
4627	579	2	1.0
4628	579	2	1.0
4629	579	2	1.0
4630	579	2	1.0
4631	579	2	1.0
4632	580	2	1.0
4633	580	2	1.0
4634	580	2	1.0
4635	580	2	1.0
4636	581	2	1.0
4636	2096	2	1.0
4636	2100	2	1.0
4636	2421	2	1.0
4637	582	2	1.0
4637	1149	2	1.0
4638	582	2	1.0
4638	1149	2	1.0
4639	582	2	1.0
4640	583	2	1.0
4640	1235	2	1.0
4640	1236	2	1.0
4640	1743	2	1.0
4640	2101	2	1.0
4640	2360	2	1.0
4640	2695	2	1.0
4640	2876	2	1.0
4641	583	2	1.0
4642	584	2	1.0
4642	2120	2	1.0
4643	584	2	1.0
4643	2120	2	1.0
4644	585	2	1.0
4644	1025	2	1.0
4644	2321	2	1.0
4645	585	2	1.0
4646	585	2	1.0
4647	586	2	1.0
4647	1772	2	1.0
4647	2381	2	1.0
4648	586	2	1.0
4649	586	2	1.0
4650	587	2	1.0
4651	587	2	1.0
4651	1772	2	1.0
4652	587	2	1.0
4653	588	2	1.0
4654	588	2	1.0
4654	2799	2	1.0
4655	589	2	1.0
4655	1364	2	1.0
4655	1519	2	1.0
4655	1644	2	1.0
4655	2666	2	1.0
4656	589	2	1.0
4656	1364	2	1.0
4656	2666	2	1.0
4656	2853	2	1.0
4657	590	2	1.0
4658	590	2	1.0
4659	590	2	1.0
4659	1321	2	1.0
4659	2507	2	1.0
4660	591	2	1.0
4661	591	2	1.0
4662	592	2	1.0
4663	592	2	1.0
4664	593	2	1.0
4665	593	2	1.0
4665	2024	2	1.0
4666	593	2	1.0
4667	593	2	1.0
4667	2024	2	1.0
4668	593	2	1.0
4669	593	2	1.0
4670	594	2	1.0
4671	595	2	1.0
4671	635	2	1.0
4671	1278	2	1.0
4671	1508	2	1.0
4672	595	2	1.0
4672	1278	2	1.0
4673	595	2	1.0
4674	595	2	1.0
4675	595	2	1.0
4675	2113	2	1.0
4676	596	2	1.0
4676	896	2	1.0
4677	596	2	1.0
4677	896	2	1.0
4678	597	2	1.0
4679	597	2	1.0
4679	1982	2	1.0
4680	597	2	1.0
4681	598	2	1.0
4682	598	2	1.0
4683	598	2	1.0
4684	598	2	1.0
4685	598	2	1.0
4686	598	2	1.0
4687	598	2	1.0
4688	598	2	1.0
4689	598	2	1.0
4690	599	2	1.0
4690	2701	2	1.0
4690	2740	2	1.0
4691	599	2	1.0
4691	2701	2	1.0
4691	2728	2	1.0
4692	600	2	1.0
4693	601	2	1.0
4693	1690	2	1.0
4693	2607	2	1.0
4694	602	2	1.0
4695	602	2	1.0
4696	603	2	1.0
4696	2626	2	1.0
4697	603	2	1.0
4697	2626	2	1.0
4698	603	2	1.0
4698	1820	2	1.0
4698	2652	2	1.0
4699	604	2	1.0
4699	1464	2	1.0
4699	1483	2	1.0
4699	1646	2	1.0
4699	2658	2	1.0
4700	604	2	1.0
4701	606	2	1.0
4701	1027	2	1.0
4701	1189	2	1.0
4702	607	2	1.0
4702	2284	2	1.0
4703	607	2	1.0
4703	2284	2	1.0
4704	607	2	1.0
4705	607	2	1.0
4706	607	2	1.0
4706	2284	2	1.0
4706	2341	2	1.0
4707	608	2	1.0
4708	608	2	1.0
4709	608	2	1.0
4710	609	2	1.0
4711	609	2	1.0
4712	610	2	1.0
4713	610	2	1.0
4714	611	2	1.0
4715	611	2	1.0
4716	612	2	1.0
4717	612	2	1.0
4718	612	2	1.0
4719	612	2	1.0
4720	613	2	1.0
4721	613	2	1.0
4722	613	2	1.0
4723	614	2	1.0
4723	2319	2	1.0
4724	614	2	1.0
4725	615	2	1.0
4726	615	2	1.0
4726	1011	2	1.0
4726	1579	2	1.0
4726	1613	2	1.0
4726	1664	2	1.0
4726	2044	2	1.0
4727	615	2	1.0
4728	616	2	1.0
4728	2529	2	1.0
4729	616	2	1.0
4729	2529	2	1.0
4730	616	2	1.0
4730	2529	2	1.0
4731	616	2	1.0
4731	1387	2	1.0
4731	2529	2	1.0
4732	616	2	1.0
4732	2529	2	1.0
4733	617	2	1.0
4734	617	2	1.0
4734	1020	2	1.0
4734	1866	2	1.0
4734	2063	2	1.0
4734	2514	2	1.0
4735	617	2	1.0
4736	618	2	1.0
4737	618	2	1.0
4737	1315	2	1.0
4738	618	2	1.0
4738	787	2	1.0
4738	1358	2	1.0
4738	1578	2	1.0
4738	2113	2	1.0
4738	2650	2	1.0
4739	618	2	1.0
4739	936	2	1.0
4739	1315	2	1.0
4739	1358	2	1.0
4739	1677	2	1.0
4740	619	2	1.0
4741	620	2	1.0
4742	620	2	1.0
4743	620	2	1.0
4744	620	2	1.0
4745	621	2	1.0
4746	623	2	1.0
4746	1035	2	1.0
4747	624	2	1.0
4748	624	2	1.0
4749	624	2	1.0
4750	624	2	1.0
4751	625	2	1.0
4752	626	2	1.0
4753	627	2	1.0
4754	627	2	1.0
4755	627	2	1.0
4756	628	2	1.0
4756	889	2	1.0
4756	2482	2	1.0
4757	628	2	1.0
4757	2482	2	1.0
4758	628	2	1.0
4758	2482	2	1.0
4759	628	2	1.0
4759	2482	2	1.0
4760	629	2	1.0
4761	629	2	1.0
4762	629	2	1.0
4763	630	2	1.0
4764	630	2	1.0
4765	631	2	1.0
4765	1863	2	1.0
4766	631	2	1.0
4766	1863	2	1.0
4767	632	2	1.0
4768	633	2	1.0
4769	633	2	1.0
4770	633	2	1.0
4771	634	2	1.0
4772	634	2	1.0
4773	635	2	1.0
4773	2413	2	1.0
4773	2478	2	1.0
4774	636	2	1.0
4775	636	2	1.0
4776	637	2	1.0
4776	2156	2	1.0
4777	638	2	1.0
4777	1011	2	1.0
4777	1664	2	1.0
4778	638	2	1.0
4778	794	2	1.0
4778	1780	2	1.0
4779	638	2	1.0
4779	794	2	1.0
4779	1780	2	1.0
4780	638	2	1.0
4780	785	2	1.0
4780	1780	2	1.0
4781	638	2	1.0
4782	639	2	1.0
4782	778	2	1.0
4782	1439	2	1.0
4782	2798	2	1.0
4783	640	2	1.0
4783	2175	2	1.0
4784	640	2	1.0
4784	1204	2	1.0
4784	1466	2	1.0
4785	640	2	1.0
4786	641	2	1.0
4787	641	2	1.0
4788	641	2	1.0
4789	641	2	1.0
4790	641	2	1.0
4791	643	2	1.0
4792	643	2	1.0
4793	643	2	1.0
4794	643	2	1.0
4795	644	2	1.0
4795	1277	2	1.0
4796	644	2	1.0
4796	990	2	1.0
4796	1584	2	1.0
4797	645	2	1.0
4797	1687	2	1.0
4798	646	2	1.0
4799	646	2	1.0
4800	646	2	1.0
4801	647	2	1.0
4801	690	2	1.0
4801	1557	2	1.0
4801	1607	2	1.0
4801	2279	2	1.0
4801	2685	2	1.0
4802	647	2	1.0
4802	655	2	1.0
4802	678	2	1.0
4802	690	2	1.0
4802	728	2	1.0
4802	843	2	1.0
4802	862	2	1.0
4802	1557	2	1.0
4802	1941	2	1.0
4802	2279	2	1.0
4803	647	2	1.0
4803	1600	2	1.0
4803	2082	2	1.0
4804	648	2	1.0
4805	648	2	1.0
4806	649	2	1.0
4806	1572	2	1.0
4806	1930	2	1.0
4807	649	2	1.0
4807	1058	2	1.0
4808	649	2	1.0
4808	1140	2	1.0
4808	1572	2	1.0
4809	650	2	1.0
4809	1209	2	1.0
4809	1749	2	1.0
4809	2297	2	1.0
4810	650	2	1.0
4810	696	2	1.0
4810	1170	2	1.0
4810	1209	2	1.0
4810	1232	2	1.0
4810	1314	2	1.0
4810	1749	2	1.0
4810	2297	2	1.0
4810	2583	2	1.0
4810	2733	2	1.0
4811	651	2	1.0
4812	651	2	1.0
4813	652	2	1.0
4814	652	2	1.0
4815	652	2	1.0
4816	652	2	1.0
4817	652	2	1.0
4818	653	2	1.0
4819	653	2	1.0
4820	653	2	1.0
4821	655	2	1.0
4822	657	2	1.0
4823	657	2	1.0
4824	657	2	1.0
4825	657	2	1.0
4826	658	2	1.0
4827	658	2	1.0
4828	658	2	1.0
4829	659	2	1.0
4830	659	2	1.0
4830	779	2	1.0
4830	866	2	1.0
4830	2579	2	1.0
4831	660	2	1.0
4831	1635	2	1.0
4832	660	2	1.0
4832	1635	2	1.0
4833	660	2	1.0
4834	660	2	1.0
4834	1380	2	1.0
4835	661	2	1.0
4835	1347	2	1.0
4836	661	2	1.0
4837	662	2	1.0
4837	1435	2	1.0
4837	2863	2	1.0
4838	662	2	1.0
4838	2220	2	1.0
4838	2863	2	1.0
4839	662	2	1.0
4840	662	2	1.0
4841	663	2	1.0
4842	663	2	1.0
4842	2379	2	1.0
4843	663	2	1.0
4843	1389	2	1.0
4843	2075	2	1.0
4843	2379	2	1.0
4844	664	2	1.0
4845	664	2	1.0
4846	665	2	1.0
4847	665	2	1.0
4848	666	2	1.0
4848	2164	2	1.0
4849	667	2	1.0
4849	1447	2	1.0
4849	2332	2	1.0
4850	667	2	1.0
4850	1447	2	1.0
4850	2332	2	1.0
4851	667	2	1.0
4851	1543	2	1.0
4851	2332	2	1.0
4852	668	2	1.0
4852	2115	2	1.0
4852	2571	2	1.0
4853	668	2	1.0
4853	2115	2	1.0
4853	2571	2	1.0
4854	669	2	1.0
4855	669	2	1.0
4856	669	2	1.0
4857	670	2	1.0
4858	670	2	1.0
4859	671	2	1.0
4860	671	2	1.0
4861	671	2	1.0
4862	672	2	1.0
4863	673	2	1.0
4864	673	2	1.0
4864	1231	2	1.0
4864	1986	2	1.0
4864	2187	2	1.0
4865	675	2	1.0
4865	1195	2	1.0
4866	675	2	1.0
4866	1475	2	1.0
4867	676	2	1.0
4868	677	2	1.0
4868	2196	2	1.0
4868	2479	2	1.0
4868	2729	2	1.0
4869	677	2	1.0
4870	678	2	1.0
4871	679	2	1.0
4871	1098	2	1.0
4871	1116	2	1.0
4871	1704	2	1.0
4871	1870	2	1.0
4871	2670	2	1.0
4872	679	2	1.0
4872	1098	2	1.0
4872	1116	2	1.0
4872	1704	2	1.0
4872	2670	2	1.0
4873	680	2	1.0
4873	2794	2	1.0
4874	680	2	1.0
4874	1596	2	1.0
4874	1604	2	1.0
4875	680	2	1.0
4876	680	2	1.0
4876	938	2	1.0
4877	681	2	1.0
4878	681	2	1.0
4879	681	2	1.0
4880	682	2	1.0
4881	682	2	1.0
4882	682	2	1.0
4883	682	2	1.0
4884	683	2	1.0
4885	683	2	1.0
4886	684	2	1.0
4887	684	2	1.0
4888	684	2	1.0
4889	684	2	1.0
4890	684	2	1.0
4890	1255	2	1.0
4890	1931	2	1.0
4890	2633	2	1.0
4891	685	2	1.0
4892	685	2	1.0
4893	685	2	1.0
4894	686	2	1.0
4894	900	2	1.0
4894	1802	2	1.0
4895	686	2	1.0
4895	900	2	1.0
4896	686	2	1.0
4897	686	2	1.0
4898	686	2	1.0
4899	686	2	1.0
4899	900	2	1.0
4900	686	2	1.0
4901	686	2	1.0
4902	686	2	1.0
4903	687	2	1.0
4904	687	2	1.0
4904	2329	2	1.0
4905	688	2	1.0
4906	688	2	1.0
4907	688	2	1.0
4908	688	2	1.0
4909	688	2	1.0
4910	688	2	1.0
4911	688	2	1.0
4912	689	2	1.0
4912	1952	2	1.0
4913	689	2	1.0
4913	757	2	1.0
4913	1277	2	1.0
4913	1952	2	1.0
4914	689	2	1.0
4914	1952	2	1.0
4915	689	2	1.0
4915	1952	2	1.0
4916	689	2	1.0
4916	1952	2	1.0
4917	689	2	1.0
4917	1952	2	1.0
4918	689	2	1.0
4918	1025	2	1.0
4918	1212	2	1.0
4918	1277	2	1.0
4918	1300	2	1.0
4918	1952	2	1.0
4918	2163	2	1.0
4918	2680	2	1.0
4919	690	2	1.0
4919	2279	2	1.0
4920	690	2	1.0
4920	1557	2	1.0
4920	1607	2	1.0
4920	2279	2	1.0
4921	691	2	1.0
4921	1379	2	1.0
4922	691	2	1.0
4922	1379	2	1.0
4923	692	2	1.0
4924	692	2	1.0
4925	692	2	1.0
4926	692	2	1.0
4927	692	2	1.0
4928	692	2	1.0
4929	692	2	1.0
4930	692	2	1.0
4931	693	2	1.0
4932	693	2	1.0
4933	694	2	1.0
4933	906	2	1.0
4933	2072	2	1.0
4933	2233	2	1.0
4934	694	2	1.0
4934	1090	2	1.0
4934	1200	2	1.0
4934	1269	2	1.0
4934	2233	2	1.0
4935	694	2	1.0
4936	695	2	1.0
4936	824	2	1.0
4936	981	2	1.0
4936	1589	2	1.0
4936	1620	2	1.0
4936	2277	2	1.0
4936	2466	2	1.0
4937	695	2	1.0
4937	824	2	1.0
4938	695	2	1.0
4938	824	2	1.0
4939	695	2	1.0
4939	905	2	1.0
4939	980	2	1.0
4939	1857	2	1.0
4940	695	2	1.0
4940	1171	2	1.0
4940	1519	2	1.0
4940	2466	2	1.0
4941	696	2	1.0
4941	2583	2	1.0
4942	697	2	1.0
4943	697	2	1.0
4943	790	2	1.0
4943	1920	2	1.0
4943	1943	2	1.0
4943	2510	2	1.0
4944	697	2	1.0
4945	699	2	1.0
4945	1495	2	1.0
4946	700	2	1.0
4946	804	2	1.0
4947	700	2	1.0
4948	701	2	1.0
4949	702	2	1.0
4950	702	2	1.0
4951	702	2	1.0
4952	702	2	1.0
4953	705	2	1.0
4954	705	2	1.0
4954	1157	2	1.0
4954	1190	2	1.0
4954	1214	2	1.0
4954	2816	2	1.0
4955	706	2	1.0
4955	1137	2	1.0
4956	706	2	1.0
4956	991	2	1.0
4956	1137	2	1.0
4956	1274	2	1.0
4956	1443	2	1.0
4956	2795	2	1.0
4957	707	2	1.0
4958	707	2	1.0
4958	1851	2	1.0
4959	708	2	1.0
4960	708	2	1.0
4960	1345	2	1.0
4960	2484	2	1.0
4961	709	2	1.0
4962	709	2	1.0
4963	710	2	1.0
4964	710	2	1.0
4964	1430	2	1.0
4965	710	2	1.0
4965	1430	2	1.0
4966	710	2	1.0
4966	1430	2	1.0
4966	1833	2	1.0
4967	711	2	1.0
4967	791	2	1.0
4967	1251	2	1.0
4967	2345	2	1.0
4968	711	2	1.0
4968	791	2	1.0
4968	859	2	1.0
4968	1259	2	1.0
4968	1695	2	1.0
4968	2252	2	1.0
4968	2345	2	1.0
4968	2492	2	1.0
4969	712	2	1.0
4970	712	2	1.0
4971	712	2	1.0
4972	713	2	1.0
4973	713	2	1.0
4973	1911	2	1.0
4974	713	2	1.0
4975	713	2	1.0
4975	1911	2	1.0
4976	714	2	1.0
4977	715	2	1.0
4977	2197	2	1.0
4977	2664	2	1.0
4978	715	2	1.0
4979	715	2	1.0
4980	715	2	1.0
4980	1034	2	1.0
4981	716	2	1.0
4981	1286	2	1.0
4981	2276	2	1.0
4982	716	2	1.0
4982	1286	2	1.0
4982	2276	2	1.0
4982	2616	2	1.0
4983	716	2	1.0
4983	1286	2	1.0
4984	716	2	1.0
4984	821	2	1.0
4984	1286	2	1.0
4984	1950	2	1.0
4984	2276	2	1.0
4984	2616	2	1.0
4985	716	2	1.0
4985	1286	2	1.0
4985	2276	2	1.0
4985	2616	2	1.0
4986	717	2	1.0
4987	718	2	1.0
4988	718	2	1.0
4989	718	2	1.0
4990	718	2	1.0
4991	719	2	1.0
4992	719	2	1.0
4993	720	2	1.0
4994	720	2	1.0
4994	2535	2	1.0
4995	720	2	1.0
4995	2076	2	1.0
4995	2452	2	1.0
4996	721	2	1.0
4996	1448	2	1.0
4996	2522	2	1.0
4997	722	2	1.0
4998	723	2	1.0
4998	725	2	1.0
4999	723	2	1.0
4999	725	2	1.0
4999	2428	2	1.0
5000	723	2	1.0
5000	725	2	1.0
5000	2318	2	1.0
5000	2428	2	1.0
5001	723	2	1.0
5002	723	2	1.0
5003	723	2	1.0
5003	725	2	1.0
5003	1720	2	1.0
5003	2428	2	1.0
5004	724	2	1.0
5005	724	2	1.0
5005	1327	2	1.0
5005	2594	2	1.0
5005	2869	2	1.0
5006	724	2	1.0
5006	750	2	1.0
5006	841	2	1.0
5006	1339	2	1.0
5006	2594	2	1.0
5007	725	2	1.0
5008	725	2	1.0
5009	725	2	1.0
5010	725	2	1.0
5011	725	2	1.0
5012	725	2	1.0
5013	725	2	1.0
5014	725	2	1.0
5015	725	2	1.0
5016	725	2	1.0
5017	725	2	1.0
5018	725	2	1.0
5018	1720	2	1.0
5018	2428	2	1.0
5019	725	2	1.0
5020	725	2	1.0
5021	726	2	1.0
5022	726	2	1.0
5022	2809	2	1.0
5023	727	2	1.0
5024	727	2	1.0
5024	1332	2	1.0
5024	2301	2	1.0
5025	727	2	1.0
5026	727	2	1.0
5027	729	2	1.0
5028	730	2	1.0
5028	2675	2	1.0
5029	730	2	1.0
5029	2675	2	1.0
5030	731	2	1.0
5031	731	2	1.0
5032	731	2	1.0
5033	731	2	1.0
5034	732	2	1.0
5035	732	2	1.0
5036	733	2	1.0
5036	743	2	1.0
5036	2455	2	1.0
5037	733	2	1.0
5037	743	2	1.0
5038	733	2	1.0
5038	2455	2	1.0
5039	734	2	1.0
5040	734	2	1.0
5040	992	2	1.0
5041	735	2	1.0
5041	747	2	1.0
5042	735	2	1.0
5043	735	2	1.0
5043	836	2	1.0
5044	736	2	1.0
5045	736	2	1.0
5046	736	2	1.0
5046	1314	2	1.0
5047	736	2	1.0
5047	1136	2	1.0
5047	1177	2	1.0
5047	1297	2	1.0
5047	1404	2	1.0
5047	1434	2	1.0
5047	1606	2	1.0
5047	2406	2	1.0
5047	2610	2	1.0
5047	2757	2	1.0
5048	737	2	1.0
5049	737	2	1.0
5050	737	2	1.0
5051	738	2	1.0
5051	2079	2	1.0
5052	738	2	1.0
5052	2079	2	1.0
5052	2497	2	1.0
5052	2626	2	1.0
5053	738	2	1.0
5054	738	2	1.0
5055	738	2	1.0
5056	738	2	1.0
5057	738	2	1.0
5058	739	2	1.0
5058	2275	2	1.0
5059	739	2	1.0
5059	1588	2	1.0
5059	2275	2	1.0
5060	739	2	1.0
5060	1588	2	1.0
5060	1822	2	1.0
5060	2149	2	1.0
5060	2275	2	1.0
5060	2305	2	1.0
5060	2761	2	1.0
5061	740	2	1.0
5062	740	2	1.0
5063	740	2	1.0
5064	741	2	1.0
5065	741	2	1.0
5066	741	2	1.0
5066	1647	2	1.0
5067	742	2	1.0
5068	743	2	1.0
5069	745	2	1.0
5070	745	2	1.0
5071	746	2	1.0
5072	746	2	1.0
5073	746	2	1.0
5074	746	2	1.0
5075	746	2	1.0
5076	746	2	1.0
5077	746	2	1.0
5078	747	2	1.0
5078	2412	2	1.0
5078	2542	2	1.0
5079	747	2	1.0
5079	1586	2	1.0
5079	2412	2	1.0
5079	2542	2	1.0
5080	748	2	1.0
5081	748	2	1.0
5082	748	2	1.0
5083	749	2	1.0
5084	749	2	1.0
5085	750	2	1.0
5086	751	2	1.0
5086	1287	2	1.0
5086	1288	2	1.0
5086	2397	2	1.0
5086	2591	2	1.0
5087	751	2	1.0
5087	1125	2	1.0
5087	1288	2	1.0
5087	1336	2	1.0
5088	751	2	1.0
5089	752	2	1.0
5089	843	2	1.0
5089	1600	2	1.0
5089	1941	2	1.0
5089	2082	2	1.0
5090	752	2	1.0
5091	752	2	1.0
5092	754	2	1.0
5092	2536	2	1.0
5093	754	2	1.0
5093	2536	2	1.0
5094	754	2	1.0
5094	2536	2	1.0
5095	754	2	1.0
5095	2536	2	1.0
5096	756	2	1.0
5096	846	2	1.0
5096	1302	2	1.0
5097	756	2	1.0
5097	846	2	1.0
5097	1302	2	1.0
5098	758	2	1.0
5099	758	2	1.0
5100	758	2	1.0
5100	2630	2	1.0
5101	759	2	1.0
5102	759	2	1.0
5103	760	2	1.0
5104	760	2	1.0
5105	760	2	1.0
5105	1486	2	1.0
5105	1967	2	1.0
5106	761	2	1.0
5107	761	2	1.0
5108	762	2	1.0
5108	1602	2	1.0
5109	762	2	1.0
5109	1602	2	1.0
5110	762	2	1.0
5110	1602	2	1.0
5111	763	2	1.0
5112	763	2	1.0
5113	764	2	1.0
5114	764	2	1.0
5115	764	2	1.0
5116	764	2	1.0
5117	765	2	1.0
5118	765	2	1.0
5119	765	2	1.0
5120	765	2	1.0
5121	765	2	1.0
5122	765	2	1.0
5123	765	2	1.0
5124	765	2	1.0
5125	766	2	1.0
5125	1533	2	1.0
5126	766	2	1.0
5127	767	2	1.0
5127	1259	2	1.0
5127	2091	2	1.0
5127	2492	2	1.0
5128	767	2	1.0
5128	2091	2	1.0
5129	767	2	1.0
5129	2091	2	1.0
5130	768	2	1.0
5130	2631	2	1.0
5131	768	2	1.0
5132	768	2	1.0
5133	769	2	1.0
5134	770	2	1.0
5135	770	2	1.0
5136	771	2	1.0
5136	1418	2	1.0
5136	1927	2	1.0
5137	771	2	1.0
5137	1927	2	1.0
5138	772	2	1.0
5139	772	2	1.0
5140	772	2	1.0
5141	772	2	1.0
5142	773	2	1.0
5143	773	2	1.0
5144	773	2	1.0
5145	773	2	1.0
5145	841	2	1.0
5145	1339	2	1.0
5145	1368	2	1.0
5145	1532	2	1.0
5145	1907	2	1.0
5145	1993	2	1.0
5146	773	2	1.0
5146	941	2	1.0
5146	2216	2	1.0
5146	2872	2	1.0
5147	773	2	1.0
5147	1112	2	1.0
5147	2860	2	1.0
5148	774	2	1.0
5149	774	2	1.0
5150	774	2	1.0
5151	775	2	1.0
5151	1779	2	1.0
5152	775	2	1.0
5152	897	2	1.0
5152	1779	2	1.0
5153	775	2	1.0
5153	897	2	1.0
5153	1594	2	1.0
5153	1779	2	1.0
5153	2627	2	1.0
5154	776	2	1.0
5155	776	2	1.0
5156	776	2	1.0
5157	776	2	1.0
5158	776	2	1.0
5159	777	2	1.0
5160	777	2	1.0
5161	777	2	1.0
5162	777	2	1.0
5163	777	2	1.0
5164	778	2	1.0
5164	1439	2	1.0
5164	2343	2	1.0
5164	2798	2	1.0
5165	778	2	1.0
5166	779	2	1.0
5166	1028	2	1.0
5167	781	2	1.0
5168	782	2	1.0
5169	782	2	1.0
5169	1811	2	1.0
5170	782	2	1.0
5170	1811	2	1.0
5171	783	2	1.0
5172	783	2	1.0
5172	1256	2	1.0
5173	784	2	1.0
5174	785	2	1.0
5174	858	2	1.0
5175	785	2	1.0
5176	785	2	1.0
5176	1780	2	1.0
5177	785	2	1.0
5178	785	2	1.0
5178	1033	2	1.0
5178	1285	2	1.0
5178	1780	2	1.0
5179	786	2	1.0
5179	2787	2	1.0
5180	787	2	1.0
5180	2790	2	1.0
5181	787	2	1.0
5182	787	2	1.0
5183	787	2	1.0
5183	1278	2	1.0
5183	1508	2	1.0
5183	2463	2	1.0
5184	787	2	1.0
5184	1112	2	1.0
5184	1136	2	1.0
5184	2790	2	1.0
5185	788	2	1.0
5186	788	2	1.0
5187	789	2	1.0
5187	976	2	1.0
5187	1328	2	1.0
5188	789	2	1.0
5188	1328	2	1.0
5189	790	2	1.0
5190	790	2	1.0
5190	1920	2	1.0
5191	790	2	1.0
5192	792	2	1.0
5192	1261	2	1.0
5193	792	2	1.0
5193	1056	2	1.0
5193	1261	2	1.0
5194	792	2	1.0
5194	1056	2	1.0
5194	2827	2	1.0
5195	792	2	1.0
5196	793	2	1.0
5196	993	2	1.0
5196	1591	2	1.0
5197	793	2	1.0
5197	993	2	1.0
5197	1591	2	1.0
5198	793	2	1.0
5198	993	2	1.0
5198	1591	2	1.0
5199	793	2	1.0
5199	1591	2	1.0
5200	794	2	1.0
5201	794	2	1.0
5202	794	2	1.0
5203	794	2	1.0
5204	794	2	1.0
5205	795	2	1.0
5205	1441	2	1.0
5205	2286	2	1.0
5205	2741	2	1.0
5206	796	2	1.0
5206	1217	2	1.0
5207	796	2	1.0
5208	796	2	1.0
5208	1217	2	1.0
5208	2732	2	1.0
5209	796	2	1.0
5209	864	2	1.0
5209	1217	2	1.0
5209	2710	2	1.0
5210	796	2	1.0
5210	1217	2	1.0
5211	798	2	1.0
5212	799	2	1.0
5213	799	2	1.0
5213	818	2	1.0
5213	1667	2	1.0
5213	1785	2	1.0
5213	2767	2	1.0
5214	800	2	1.0
5215	800	2	1.0
5216	801	2	1.0
5217	801	2	1.0
5218	801	2	1.0
5218	2027	2	1.0
5218	2074	2	1.0
5219	803	2	1.0
5220	803	2	1.0
5221	803	2	1.0
5222	803	2	1.0
5223	804	2	1.0
5224	805	2	1.0
5225	805	2	1.0
5226	806	2	1.0
5227	806	2	1.0
5228	806	2	1.0
5229	807	2	1.0
5229	1316	2	1.0
5229	1689	2	1.0
5230	808	2	1.0
5230	2202	2	1.0
5231	809	2	1.0
5232	809	2	1.0
5232	1512	2	1.0
5233	810	2	1.0
5234	810	2	1.0
5235	810	2	1.0
5236	810	2	1.0
5237	811	2	1.0
5237	2523	2	1.0
5237	2718	2	1.0
5238	811	2	1.0
5239	812	2	1.0
5239	975	2	1.0
5240	812	2	1.0
5240	964	2	1.0
5240	975	2	1.0
5240	2608	2	1.0
5241	813	2	1.0
5241	1187	2	1.0
5241	1676	2	1.0
5241	2661	2	1.0
5242	813	2	1.0
5242	1216	2	1.0
5243	813	2	1.0
5244	814	2	1.0
5244	1092	2	1.0
5245	814	2	1.0
5246	814	2	1.0
5247	814	2	1.0
5247	1031	2	1.0
5247	2347	2	1.0
5248	815	2	1.0
5248	2464	2	1.0
5248	2526	2	1.0
5249	815	2	1.0
5250	815	2	1.0
5251	815	2	1.0
5252	816	2	1.0
5253	817	2	1.0
5254	817	2	1.0
5255	817	2	1.0
5256	817	2	1.0
5257	817	2	1.0
5258	818	2	1.0
5259	818	2	1.0
5260	819	2	1.0
5261	820	2	1.0
5261	1409	2	1.0
5261	2810	2	1.0
5262	820	2	1.0
5263	820	2	1.0
5263	2810	2	1.0
5264	820	2	1.0
5265	820	2	1.0
5265	1409	2	1.0
5265	2810	2	1.0
5266	820	2	1.0
5266	2810	2	1.0
5267	821	2	1.0
5267	1286	2	1.0
5267	1950	2	1.0
5267	2616	2	1.0
5268	822	2	1.0
5268	1843	2	1.0
5269	823	2	1.0
5270	825	2	1.0
5270	2212	2	1.0
5271	825	2	1.0
5272	826	2	1.0
5273	826	2	1.0
5273	2098	2	1.0
5274	827	2	1.0
5274	2574	2	1.0
5275	828	2	1.0
5276	829	2	1.0
5277	829	2	1.0
5277	2326	2	1.0
5277	2859	2	1.0
5278	829	2	1.0
5279	829	2	1.0
5280	829	2	1.0
5280	2664	2	1.0
5280	2700	2	1.0
5281	830	2	1.0
5282	830	2	1.0
5283	830	2	1.0
5284	830	2	1.0
5284	1054	2	1.0
5285	831	2	1.0
5286	831	2	1.0
5287	832	2	1.0
5288	832	2	1.0
5289	833	2	1.0
5290	834	2	1.0
5291	834	2	1.0
5292	835	2	1.0
5293	835	2	1.0
5293	998	2	1.0
5293	2402	2	1.0
5293	2409	2	1.0
5294	836	2	1.0
5295	837	2	1.0
5295	1255	2	1.0
5295	2172	2	1.0
5295	2633	2	1.0
5296	837	2	1.0
5296	1255	2	1.0
5296	2172	2	1.0
5296	2633	2	1.0
5297	838	2	1.0
5298	838	2	1.0
5299	839	2	1.0
5300	840	2	1.0
5301	840	2	1.0
5302	841	2	1.0
5302	1339	2	1.0
5302	1368	2	1.0
5303	841	2	1.0
5303	1233	2	1.0
5303	1339	2	1.0
5303	2302	2	1.0
5304	842	2	1.0
5304	1859	2	1.0
5305	843	2	1.0
5305	1941	2	1.0
5305	2087	2	1.0
5306	843	2	1.0
5307	844	2	1.0
5307	1072	2	1.0
5308	844	2	1.0
5308	996	2	1.0
5308	1072	2	1.0
5308	1596	2	1.0
5308	1870	2	1.0
5308	2438	2	1.0
5309	845	2	1.0
5310	845	2	1.0
5310	1445	2	1.0
5310	2263	2	1.0
5310	2791	2	1.0
5311	846	2	1.0
5311	1302	2	1.0
5312	847	2	1.0
5312	2352	2	1.0
5313	847	2	1.0
5314	848	2	1.0
5315	848	2	1.0
5316	848	2	1.0
5316	1944	2	1.0
5317	849	2	1.0
5318	849	2	1.0
5318	2198	2	1.0
5319	849	2	1.0
5319	2198	2	1.0
5320	850	2	1.0
5321	850	2	1.0
5322	850	2	1.0
5323	851	2	1.0
5323	1874	2	1.0
5324	852	2	1.0
5325	853	2	1.0
5326	854	2	1.0
5327	855	2	1.0
5328	855	2	1.0
5329	855	2	1.0
5329	1834	2	1.0
5329	2578	2	1.0
5329	2791	2	1.0
5330	855	2	1.0
5330	1834	2	1.0
5331	856	2	1.0
5332	857	2	1.0
5332	1405	2	1.0
5332	2659	2	1.0
5333	857	2	1.0
5333	1129	2	1.0
5333	1405	2	1.0
5334	857	2	1.0
5334	1405	2	1.0
5335	857	2	1.0
5335	1066	2	1.0
5335	1129	2	1.0
5335	1405	2	1.0
5335	1746	2	1.0
5335	1891	2	1.0
5335	2556	2	1.0
5335	2659	2	1.0
5335	2720	2	1.0
5336	858	2	1.0
5337	859	2	1.0
5337	1059	2	1.0
5338	859	2	1.0
5338	1044	2	1.0
5338	1059	2	1.0
5338	2077	2	1.0
5338	2257	2	1.0
5339	860	2	1.0
5339	2096	2	1.0
5340	860	2	1.0
5340	1142	2	1.0
5341	861	2	1.0
5342	861	2	1.0
5343	861	2	1.0
5344	861	2	1.0
5345	861	2	1.0
5346	861	2	1.0
5347	862	2	1.0
5348	863	2	1.0
5349	863	2	1.0
5349	1867	2	1.0
5350	863	2	1.0
5351	864	2	1.0
5351	2710	2	1.0
5351	2742	2	1.0
5352	864	2	1.0
5352	2710	2	1.0
5353	864	2	1.0
5353	2710	2	1.0
5354	864	2	1.0
5354	2710	2	1.0
5355	865	2	1.0
5356	865	2	1.0
5357	865	2	1.0
5357	1310	2	1.0
5358	865	2	1.0
5359	866	2	1.0
5360	867	2	1.0
5361	867	2	1.0
5361	1246	2	1.0
5361	2303	2	1.0
5362	868	2	1.0
5362	1119	2	1.0
5362	2087	2	1.0
5363	868	2	1.0
5363	1119	2	1.0
5363	2322	2	1.0
5364	869	2	1.0
5365	869	2	1.0
5366	870	2	1.0
5367	871	2	1.0
5367	920	2	1.0
5367	2209	2	1.0
5368	871	2	1.0
5369	871	2	1.0
5370	872	2	1.0
5371	872	2	1.0
5371	1603	2	1.0
5371	1743	2	1.0
5371	2695	2	1.0
5372	872	2	1.0
5372	1743	2	1.0
5372	2695	2	1.0
5373	872	2	1.0
5374	872	2	1.0
5375	872	2	1.0
5376	873	2	1.0
5377	873	2	1.0
5378	874	2	1.0
5379	874	2	1.0
5380	874	2	1.0
5381	875	2	1.0
5382	875	2	1.0
5383	875	2	1.0
5383	915	2	1.0
5383	1426	2	1.0
5383	2485	2	1.0
5384	875	2	1.0
5385	875	2	1.0
5385	2694	2	1.0
5386	876	2	1.0
5386	1250	2	1.0
5387	877	2	1.0
5387	1510	2	1.0
5388	878	2	1.0
5389	878	2	1.0
5390	879	2	1.0
5390	912	2	1.0
5391	880	2	1.0
5391	1638	2	1.0
5392	880	2	1.0
5393	880	2	1.0
5393	1456	2	1.0
5393	1603	2	1.0
5393	1638	2	1.0
5393	2749	2	1.0
5394	881	2	1.0
5395	881	2	1.0
5396	882	2	1.0
5397	882	2	1.0
5397	2481	2	1.0
5398	883	2	1.0
5398	1562	2	1.0
5398	1595	2	1.0
5398	2299	2	1.0
5398	2443	2	1.0
5399	883	2	1.0
5399	1562	2	1.0
5399	1595	2	1.0
5399	1896	2	1.0
5399	2299	2	1.0
5399	2443	2	1.0
5399	2686	2	1.0
5400	884	2	1.0
5401	884	2	1.0
5402	885	2	1.0
5402	2207	2	1.0
5403	885	2	1.0
5403	2207	2	1.0
5404	885	2	1.0
5404	2207	2	1.0
5405	886	2	1.0
5406	886	2	1.0
5407	887	2	1.0
5408	887	2	1.0
5409	887	2	1.0
5409	1011	2	1.0
5409	1737	2	1.0
5410	888	2	1.0
5411	888	2	1.0
5412	888	2	1.0
5412	2540	2	1.0
5413	888	2	1.0
5414	888	2	1.0
5414	2540	2	1.0
5415	889	2	1.0
5416	889	2	1.0
5417	890	2	1.0
5418	890	2	1.0
5419	890	2	1.0
5419	1668	2	1.0
5420	891	2	1.0
5421	891	2	1.0
5422	891	2	1.0
5423	891	2	1.0
5423	1715	2	1.0
5424	891	2	1.0
5425	892	2	1.0
5425	989	2	1.0
5425	1158	2	1.0
5425	1349	2	1.0
5426	892	2	1.0
5427	893	2	1.0
5427	1992	2	1.0
5427	2823	2	1.0
5427	2862	2	1.0
5428	894	2	1.0
5429	894	2	1.0
5430	894	2	1.0
5431	895	2	1.0
5431	2324	2	1.0
5432	895	2	1.0
5433	895	2	1.0
5433	1048	2	1.0
5433	1812	2	1.0
5433	2712	2	1.0
5434	895	2	1.0
5435	898	2	1.0
5436	898	2	1.0
5437	898	2	1.0
5438	899	2	1.0
5438	2317	2	1.0
5439	899	2	1.0
5439	2317	2	1.0
5440	899	2	1.0
5441	899	2	1.0
5441	2317	2	1.0
5442	901	2	1.0
5443	901	2	1.0
5444	902	2	1.0
5445	902	2	1.0
5446	902	2	1.0
5447	903	2	1.0
5448	904	2	1.0
5449	904	2	1.0
5450	904	2	1.0
5450	1099	2	1.0
5451	904	2	1.0
5451	1099	2	1.0
5452	907	2	1.0
5452	1385	2	1.0
5452	2327	2	1.0
5452	2727	2	1.0
5453	907	2	1.0
5453	2727	2	1.0
5454	907	2	1.0
5454	2115	2	1.0
5454	2727	2	1.0
5455	908	2	1.0
5456	908	2	1.0
5457	909	2	1.0
5458	909	2	1.0
5459	909	2	1.0
5460	910	2	1.0
5461	910	2	1.0
5462	911	2	1.0
5463	911	2	1.0
5463	1713	2	1.0
5464	912	2	1.0
5465	913	2	1.0
5466	913	2	1.0
5467	913	2	1.0
5468	914	2	1.0
5469	914	2	1.0
5469	1105	2	1.0
5469	1121	2	1.0
5469	1579	2	1.0
5469	2225	2	1.0
5470	915	2	1.0
5471	915	2	1.0
5472	915	2	1.0
5473	916	2	1.0
5474	917	2	1.0
5475	917	2	1.0
5476	917	2	1.0
5476	1087	2	1.0
5476	1614	2	1.0
5476	2193	2	1.0
5476	2246	2	1.0
5477	918	2	1.0
5477	2199	2	1.0
5478	918	2	1.0
5478	1049	2	1.0
5478	1605	2	1.0
5478	1829	2	1.0
5478	2600	2	1.0
5479	919	2	1.0
5480	919	2	1.0
5480	995	2	1.0
5481	921	2	1.0
5482	922	2	1.0
5482	2701	2	1.0
5483	923	2	1.0
5483	1542	2	1.0
5484	923	2	1.0
5484	1542	2	1.0
5485	925	2	1.0
5486	925	2	1.0
5487	925	2	1.0
5487	1810	2	1.0
5488	925	2	1.0
5488	1243	2	1.0
5488	1575	2	1.0
5488	1810	2	1.0
5488	2392	2	1.0
5488	2629	2	1.0
5489	926	2	1.0
5490	927	2	1.0
5491	927	2	1.0
5492	928	2	1.0
5493	928	2	1.0
5494	928	2	1.0
5495	928	2	1.0
5496	928	2	1.0
5497	929	2	1.0
5498	929	2	1.0
5499	929	2	1.0
5499	2772	2	1.0
5500	930	2	1.0
5500	1012	2	1.0
5501	930	2	1.0
5501	1546	2	1.0
5501	1757	2	1.0
5502	930	2	1.0
5502	1546	2	1.0
5503	931	2	1.0
5504	931	2	1.0
5505	931	2	1.0
5506	931	2	1.0
5507	932	2	1.0
5508	933	2	1.0
5509	933	2	1.0
5509	1627	2	1.0
5509	2719	2	1.0
5509	2865	2	1.0
5509	2866	2	1.0
5510	933	2	1.0
5510	2865	2	1.0
5511	933	2	1.0
5511	1627	2	1.0
5511	2866	2	1.0
5512	934	2	1.0
5513	934	2	1.0
5514	934	2	1.0
5514	1898	2	1.0
5515	936	2	1.0
5515	1248	2	1.0
5515	2019	2	1.0
5516	936	2	1.0
5517	937	2	1.0
5518	937	2	1.0
5519	937	2	1.0
5520	937	2	1.0
5521	938	2	1.0
5522	938	2	1.0
5523	939	2	1.0
5523	1094	2	1.0
5524	939	2	1.0
5524	1094	2	1.0
5525	940	2	1.0
5526	940	2	1.0
5526	947	2	1.0
5526	2052	2	1.0
5526	2258	2	1.0
5526	2554	2	1.0
5527	941	2	1.0
5528	942	2	1.0
5529	942	2	1.0
5530	944	2	1.0
5530	2603	2	1.0
5531	944	2	1.0
5532	944	2	1.0
5533	944	2	1.0
5534	944	2	1.0
5535	944	2	1.0
5536	944	2	1.0
5536	1790	2	1.0
5536	2472	2	1.0
5536	2603	2	1.0
5537	945	2	1.0
5538	945	2	1.0
5538	2872	2	1.0
5539	945	2	1.0
5540	946	2	1.0
5541	946	2	1.0
5542	947	2	1.0
5542	2554	2	1.0
5543	947	2	1.0
5544	948	2	1.0
5545	948	2	1.0
5546	948	2	1.0
5546	1029	2	1.0
5546	1566	2	1.0
5546	1719	2	1.0
5547	948	2	1.0
5548	948	2	1.0
5549	949	2	1.0
5550	949	2	1.0
5551	949	2	1.0
5552	949	2	1.0
5553	949	2	1.0
5554	950	2	1.0
5555	950	2	1.0
5556	950	2	1.0
5557	952	2	1.0
5557	1234	2	1.0
5557	1357	2	1.0
5557	1954	2	1.0
5558	952	2	1.0
5558	995	2	1.0
5558	2458	2	1.0
5559	953	2	1.0
5559	1210	2	1.0
5560	953	2	1.0
5560	1210	2	1.0
5560	1624	2	1.0
5561	953	2	1.0
5561	1081	2	1.0
5561	1210	2	1.0
5561	1807	2	1.0
5561	2323	2	1.0
5561	2743	2	1.0
5562	954	2	1.0
5563	956	2	1.0
5564	956	2	1.0
5565	956	2	1.0
5566	957	2	1.0
5567	957	2	1.0
5568	958	2	1.0
5569	959	2	1.0
5569	1511	2	1.0
5569	2621	2	1.0
5570	959	2	1.0
5570	2621	2	1.0
5571	959	2	1.0
5571	2621	2	1.0
5572	960	2	1.0
5572	1461	2	1.0
5572	2500	2	1.0
5572	2824	2	1.0
5573	960	2	1.0
5573	1461	2	1.0
5573	2500	2	1.0
5573	2824	2	1.0
5574	960	2	1.0
5574	1321	2	1.0
5574	1461	2	1.0
5574	2007	2	1.0
5574	2500	2	1.0
5574	2824	2	1.0
5575	961	2	1.0
5575	982	2	1.0
5575	1125	2	1.0
5575	1287	2	1.0
5575	1288	2	1.0
5575	1336	2	1.0
5575	2388	2	1.0
5575	2591	2	1.0
5575	2751	2	1.0
5576	962	2	1.0
5577	962	2	1.0
5578	962	2	1.0
5579	962	2	1.0
5580	963	2	1.0
5581	964	2	1.0
5582	965	2	1.0
5583	965	2	1.0
5584	965	2	1.0
5585	966	2	1.0
5586	967	2	1.0
5587	967	2	1.0
5588	967	2	1.0
5589	967	2	1.0
5590	968	2	1.0
5591	969	2	1.0
5592	969	2	1.0
5593	969	2	1.0
5594	970	2	1.0
5595	971	2	1.0
5596	971	2	1.0
5597	972	2	1.0
5597	1244	2	1.0
5597	2213	2	1.0
5597	2283	2	1.0
5597	2699	2	1.0
5598	972	2	1.0
5598	1244	2	1.0
5598	2213	2	1.0
5598	2283	2	1.0
5598	2699	2	1.0
5599	973	2	1.0
5599	2095	2	1.0
5600	973	2	1.0
5601	973	2	1.0
5601	2095	2	1.0
5602	974	2	1.0
5602	2400	2	1.0
5603	974	2	1.0
5604	976	2	1.0
5605	977	2	1.0
5606	977	2	1.0
5607	977	2	1.0
5608	977	2	1.0
5609	977	2	1.0
5610	978	2	1.0
5610	1133	2	1.0
5611	978	2	1.0
5611	1133	2	1.0
5611	1611	2	1.0
5611	2759	2	1.0
5612	979	2	1.0
5612	1065	2	1.0
5612	2025	2	1.0
5613	979	2	1.0
5613	1926	2	1.0
5614	980	2	1.0
5615	980	2	1.0
5616	981	2	1.0
5617	981	2	1.0
5618	981	2	1.0
5618	1118	2	1.0
5618	1645	2	1.0
5618	1909	2	1.0
5618	2194	2	1.0
5618	2328	2	1.0
5618	2417	2	1.0
5619	982	2	1.0
5619	1157	2	1.0
5619	2388	2	1.0
5619	2397	2	1.0
5619	2816	2	1.0
5620	982	2	1.0
5621	982	2	1.0
5621	1210	2	1.0
5621	1592	2	1.0
5621	1624	2	1.0
5621	2655	2	1.0
5621	2672	2	1.0
5622	982	2	1.0
5622	1145	2	1.0
5623	983	2	1.0
5624	983	2	1.0
5624	1104	2	1.0
5624	2002	2	1.0
5624	2298	2	1.0
5625	983	2	1.0
5626	984	2	1.0
5627	984	2	1.0
5628	984	2	1.0
5629	984	2	1.0
5630	984	2	1.0
5631	984	2	1.0
5632	985	2	1.0
5633	986	2	1.0
5634	986	2	1.0
5635	987	2	1.0
5635	1492	2	1.0
5636	987	2	1.0
5637	987	2	1.0
5638	987	2	1.0
5639	987	2	1.0
5640	987	2	1.0
5640	1492	2	1.0
5641	987	2	1.0
5642	987	2	1.0
5643	987	2	1.0
5644	987	2	1.0
5645	987	2	1.0
5646	988	2	1.0
5647	988	2	1.0
5648	988	2	1.0
5649	989	2	1.0
5650	989	2	1.0
5651	989	2	1.0
5652	989	2	1.0
5653	990	2	1.0
5653	1459	2	1.0
5653	2252	2	1.0
5654	990	2	1.0
5654	1459	2	1.0
5655	990	2	1.0
5655	1459	2	1.0
5656	990	2	1.0
5657	991	2	1.0
5657	1274	2	1.0
5658	991	2	1.0
5658	1137	2	1.0
5658	1443	2	1.0
5659	992	2	1.0
5659	2325	2	1.0
5660	993	2	1.0
5661	993	2	1.0
5662	994	2	1.0
5663	995	2	1.0
5664	995	2	1.0
5665	996	2	1.0
5666	996	2	1.0
5667	997	2	1.0
5668	998	2	1.0
5668	2409	2	1.0
5669	1000	2	1.0
5670	1000	2	1.0
5671	1000	2	1.0
5672	1000	2	1.0
5673	1001	2	1.0
5673	1974	2	1.0
5673	2232	2	1.0
5673	2701	2	1.0
5673	2882	2	1.0
5674	1001	2	1.0
5675	1002	2	1.0
5675	2374	2	1.0
5676	1002	2	1.0
5676	1357	2	1.0
5676	2374	2	1.0
5676	2582	2	1.0
5677	1003	2	1.0
5678	1003	2	1.0
5679	1004	2	1.0
5679	2708	2	1.0
5680	1004	2	1.0
5681	1005	2	1.0
5682	1005	2	1.0
5682	2029	2	1.0
5683	1005	2	1.0
5683	2029	2	1.0
5684	1005	2	1.0
5684	2029	2	1.0
5685	1005	2	1.0
5686	1005	2	1.0
5687	1006	2	1.0
5687	1894	2	1.0
5687	2121	2	1.0
5688	1006	2	1.0
5688	1894	2	1.0
5689	1007	2	1.0
5689	1816	2	1.0
5690	1007	2	1.0
5691	1008	2	1.0
5692	1009	2	1.0
5693	1009	2	1.0
5694	1009	2	1.0
5695	1010	2	1.0
5696	1010	2	1.0
5697	1010	2	1.0
5698	1011	2	1.0
5698	1664	2	1.0
5699	1012	2	1.0
5700	1013	2	1.0
5701	1013	2	1.0
5702	1013	2	1.0
5703	1014	2	1.0
5704	1014	2	1.0
5705	1015	2	1.0
5706	1015	2	1.0
5706	2128	2	1.0
5707	1015	2	1.0
5708	1015	2	1.0
5709	1015	2	1.0
5710	1016	2	1.0
5711	1016	2	1.0
5712	1016	2	1.0
5713	1016	2	1.0
5713	1030	2	1.0
5714	1016	2	1.0
5715	1017	2	1.0
5716	1017	2	1.0
5717	1018	2	1.0
5717	1270	2	1.0
5717	1540	2	1.0
5718	1019	2	1.0
5718	2167	2	1.0
5719	1019	2	1.0
5719	2167	2	1.0
5720	1019	2	1.0
5721	1020	2	1.0
5722	1021	2	1.0
5722	1579	2	1.0
5722	2044	2	1.0
5723	1021	2	1.0
5724	1021	2	1.0
5724	2782	2	1.0
5725	1021	2	1.0
5726	1022	2	1.0
5727	1022	2	1.0
5727	1719	2	1.0
5727	2109	2	1.0
5728	1023	2	1.0
5728	1269	2	1.0
5728	2233	2	1.0
5729	1023	2	1.0
5730	1023	2	1.0
5730	1269	2	1.0
5731	1024	2	1.0
5732	1025	2	1.0
5732	1300	2	1.0
5733	1025	2	1.0
5734	1025	2	1.0
5735	1025	2	1.0
5736	1025	2	1.0
5737	1025	2	1.0
5737	1212	2	1.0
5737	1300	2	1.0
5738	1025	2	1.0
5739	1025	2	1.0
5740	1025	2	1.0
5741	1025	2	1.0
5742	1025	2	1.0
5743	1026	2	1.0
5743	1971	2	1.0
5744	1026	2	1.0
5744	1971	2	1.0
5745	1026	2	1.0
5745	1955	2	1.0
5746	1028	2	1.0
5746	2475	2	1.0
5747	1029	2	1.0
5747	1566	2	1.0
5748	1030	2	1.0
5749	1031	2	1.0
5750	1031	2	1.0
5750	1126	2	1.0
5750	1893	2	1.0
5751	1031	2	1.0
5751	1126	2	1.0
5751	1893	2	1.0
5752	1031	2	1.0
5752	1781	2	1.0
5752	1893	2	1.0
5753	1032	2	1.0
5754	1032	2	1.0
5755	1034	2	1.0
5756	1035	2	1.0
5757	1036	2	1.0
5758	1036	2	1.0
5759	1036	2	1.0
5760	1037	2	1.0
5761	1037	2	1.0
5762	1037	2	1.0
5763	1037	2	1.0
5764	1037	2	1.0
5765	1038	2	1.0
5766	1038	2	1.0
5767	1038	2	1.0
5768	1038	2	1.0
5769	1038	2	1.0
5770	1038	2	1.0
5771	1038	2	1.0
5772	1038	2	1.0
5773	1038	2	1.0
5774	1038	2	1.0
5775	1039	2	1.0
5776	1039	2	1.0
5777	1039	2	1.0
5778	1042	2	1.0
5779	1042	2	1.0
5780	1043	2	1.0
5781	1043	2	1.0
5781	2769	2	1.0
5782	1044	2	1.0
5782	1175	2	1.0
5782	1518	2	1.0
5782	2077	2	1.0
5782	2257	2	1.0
5783	1044	2	1.0
5783	2077	2	1.0
5783	2257	2	1.0
5784	1044	2	1.0
5784	1125	2	1.0
5784	1336	2	1.0
5784	2077	2	1.0
5784	2257	2	1.0
5784	2740	2	1.0
5785	1045	2	1.0
5786	1045	2	1.0
5787	1046	2	1.0
5788	1046	2	1.0
5789	1046	2	1.0
5789	1872	2	1.0
5790	1046	2	1.0
5791	1047	2	1.0
5792	1047	2	1.0
5793	1048	2	1.0
5793	1211	2	1.0
5793	1443	2	1.0
5793	2018	2	1.0
5794	1048	2	1.0
5794	1106	2	1.0
5794	1443	2	1.0
5794	1989	2	1.0
5795	1048	2	1.0
5796	1049	2	1.0
5797	1050	2	1.0
5797	1186	2	1.0
5797	1560	2	1.0
5798	1051	2	1.0
5799	1051	2	1.0
5800	1052	2	1.0
5800	2616	2	1.0
5801	1053	2	1.0
5801	2420	2	1.0
5802	1053	2	1.0
5802	2420	2	1.0
5803	1054	2	1.0
5803	2252	2	1.0
5804	1054	2	1.0
5805	1054	2	1.0
5806	1054	2	1.0
5807	1056	2	1.0
5808	1057	2	1.0
5809	1057	2	1.0
5810	1058	2	1.0
5811	1058	2	1.0
5812	1058	2	1.0
5813	1060	2	1.0
5813	2538	2	1.0
5814	1060	2	1.0
5814	2240	2	1.0
5815	1060	2	1.0
5815	2240	2	1.0
5816	1061	2	1.0
5816	1154	2	1.0
5816	1915	2	1.0
5816	2042	2	1.0
5817	1062	2	1.0
5817	1608	2	1.0
5817	2620	2	1.0
5818	1062	2	1.0
5819	1063	2	1.0
5819	1093	2	1.0
5820	1063	2	1.0
5821	1063	2	1.0
5822	1064	2	1.0
5823	1064	2	1.0
5824	1065	2	1.0
5824	1904	2	1.0
5825	1065	2	1.0
5825	1904	2	1.0
5826	1066	2	1.0
5826	1746	2	1.0
5827	1066	2	1.0
5827	2110	2	1.0
5827	2516	2	1.0
5828	1067	2	1.0
5829	1067	2	1.0
5829	2331	2	1.0
5830	1067	2	1.0
5830	1264	2	1.0
5830	1653	2	1.0
5830	2293	2	1.0
5830	2784	2	1.0
5831	1068	2	1.0
5832	1068	2	1.0
5833	1068	2	1.0
5834	1069	2	1.0
5835	1069	2	1.0
5835	2711	2	1.0
5836	1070	2	1.0
5837	1071	2	1.0
5837	2012	2	1.0
5838	1071	2	1.0
5839	1071	2	1.0
5839	2012	2	1.0
5840	1071	2	1.0
5840	2012	2	1.0
5841	1073	2	1.0
5842	1073	2	1.0
5843	1073	2	1.0
5844	1073	2	1.0
5844	1101	2	1.0
5844	2697	2	1.0
5845	1073	2	1.0
5846	1073	2	1.0
5846	1101	2	1.0
5847	1074	2	1.0
5847	1454	2	1.0
5848	1074	2	1.0
5848	1395	2	1.0
5848	1454	2	1.0
5849	1074	2	1.0
5849	1395	2	1.0
5849	1454	2	1.0
5849	1479	2	1.0
5849	2343	2	1.0
5850	1075	2	1.0
5851	1075	2	1.0
5852	1076	2	1.0
5853	1076	2	1.0
5854	1076	2	1.0
5855	1077	2	1.0
5855	1096	2	1.0
5855	1280	2	1.0
5855	1683	2	1.0
5855	2227	2	1.0
5855	2401	2	1.0
5855	2553	2	1.0
5856	1077	2	1.0
5857	1078	2	1.0
5858	1078	2	1.0
5859	1081	2	1.0
5860	1081	2	1.0
5860	1807	2	1.0
5860	2323	2	1.0
5860	2743	2	1.0
5861	1082	2	1.0
5862	1082	2	1.0
5863	1082	2	1.0
5864	1082	2	1.0
5865	1082	2	1.0
5866	1082	2	1.0
5867	1082	2	1.0
5868	1082	2	1.0
5869	1082	2	1.0
5870	1082	2	1.0
5871	1082	2	1.0
5872	1082	2	1.0
5873	1083	2	1.0
5873	1666	2	1.0
5874	1083	2	1.0
5874	1666	2	1.0
5875	1083	2	1.0
5875	1666	2	1.0
5876	1084	2	1.0
5877	1084	2	1.0
5877	1444	2	1.0
5878	1084	2	1.0
5878	1444	2	1.0
5878	1543	2	1.0
5878	1768	2	1.0
5879	1085	2	1.0
5880	1085	2	1.0
5881	1086	2	1.0
5881	1092	2	1.0
5882	1086	2	1.0
5883	1086	2	1.0
5884	1087	2	1.0
5885	1087	2	1.0
5886	1088	2	1.0
5887	1088	2	1.0
5887	1383	2	1.0
5888	1088	2	1.0
5888	2337	2	1.0
5889	1089	2	1.0
5890	1089	2	1.0
5891	1090	2	1.0
5891	1200	2	1.0
5892	1091	2	1.0
5892	1244	2	1.0
5892	1350	2	1.0
5892	2068	2	1.0
5892	2213	2	1.0
5892	2283	2	1.0
5892	2596	2	1.0
5892	2699	2	1.0
5893	1091	2	1.0
5894	1092	2	1.0
5895	1092	2	1.0
5896	1093	2	1.0
5896	2111	2	1.0
5896	2511	2	1.0
5896	2638	2	1.0
5897	1095	2	1.0
5898	1095	2	1.0
5898	1813	2	1.0
5898	2050	2	1.0
5898	2696	2	1.0
5899	1095	2	1.0
5899	1813	2	1.0
5899	2050	2	1.0
5899	2696	2	1.0
5900	1096	2	1.0
5901	1097	2	1.0
5902	1097	2	1.0
5903	1097	2	1.0
5904	1097	2	1.0
5905	1097	2	1.0
5906	1097	2	1.0
5907	1097	2	1.0
5908	1097	2	1.0
5909	1097	2	1.0
5910	1097	2	1.0
5911	1098	2	1.0
5912	1099	2	1.0
5913	1099	2	1.0
5914	1100	2	1.0
5914	1884	2	1.0
5915	1100	2	1.0
5916	1100	2	1.0
5916	1182	2	1.0
5916	1190	2	1.0
5916	1241	2	1.0
5916	1599	2	1.0
5916	1741	2	1.0
5916	1884	2	1.0
5916	2222	2	1.0
5916	2631	2	1.0
5916	2816	2	1.0
5917	1101	2	1.0
5918	1102	2	1.0
5918	1315	2	1.0
5919	1102	2	1.0
5920	1103	2	1.0
5920	1373	2	1.0
5921	1103	2	1.0
5921	2548	2	1.0
5922	1103	2	1.0
5923	1103	2	1.0
5924	1103	2	1.0
5925	1103	2	1.0
5925	2548	2	1.0
5926	1107	2	1.0
5927	1108	2	1.0
5927	1585	2	1.0
5928	1108	2	1.0
5928	1585	2	1.0
5929	1109	2	1.0
5929	2789	2	1.0
5930	1109	2	1.0
5930	1118	2	1.0
5930	1125	2	1.0
5930	1336	2	1.0
5930	1645	2	1.0
5930	2194	2	1.0
5930	2328	2	1.0
5930	2417	2	1.0
5930	2789	2	1.0
5931	1110	2	1.0
5931	1879	2	1.0
5932	1110	2	1.0
5933	1110	2	1.0
5934	1111	2	1.0
5935	1111	2	1.0
5935	2747	2	1.0
5936	1112	2	1.0
5936	1136	2	1.0
5936	1177	2	1.0
5936	1808	2	1.0
5936	2610	2	1.0
5936	2757	2	1.0
5937	1112	2	1.0
5937	1136	2	1.0
5937	1177	2	1.0
5937	1808	2	1.0
5937	2297	2	1.0
5937	2610	2	1.0
5937	2757	2	1.0
5938	1113	2	1.0
5939	1113	2	1.0
5940	1114	2	1.0
5940	1326	2	1.0
5941	1114	2	1.0
5941	1280	2	1.0
5941	1326	2	1.0
5942	1115	2	1.0
5943	1115	2	1.0
5944	1115	2	1.0
5945	1117	2	1.0
5946	1117	2	1.0
5947	1118	2	1.0
5948	1118	2	1.0
5948	1645	2	1.0
5948	1739	2	1.0
5948	1996	2	1.0
5948	2194	2	1.0
5948	2328	2	1.0
5948	2417	2	1.0
5948	2564	2	1.0
5948	2692	2	1.0
5949	1120	2	1.0
5950	1120	2	1.0
5951	1121	2	1.0
5952	1121	2	1.0
5953	1122	2	1.0
5954	1122	2	1.0
5954	2160	2	1.0
5955	1122	2	1.0
5955	1242	2	1.0
5955	1281	2	1.0
5955	1287	2	1.0
5955	1913	2	1.0
5955	2160	2	1.0
5955	2591	2	1.0
5956	1123	2	1.0
5957	1123	2	1.0
5958	1124	2	1.0
5959	1124	2	1.0
5960	1124	2	1.0
5960	1284	2	1.0
5960	1471	2	1.0
5960	1570	2	1.0
5960	2635	2	1.0
5961	1126	2	1.0
5961	1418	2	1.0
5962	1126	2	1.0
5963	1127	2	1.0
5964	1127	2	1.0
5965	1127	2	1.0
5966	1127	2	1.0
5967	1127	2	1.0
5968	1127	2	1.0
5969	1128	2	1.0
5969	1659	2	1.0
5970	1128	2	1.0
5970	1659	2	1.0
5971	1128	2	1.0
5972	1128	2	1.0
5973	1129	2	1.0
5974	1129	2	1.0
5975	1130	2	1.0
5975	1957	2	1.0
5976	1130	2	1.0
5977	1131	2	1.0
5978	1131	2	1.0
5978	1621	2	1.0
5978	1956	2	1.0
5979	1131	2	1.0
5980	1132	2	1.0
5981	1132	2	1.0
5981	2314	2	1.0
5981	2701	2	1.0
5981	2806	2	1.0
5982	1134	2	1.0
5983	1134	2	1.0
5984	1135	2	1.0
5984	1723	2	1.0
5984	2234	2	1.0
5984	2852	2	1.0
5985	1137	2	1.0
5986	1138	2	1.0
5987	1138	2	1.0
5988	1138	2	1.0
5989	1139	2	1.0
5990	1139	2	1.0
5991	1139	2	1.0
5992	1139	2	1.0
5993	1141	2	1.0
5994	1141	2	1.0
5995	1141	2	1.0
5996	1141	2	1.0
5997	1141	2	1.0
5998	1141	2	1.0
5999	1143	2	1.0
6000	1143	2	1.0
6001	1143	2	1.0
6002	1143	2	1.0
6002	1264	2	1.0
6003	1143	2	1.0
6003	1653	2	1.0
6003	1753	2	1.0
6003	2293	2	1.0
6003	2784	2	1.0
6004	1144	2	1.0
6005	1144	2	1.0
6006	1144	2	1.0
6006	1358	2	1.0
6006	1578	2	1.0
6006	2226	2	1.0
6007	1145	2	1.0
6008	1146	2	1.0
6009	1146	2	1.0
6010	1146	2	1.0
6011	1147	2	1.0
6011	1346	2	1.0
6012	1147	2	1.0
6013	1147	2	1.0
6014	1147	2	1.0
6015	1147	2	1.0
6016	1147	2	1.0
6017	1147	2	1.0
6018	1147	2	1.0
6019	1148	2	1.0
6019	2262	2	1.0
6020	1148	2	1.0
6020	1206	2	1.0
6020	1284	2	1.0
6020	1540	2	1.0
6020	2262	2	1.0
6020	2507	2	1.0
6021	1148	2	1.0
6021	2262	2	1.0
6022	1148	2	1.0
6023	1149	2	1.0
6023	2380	2	1.0
6024	1149	2	1.0
6025	1150	2	1.0
6025	2854	2	1.0
6026	1150	2	1.0
6026	2854	2	1.0
6027	1151	2	1.0
6028	1152	2	1.0
6029	1152	2	1.0
6030	1152	2	1.0
6031	1153	2	1.0
6032	1153	2	1.0
6033	1153	2	1.0
6034	1155	2	1.0
6035	1155	2	1.0
6036	1156	2	1.0
6037	1158	2	1.0
6038	1160	2	1.0
6039	1160	2	1.0
6040	1160	2	1.0
6041	1160	2	1.0
6042	1160	2	1.0
6043	1161	2	1.0
6044	1161	2	1.0
6045	1161	2	1.0
6046	1161	2	1.0
6047	1162	2	1.0
6048	1162	2	1.0
6049	1162	2	1.0
6050	1162	2	1.0
6051	1163	2	1.0
6051	1517	2	1.0
6052	1163	2	1.0
6052	1410	2	1.0
6052	1517	2	1.0
6053	1163	2	1.0
6054	1164	2	1.0
6055	1164	2	1.0
6055	1355	2	1.0
6056	1164	2	1.0
6057	1165	2	1.0
6058	1165	2	1.0
6059	1165	2	1.0
6060	1165	2	1.0
6061	1166	2	1.0
6062	1166	2	1.0
6063	1166	2	1.0
6063	1973	2	1.0
6064	1167	2	1.0
6065	1167	2	1.0
6066	1167	2	1.0
6067	1167	2	1.0
6068	1167	2	1.0
6068	1903	2	1.0
6069	1167	2	1.0
6070	1167	2	1.0
6071	1167	2	1.0
6072	1167	2	1.0
6073	1168	2	1.0
6074	1168	2	1.0
6074	1263	2	1.0
6075	1168	2	1.0
6076	1168	2	1.0
6077	1169	2	1.0
6077	1537	2	1.0
6078	1169	2	1.0
6078	1537	2	1.0
6079	1169	2	1.0
6080	1169	2	1.0
6080	1537	2	1.0
6080	2092	2	1.0
6081	1170	2	1.0
6081	1232	2	1.0
6082	1170	2	1.0
6082	1232	2	1.0
6083	1172	2	1.0
6084	1172	2	1.0
6085	1173	2	1.0
6085	1790	2	1.0
6085	2013	2	1.0
6086	1173	2	1.0
6086	1790	2	1.0
6086	2013	2	1.0
6087	1174	2	1.0
6087	2795	2	1.0
6088	1174	2	1.0
6089	1176	2	1.0
6090	1176	2	1.0
6091	1176	2	1.0
6092	1176	2	1.0
6093	1176	2	1.0
6094	1176	2	1.0
6095	1176	2	1.0
6096	1178	2	1.0
6097	1178	2	1.0
6097	1556	2	1.0
6098	1179	2	1.0
6099	1180	2	1.0
6100	1181	2	1.0
6100	1253	2	1.0
6100	1622	2	1.0
6100	1629	2	1.0
6100	2130	2	1.0
6101	1182	2	1.0
6101	1241	2	1.0
6101	1884	2	1.0
6101	2222	2	1.0
6102	1182	2	1.0
6102	1241	2	1.0
6103	1183	2	1.0
6104	1183	2	1.0
6105	1183	2	1.0
6106	1184	2	1.0
6106	1689	2	1.0
6107	1184	2	1.0
6107	1534	2	1.0
6108	1184	2	1.0
6109	1185	2	1.0
6109	2590	2	1.0
6110	1185	2	1.0
6110	2590	2	1.0
6111	1185	2	1.0
6111	2590	2	1.0
6112	1185	2	1.0
6112	2590	2	1.0
6113	1185	2	1.0
6113	2590	2	1.0
6114	1185	2	1.0
6115	1185	2	1.0
6116	1185	2	1.0
6116	1215	2	1.0
6117	1185	2	1.0
6118	1185	2	1.0
6119	1186	2	1.0
6120	1186	2	1.0
6120	1560	2	1.0
6121	1187	2	1.0
6121	1193	2	1.0
6122	1187	2	1.0
6123	1188	2	1.0
6124	1188	2	1.0
6125	1191	2	1.0
6126	1191	2	1.0
6127	1191	2	1.0
6128	1192	2	1.0
6128	2212	2	1.0
6128	2291	2	1.0
6128	2504	2	1.0
6129	1192	2	1.0
6129	2504	2	1.0
6130	1192	2	1.0
6131	1192	2	1.0
6132	1193	2	1.0
6132	1831	2	1.0
6133	1194	2	1.0
6134	1194	2	1.0
6135	1195	2	1.0
6135	1859	2	1.0
6136	1196	2	1.0
6136	2129	2	1.0
6137	1196	2	1.0
6137	2129	2	1.0
6137	2872	2	1.0
6138	1197	2	1.0
6138	1723	2	1.0
6138	1974	2	1.0
6138	2667	2	1.0
6139	1197	2	1.0
6139	1974	2	1.0
6140	1198	2	1.0
6140	1239	2	1.0
6140	2520	2	1.0
6141	1198	2	1.0
6142	1198	2	1.0
6143	1199	2	1.0
6144	1199	2	1.0
6145	1199	2	1.0
6146	1199	2	1.0
6147	1199	2	1.0
6148	1199	2	1.0
6149	1200	2	1.0
6150	1201	2	1.0
6151	1202	2	1.0
6151	2155	2	1.0
6152	1203	2	1.0
6153	1205	2	1.0
6154	1205	2	1.0
6155	1206	2	1.0
6156	1206	2	1.0
6157	1207	2	1.0
6157	1601	2	1.0
6158	1207	2	1.0
6159	1207	2	1.0
6159	1217	2	1.0
6160	1207	2	1.0
6161	1208	2	1.0
6162	1208	2	1.0
6163	1208	2	1.0
6163	2296	2	1.0
6164	1209	2	1.0
6164	1606	2	1.0
6165	1209	2	1.0
6165	1749	2	1.0
6166	1212	2	1.0
6167	1213	2	1.0
6168	1214	2	1.0
6169	1214	2	1.0
6170	1215	2	1.0
6171	1215	2	1.0
6172	1215	2	1.0
6173	1216	2	1.0
6174	1216	2	1.0
6175	1216	2	1.0
6176	1216	2	1.0
6176	1803	2	1.0
6177	1217	2	1.0
6178	1217	2	1.0
6179	1217	2	1.0
6180	1218	2	1.0
6181	1218	2	1.0
6182	1218	2	1.0
6183	1219	2	1.0
6184	1219	2	1.0
6185	1219	2	1.0
6186	1220	2	1.0
6187	1221	2	1.0
6188	1221	2	1.0
6188	2118	2	1.0
6189	1222	2	1.0
6190	1222	2	1.0
6190	1225	2	1.0
6190	1716	2	1.0
6190	1801	2	1.0
6191	1223	2	1.0
6191	2037	2	1.0
6192	1223	2	1.0
6192	2037	2	1.0
6193	1224	2	1.0
6194	1225	2	1.0
6195	1225	2	1.0
6196	1225	2	1.0
6196	1290	2	1.0
6197	1225	2	1.0
6198	1226	2	1.0
6198	1858	2	1.0
6199	1226	2	1.0
6199	1317	2	1.0
6199	1858	2	1.0
6200	1227	2	1.0
6200	2380	2	1.0
6201	1228	2	1.0
6201	1577	2	1.0
6201	2859	2	1.0
6202	1229	2	1.0
6203	1229	2	1.0
6204	1230	2	1.0
6205	1231	2	1.0
6205	1498	2	1.0
6205	2499	2	1.0
6206	1231	2	1.0
6207	1231	2	1.0
6207	1316	2	1.0
6208	1234	2	1.0
6209	1235	2	1.0
6210	1235	2	1.0
6210	1839	2	1.0
6211	1235	2	1.0
6212	1236	2	1.0
6212	2876	2	1.0
6213	1236	2	1.0
6214	1236	2	1.0
6215	1238	2	1.0
6216	1238	2	1.0
6217	1239	2	1.0
6217	2520	2	1.0
6218	1240	2	1.0
6218	2644	2	1.0
6219	1241	2	1.0
6220	1241	2	1.0
6221	1241	2	1.0
6222	1242	2	1.0
6222	1706	2	1.0
6222	1913	2	1.0
6222	1917	2	1.0
6222	2745	2	1.0
6223	1242	2	1.0
6223	1913	2	1.0
6224	1243	2	1.0
6224	1575	2	1.0
6225	1243	2	1.0
6225	1258	2	1.0
6225	1575	2	1.0
6226	1243	2	1.0
6226	1575	2	1.0
6227	1243	2	1.0
6227	1414	2	1.0
6227	1573	2	1.0
6227	1616	2	1.0
6228	1245	2	1.0
6228	1800	2	1.0
6229	1245	2	1.0
6230	1246	2	1.0
6230	2303	2	1.0
6231	1247	2	1.0
6232	1248	2	1.0
6233	1248	2	1.0
6233	2019	2	1.0
6234	1252	2	1.0
6235	1252	2	1.0
6235	1669	2	1.0
6236	1252	2	1.0
6237	1253	2	1.0
6238	1253	2	1.0
6238	2215	2	1.0
6238	2348	2	1.0
6239	1254	2	1.0
6240	1254	2	1.0
6241	1254	2	1.0
6242	1254	2	1.0
6243	1255	2	1.0
6243	2633	2	1.0
6243	2829	2	1.0
6244	1255	2	1.0
6244	2172	2	1.0
6244	2633	2	1.0
6245	1255	2	1.0
6245	2172	2	1.0
6245	2633	2	1.0
6246	1255	2	1.0
6246	2633	2	1.0
6247	1256	2	1.0
6248	1257	2	1.0
6249	1257	2	1.0
6250	1257	2	1.0
6250	1288	2	1.0
6251	1258	2	1.0
6252	1258	2	1.0
6253	1260	2	1.0
6253	2656	2	1.0
6254	1260	2	1.0
6254	2266	2	1.0
6254	2656	2	1.0
6255	1260	2	1.0
6255	2656	2	1.0
6256	1261	2	1.0
6257	1261	2	1.0
6258	1263	2	1.0
6259	1263	2	1.0
6260	1263	2	1.0
6261	1263	2	1.0
6261	2871	2	1.0
6262	1264	2	1.0
6263	1264	2	1.0
6264	1264	2	1.0
6265	1264	2	1.0
6266	1265	2	1.0
6267	1265	2	1.0
6268	1265	2	1.0
6269	1265	2	1.0
6270	1266	2	1.0
6271	1266	2	1.0
6272	1266	2	1.0
6273	1266	2	1.0
6274	1266	2	1.0
6275	1267	2	1.0
6276	1267	2	1.0
6277	1268	2	1.0
6278	1268	2	1.0
6279	1268	2	1.0
6280	1268	2	1.0
6281	1268	2	1.0
6282	1268	2	1.0
6283	1268	2	1.0
6284	1268	2	1.0
6285	1271	2	1.0
6285	1397	2	1.0
6285	1468	2	1.0
6285	2667	2	1.0
6286	1272	2	1.0
6287	1272	2	1.0
6288	1272	2	1.0
6288	2521	2	1.0
6289	1273	2	1.0
6290	1273	2	1.0
6291	1273	2	1.0
6292	1273	2	1.0
6293	1274	2	1.0
6293	1443	2	1.0
6294	1274	2	1.0
6295	1275	2	1.0
6296	1276	2	1.0
6297	1276	2	1.0
6298	1277	2	1.0
6298	1754	2	1.0
6298	1852	2	1.0
6299	1277	2	1.0
6299	1300	2	1.0
6299	2680	2	1.0
6300	1278	2	1.0
6301	1279	2	1.0
6302	1279	2	1.0
6303	1280	2	1.0
6304	1280	2	1.0
6305	1280	2	1.0
6306	1281	2	1.0
6307	1281	2	1.0
6308	1281	2	1.0
6309	1282	2	1.0
6310	1282	2	1.0
6311	1282	2	1.0
6312	1283	2	1.0
6312	2074	2	1.0
6313	1283	2	1.0
6314	1283	2	1.0
6315	1284	2	1.0
6315	2635	2	1.0
6316	1285	2	1.0
6317	1285	2	1.0
6318	1285	2	1.0
6319	1287	2	1.0
6319	2591	2	1.0
6320	1289	2	1.0
6321	1289	2	1.0
6322	1289	2	1.0
6323	1290	2	1.0
6324	1290	2	1.0
6325	1291	2	1.0
6326	1291	2	1.0
6327	1291	2	1.0
6328	1291	2	1.0
6329	1292	2	1.0
6330	1292	2	1.0
6331	1293	2	1.0
6331	1778	2	1.0
6332	1293	2	1.0
6333	1295	2	1.0
6334	1295	2	1.0
6335	1295	2	1.0
6336	1295	2	1.0
6337	1295	2	1.0
6338	1296	2	1.0
6339	1296	2	1.0
6340	1296	2	1.0
6340	2355	2	1.0
6341	1297	2	1.0
6341	1404	2	1.0
6341	1434	2	1.0
6341	2406	2	1.0
6342	1297	2	1.0
6342	1404	2	1.0
6342	2406	2	1.0
6343	1298	2	1.0
6344	1299	2	1.0
6345	1299	2	1.0
6346	1300	2	1.0
6346	2163	2	1.0
6347	1300	2	1.0
6348	1300	2	1.0
6349	1301	2	1.0
6349	2427	2	1.0
6350	1301	2	1.0
6351	1301	2	1.0
6351	2427	2	1.0
6352	1301	2	1.0
6353	1301	2	1.0
6353	2427	2	1.0
6354	1301	2	1.0
6354	1750	2	1.0
6354	1835	2	1.0
6354	2427	2	1.0
6354	2652	2	1.0
6355	1303	2	1.0
6356	1303	2	1.0
6356	2707	2	1.0
6357	1303	2	1.0
6358	1304	2	1.0
6358	1407	2	1.0
6358	2088	2	1.0
6358	2471	2	1.0
6359	1304	2	1.0
6360	1304	2	1.0
6360	2088	2	1.0
6361	1305	2	1.0
6362	1305	2	1.0
6363	1305	2	1.0
6364	1305	2	1.0
6365	1305	2	1.0
6365	1450	2	1.0
6365	2415	2	1.0
6365	2493	2	1.0
6366	1306	2	1.0
6367	1306	2	1.0
6368	1306	2	1.0
6369	1306	2	1.0
6370	1306	2	1.0
6371	1306	2	1.0
6372	1306	2	1.0
6373	1307	2	1.0
6374	1308	2	1.0
6375	1309	2	1.0
6375	2838	2	1.0
6376	1309	2	1.0
6377	1309	2	1.0
6377	1592	2	1.0
6377	2838	2	1.0
6378	1310	2	1.0
6379	1310	2	1.0
6380	1310	2	1.0
6381	1311	2	1.0
6382	1311	2	1.0
6383	1311	2	1.0
6383	2224	2	1.0
6384	1312	2	1.0
6385	1312	2	1.0
6386	1312	2	1.0
6387	1312	2	1.0
6388	1313	2	1.0
6388	2567	2	1.0
6389	1313	2	1.0
6389	2567	2	1.0
6390	1313	2	1.0
6390	2567	2	1.0
6391	1313	2	1.0
6391	2567	2	1.0
6392	1315	2	1.0
6392	1358	2	1.0
6393	1315	2	1.0
6394	1316	2	1.0
6395	1316	2	1.0
6395	2747	2	1.0
6396	1318	2	1.0
6397	1318	2	1.0
6397	1423	2	1.0
6397	1709	2	1.0
6397	1734	2	1.0
6397	1829	2	1.0
6398	1318	2	1.0
6399	1319	2	1.0
6400	1319	2	1.0
6401	1319	2	1.0
6402	1319	2	1.0
6403	1320	2	1.0
6404	1320	2	1.0
6404	1830	2	1.0
6404	2677	2	1.0
6404	2803	2	1.0
6405	1321	2	1.0
6405	2007	2	1.0
6406	1322	2	1.0
6406	2238	2	1.0
6406	2599	2	1.0
6406	2853	2	1.0
6407	1323	2	1.0
6408	1323	2	1.0
6409	1324	2	1.0
6410	1324	2	1.0
6411	1325	2	1.0
6412	1326	2	1.0
6412	2769	2	1.0
6413	1326	2	1.0
6413	1350	2	1.0
6413	1386	2	1.0
6413	2262	2	1.0
6413	2486	2	1.0
6413	2491	2	1.0
6413	2596	2	1.0
6414	1327	2	1.0
6414	2701	2	1.0
6414	2869	2	1.0
6415	1327	2	1.0
6415	2102	2	1.0
6415	2601	2	1.0
6415	2869	2	1.0
6416	1329	2	1.0
6417	1330	2	1.0
6418	1330	2	1.0
6419	1330	2	1.0
6419	1868	2	1.0
6420	1331	2	1.0
6421	1331	2	1.0
6422	1332	2	1.0
6422	1419	2	1.0
6422	2011	2	1.0
6422	2301	2	1.0
6423	1332	2	1.0
6423	1419	2	1.0
6423	2011	2	1.0
6423	2301	2	1.0
6424	1332	2	1.0
6425	1333	2	1.0
6426	1333	2	1.0
6426	2045	2	1.0
6426	2641	2	1.0
6427	1333	2	1.0
6428	1333	2	1.0
6428	2153	2	1.0
6429	1334	2	1.0
6429	1701	2	1.0
6430	1334	2	1.0
6431	1334	2	1.0
6432	1334	2	1.0
6433	1335	2	1.0
6434	1335	2	1.0
6434	1353	2	1.0
6435	1335	2	1.0
6435	1470	2	1.0
6435	2033	2	1.0
6435	2112	2	1.0
6436	1335	2	1.0
6437	1337	2	1.0
6438	1337	2	1.0
6439	1337	2	1.0
6440	1338	2	1.0
6440	2808	2	1.0
6441	1338	2	1.0
6442	1338	2	1.0
6443	1338	2	1.0
6443	2808	2	1.0
6444	1340	2	1.0
6445	1340	2	1.0
6446	1340	2	1.0
6447	1341	2	1.0
6448	1341	2	1.0
6448	2264	2	1.0
6448	2560	2	1.0
6449	1342	2	1.0
6449	2665	2	1.0
6450	1342	2	1.0
6450	1665	2	1.0
6451	1343	2	1.0
6452	1344	2	1.0
6453	1344	2	1.0
6454	1345	2	1.0
6455	1346	2	1.0
6456	1346	2	1.0
6457	1348	2	1.0
6458	1348	2	1.0
6459	1348	2	1.0
6460	1349	2	1.0
6461	1349	2	1.0
6462	1349	2	1.0
6463	1349	2	1.0
6464	1350	2	1.0
6465	1350	2	1.0
6466	1350	2	1.0
6467	1351	2	1.0
6468	1351	2	1.0
6469	1351	2	1.0
6470	1352	2	1.0
6471	1352	2	1.0
6472	1353	2	1.0
6473	1354	2	1.0
6474	1354	2	1.0
6475	1354	2	1.0
6476	1356	2	1.0
6477	1356	2	1.0
6478	1357	2	1.0
6479	1357	2	1.0
6479	2401	2	1.0
6480	1358	2	1.0
6480	1578	2	1.0
6480	2226	2	1.0
6481	1358	2	1.0
6482	1358	2	1.0
6482	1677	2	1.0
6483	1359	2	1.0
6484	1359	2	1.0
6485	1359	2	1.0
6486	1359	2	1.0
6487	1360	2	1.0
6487	2473	2	1.0
6488	1360	2	1.0
6488	2473	2	1.0
6489	1360	2	1.0
6489	2473	2	1.0
6490	1360	2	1.0
6490	2473	2	1.0
6491	1360	2	1.0
6491	2473	2	1.0
6492	1360	2	1.0
6492	2473	2	1.0
6493	1360	2	1.0
6493	2473	2	1.0
6494	1361	2	1.0
6494	1582	2	1.0
6494	1783	2	1.0
6495	1361	2	1.0
6495	1582	2	1.0
6496	1361	2	1.0
6496	1582	2	1.0
6496	2653	2	1.0
6497	1362	2	1.0
6498	1362	2	1.0
6499	1362	2	1.0
6500	1362	2	1.0
6501	1362	2	1.0
6502	1362	2	1.0
6503	1362	2	1.0
6504	1363	2	1.0
6505	1363	2	1.0
6505	1914	2	1.0
6505	2099	2	1.0
6506	1364	2	1.0
6507	1365	2	1.0
6507	2867	2	1.0
6508	1366	2	1.0
6509	1366	2	1.0
6510	1367	2	1.0
6511	1367	2	1.0
6512	1367	2	1.0
6513	1367	2	1.0
6514	1368	2	1.0
6514	1488	2	1.0
6514	1976	2	1.0
6514	2248	2	1.0
6514	2365	2	1.0
6514	2400	2	1.0
6515	1370	2	1.0
6516	1370	2	1.0
6517	1370	2	1.0
6517	2320	2	1.0
6518	1371	2	1.0
6519	1371	2	1.0
6520	1372	2	1.0
6521	1372	2	1.0
6522	1373	2	1.0
6523	1373	2	1.0
6524	1374	2	1.0
6525	1374	2	1.0
6526	1376	2	1.0
6527	1376	2	1.0
6527	1534	2	1.0
6527	1689	2	1.0
6527	1930	2	1.0
6528	1377	2	1.0
6529	1377	2	1.0
6530	1377	2	1.0
6531	1378	2	1.0
6532	1378	2	1.0
6533	1379	2	1.0
6534	1380	2	1.0
6535	1380	2	1.0
6536	1381	2	1.0
6536	2217	2	1.0
6536	2260	2	1.0
6536	2414	2	1.0
6537	1382	2	1.0
6538	1382	2	1.0
6539	1383	2	1.0
6540	1383	2	1.0
6541	1383	2	1.0
6542	1383	2	1.0
6542	1403	2	1.0
6543	1384	2	1.0
6543	2214	2	1.0
6543	2335	2	1.0
6543	2496	2	1.0
6544	1384	2	1.0
6544	2214	2	1.0
6545	1387	2	1.0
6546	1387	2	1.0
6547	1387	2	1.0
6548	1387	2	1.0
6548	1457	2	1.0
6548	1617	2	1.0
6549	1387	2	1.0
6549	1457	2	1.0
6549	2529	2	1.0
6550	1389	2	1.0
6551	1389	2	1.0
6552	1390	2	1.0
6553	1390	2	1.0
6554	1391	2	1.0
6555	1391	2	1.0
6556	1391	2	1.0
6557	1391	2	1.0
6558	1391	2	1.0
6559	1392	2	1.0
6560	1392	2	1.0
6561	1392	2	1.0
6561	2067	2	1.0
6562	1392	2	1.0
6563	1392	2	1.0
6564	1392	2	1.0
6565	1392	2	1.0
6566	1392	2	1.0
6566	2067	2	1.0
6567	1392	2	1.0
6568	1393	2	1.0
6568	2390	2	1.0
6569	1394	2	1.0
6569	1707	2	1.0
6570	1394	2	1.0
6571	1394	2	1.0
6571	1707	2	1.0
6572	1394	2	1.0
6573	1394	2	1.0
6574	1394	2	1.0
6575	1394	2	1.0
6575	1707	2	1.0
6576	1395	2	1.0
6577	1395	2	1.0
6578	1396	2	1.0
6579	1396	2	1.0
6580	1396	2	1.0
6581	1397	2	1.0
6581	1468	2	1.0
6582	1397	2	1.0
6583	1398	2	1.0
6584	1398	2	1.0
6585	1398	2	1.0
6586	1398	2	1.0
6587	1398	2	1.0
6588	1398	2	1.0
6589	1399	2	1.0
6589	1636	2	1.0
6590	1399	2	1.0
6591	1399	2	1.0
6592	1400	2	1.0
6593	1402	2	1.0
6593	1646	2	1.0
6594	1402	2	1.0
6595	1402	2	1.0
6596	1402	2	1.0
6596	1646	2	1.0
6597	1403	2	1.0
6598	1403	2	1.0
6599	1406	2	1.0
6600	1406	2	1.0
6601	1406	2	1.0
6602	1406	2	1.0
6603	1407	2	1.0
6603	2471	2	1.0
6604	1407	2	1.0
6604	2471	2	1.0
6605	1408	2	1.0
6605	2643	2	1.0
6606	1408	2	1.0
6607	1408	2	1.0
6608	1409	2	1.0
6609	1409	2	1.0
6610	1409	2	1.0
6611	1410	2	1.0
6612	1410	2	1.0
6613	1410	2	1.0
6614	1411	2	1.0
6615	1411	2	1.0
6616	1412	2	1.0
6617	1412	2	1.0
6618	1413	2	1.0
6619	1413	2	1.0
6619	2678	2	1.0
6620	1413	2	1.0
6621	1414	2	1.0
6622	1414	2	1.0
6622	1573	2	1.0
6622	1616	2	1.0
6623	1414	2	1.0
6624	1415	2	1.0
6625	1415	2	1.0
6626	1415	2	1.0
6627	1415	2	1.0
6628	1415	2	1.0
6629	1415	2	1.0
6630	1415	2	1.0
6630	1970	2	1.0
6631	1415	2	1.0
6631	2843	2	1.0
6632	1415	2	1.0
6632	1970	2	1.0
6632	2843	2	1.0
6633	1416	2	1.0
6634	1416	2	1.0
6635	1417	2	1.0
6635	2516	2	1.0
6636	1419	2	1.0
6636	2301	2	1.0
6637	1419	2	1.0
6638	1420	2	1.0
6639	1421	2	1.0
6640	1421	2	1.0
6640	2747	2	1.0
6641	1421	2	1.0
6642	1422	2	1.0
6643	1423	2	1.0
6643	1734	2	1.0
6644	1423	2	1.0
6645	1424	2	1.0
6645	2715	2	1.0
6646	1424	2	1.0
6646	2220	2	1.0
6646	2715	2	1.0
6647	1425	2	1.0
6648	1425	2	1.0
6649	1426	2	1.0
6650	1427	2	1.0
6651	1428	2	1.0
6652	1428	2	1.0
6652	1840	2	1.0
6653	1428	2	1.0
6654	1428	2	1.0
6655	1428	2	1.0
6656	1428	2	1.0
6657	1428	2	1.0
6658	1428	2	1.0
6659	1428	2	1.0
6660	1428	2	1.0
6661	1428	2	1.0
6661	1840	2	1.0
6662	1428	2	1.0
6663	1428	2	1.0
6664	1428	2	1.0
6665	1428	2	1.0
6666	1428	2	1.0
6666	1840	2	1.0
6667	1428	2	1.0
6668	1429	2	1.0
6669	1429	2	1.0
6670	1429	2	1.0
6671	1429	2	1.0
6672	1430	2	1.0
6673	1430	2	1.0
6674	1431	2	1.0
6675	1431	2	1.0
6676	1432	2	1.0
6676	1939	2	1.0
6677	1432	2	1.0
6677	1939	2	1.0
6678	1433	2	1.0
6679	1433	2	1.0
6679	2272	2	1.0
6679	2811	2	1.0
6680	1433	2	1.0
6681	1433	2	1.0
6682	1433	2	1.0
6683	1433	2	1.0
6684	1433	2	1.0
6685	1434	2	1.0
6686	1435	2	1.0
6686	2630	2	1.0
6687	1435	2	1.0
6687	2515	2	1.0
6687	2630	2	1.0
6688	1435	2	1.0
6689	1435	2	1.0
6689	2863	2	1.0
6689	2879	2	1.0
6690	1435	2	1.0
6690	2879	2	1.0
6691	1436	2	1.0
6692	1437	2	1.0
6693	1437	2	1.0
6694	1437	2	1.0
6695	1438	2	1.0
6696	1438	2	1.0
6697	1438	2	1.0
6698	1439	2	1.0
6699	1440	2	1.0
6700	1440	2	1.0
6701	1440	2	1.0
6701	2017	2	1.0
6701	2689	2	1.0
6702	1441	2	1.0
6703	1441	2	1.0
6704	1442	2	1.0
6705	1443	2	1.0
6706	1443	2	1.0
6707	1444	2	1.0
6708	1445	2	1.0
6709	1445	2	1.0
6709	2263	2	1.0
6710	1445	2	1.0
6711	1445	2	1.0
6712	1446	2	1.0
6713	1446	2	1.0
6714	1447	2	1.0
6715	1447	2	1.0
6716	1447	2	1.0
6717	1448	2	1.0
6717	2324	2	1.0
6717	2522	2	1.0
6718	1448	2	1.0
6719	1450	2	1.0
6719	2415	2	1.0
6720	1451	2	1.0
6721	1451	2	1.0
6721	1490	2	1.0
6722	1452	2	1.0
6723	1452	2	1.0
6724	1452	2	1.0
6725	1452	2	1.0
6726	1453	2	1.0
6727	1453	2	1.0
6728	1455	2	1.0
6729	1455	2	1.0
6729	1563	2	1.0
6730	1456	2	1.0
6731	1458	2	1.0
6732	1458	2	1.0
6733	1458	2	1.0
6734	1459	2	1.0
6735	1459	2	1.0
6736	1459	2	1.0
6737	1459	2	1.0
6738	1459	2	1.0
6739	1460	2	1.0
6740	1460	2	1.0
6741	1460	2	1.0
6742	1462	2	1.0
6743	1462	2	1.0
6743	1886	2	1.0
6743	2065	2	1.0
6743	2597	2	1.0
6744	1463	2	1.0
6745	1463	2	1.0
6746	1463	2	1.0
6747	1464	2	1.0
6748	1465	2	1.0
6749	1465	2	1.0
6750	1465	2	1.0
6751	1466	2	1.0
6752	1466	2	1.0
6753	1466	2	1.0
6754	1466	2	1.0
6755	1467	2	1.0
6756	1467	2	1.0
6757	1468	2	1.0
6757	2667	2	1.0
6758	1468	2	1.0
6758	2667	2	1.0
6759	1468	2	1.0
6760	1469	2	1.0
6760	2401	2	1.0
6761	1469	2	1.0
6762	1469	2	1.0
6763	1470	2	1.0
6764	1470	2	1.0
6764	2112	2	1.0
6765	1471	2	1.0
6766	1472	2	1.0
6767	1472	2	1.0
6768	1472	2	1.0
6768	2491	2	1.0
6769	1472	2	1.0
6770	1473	2	1.0
6771	1473	2	1.0
6772	1473	2	1.0
6773	1474	2	1.0
6774	1474	2	1.0
6774	1641	2	1.0
6775	1474	2	1.0
6775	1641	2	1.0
6775	1905	2	1.0
6776	1475	2	1.0
6777	1475	2	1.0
6778	1476	2	1.0
6779	1476	2	1.0
6780	1477	2	1.0
6781	1478	2	1.0
6781	2442	2	1.0
6782	1478	2	1.0
6783	1478	2	1.0
6784	1479	2	1.0
6785	1480	2	1.0
6786	1480	2	1.0
6787	1480	2	1.0
6788	1480	2	1.0
6789	1481	2	1.0
6790	1482	2	1.0
6791	1482	2	1.0
6791	1547	2	1.0
6792	1483	2	1.0
6793	1484	2	1.0
6793	2296	2	1.0
6794	1484	2	1.0
6795	1484	2	1.0
6796	1484	2	1.0
6797	1485	2	1.0
6798	1485	2	1.0
6799	1485	2	1.0
6800	1486	2	1.0
6800	1967	2	1.0
6801	1487	2	1.0
6802	1487	2	1.0
6803	1489	2	1.0
6803	1520	2	1.0
6803	2191	2	1.0
6804	1490	2	1.0
6805	1490	2	1.0
6806	1491	2	1.0
6807	1491	2	1.0
6808	1492	2	1.0
6809	1493	2	1.0
6810	1493	2	1.0
6811	1493	2	1.0
6812	1493	2	1.0
6813	1493	2	1.0
6814	1493	2	1.0
6815	1494	2	1.0
6816	1494	2	1.0
6816	2486	2	1.0
6817	1494	2	1.0
6817	2486	2	1.0
6818	1496	2	1.0
6818	2324	2	1.0
6819	1496	2	1.0
6820	1496	2	1.0
6821	1496	2	1.0
6822	1497	2	1.0
6823	1498	2	1.0
6824	1499	2	1.0
6825	1500	2	1.0
6826	1500	2	1.0
6826	1585	2	1.0
6826	1730	2	1.0
6827	1500	2	1.0
6827	1730	2	1.0
6828	1501	2	1.0
6829	1501	2	1.0
6830	1501	2	1.0
6830	2363	2	1.0
6831	1501	2	1.0
6831	2363	2	1.0
6832	1501	2	1.0
6833	1502	2	1.0
6833	2791	2	1.0
6834	1502	2	1.0
6835	1502	2	1.0
6836	1503	2	1.0
6836	1820	2	1.0
6837	1503	2	1.0
6837	1820	2	1.0
6838	1503	2	1.0
6839	1503	2	1.0
6840	1503	2	1.0
6841	1504	2	1.0
6842	1504	2	1.0
6842	2015	2	1.0
6842	2447	2	1.0
6843	1505	2	1.0
6844	1505	2	1.0
6845	1506	2	1.0
6846	1506	2	1.0
6847	1506	2	1.0
6847	1944	2	1.0
6848	1507	2	1.0
6849	1507	2	1.0
6850	1507	2	1.0
6851	1507	2	1.0
6852	1508	2	1.0
6853	1509	2	1.0
6854	1509	2	1.0
6855	1509	2	1.0
6856	1510	2	1.0
6856	1981	2	1.0
6857	1510	2	1.0
6858	1510	2	1.0
6859	1510	2	1.0
6860	1511	2	1.0
6861	1512	2	1.0
6862	1512	2	1.0
6863	1512	2	1.0
6864	1512	2	1.0
6865	1513	2	1.0
6866	1513	2	1.0
6867	1513	2	1.0
6868	1514	2	1.0
6869	1514	2	1.0
6870	1515	2	1.0
6871	1515	2	1.0
6872	1515	2	1.0
6872	1528	2	1.0
6872	1681	2	1.0
6872	2732	2	1.0
6872	2873	2	1.0
6873	1516	2	1.0
6873	1524	2	1.0
6874	1517	2	1.0
6875	1517	2	1.0
6876	1519	2	1.0
6877	1520	2	1.0
6878	1520	2	1.0
6879	1521	2	1.0
6880	1521	2	1.0
6881	1521	2	1.0
6882	1522	2	1.0
6883	1523	2	1.0
6884	1523	2	1.0
6885	1523	2	1.0
6885	2593	2	1.0
6886	1523	2	1.0
6886	1617	2	1.0
6887	1524	2	1.0
6887	2147	2	1.0
6887	2649	2	1.0
6888	1525	2	1.0
6889	1525	2	1.0
6890	1527	2	1.0
6891	1528	2	1.0
6892	1529	2	1.0
6893	1529	2	1.0
6894	1529	2	1.0
6895	1530	2	1.0
6896	1531	2	1.0
6897	1531	2	1.0
6898	1531	2	1.0
6899	1531	2	1.0
6900	1532	2	1.0
6901	1533	2	1.0
6901	1899	2	1.0
6901	2442	2	1.0
6901	2637	2	1.0
6902	1533	2	1.0
6903	1533	2	1.0
6904	1533	2	1.0
6905	1533	2	1.0
6906	1533	2	1.0
6907	1534	2	1.0
6908	1534	2	1.0
6909	1535	2	1.0
6909	2158	2	1.0
6910	1535	2	1.0
6910	2158	2	1.0
6910	2648	2	1.0
6911	1536	2	1.0
6912	1536	2	1.0
6913	1537	2	1.0
6914	1538	2	1.0
6915	1538	2	1.0
6916	1538	2	1.0
6917	1541	2	1.0
6918	1541	2	1.0
6919	1541	2	1.0
6920	1541	2	1.0
6920	2166	2	1.0
6921	1542	2	1.0
6922	1543	2	1.0
6922	1768	2	1.0
6923	1543	2	1.0
6924	1543	2	1.0
6925	1544	2	1.0
6926	1544	2	1.0
6927	1544	2	1.0
6928	1544	2	1.0
6929	1545	2	1.0
6930	1546	2	1.0
6930	1757	2	1.0
6931	1547	2	1.0
6932	1548	2	1.0
6933	1548	2	1.0
6934	1549	2	1.0
6935	1549	2	1.0
6936	1549	2	1.0
6937	1550	2	1.0
6938	1550	2	1.0
6939	1550	2	1.0
6940	1551	2	1.0
6940	2177	2	1.0
6941	1551	2	1.0
6941	2462	2	1.0
6942	1552	2	1.0
6943	1552	2	1.0
6944	1552	2	1.0
6945	1552	2	1.0
6945	2384	2	1.0
6946	1553	2	1.0
6947	1553	2	1.0
6948	1553	2	1.0
6949	1554	2	1.0
6950	1555	2	1.0
6951	1555	2	1.0
6952	1555	2	1.0
6953	1555	2	1.0
6954	1556	2	1.0
6955	1556	2	1.0
6956	1558	2	1.0
6957	1558	2	1.0
6958	1559	2	1.0
6959	1559	2	1.0
6960	1559	2	1.0
6960	2460	2	1.0
6961	1559	2	1.0
6961	2460	2	1.0
6962	1559	2	1.0
6963	1561	2	1.0
6964	1562	2	1.0
6965	1563	2	1.0
6966	1563	2	1.0
6967	1564	2	1.0
6968	1564	2	1.0
6969	1564	2	1.0
6970	1564	2	1.0
6971	1564	2	1.0
6972	1564	2	1.0
6973	1565	2	1.0
6974	1565	2	1.0
6975	1565	2	1.0
6976	1565	2	1.0
6977	1566	2	1.0
6977	1663	2	1.0
6978	1567	2	1.0
6979	1567	2	1.0
6980	1567	2	1.0
6981	1567	2	1.0
6982	1569	2	1.0
6983	1569	2	1.0
6984	1569	2	1.0
6985	1570	2	1.0
6986	1570	2	1.0
6987	1571	2	1.0
6987	2563	2	1.0
6988	1571	2	1.0
6988	2563	2	1.0
6989	1573	2	1.0
6990	1573	2	1.0
6991	1576	2	1.0
6992	1576	2	1.0
6993	1576	2	1.0
6994	1577	2	1.0
6995	1578	2	1.0
6996	1580	2	1.0
6997	1580	2	1.0
6998	1580	2	1.0
6999	1581	2	1.0
7000	1581	2	1.0
7001	1582	2	1.0
7002	1583	2	1.0
7003	1583	2	1.0
7004	1584	2	1.0
7005	1584	2	1.0
7006	1584	2	1.0
7007	1586	2	1.0
7008	1586	2	1.0
7009	1587	2	1.0
7010	1588	2	1.0
7010	1822	2	1.0
7011	1589	2	1.0
7011	2720	2	1.0
7012	1590	2	1.0
7012	2728	2	1.0
7013	1590	2	1.0
7013	2701	2	1.0
7014	1591	2	1.0
7015	1592	2	1.0
7016	1593	2	1.0
7017	1593	2	1.0
7017	1873	2	1.0
7018	1594	2	1.0
7019	1595	2	1.0
7020	1596	2	1.0
7021	1596	2	1.0
7022	1596	2	1.0
7023	1597	2	1.0
7024	1597	2	1.0
7025	1597	2	1.0
7026	1597	2	1.0
7027	1598	2	1.0
7028	1598	2	1.0
7028	2836	2	1.0
7029	1598	2	1.0
7030	1598	2	1.0
7031	1599	2	1.0
7032	1601	2	1.0
7033	1601	2	1.0
7034	1601	2	1.0
7035	1601	2	1.0
7036	1601	2	1.0
7037	1602	2	1.0
7038	1603	2	1.0
7039	1603	2	1.0
7040	1603	2	1.0
7041	1604	2	1.0
7042	1604	2	1.0
7043	1604	2	1.0
7043	2619	2	1.0
7043	2687	2	1.0
7044	1604	2	1.0
7045	1604	2	1.0
7045	2619	2	1.0
7046	1604	2	1.0
7047	1605	2	1.0
7047	1654	2	1.0
7047	1766	2	1.0
7047	2452	2	1.0
7048	1606	2	1.0
7049	1606	2	1.0
7050	1608	2	1.0
7050	2338	2	1.0
7050	2620	2	1.0
7051	1608	2	1.0
7052	1609	2	1.0
7053	1610	2	1.0
7054	1610	2	1.0
7055	1610	2	1.0
7056	1610	2	1.0
7057	1610	2	1.0
7058	1610	2	1.0
7058	1668	2	1.0
7059	1612	2	1.0
7060	1612	2	1.0
7061	1613	2	1.0
7062	1613	2	1.0
7063	1613	2	1.0
7064	1613	2	1.0
7065	1614	2	1.0
7065	2193	2	1.0
7066	1615	2	1.0
7067	1615	2	1.0
7067	1696	2	1.0
7068	1616	2	1.0
7069	1617	2	1.0
7070	1617	2	1.0
7071	1617	2	1.0
7072	1618	2	1.0
7073	1618	2	1.0
7074	1619	2	1.0
7075	1619	2	1.0
7076	1619	2	1.0
7077	1620	2	1.0
7078	1621	2	1.0
7079	1622	2	1.0
7080	1623	2	1.0
7081	1623	2	1.0
7082	1623	2	1.0
7083	1624	2	1.0
7083	2672	2	1.0
7084	1625	2	1.0
7085	1625	2	1.0
7086	1625	2	1.0
7086	2642	2	1.0
7087	1626	2	1.0
7087	1648	2	1.0
7087	1915	2	1.0
7087	2085	2	1.0
7087	2321	2	1.0
7087	2459	2	1.0
7087	2525	2	1.0
7087	2561	2	1.0
7088	1627	2	1.0
7088	2866	2	1.0
7089	1628	2	1.0
7090	1629	2	1.0
7091	1629	2	1.0
7092	1630	2	1.0
7093	1630	2	1.0
7094	1630	2	1.0
7095	1631	2	1.0
7096	1631	2	1.0
7097	1631	2	1.0
7098	1632	2	1.0
7099	1632	2	1.0
7100	1632	2	1.0
7101	1632	2	1.0
7102	1633	2	1.0
7102	2135	2	1.0
7102	2611	2	1.0
7103	1634	2	1.0
7104	1636	2	1.0
7105	1636	2	1.0
7106	1636	2	1.0
7106	1692	2	1.0
7107	1636	2	1.0
7107	1692	2	1.0
7108	1637	2	1.0
7109	1637	2	1.0
7110	1638	2	1.0
7111	1639	2	1.0
7111	2020	2	1.0
7112	1639	2	1.0
7113	1639	2	1.0
7114	1639	2	1.0
7115	1639	2	1.0
7116	1639	2	1.0
7117	1639	2	1.0
7118	1639	2	1.0
7118	1676	2	1.0
7118	2020	2	1.0
7119	1639	2	1.0
7120	1639	2	1.0
7120	2020	2	1.0
7121	1639	2	1.0
7122	1640	2	1.0
7123	1641	2	1.0
7124	1642	2	1.0
7124	1657	2	1.0
7124	1697	2	1.0
7125	1642	2	1.0
7126	1642	2	1.0
7126	1657	2	1.0
7126	1697	2	1.0
7127	1642	2	1.0
7128	1642	2	1.0
7128	1657	2	1.0
7128	1697	2	1.0
7129	1642	2	1.0
7130	1643	2	1.0
7131	1643	2	1.0
7132	1643	2	1.0
7133	1643	2	1.0
7134	1643	2	1.0
7135	1643	2	1.0
7136	1644	2	1.0
7137	1647	2	1.0
7138	1647	2	1.0
7139	1647	2	1.0
7140	1647	2	1.0
7141	1647	2	1.0
7142	1647	2	1.0
7143	1647	2	1.0
7144	1647	2	1.0
7145	1647	2	1.0
7146	1647	2	1.0
7147	1647	2	1.0
7148	1647	2	1.0
7149	1647	2	1.0
7150	1649	2	1.0
7151	1650	2	1.0
7152	1651	2	1.0
7153	1651	2	1.0
7153	2107	2	1.0
7154	1651	2	1.0
7155	1651	2	1.0
7156	1652	2	1.0
7156	2054	2	1.0
7157	1652	2	1.0
7157	2054	2	1.0
7158	1652	2	1.0
7159	1653	2	1.0
7159	2293	2	1.0
7159	2784	2	1.0
7160	1653	2	1.0
7161	1653	2	1.0
7161	2293	2	1.0
7161	2784	2	1.0
7162	1653	2	1.0
7162	2293	2	1.0
7162	2784	2	1.0
7163	1653	2	1.0
7164	1653	2	1.0
7165	1654	2	1.0
7165	1766	2	1.0
7166	1654	2	1.0
7166	1766	2	1.0
7166	1966	2	1.0
7166	2063	2	1.0
7166	2452	2	1.0
7167	1655	2	1.0
7168	1655	2	1.0
7169	1655	2	1.0
7170	1656	2	1.0
7171	1656	2	1.0
7172	1657	2	1.0
7172	1697	2	1.0
7173	1657	2	1.0
7173	1697	2	1.0
7174	1657	2	1.0
7174	1697	2	1.0
7175	1658	2	1.0
7175	1835	2	1.0
7176	1658	2	1.0
7177	1658	2	1.0
7177	2497	2	1.0
7178	1660	2	1.0
7179	1660	2	1.0
7179	2629	2	1.0
7180	1660	2	1.0
7181	1661	2	1.0
7181	2073	2	1.0
7181	2848	2	1.0
7182	1661	2	1.0
7183	1661	2	1.0
7183	2073	2	1.0
7184	1661	2	1.0
7185	1662	2	1.0
7185	2744	2	1.0
7186	1662	2	1.0
7187	1662	2	1.0
7188	1662	2	1.0
7189	1663	2	1.0
7190	1665	2	1.0
7191	1666	2	1.0
7192	1667	2	1.0
7193	1667	2	1.0
7194	1667	2	1.0
7195	1668	2	1.0
7196	1668	2	1.0
7197	1669	2	1.0
7198	1669	2	1.0
7198	1972	2	1.0
7199	1670	2	1.0
7200	1670	2	1.0
7201	1671	2	1.0
7202	1672	2	1.0
7202	2440	2	1.0
7203	1673	2	1.0
7204	1674	2	1.0
7205	1674	2	1.0
7206	1675	2	1.0
7207	1675	2	1.0
7208	1675	2	1.0
7208	2108	2	1.0
7209	1675	2	1.0
7209	1965	2	1.0
7209	2108	2	1.0
7210	1676	2	1.0
7211	1676	2	1.0
7211	2509	2	1.0
7212	1676	2	1.0
7213	1677	2	1.0
7213	2790	2	1.0
7214	1677	2	1.0
7215	1677	2	1.0
7216	1677	2	1.0
7217	1678	2	1.0
7218	1678	2	1.0
7218	2826	2	1.0
7219	1679	2	1.0
7219	2290	2	1.0
7220	1679	2	1.0
7221	1679	2	1.0
7222	1680	2	1.0
7223	1680	2	1.0
7224	1682	2	1.0
7225	1682	2	1.0
7226	1682	2	1.0
7227	1684	2	1.0
7228	1684	2	1.0
7229	1684	2	1.0
7230	1685	2	1.0
7231	1685	2	1.0
7232	1685	2	1.0
7233	1686	2	1.0
7234	1686	2	1.0
7235	1686	2	1.0
7236	1686	2	1.0
7237	1688	2	1.0
7238	1688	2	1.0
7239	1688	2	1.0
7240	1689	2	1.0
7241	1689	2	1.0
7242	1689	2	1.0
7243	1689	2	1.0
7244	1691	2	1.0
7245	1691	2	1.0
7246	1691	2	1.0
7247	1691	2	1.0
7248	1693	2	1.0
7249	1693	2	1.0
7250	1694	2	1.0
7250	2804	2	1.0
7251	1694	2	1.0
7251	2804	2	1.0
7252	1694	2	1.0
7253	1695	2	1.0
7254	1696	2	1.0
7255	1696	2	1.0
7255	2814	2	1.0
7256	1698	2	1.0
7257	1698	2	1.0
7258	1699	2	1.0
7259	1699	2	1.0
7260	1700	2	1.0
7261	1700	2	1.0
7262	1701	2	1.0
7263	1701	2	1.0
7264	1701	2	1.0
7265	1701	2	1.0
7266	1702	2	1.0
7267	1702	2	1.0
7268	1702	2	1.0
7269	1703	2	1.0
7269	2073	2	1.0
7269	2223	2	1.0
7270	1703	2	1.0
7271	1705	2	1.0
7272	1705	2	1.0
7273	1707	2	1.0
7274	1708	2	1.0
7275	1708	2	1.0
7276	1708	2	1.0
7277	1708	2	1.0
7278	1709	2	1.0
7279	1709	2	1.0
7280	1709	2	1.0
7281	1709	2	1.0
7282	1710	2	1.0
7283	1710	2	1.0
7284	1711	2	1.0
7284	1997	2	1.0
7285	1711	2	1.0
7286	1712	2	1.0
7286	1784	2	1.0
7287	1712	2	1.0
7287	1948	2	1.0
7288	1713	2	1.0
7289	1713	2	1.0
7290	1714	2	1.0
7291	1714	2	1.0
7292	1714	2	1.0
7293	1714	2	1.0
7294	1715	2	1.0
7295	1715	2	1.0
7296	1716	2	1.0
7297	1717	2	1.0
7298	1717	2	1.0
7299	1718	2	1.0
7299	2793	2	1.0
7300	1718	2	1.0
7301	1718	2	1.0
7301	2793	2	1.0
7302	1718	2	1.0
7303	1718	2	1.0
7304	1718	2	1.0
7305	1718	2	1.0
7306	1718	2	1.0
7307	1718	2	1.0
7308	1718	2	1.0
7309	1721	2	1.0
7310	1721	2	1.0
7311	1721	2	1.0
7312	1721	2	1.0
7313	1721	2	1.0
7314	1722	2	1.0
7315	1722	2	1.0
7316	1722	2	1.0
7317	1722	2	1.0
7318	1724	2	1.0
7319	1724	2	1.0
7320	1724	2	1.0
7321	1724	2	1.0
7322	1725	2	1.0
7323	1725	2	1.0
7324	1726	2	1.0
7324	2041	2	1.0
7325	1726	2	1.0
7325	1872	2	1.0
7326	1726	2	1.0
7327	1726	2	1.0
7328	1727	2	1.0
7329	1727	2	1.0
7330	1727	2	1.0
7331	1727	2	1.0
7332	1727	2	1.0
7333	1728	2	1.0
7334	1728	2	1.0
7335	1729	2	1.0
7336	1729	2	1.0
7337	1729	2	1.0
7338	1729	2	1.0
7339	1729	2	1.0
7340	1729	2	1.0
7341	1729	2	1.0
7342	1729	2	1.0
7343	1730	2	1.0
7344	1731	2	1.0
7345	1732	2	1.0
7345	2622	2	1.0
7346	1733	2	1.0
7347	1734	2	1.0
7348	1735	2	1.0
7349	1735	2	1.0
7350	1735	2	1.0
7351	1736	2	1.0
7351	1904	2	1.0
7352	1736	2	1.0
7352	2124	2	1.0
7352	2437	2	1.0
7352	2613	2	1.0
7353	1736	2	1.0
7353	2613	2	1.0
7354	1736	2	1.0
7354	2124	2	1.0
7355	1737	2	1.0
7355	2123	2	1.0
7356	1738	2	1.0
7357	1738	2	1.0
7357	2468	2	1.0
7358	1738	2	1.0
7358	2032	2	1.0
7359	1738	2	1.0
7360	1738	2	1.0
7361	1739	2	1.0
7362	1740	2	1.0
7363	1741	2	1.0
7364	1742	2	1.0
7365	1742	2	1.0
7366	1744	2	1.0
7366	1758	2	1.0
7366	1890	2	1.0
7366	2165	2	1.0
7367	1744	2	1.0
7367	1758	2	1.0
7367	1890	2	1.0
7367	2165	2	1.0
7368	1745	2	1.0
7369	1745	2	1.0
7370	1745	2	1.0
7371	1746	2	1.0
7372	1747	2	1.0
7372	2423	2	1.0
7372	2435	2	1.0
7372	2858	2	1.0
7373	1747	2	1.0
7373	1979	2	1.0
7373	2423	2	1.0
7373	2435	2	1.0
7373	2514	2	1.0
7373	2655	2	1.0
7373	2858	2	1.0
7374	1748	2	1.0
7375	1748	2	1.0
7376	1748	2	1.0
7377	1749	2	1.0
7378	1749	2	1.0
7379	1750	2	1.0
7380	1751	2	1.0
7381	1751	2	1.0
7382	1752	2	1.0
7383	1752	2	1.0
7383	2174	2	1.0
7384	1752	2	1.0
7385	1753	2	1.0
7386	1753	2	1.0
7387	1754	2	1.0
7387	1852	2	1.0
7388	1755	2	1.0
7389	1755	2	1.0
7390	1756	2	1.0
7391	1756	2	1.0
7392	1757	2	1.0
7393	1759	2	1.0
7394	1759	2	1.0
7395	1759	2	1.0
7396	1760	2	1.0
7397	1761	2	1.0
7398	1762	2	1.0
7398	1815	2	1.0
7398	1978	2	1.0
7399	1762	2	1.0
7399	1815	2	1.0
7399	1978	2	1.0
7400	1763	2	1.0
7401	1763	2	1.0
7402	1764	2	1.0
7403	1764	2	1.0
7404	1765	2	1.0
7405	1765	2	1.0
7406	1765	2	1.0
7407	1765	2	1.0
7408	1767	2	1.0
7409	1767	2	1.0
7410	1767	2	1.0
7411	1768	2	1.0
7412	1768	2	1.0
7412	2732	2	1.0
7413	1769	2	1.0
7414	1769	2	1.0
7415	1770	2	1.0
7416	1770	2	1.0
7416	2657	2	1.0
7417	1770	2	1.0
7418	1771	2	1.0
7419	1772	2	1.0
7420	1773	2	1.0
7421	1773	2	1.0
7421	2748	2	1.0
7422	1774	2	1.0
7423	1775	2	1.0
7424	1775	2	1.0
7424	2174	2	1.0
7425	1776	2	1.0
7426	1776	2	1.0
7427	1776	2	1.0
7428	1776	2	1.0
7429	1777	2	1.0
7430	1778	2	1.0
7431	1778	2	1.0
7432	1781	2	1.0
7433	1781	2	1.0
7434	1781	2	1.0
7435	1781	2	1.0
7436	1782	2	1.0
7437	1782	2	1.0
7438	1782	2	1.0
7439	1783	2	1.0
7440	1783	2	1.0
7441	1784	2	1.0
7442	1784	2	1.0
7443	1784	2	1.0
7444	1785	2	1.0
7445	1786	2	1.0
7446	1786	2	1.0
7447	1786	2	1.0
7448	1786	2	1.0
7449	1787	2	1.0
7450	1787	2	1.0
7451	1788	2	1.0
7452	1788	2	1.0
7453	1789	2	1.0
7454	1789	2	1.0
7455	1789	2	1.0
7456	1791	2	1.0
7457	1792	2	1.0
7458	1793	2	1.0
7459	1793	2	1.0
7460	1793	2	1.0
7461	1794	2	1.0
7462	1794	2	1.0
7463	1795	2	1.0
7464	1795	2	1.0
7465	1795	2	1.0
7466	1796	2	1.0
7467	1797	2	1.0
7468	1797	2	1.0
7469	1798	2	1.0
7470	1799	2	1.0
7471	1799	2	1.0
7472	1800	2	1.0
7473	1801	2	1.0
7474	1803	2	1.0
7475	1803	2	1.0
7476	1803	2	1.0
7477	1803	2	1.0
7478	1803	2	1.0
7479	1803	2	1.0
7480	1805	2	1.0
7481	1805	2	1.0
7482	1805	2	1.0
7483	1806	2	1.0
7483	2006	2	1.0
7484	1807	2	1.0
7485	1809	2	1.0
7486	1810	2	1.0
7487	1811	2	1.0
7488	1811	2	1.0
7489	1812	2	1.0
7489	2712	2	1.0
7490	1812	2	1.0
7491	1812	2	1.0
7492	1813	2	1.0
7493	1814	2	1.0
7493	2265	2	1.0
7494	1814	2	1.0
7494	1992	2	1.0
7494	2265	2	1.0
7494	2823	2	1.0
7494	2862	2	1.0
7495	1814	2	1.0
7495	1992	2	1.0
7495	2265	2	1.0
7495	2823	2	1.0
7495	2862	2	1.0
7496	1815	2	1.0
7497	1815	2	1.0
7498	1816	2	1.0
7499	1818	2	1.0
7500	1818	2	1.0
7501	1819	2	1.0
7502	1819	2	1.0
7503	1819	2	1.0
7504	1821	2	1.0
7505	1821	2	1.0
7505	2505	2	1.0
7506	1821	2	1.0
7507	1822	2	1.0
7507	2149	2	1.0
7507	2761	2	1.0
7508	1823	2	1.0
7509	1823	2	1.0
7510	1823	2	1.0
7511	1824	2	1.0
7512	1825	2	1.0
7513	1826	2	1.0
7513	2048	2	1.0
7513	2389	2	1.0
7514	1826	2	1.0
7515	1827	2	1.0
7516	1827	2	1.0
7517	1827	2	1.0
7518	1828	2	1.0
7519	1828	2	1.0
7520	1828	2	1.0
7521	1828	2	1.0
7522	1829	2	1.0
7523	1830	2	1.0
7524	1830	2	1.0
7524	2677	2	1.0
7525	1830	2	1.0
7526	1830	2	1.0
7527	1831	2	1.0
7528	1831	2	1.0
7529	1832	2	1.0
7530	1832	2	1.0
7531	1833	2	1.0
7532	1833	2	1.0
7533	1834	2	1.0
7534	1834	2	1.0
7534	2578	2	1.0
7535	1834	2	1.0
7536	1834	2	1.0
7537	1834	2	1.0
7538	1834	2	1.0
7538	2578	2	1.0
7539	1834	2	1.0
7539	2070	2	1.0
7539	2578	2	1.0
7540	1835	2	1.0
7541	1836	2	1.0
7542	1836	2	1.0
7543	1836	2	1.0
7544	1836	2	1.0
7545	1836	2	1.0
7546	1836	2	1.0
7547	1836	2	1.0
7548	1837	2	1.0
7549	1837	2	1.0
7550	1837	2	1.0
7551	1838	2	1.0
7552	1839	2	1.0
7553	1839	2	1.0
7554	1839	2	1.0
7555	1839	2	1.0
7556	1839	2	1.0
7557	1841	2	1.0
7558	1841	2	1.0
7559	1842	2	1.0
7560	1842	2	1.0
7561	1844	2	1.0
7562	1844	2	1.0
7563	1845	2	1.0
7563	2180	2	1.0
7564	1845	2	1.0
7565	1846	2	1.0
7566	1846	2	1.0
7567	1847	2	1.0
7568	1847	2	1.0
7569	1848	2	1.0
7570	1848	2	1.0
7571	1848	2	1.0
7572	1848	2	1.0
7573	1848	2	1.0
7574	1848	2	1.0
7575	1850	2	1.0
7576	1851	2	1.0
7577	1851	2	1.0
7578	1852	2	1.0
7579	1853	2	1.0
7580	1853	2	1.0
7580	2878	2	1.0
7581	1854	2	1.0
7582	1854	2	1.0
7583	1855	2	1.0
7583	2184	2	1.0
7584	1855	2	1.0
7585	1855	2	1.0
7586	1856	2	1.0
7587	1856	2	1.0
7588	1857	2	1.0
7589	1857	2	1.0
7590	1857	2	1.0
7591	1858	2	1.0
7592	1859	2	1.0
7592	2105	2	1.0
7593	1860	2	1.0
7593	1981	2	1.0
7594	1861	2	1.0
7594	2268	2	1.0
7595	1861	2	1.0
7595	2268	2	1.0
7595	2480	2	1.0
7596	1862	2	1.0
7597	1862	2	1.0
7598	1863	2	1.0
7599	1864	2	1.0
7600	1864	2	1.0
7601	1865	2	1.0
7602	1865	2	1.0
7602	2005	2	1.0
7603	1865	2	1.0
7603	2005	2	1.0
7604	1866	2	1.0
7605	1867	2	1.0
7606	1867	2	1.0
7607	1868	2	1.0
7608	1868	2	1.0
7609	1869	2	1.0
7610	1871	2	1.0
7610	2800	2	1.0
7611	1873	2	1.0
7612	1875	2	1.0
7613	1875	2	1.0
7613	2053	2	1.0
7614	1877	2	1.0
7615	1878	2	1.0
7616	1878	2	1.0
7617	1879	2	1.0
7618	1879	2	1.0
7619	1879	2	1.0
7620	1879	2	1.0
7621	1880	2	1.0
7622	1880	2	1.0
7623	1880	2	1.0
7624	1881	2	1.0
7624	2669	2	1.0
7625	1881	2	1.0
7626	1881	2	1.0
7627	1882	2	1.0
7628	1882	2	1.0
7629	1882	2	1.0
7630	1885	2	1.0
7631	1885	2	1.0
7632	1885	2	1.0
7633	1885	2	1.0
7634	1886	2	1.0
7635	1887	2	1.0
7636	1887	2	1.0
7636	2456	2	1.0
7636	2619	2	1.0
7637	1887	2	1.0
7638	1887	2	1.0
7639	1888	2	1.0
7640	1889	2	1.0
7641	1889	2	1.0
7642	1891	2	1.0
7643	1891	2	1.0
7643	2556	2	1.0
7643	2659	2	1.0
7643	2720	2	1.0
7644	1893	2	1.0
7645	1894	2	1.0
7646	1895	2	1.0
7647	1896	2	1.0
7648	1897	2	1.0
7649	1897	2	1.0
7650	1898	2	1.0
7651	1898	2	1.0
7652	1900	2	1.0
7653	1900	2	1.0
7654	1900	2	1.0
7655	1900	2	1.0
7656	1900	2	1.0
7657	1900	2	1.0
7658	1900	2	1.0
7659	1900	2	1.0
7660	1900	2	1.0
7661	1902	2	1.0
7661	2549	2	1.0
7662	1903	2	1.0
7663	1905	2	1.0
7664	1906	2	1.0
7665	1906	2	1.0
7666	1907	2	1.0
7667	1908	2	1.0
7668	1908	2	1.0
7669	1909	2	1.0
7670	1909	2	1.0
7671	1910	2	1.0
7672	1910	2	1.0
7673	1910	2	1.0
7674	1910	2	1.0
7675	1911	2	1.0
7676	1912	2	1.0
7677	1912	2	1.0
7678	1914	2	1.0
7679	1914	2	1.0
7680	1914	2	1.0
7680	1951	2	1.0
7680	2099	2	1.0
7680	2498	2	1.0
7681	1916	2	1.0
7682	1916	2	1.0
7683	1917	2	1.0
7684	1918	2	1.0
7685	1918	2	1.0
7686	1918	2	1.0
7687	1919	2	1.0
7687	2184	2	1.0
7688	1919	2	1.0
7689	1920	2	1.0
7690	1920	2	1.0
7691	1922	2	1.0
7692	1922	2	1.0
7693	1923	2	1.0
7694	1924	2	1.0
7694	2750	2	1.0
7695	1924	2	1.0
7695	2750	2	1.0
7696	1925	2	1.0
7697	1925	2	1.0
7698	1925	2	1.0
7699	1925	2	1.0
7700	1925	2	1.0
7701	1926	2	1.0
7701	2525	2	1.0
7702	1926	2	1.0
7703	1928	2	1.0
7704	1928	2	1.0
7705	1928	2	1.0
7706	1929	2	1.0
7707	1929	2	1.0
7707	2758	2	1.0
7708	1930	2	1.0
7709	1931	2	1.0
7710	1931	2	1.0
7711	1932	2	1.0
7712	1932	2	1.0
7713	1932	2	1.0
7714	1932	2	1.0
7715	1932	2	1.0
7716	1932	2	1.0
7717	1933	2	1.0
7718	1933	2	1.0
7718	2506	2	1.0
7719	1934	2	1.0
7720	1934	2	1.0
7720	1966	2	1.0
7721	1936	2	1.0
7722	1936	2	1.0
7723	1936	2	1.0
7724	1936	2	1.0
7725	1936	2	1.0
7726	1936	2	1.0
7727	1936	2	1.0
7728	1936	2	1.0
7729	1936	2	1.0
7730	1936	2	1.0
7731	1937	2	1.0
7732	1938	2	1.0
7732	2104	2	1.0
7732	2148	2	1.0
7733	1938	2	1.0
7734	1938	2	1.0
7735	1939	2	1.0
7736	1940	2	1.0
7737	1940	2	1.0
7738	1943	2	1.0
7738	2510	2	1.0
7739	1943	2	1.0
7739	2510	2	1.0
7740	1944	2	1.0
7740	2734	2	1.0
7741	1945	2	1.0
7742	1945	2	1.0
7743	1946	2	1.0
7744	1946	2	1.0
7745	1946	2	1.0
7746	1947	2	1.0
7747	1947	2	1.0
7748	1947	2	1.0
7749	1947	2	1.0
7750	1947	2	1.0
7751	1947	2	1.0
7752	1947	2	1.0
7753	1947	2	1.0
7754	1947	2	1.0
7755	1947	2	1.0
7756	1947	2	1.0
7757	1947	2	1.0
7758	1949	2	1.0
7759	1949	2	1.0
7760	1951	2	1.0
7760	2665	2	1.0
7761	1951	2	1.0
7762	1951	2	1.0
7763	1953	2	1.0
7763	2243	2	1.0
7764	1954	2	1.0
7765	1954	2	1.0
7766	1954	2	1.0
7767	1955	2	1.0
7768	1955	2	1.0
7769	1956	2	1.0
7770	1956	2	1.0
7771	1956	2	1.0
7771	2671	2	1.0
7772	1957	2	1.0
7773	1958	2	1.0
7774	1958	2	1.0
7775	1959	2	1.0
7776	1959	2	1.0
7777	1960	2	1.0
7778	1960	2	1.0
7779	1960	2	1.0
7780	1960	2	1.0
7781	1960	2	1.0
7782	1960	2	1.0
7783	1960	2	1.0
7784	1960	2	1.0
7785	1960	2	1.0
7786	1960	2	1.0
7787	1960	2	1.0
7788	1960	2	1.0
7789	1960	2	1.0
7790	1961	2	1.0
7791	1961	2	1.0
7792	1962	2	1.0
7793	1962	2	1.0
7794	1962	2	1.0
7795	1962	2	1.0
7796	1962	2	1.0
7797	1962	2	1.0
7798	1962	2	1.0
7799	1962	2	1.0
7800	1962	2	1.0
7801	1962	2	1.0
7802	1962	2	1.0
7803	1962	2	1.0
7804	1962	2	1.0
7805	1963	2	1.0
7806	1964	2	1.0
7807	1964	2	1.0
7808	1964	2	1.0
7809	1964	2	1.0
7810	1965	2	1.0
7811	1965	2	1.0
7812	1966	2	1.0
7812	2527	2	1.0
7813	1969	2	1.0
7814	1969	2	1.0
7815	1969	2	1.0
7816	1969	2	1.0
7817	1969	2	1.0
7818	1969	2	1.0
7819	1970	2	1.0
7820	1972	2	1.0
7821	1973	2	1.0
7822	1973	2	1.0
7823	1975	2	1.0
7824	1975	2	1.0
7825	1975	2	1.0
7826	1975	2	1.0
7827	1976	2	1.0
7828	1977	2	1.0
7829	1977	2	1.0
7830	1977	2	1.0
7831	1977	2	1.0
7832	1977	2	1.0
7833	1978	2	1.0
7834	1979	2	1.0
7834	2423	2	1.0
7835	1980	2	1.0
7836	1982	2	1.0
7837	1984	2	1.0
7838	1984	2	1.0
7839	1984	2	1.0
7840	1984	2	1.0
7841	1984	2	1.0
7842	1984	2	1.0
7843	1984	2	1.0
7844	1985	2	1.0
7845	1985	2	1.0
7846	1986	2	1.0
7847	1987	2	1.0
7848	1987	2	1.0
7849	1987	2	1.0
7850	1987	2	1.0
7851	1988	2	1.0
7852	1988	2	1.0
7853	1988	2	1.0
7854	1989	2	1.0
7855	1990	2	1.0
7855	2756	2	1.0
7856	1990	2	1.0
7857	1990	2	1.0
7857	2756	2	1.0
7858	1991	2	1.0
7859	1991	2	1.0
7860	1992	2	1.0
7860	2823	2	1.0
7861	1992	2	1.0
7861	2823	2	1.0
7861	2862	2	1.0
7862	1993	2	1.0
7863	1994	2	1.0
7864	1994	2	1.0
7865	1995	2	1.0
7866	1995	2	1.0
7867	1995	2	1.0
7868	1996	2	1.0
7868	2564	2	1.0
7869	1996	2	1.0
7869	2564	2	1.0
7870	1997	2	1.0
7871	1997	2	1.0
7872	1997	2	1.0
7873	1997	2	1.0
7874	1997	2	1.0
7875	1997	2	1.0
7876	1997	2	1.0
7877	1997	2	1.0
7878	1997	2	1.0
7879	1997	2	1.0
7880	1997	2	1.0
7881	1997	2	1.0
7882	1997	2	1.0
7883	1997	2	1.0
7884	1997	2	1.0
7885	1997	2	1.0
7886	1997	2	1.0
7887	1997	2	1.0
7888	1997	2	1.0
7889	1997	2	1.0
7890	1997	2	1.0
7891	1997	2	1.0
7892	1998	2	1.0
7893	1998	2	1.0
7894	1999	2	1.0
7895	1999	2	1.0
7896	1999	2	1.0
7897	1999	2	1.0
7898	2000	2	1.0
7899	2000	2	1.0
7900	2001	2	1.0
7901	2001	2	1.0
7902	2001	2	1.0
7903	2003	2	1.0
7904	2004	2	1.0
7905	2004	2	1.0
7906	2004	2	1.0
7906	2780	2	1.0
7907	2005	2	1.0
7908	2008	2	1.0
7909	2009	2	1.0
7910	2009	2	1.0
7911	2009	2	1.0
7912	2009	2	1.0
7913	2011	2	1.0
7914	2014	2	1.0
7915	2014	2	1.0
7916	2014	2	1.0
7917	2014	2	1.0
7918	2014	2	1.0
7919	2014	2	1.0
7920	2014	2	1.0
7921	2015	2	1.0
7921	2447	2	1.0
7922	2016	2	1.0
7922	2524	2	1.0
7922	2604	2	1.0
7922	2681	2	1.0
7923	2017	2	1.0
7924	2017	2	1.0
7925	2017	2	1.0
7926	2018	2	1.0
7927	2018	2	1.0
7928	2019	2	1.0
7929	2021	2	1.0
7930	2021	2	1.0
7931	2021	2	1.0
7932	2021	2	1.0
7933	2022	2	1.0
7934	2022	2	1.0
7935	2022	2	1.0
7936	2022	2	1.0
7936	2700	2	1.0
7937	2023	2	1.0
7938	2023	2	1.0
7939	2024	2	1.0
7940	2024	2	1.0
7941	2025	2	1.0
7942	2026	2	1.0
7943	2026	2	1.0
7944	2026	2	1.0
7945	2026	2	1.0
7946	2026	2	1.0
7947	2026	2	1.0
7948	2028	2	1.0
7949	2028	2	1.0
7950	2028	2	1.0
7951	2029	2	1.0
7952	2029	2	1.0
7953	2030	2	1.0
7954	2031	2	1.0
7954	2815	2	1.0
7955	2031	2	1.0
7956	2031	2	1.0
7957	2031	2	1.0
7958	2032	2	1.0
7959	2032	2	1.0
7960	2033	2	1.0
7961	2033	2	1.0
7962	2033	2	1.0
7963	2034	2	1.0
7964	2034	2	1.0
7965	2035	2	1.0
7966	2035	2	1.0
7967	2035	2	1.0
7968	2035	2	1.0
7969	2036	2	1.0
7970	2036	2	1.0
7971	2037	2	1.0
7972	2038	2	1.0
7973	2038	2	1.0
7974	2039	2	1.0
7975	2039	2	1.0
7976	2039	2	1.0
7977	2039	2	1.0
7978	2040	2	1.0
7979	2040	2	1.0
7980	2041	2	1.0
7981	2042	2	1.0
7982	2042	2	1.0
7983	2043	2	1.0
7984	2044	2	1.0
7985	2045	2	1.0
7986	2045	2	1.0
7987	2045	2	1.0
7987	2641	2	1.0
7988	2046	2	1.0
7989	2046	2	1.0
7990	2047	2	1.0
7991	2047	2	1.0
7992	2050	2	1.0
7992	2696	2	1.0
7993	2050	2	1.0
7994	2051	2	1.0
7995	2052	2	1.0
7996	2052	2	1.0
7997	2052	2	1.0
7997	2849	2	1.0
7998	2053	2	1.0
7999	2055	2	1.0
7999	2334	2	1.0
7999	2549	2	1.0
7999	2855	2	1.0
8000	2055	2	1.0
8000	2147	2	1.0
8000	2649	2	1.0
8000	2676	2	1.0
8001	2055	2	1.0
8001	2147	2	1.0
8002	2056	2	1.0
8003	2056	2	1.0
8004	2057	2	1.0
8005	2057	2	1.0
8006	2057	2	1.0
8007	2058	2	1.0
8008	2058	2	1.0
8009	2058	2	1.0
8010	2058	2	1.0
8011	2059	2	1.0
8012	2059	2	1.0
8013	2060	2	1.0
8014	2060	2	1.0
8015	2060	2	1.0
8016	2060	2	1.0
8017	2061	2	1.0
8018	2061	2	1.0
8019	2061	2	1.0
8020	2062	2	1.0
8020	2288	2	1.0
8021	2062	2	1.0
8022	2063	2	1.0
8023	2063	2	1.0
8024	2063	2	1.0
8025	2064	2	1.0
8026	2064	2	1.0
8027	2064	2	1.0
8027	2139	2	1.0
8028	2065	2	1.0
8029	2065	2	1.0
8030	2066	2	1.0
8031	2066	2	1.0
8032	2066	2	1.0
8033	2068	2	1.0
8034	2068	2	1.0
8035	2068	2	1.0
8036	2069	2	1.0
8037	2070	2	1.0
8038	2070	2	1.0
8039	2070	2	1.0
8040	2071	2	1.0
8041	2071	2	1.0
8042	2072	2	1.0
8043	2073	2	1.0
8044	2073	2	1.0
8044	2165	2	1.0
8045	2074	2	1.0
8046	2074	2	1.0
8047	2074	2	1.0
8048	2075	2	1.0
8049	2078	2	1.0
8050	2078	2	1.0
8050	2384	2	1.0
8051	2079	2	1.0
8052	2080	2	1.0
8052	2179	2	1.0
8053	2081	2	1.0
8054	2081	2	1.0
8055	2083	2	1.0
8056	2084	2	1.0
8057	2084	2	1.0
8058	2084	2	1.0
8059	2085	2	1.0
8060	2085	2	1.0
8061	2086	2	1.0
8062	2086	2	1.0
8063	2087	2	1.0
8063	2793	2	1.0
8064	2087	2	1.0
8065	2087	2	1.0
8066	2088	2	1.0
8067	2089	2	1.0
8068	2089	2	1.0
8068	2104	2	1.0
8068	2429	2	1.0
8069	2089	2	1.0
8070	2089	2	1.0
8071	2090	2	1.0
8072	2090	2	1.0
8073	2092	2	1.0
8074	2093	2	1.0
8075	2094	2	1.0
8075	2225	2	1.0
8075	2775	2	1.0
8076	2095	2	1.0
8077	2095	2	1.0
8078	2095	2	1.0
8079	2097	2	1.0
8080	2099	2	1.0
8081	2099	2	1.0
8082	2100	2	1.0
8083	2100	2	1.0
8084	2100	2	1.0
8085	2100	2	1.0
8086	2101	2	1.0
8087	2101	2	1.0
8088	2102	2	1.0
8089	2103	2	1.0
8090	2103	2	1.0
8091	2104	2	1.0
8092	2104	2	1.0
8093	2106	2	1.0
8094	2106	2	1.0
8095	2106	2	1.0
8096	2108	2	1.0
8097	2108	2	1.0
8098	2108	2	1.0
8099	2108	2	1.0
8100	2108	2	1.0
8101	2108	2	1.0
8102	2109	2	1.0
8103	2112	2	1.0
8104	2113	2	1.0
8105	2113	2	1.0
8106	2113	2	1.0
8107	2113	2	1.0
8108	2113	2	1.0
8109	2113	2	1.0
8110	2113	2	1.0
8111	2113	2	1.0
8112	2114	2	1.0
8113	2114	2	1.0
8114	2114	2	1.0
8114	2361	2	1.0
8115	2114	2	1.0
8116	2117	2	1.0
8117	2117	2	1.0
8118	2118	2	1.0
8119	2119	2	1.0
8120	2119	2	1.0
8121	2120	2	1.0
8122	2122	2	1.0
8123	2123	2	1.0
8124	2123	2	1.0
8125	2123	2	1.0
8126	2123	2	1.0
8127	2123	2	1.0
8128	2123	2	1.0
8129	2124	2	1.0
8130	2125	2	1.0
8131	2125	2	1.0
8132	2126	2	1.0
8133	2126	2	1.0
8134	2126	2	1.0
8135	2126	2	1.0
8136	2126	2	1.0
8137	2127	2	1.0
8137	2316	2	1.0
8138	2127	2	1.0
8139	2127	2	1.0
8139	2316	2	1.0
8140	2127	2	1.0
8140	2316	2	1.0
8141	2128	2	1.0
8142	2130	2	1.0
8143	2130	2	1.0
8144	2131	2	1.0
8145	2132	2	1.0
8146	2132	2	1.0
8147	2133	2	1.0
8148	2134	2	1.0
8149	2134	2	1.0
8150	2136	2	1.0
8151	2137	2	1.0
8152	2137	2	1.0
8153	2137	2	1.0
8154	2139	2	1.0
8155	2139	2	1.0
8156	2140	2	1.0
8157	2140	2	1.0
8158	2142	2	1.0
8159	2142	2	1.0
8160	2143	2	1.0
8160	2159	2	1.0
8160	2211	2	1.0
8161	2143	2	1.0
8162	2144	2	1.0
8163	2145	2	1.0
8164	2145	2	1.0
8165	2145	2	1.0
8166	2145	2	1.0
8167	2146	2	1.0
8168	2146	2	1.0
8169	2146	2	1.0
8170	2146	2	1.0
8171	2146	2	1.0
8172	2146	2	1.0
8173	2147	2	1.0
8174	2148	2	1.0
8175	2148	2	1.0
8176	2149	2	1.0
8177	2149	2	1.0
8178	2150	2	1.0
8179	2150	2	1.0
8180	2151	2	1.0
8181	2151	2	1.0
8181	2822	2	1.0
8182	2152	2	1.0
8183	2152	2	1.0
8184	2153	2	1.0
8185	2156	2	1.0
8186	2156	2	1.0
8187	2156	2	1.0
8188	2156	2	1.0
8189	2156	2	1.0
8190	2156	2	1.0
8191	2156	2	1.0
8192	2156	2	1.0
8193	2156	2	1.0
8194	2156	2	1.0
8195	2156	2	1.0
8196	2156	2	1.0
8197	2158	2	1.0
8197	2648	2	1.0
8198	2159	2	1.0
8198	2211	2	1.0
8199	2159	2	1.0
8199	2211	2	1.0
8200	2159	2	1.0
8200	2247	2	1.0
8201	2160	2	1.0
8202	2160	2	1.0
8203	2160	2	1.0
8204	2161	2	1.0
8205	2162	2	1.0
8206	2162	2	1.0
8207	2162	2	1.0
8208	2164	2	1.0
8209	2166	2	1.0
8210	2166	2	1.0
8211	2166	2	1.0
8212	2167	2	1.0
8213	2168	2	1.0
8214	2168	2	1.0
8215	2169	2	1.0
8216	2170	2	1.0
8217	2170	2	1.0
8218	2170	2	1.0
8219	2170	2	1.0
8220	2170	2	1.0
8221	2171	2	1.0
8221	2518	2	1.0
8222	2171	2	1.0
8223	2172	2	1.0
8224	2173	2	1.0
8225	2173	2	1.0
8225	2182	2	1.0
8226	2173	2	1.0
8227	2173	2	1.0
8227	2182	2	1.0
8228	2174	2	1.0
8229	2174	2	1.0
8229	2261	2	1.0
8230	2175	2	1.0
8231	2176	2	1.0
8232	2178	2	1.0
8233	2178	2	1.0
8234	2180	2	1.0
8235	2181	2	1.0
8236	2181	2	1.0
8237	2182	2	1.0
8238	2183	2	1.0
8239	2183	2	1.0
8240	2184	2	1.0
8241	2185	2	1.0
8242	2185	2	1.0
8243	2185	2	1.0
8244	2185	2	1.0
8245	2186	2	1.0
8246	2186	2	1.0
8247	2186	2	1.0
8248	2186	2	1.0
8249	2187	2	1.0
8250	2187	2	1.0
8251	2187	2	1.0
8252	2187	2	1.0
8253	2188	2	1.0
8254	2188	2	1.0
8255	2188	2	1.0
8256	2189	2	1.0
8257	2189	2	1.0
8258	2190	2	1.0
8259	2190	2	1.0
8260	2190	2	1.0
8261	2192	2	1.0
8262	2192	2	1.0
8263	2195	2	1.0
8264	2195	2	1.0
8265	2195	2	1.0
8266	2195	2	1.0
8267	2196	2	1.0
8268	2198	2	1.0
8269	2199	2	1.0
8270	2199	2	1.0
8271	2200	2	1.0
8271	2300	2	1.0
8272	2200	2	1.0
8272	2300	2	1.0
8273	2201	2	1.0
8274	2201	2	1.0
8275	2201	2	1.0
8276	2201	2	1.0
8277	2201	2	1.0
8278	2201	2	1.0
8279	2201	2	1.0
8280	2201	2	1.0
8281	2201	2	1.0
8281	2828	2	1.0
8282	2201	2	1.0
8283	2201	2	1.0
8284	2201	2	1.0
8285	2202	2	1.0
8286	2204	2	1.0
8287	2204	2	1.0
8288	2204	2	1.0
8289	2205	2	1.0
8290	2205	2	1.0
8291	2205	2	1.0
8292	2206	2	1.0
8293	2207	2	1.0
8294	2208	2	1.0
8295	2209	2	1.0
8296	2209	2	1.0
8297	2209	2	1.0
8298	2210	2	1.0
8299	2210	2	1.0
8300	2210	2	1.0
8301	2210	2	1.0
8302	2214	2	1.0
8303	2215	2	1.0
8304	2216	2	1.0
8305	2216	2	1.0
8306	2216	2	1.0
8307	2218	2	1.0
8308	2219	2	1.0
8309	2221	2	1.0
8310	2224	2	1.0
8311	2224	2	1.0
8312	2224	2	1.0
8313	2226	2	1.0
8314	2226	2	1.0
8315	2226	2	1.0
8316	2226	2	1.0
8317	2227	2	1.0
8318	2228	2	1.0
8319	2228	2	1.0
8320	2228	2	1.0
8321	2228	2	1.0
8322	2228	2	1.0
8323	2229	2	1.0
8324	2230	2	1.0
8325	2230	2	1.0
8326	2231	2	1.0
8327	2231	2	1.0
8328	2235	2	1.0
8329	2235	2	1.0
8330	2235	2	1.0
8331	2236	2	1.0
8332	2236	2	1.0
8333	2236	2	1.0
8334	2237	2	1.0
8335	2237	2	1.0
8336	2238	2	1.0
8337	2239	2	1.0
8338	2239	2	1.0
8339	2240	2	1.0
8340	2241	2	1.0
8341	2241	2	1.0
8342	2241	2	1.0
8343	2242	2	1.0
8344	2242	2	1.0
8345	2244	2	1.0
8346	2244	2	1.0
8347	2244	2	1.0
8347	2833	2	1.0
8348	2245	2	1.0
8349	2245	2	1.0
8350	2246	2	1.0
8351	2246	2	1.0
8352	2246	2	1.0
8353	2246	2	1.0
8354	2247	2	1.0
8355	2247	2	1.0
8356	2250	2	1.0
8357	2251	2	1.0
8358	2254	2	1.0
8359	2254	2	1.0
8360	2254	2	1.0
8361	2259	2	1.0
8362	2259	2	1.0
8363	2259	2	1.0
8364	2260	2	1.0
8365	2261	2	1.0
8366	2263	2	1.0
8367	2264	2	1.0
8368	2264	2	1.0
8369	2264	2	1.0
8370	2264	2	1.0
8371	2264	2	1.0
8372	2265	2	1.0
8373	2265	2	1.0
8374	2267	2	1.0
8375	2268	2	1.0
8375	2880	2	1.0
8376	2269	2	1.0
8377	2269	2	1.0
8378	2269	2	1.0
8379	2270	2	1.0
8380	2270	2	1.0
8381	2271	2	1.0
8382	2271	2	1.0
8383	2271	2	1.0
8384	2272	2	1.0
8384	2811	2	1.0
8385	2272	2	1.0
8386	2274	2	1.0
8387	2276	2	1.0
8388	2277	2	1.0
8389	2278	2	1.0
8390	2278	2	1.0
8391	2278	2	1.0
8392	2280	2	1.0
8393	2280	2	1.0
8394	2281	2	1.0
8395	2281	2	1.0
8396	2281	2	1.0
8397	2282	2	1.0
8398	2282	2	1.0
8399	2282	2	1.0
8400	2285	2	1.0
8401	2285	2	1.0
8402	2285	2	1.0
8403	2285	2	1.0
8404	2285	2	1.0
8405	2287	2	1.0
8406	2287	2	1.0
8407	2287	2	1.0
8408	2288	2	1.0
8409	2288	2	1.0
8410	2288	2	1.0
8411	2288	2	1.0
8412	2288	2	1.0
8413	2288	2	1.0
8414	2288	2	1.0
8415	2292	2	1.0
8416	2292	2	1.0
8417	2292	2	1.0
8418	2292	2	1.0
8419	2292	2	1.0
8420	2292	2	1.0
8421	2292	2	1.0
8422	2293	2	1.0
8422	2784	2	1.0
8423	2293	2	1.0
8423	2784	2	1.0
8424	2295	2	1.0
8424	2638	2	1.0
8425	2296	2	1.0
8425	2617	2	1.0
8426	2296	2	1.0
8427	2297	2	1.0
8428	2301	2	1.0
8429	2301	2	1.0
8430	2302	2	1.0
8431	2302	2	1.0
8432	2302	2	1.0
8433	2304	2	1.0
8434	2304	2	1.0
8435	2304	2	1.0
8436	2305	2	1.0
8437	2305	2	1.0
8438	2306	2	1.0
8439	2306	2	1.0
8440	2307	2	1.0
8440	2755	2	1.0
8441	2308	2	1.0
8441	2599	2	1.0
8441	2853	2	1.0
8442	2311	2	1.0
8443	2311	2	1.0
8444	2311	2	1.0
8445	2311	2	1.0
8446	2311	2	1.0
8447	2311	2	1.0
8448	2311	2	1.0
8449	2311	2	1.0
8450	2311	2	1.0
8451	2311	2	1.0
8452	2312	2	1.0
8453	2312	2	1.0
8454	2312	2	1.0
8455	2312	2	1.0
8456	2313	2	1.0
8457	2313	2	1.0
8458	2315	2	1.0
8459	2315	2	1.0
8460	2318	2	1.0
8461	2318	2	1.0
8462	2320	2	1.0
8463	2321	2	1.0
8464	2323	2	1.0
8465	2324	2	1.0
8466	2324	2	1.0
8467	2324	2	1.0
8468	2326	2	1.0
8469	2330	2	1.0
8470	2330	2	1.0
8471	2330	2	1.0
8472	2330	2	1.0
8473	2331	2	1.0
8474	2331	2	1.0
8475	2333	2	1.0
8476	2333	2	1.0
8477	2337	2	1.0
8478	2337	2	1.0
8479	2338	2	1.0
8480	2338	2	1.0
8481	2339	2	1.0
8482	2339	2	1.0
8483	2340	2	1.0
8484	2341	2	1.0
8485	2341	2	1.0
8486	2342	2	1.0
8487	2342	2	1.0
8488	2342	2	1.0
8489	2342	2	1.0
8490	2343	2	1.0
8491	2344	2	1.0
8492	2346	2	1.0
8493	2346	2	1.0
8494	2346	2	1.0
8495	2346	2	1.0
8496	2346	2	1.0
8497	2347	2	1.0
8498	2348	2	1.0
8499	2348	2	1.0
8500	2349	2	1.0
8501	2349	2	1.0
8502	2349	2	1.0
8503	2349	2	1.0
8504	2350	2	1.0
8505	2351	2	1.0
8506	2351	2	1.0
8507	2351	2	1.0
8508	2351	2	1.0
8509	2351	2	1.0
8510	2352	2	1.0
8511	2353	2	1.0
8512	2354	2	1.0
8513	2354	2	1.0
8514	2355	2	1.0
8515	2356	2	1.0
8516	2356	2	1.0
8517	2357	2	1.0
8518	2357	2	1.0
8519	2358	2	1.0
8520	2358	2	1.0
8521	2358	2	1.0
8522	2359	2	1.0
8523	2359	2	1.0
8524	2359	2	1.0
8525	2359	2	1.0
8526	2359	2	1.0
8527	2359	2	1.0
8528	2359	2	1.0
8529	2360	2	1.0
8530	2360	2	1.0
8530	2876	2	1.0
8531	2361	2	1.0
8532	2361	2	1.0
8533	2361	2	1.0
8534	2363	2	1.0
8535	2363	2	1.0
8536	2363	2	1.0
8537	2365	2	1.0
8538	2366	2	1.0
8539	2366	2	1.0
8540	2366	2	1.0
8541	2366	2	1.0
8542	2366	2	1.0
8543	2366	2	1.0
8544	2366	2	1.0
8545	2366	2	1.0
8546	2366	2	1.0
8547	2367	2	1.0
8548	2367	2	1.0
8549	2367	2	1.0
8550	2368	2	1.0
8551	2368	2	1.0
8552	2368	2	1.0
8553	2368	2	1.0
8554	2369	2	1.0
8555	2369	2	1.0
8556	2369	2	1.0
8557	2369	2	1.0
8558	2369	2	1.0
8559	2370	2	1.0
8560	2370	2	1.0
8561	2370	2	1.0
8562	2370	2	1.0
8563	2371	2	1.0
8564	2372	2	1.0
8565	2373	2	1.0
8566	2375	2	1.0
8567	2375	2	1.0
8568	2376	2	1.0
8569	2376	2	1.0
8570	2376	2	1.0
8571	2376	2	1.0
8572	2376	2	1.0
8573	2377	2	1.0
8574	2380	2	1.0
8575	2381	2	1.0
8576	2381	2	1.0
8577	2382	2	1.0
8578	2382	2	1.0
8579	2382	2	1.0
8580	2383	2	1.0
8581	2384	2	1.0
8582	2384	2	1.0
8583	2385	2	1.0
8583	2736	2	1.0
8584	2385	2	1.0
8584	2736	2	1.0
8585	2385	2	1.0
8586	2386	2	1.0
8587	2386	2	1.0
8588	2386	2	1.0
8589	2386	2	1.0
8590	2391	2	1.0
8591	2391	2	1.0
8592	2391	2	1.0
8593	2392	2	1.0
8594	2392	2	1.0
8595	2394	2	1.0
8596	2394	2	1.0
8597	2394	2	1.0
8598	2394	2	1.0
8599	2394	2	1.0
8600	2395	2	1.0
8601	2396	2	1.0
8602	2396	2	1.0
8603	2396	2	1.0
8604	2397	2	1.0
8605	2398	2	1.0
8606	2400	2	1.0
8607	2401	2	1.0
8608	2401	2	1.0
8609	2401	2	1.0
8610	2402	2	1.0
8611	2403	2	1.0
8612	2403	2	1.0
8613	2403	2	1.0
8614	2403	2	1.0
8615	2404	2	1.0
8616	2404	2	1.0
8617	2404	2	1.0
8618	2405	2	1.0
8619	2405	2	1.0
8620	2407	2	1.0
8621	2407	2	1.0
8622	2408	2	1.0
8623	2408	2	1.0
8624	2408	2	1.0
8625	2411	2	1.0
8626	2411	2	1.0
8627	2412	2	1.0
8628	2412	2	1.0
8629	2413	2	1.0
8629	2478	2	1.0
8630	2414	2	1.0
8631	2414	2	1.0
8632	2415	2	1.0
8633	2415	2	1.0
8634	2416	2	1.0
8635	2416	2	1.0
8636	2418	2	1.0
8637	2418	2	1.0
8638	2419	2	1.0
8639	2419	2	1.0
8640	2419	2	1.0
8641	2419	2	1.0
8642	2422	2	1.0
8643	2424	2	1.0
8644	2424	2	1.0
8645	2425	2	1.0
8646	2426	2	1.0
8647	2426	2	1.0
8648	2426	2	1.0
8649	2426	2	1.0
8650	2427	2	1.0
8651	2427	2	1.0
8652	2427	2	1.0
8653	2427	2	1.0
8654	2428	2	1.0
8655	2429	2	1.0
8656	2429	2	1.0
8657	2429	2	1.0
8658	2430	2	1.0
8659	2430	2	1.0
8660	2430	2	1.0
8661	2432	2	1.0
8662	2432	2	1.0
8663	2432	2	1.0
8664	2432	2	1.0
8665	2433	2	1.0
8666	2433	2	1.0
8667	2433	2	1.0
8668	2434	2	1.0
8669	2434	2	1.0
8670	2434	2	1.0
8671	2436	2	1.0
8672	2436	2	1.0
8673	2436	2	1.0
8673	2605	2	1.0
8674	2436	2	1.0
8674	2669	2	1.0
8675	2437	2	1.0
8676	2437	2	1.0
8677	2438	2	1.0
8678	2439	2	1.0
8679	2439	2	1.0
8680	2439	2	1.0
8681	2440	2	1.0
8682	2441	2	1.0
8683	2444	2	1.0
8684	2444	2	1.0
8685	2445	2	1.0
8686	2446	2	1.0
8687	2446	2	1.0
8688	2448	2	1.0
8689	2449	2	1.0
8690	2449	2	1.0
8691	2450	2	1.0
8692	2450	2	1.0
8693	2450	2	1.0
8694	2450	2	1.0
8695	2450	2	1.0
8696	2451	2	1.0
8697	2451	2	1.0
8698	2451	2	1.0
8699	2451	2	1.0
8700	2451	2	1.0
8701	2453	2	1.0
8702	2453	2	1.0
8703	2454	2	1.0
8704	2454	2	1.0
8705	2455	2	1.0
8706	2456	2	1.0
8707	2456	2	1.0
8708	2457	2	1.0
8709	2457	2	1.0
8710	2458	2	1.0
8711	2459	2	1.0
8712	2460	2	1.0
8713	2462	2	1.0
8714	2463	2	1.0
8715	2463	2	1.0
8716	2463	2	1.0
8717	2464	2	1.0
8718	2464	2	1.0
8719	2464	2	1.0
8720	2464	2	1.0
8721	2465	2	1.0
8722	2468	2	1.0
8723	2468	2	1.0
8724	2468	2	1.0
8725	2468	2	1.0
8726	2469	2	1.0
8727	2469	2	1.0
8728	2470	2	1.0
8729	2471	2	1.0
8730	2473	2	1.0
8731	2474	2	1.0
8732	2474	2	1.0
8733	2474	2	1.0
8734	2476	2	1.0
8735	2476	2	1.0
8736	2477	2	1.0
8737	2479	2	1.0
8738	2479	2	1.0
8739	2480	2	1.0
8740	2481	2	1.0
8741	2483	2	1.0
8742	2484	2	1.0
8743	2484	2	1.0
8744	2484	2	1.0
8745	2484	2	1.0
8746	2484	2	1.0
8747	2484	2	1.0
8748	2485	2	1.0
8749	2485	2	1.0
8750	2486	2	1.0
8751	2487	2	1.0
8752	2487	2	1.0
8753	2488	2	1.0
8754	2488	2	1.0
8755	2488	2	1.0
8756	2489	2	1.0
8757	2489	2	1.0
8758	2489	2	1.0
8759	2491	2	1.0
8760	2491	2	1.0
8761	2491	2	1.0
8762	2493	2	1.0
8763	2493	2	1.0
8764	2494	2	1.0
8765	2494	2	1.0
8766	2494	2	1.0
8767	2494	2	1.0
8768	2495	2	1.0
8769	2496	2	1.0
8770	2496	2	1.0
8771	2496	2	1.0
8772	2497	2	1.0
8773	2497	2	1.0
8774	2497	2	1.0
8775	2497	2	1.0
8776	2497	2	1.0
8777	2497	2	1.0
8778	2498	2	1.0
8779	2498	2	1.0
8780	2499	2	1.0
8781	2499	2	1.0
8782	2499	2	1.0
8783	2502	2	1.0
8784	2503	2	1.0
8785	2503	2	1.0
8786	2503	2	1.0
8787	2505	2	1.0
8788	2506	2	1.0
8789	2509	2	1.0
8790	2512	2	1.0
8791	2513	2	1.0
8792	2513	2	1.0
8793	2514	2	1.0
8794	2515	2	1.0
8795	2515	2	1.0
8796	2515	2	1.0
8797	2516	2	1.0
8798	2516	2	1.0
8799	2517	2	1.0
8800	2517	2	1.0
8801	2518	2	1.0
8802	2519	2	1.0
8803	2519	2	1.0
8804	2519	2	1.0
8805	2521	2	1.0
8806	2522	2	1.0
8807	2523	2	1.0
8808	2523	2	1.0
8809	2523	2	1.0
8810	2524	2	1.0
8810	2753	2	1.0
8811	2524	2	1.0
8812	2525	2	1.0
8813	2525	2	1.0
8814	2525	2	1.0
8815	2525	2	1.0
8816	2526	2	1.0
8817	2526	2	1.0
8818	2530	2	1.0
8819	2530	2	1.0
8820	2530	2	1.0
8821	2530	2	1.0
8822	2531	2	1.0
8823	2531	2	1.0
8824	2531	2	1.0
8825	2532	2	1.0
8826	2534	2	1.0
8827	2534	2	1.0
8828	2534	2	1.0
8829	2534	2	1.0
8830	2535	2	1.0
8831	2537	2	1.0
8832	2537	2	1.0
8833	2538	2	1.0
8834	2538	2	1.0
8835	2539	2	1.0
8836	2539	2	1.0
8837	2539	2	1.0
8838	2540	2	1.0
8839	2540	2	1.0
8840	2541	2	1.0
8841	2541	2	1.0
8842	2543	2	1.0
8843	2543	2	1.0
8844	2544	2	1.0
8844	2691	2	1.0
8845	2545	2	1.0
8846	2545	2	1.0
8847	2545	2	1.0
8848	2545	2	1.0
8849	2546	2	1.0
8850	2546	2	1.0
8851	2546	2	1.0
8852	2546	2	1.0
8853	2547	2	1.0
8854	2547	2	1.0
8855	2550	2	1.0
8856	2550	2	1.0
8857	2552	2	1.0
8858	2552	2	1.0
8859	2552	2	1.0
8860	2552	2	1.0
8861	2553	2	1.0
8862	2555	2	1.0
8863	2556	2	1.0
8864	2557	2	1.0
8865	2557	2	1.0
8866	2558	2	1.0
8867	2559	2	1.0
8868	2559	2	1.0
8869	2560	2	1.0
8870	2560	2	1.0
8871	2560	2	1.0
8872	2561	2	1.0
8873	2563	2	1.0
8874	2565	2	1.0
8875	2565	2	1.0
8876	2565	2	1.0
8877	2566	2	1.0
8878	2566	2	1.0
8879	2569	2	1.0
8880	2569	2	1.0
8881	2570	2	1.0
8882	2570	2	1.0
8883	2571	2	1.0
8884	2573	2	1.0
8885	2573	2	1.0
8886	2573	2	1.0
8887	2573	2	1.0
8888	2575	2	1.0
8889	2575	2	1.0
8890	2575	2	1.0
8891	2575	2	1.0
8892	2575	2	1.0
8893	2576	2	1.0
8894	2577	2	1.0
8894	2831	2	1.0
8895	2577	2	1.0
8896	2578	2	1.0
8897	2578	2	1.0
8898	2578	2	1.0
8899	2579	2	1.0
8900	2579	2	1.0
8901	2580	2	1.0
8902	2581	2	1.0
8903	2581	2	1.0
8904	2581	2	1.0
8905	2581	2	1.0
8906	2582	2	1.0
8907	2582	2	1.0
8908	2582	2	1.0
8909	2584	2	1.0
8910	2585	2	1.0
8911	2585	2	1.0
8912	2585	2	1.0
8913	2585	2	1.0
8914	2586	2	1.0
8915	2586	2	1.0
8916	2586	2	1.0
8917	2587	2	1.0
8918	2588	2	1.0
8918	2628	2	1.0
8919	2588	2	1.0
8920	2589	2	1.0
8921	2592	2	1.0
8922	2592	2	1.0
8923	2592	2	1.0
8924	2592	2	1.0
8925	2592	2	1.0
8926	2592	2	1.0
8927	2595	2	1.0
8927	2651	2	1.0
8928	2595	2	1.0
8929	2597	2	1.0
8930	2597	2	1.0
8931	2597	2	1.0
8932	2597	2	1.0
8933	2597	2	1.0
8934	2597	2	1.0
8935	2597	2	1.0
8936	2598	2	1.0
8937	2598	2	1.0
8938	2598	2	1.0
8939	2600	2	1.0
8940	2600	2	1.0
8941	2602	2	1.0
8942	2602	2	1.0
8943	2602	2	1.0
8944	2602	2	1.0
8945	2602	2	1.0
8946	2602	2	1.0
8947	2602	2	1.0
8948	2605	2	1.0
8949	2605	2	1.0
8950	2606	2	1.0
8951	2608	2	1.0
8952	2609	2	1.0
8953	2609	2	1.0
8953	2821	2	1.0
8954	2612	2	1.0
8955	2612	2	1.0
8956	2613	2	1.0
8957	2614	2	1.0
8958	2614	2	1.0
8959	2614	2	1.0
8960	2614	2	1.0
8961	2615	2	1.0
8962	2616	2	1.0
8963	2616	2	1.0
8964	2616	2	1.0
8965	2617	2	1.0
8966	2618	2	1.0
8967	2618	2	1.0
8968	2618	2	1.0
8969	2618	2	1.0
8970	2618	2	1.0
8971	2618	2	1.0
8972	2619	2	1.0
8973	2619	2	1.0
8974	2619	2	1.0
8975	2620	2	1.0
8976	2620	2	1.0
8977	2620	2	1.0
8978	2620	2	1.0
8979	2622	2	1.0
8980	2623	2	1.0
8981	2623	2	1.0
8982	2624	2	1.0
8983	2625	2	1.0
8984	2625	2	1.0
8985	2625	2	1.0
8985	2843	2	1.0
8986	2625	2	1.0
8987	2626	2	1.0
8988	2627	2	1.0
8989	2628	2	1.0
8990	2628	2	1.0
8991	2629	2	1.0
8992	2630	2	1.0
8993	2630	2	1.0
8994	2630	2	1.0
8995	2632	2	1.0
8996	2632	2	1.0
8997	2632	2	1.0
8998	2634	2	1.0
8999	2636	2	1.0
9000	2637	2	1.0
9001	2639	2	1.0
9002	2640	2	1.0
9003	2641	2	1.0
9004	2642	2	1.0
9005	2643	2	1.0
9006	2643	2	1.0
9007	2645	2	1.0
9008	2645	2	1.0
9009	2645	2	1.0
9010	2646	2	1.0
9011	2647	2	1.0
9012	2647	2	1.0
9013	2648	2	1.0
9014	2649	2	1.0
9015	2649	2	1.0
9015	2676	2	1.0
9016	2649	2	1.0
9017	2649	2	1.0
9018	2649	2	1.0
9019	2650	2	1.0
9020	2651	2	1.0
9021	2651	2	1.0
9022	2651	2	1.0
9023	2652	2	1.0
9024	2657	2	1.0
9025	2657	2	1.0
9026	2657	2	1.0
9027	2659	2	1.0
9028	2660	2	1.0
9029	2660	2	1.0
9030	2660	2	1.0
9031	2661	2	1.0
9032	2662	2	1.0
9033	2662	2	1.0
9034	2663	2	1.0
9035	2663	2	1.0
9036	2664	2	1.0
9037	2667	2	1.0
9038	2668	2	1.0
9039	2668	2	1.0
9040	2669	2	1.0
9041	2672	2	1.0
9042	2673	2	1.0
9043	2674	2	1.0
9044	2674	2	1.0
9045	2674	2	1.0
9046	2676	2	1.0
9047	2678	2	1.0
9048	2679	2	1.0
9049	2679	2	1.0
9050	2680	2	1.0
9051	2680	2	1.0
9052	2681	2	1.0
9053	2681	2	1.0
9054	2681	2	1.0
9055	2681	2	1.0
9056	2681	2	1.0
9057	2682	2	1.0
9058	2682	2	1.0
9059	2682	2	1.0
9060	2682	2	1.0
9061	2682	2	1.0
9062	2682	2	1.0
9063	2682	2	1.0
9064	2683	2	1.0
9065	2683	2	1.0
9066	2684	2	1.0
9067	2686	2	1.0
9068	2687	2	1.0
9069	2688	2	1.0
9070	2688	2	1.0
9071	2690	2	1.0
9072	2690	2	1.0
9073	2690	2	1.0
9074	2692	2	1.0
9075	2693	2	1.0
9076	2693	2	1.0
9077	2694	2	1.0
9078	2694	2	1.0
9079	2697	2	1.0
9080	2697	2	1.0
9081	2698	2	1.0
9082	2698	2	1.0
9083	2700	2	1.0
9084	2701	2	1.0
9085	2701	2	1.0
9086	2701	2	1.0
9087	2701	2	1.0
9088	2701	2	1.0
9089	2701	2	1.0
9090	2701	2	1.0
9091	2701	2	1.0
9092	2701	2	1.0
9093	2701	2	1.0
9094	2701	2	1.0
9095	2701	2	1.0
9096	2701	2	1.0
9097	2701	2	1.0
9098	2701	2	1.0
9099	2701	2	1.0
9100	2701	2	1.0
9101	2701	2	1.0
9102	2701	2	1.0
9103	2701	2	1.0
9104	2702	2	1.0
9105	2703	2	1.0
9106	2703	2	1.0
9107	2704	2	1.0
9108	2704	2	1.0
9109	2704	2	1.0
9110	2704	2	1.0
9111	2704	2	1.0
9112	2704	2	1.0
9113	2704	2	1.0
9114	2705	2	1.0
9115	2706	2	1.0
9116	2707	2	1.0
9117	2707	2	1.0
9118	2708	2	1.0
9119	2709	2	1.0
9120	2709	2	1.0
9121	2709	2	1.0
9122	2709	2	1.0
9123	2710	2	1.0
9124	2710	2	1.0
9125	2711	2	1.0
9126	2711	2	1.0
9127	2711	2	1.0
9128	2714	2	1.0
9129	2714	2	1.0
9130	2715	2	1.0
9131	2716	2	1.0
9132	2716	2	1.0
9133	2718	2	1.0
9134	2719	2	1.0
9135	2719	2	1.0
9136	2721	2	1.0
9137	2721	2	1.0
9138	2721	2	1.0
9139	2721	2	1.0
9140	2722	2	1.0
9141	2722	2	1.0
9142	2722	2	1.0
9143	2723	2	1.0
9144	2724	2	1.0
9145	2725	2	1.0
9146	2725	2	1.0
9147	2725	2	1.0
9148	2725	2	1.0
9149	2725	2	1.0
9150	2726	2	1.0
9151	2726	2	1.0
9152	2726	2	1.0
9153	2728	2	1.0
9154	2728	2	1.0
9155	2728	2	1.0
9156	2729	2	1.0
9157	2729	2	1.0
9158	2731	2	1.0
9159	2731	2	1.0
9160	2734	2	1.0
9161	2734	2	1.0
9162	2735	2	1.0
9163	2735	2	1.0
9164	2736	2	1.0
9165	2736	2	1.0
9166	2736	2	1.0
9167	2737	2	1.0
9168	2737	2	1.0
9169	2738	2	1.0
9170	2738	2	1.0
9171	2739	2	1.0
9172	2739	2	1.0
9173	2739	2	1.0
9174	2739	2	1.0
9175	2739	2	1.0
9176	2739	2	1.0
9177	2739	2	1.0
9178	2742	2	1.0
9179	2742	2	1.0
9180	2742	2	1.0
9181	2744	2	1.0
9182	2745	2	1.0
9183	2746	2	1.0
9184	2746	2	1.0
9185	2746	2	1.0
9186	2747	2	1.0
9187	2747	2	1.0
9188	2747	2	1.0
9189	2747	2	1.0
9190	2747	2	1.0
9191	2747	2	1.0
9192	2747	2	1.0
9193	2747	2	1.0
9194	2747	2	1.0
9195	2747	2	1.0
9196	2747	2	1.0
9197	2748	2	1.0
9198	2749	2	1.0
9199	2750	2	1.0
9200	2750	2	1.0
9201	2750	2	1.0
9202	2751	2	1.0
9203	2752	2	1.0
9204	2752	2	1.0
9205	2753	2	1.0
9206	2753	2	1.0
9207	2753	2	1.0
9208	2754	2	1.0
9209	2754	2	1.0
9210	2755	2	1.0
9211	2758	2	1.0
9212	2759	2	1.0
9213	2759	2	1.0
9214	2760	2	1.0
9215	2760	2	1.0
9216	2762	2	1.0
9217	2762	2	1.0
9218	2763	2	1.0
9219	2764	2	1.0
9220	2764	2	1.0
9221	2764	2	1.0
9222	2765	2	1.0
9223	2766	2	1.0
9224	2767	2	1.0
9225	2768	2	1.0
9226	2768	2	1.0
9227	2769	2	1.0
9228	2770	2	1.0
9229	2770	2	1.0
9230	2771	2	1.0
9231	2773	2	1.0
9232	2773	2	1.0
9233	2773	2	1.0
9234	2773	2	1.0
9235	2774	2	1.0
9236	2774	2	1.0
9237	2776	2	1.0
9238	2776	2	1.0
9239	2776	2	1.0
9240	2776	2	1.0
9241	2777	2	1.0
9242	2777	2	1.0
9243	2778	2	1.0
9244	2778	2	1.0
9245	2778	2	1.0
9246	2779	2	1.0
9247	2779	2	1.0
9248	2779	2	1.0
9249	2780	2	1.0
9250	2781	2	1.0
9251	2781	2	1.0
9252	2782	2	1.0
9253	2782	2	1.0
9254	2782	2	1.0
9255	2783	2	1.0
9256	2783	2	1.0
9257	2783	2	1.0
9258	2783	2	1.0
9259	2783	2	1.0
9260	2785	2	1.0
9261	2785	2	1.0
9262	2785	2	1.0
9263	2786	2	1.0
9264	2787	2	1.0
9265	2788	2	1.0
9266	2788	2	1.0
9267	2788	2	1.0
9268	2788	2	1.0
9269	2788	2	1.0
9270	2788	2	1.0
9271	2788	2	1.0
9272	2788	2	1.0
9273	2788	2	1.0
9274	2790	2	1.0
9275	2791	2	1.0
9276	2792	2	1.0
9277	2792	2	1.0
9278	2794	2	1.0
9279	2795	2	1.0
9280	2795	2	1.0
9281	2795	2	1.0
9282	2795	2	1.0
9283	2797	2	1.0
9284	2797	2	1.0
9285	2797	2	1.0
9286	2799	2	1.0
9287	2800	2	1.0
9288	2802	2	1.0
9289	2802	2	1.0
9290	2802	2	1.0
9291	2802	2	1.0
9292	2803	2	1.0
9293	2804	2	1.0
9294	2804	2	1.0
9295	2804	2	1.0
9296	2805	2	1.0
9297	2805	2	1.0
9298	2805	2	1.0
9299	2805	2	1.0
9300	2805	2	1.0
9301	2805	2	1.0
9302	2806	2	1.0
9303	2807	2	1.0
9304	2807	2	1.0
9305	2809	2	1.0
9306	2809	2	1.0
9307	2809	2	1.0
9308	2810	2	1.0
9309	2810	2	1.0
9310	2810	2	1.0
9311	2810	2	1.0
9312	2811	2	1.0
9313	2813	2	1.0
9314	2813	2	1.0
9315	2813	2	1.0
9316	2813	2	1.0
9317	2814	2	1.0
9318	2815	2	1.0
9319	2815	2	1.0
9320	2815	2	1.0
9321	2818	2	1.0
9322	2818	2	1.0
9323	2819	2	1.0
9324	2819	2	1.0
9325	2819	2	1.0
9326	2820	2	1.0
9327	2820	2	1.0
9328	2820	2	1.0
9329	2821	2	1.0
9330	2822	2	1.0
9331	2826	2	1.0
9332	2827	2	1.0
9333	2827	2	1.0
9334	2828	2	1.0
9335	2829	2	1.0
9336	2829	2	1.0
9337	2830	2	1.0
9338	2831	2	1.0
9339	2833	2	1.0
9340	2834	2	1.0
9341	2835	2	1.0
9342	2835	2	1.0
9343	2836	2	1.0
9344	2837	2	1.0
9345	2837	2	1.0
9346	2837	2	1.0
9347	2838	2	1.0
9348	2839	2	1.0
9349	2840	2	1.0
9350	2842	2	1.0
9351	2843	2	1.0
9352	2843	2	1.0
9353	2843	2	1.0
9354	2844	2	1.0
9355	2844	2	1.0
9356	2845	2	1.0
9357	2845	2	1.0
9358	2847	2	1.0
9359	2847	2	1.0
9360	2847	2	1.0
9361	2849	2	1.0
9362	2851	2	1.0
9363	2851	2	1.0
9364	2852	2	1.0
9365	2853	2	1.0
9366	2856	2	1.0
9367	2856	2	1.0
9368	2857	2	1.0
9369	2857	2	1.0
9370	2858	2	1.0
9371	2858	2	1.0
9372	2859	2	1.0
9373	2860	2	1.0
9374	2860	2	1.0
9375	2861	2	1.0
9376	2861	2	1.0
9377	2861	2	1.0
9378	2862	2	1.0
9379	2863	2	1.0
9380	2864	2	1.0
9381	2864	2	1.0
9382	2864	2	1.0
9383	2864	2	1.0
9384	2864	2	1.0
9385	2864	2	1.0
9386	2865	2	1.0
9387	2867	2	1.0
9388	2867	2	1.0
9389	2867	2	1.0
9390	2867	2	1.0
9391	2867	2	1.0
9392	2867	2	1.0
9393	2867	2	1.0
9394	2867	2	1.0
9395	2867	2	1.0
9396	2867	2	1.0
9397	2867	2	1.0
9398	2868	2	1.0
9399	2868	2	1.0
9400	2868	2	1.0
9401	2868	2	1.0
9402	2870	2	1.0
9403	2871	2	1.0
9404	2871	2	1.0
9405	2871	2	1.0
9406	2871	2	1.0
9407	2871	2	1.0
9408	2871	2	1.0
9409	2872	2	1.0
9410	2873	2	1.0
9411	2874	2	1.0
9412	2874	2	1.0
9413	2875	2	1.0
9414	2875	2	1.0
9415	2876	2	1.0
9416	2876	2	1.0
9417	2876	2	1.0
9418	2877	2	1.0
9419	2878	2	1.0
9420	2878	2	1.0
9421	2879	2	1.0
9422	2882	2	1.0
9423	2882	2	1.0
0	9424	3	1.0
126	9424	3	1.0
1	9425	3	1.0
11	9425	3	1.0
25	9425	3	1.0
26	9425	3	1.0
74	9425	3	1.0
78	9425	3	1.0
917	9425	3	1.0
1526	9425	3	1.0
1568	9425	3	1.0
2012	9425	3	1.0
2872	9425	3	1.0
2878	9425	3	1.0
2	9426	3	1.0
122	9426	3	1.0
127	9426	3	1.0
3	9427	3	1.0
79	9427	3	1.0
113	9427	3	1.0
1781	9427	3	1.0
4	9428	3	1.0
607	9428	3	1.0
875	9428	3	1.0
2055	9428	3	1.0
5	9429	3	1.0
6	9429	3	1.0
36	9429	3	1.0
42	9429	3	1.0
70	9429	3	1.0
104	9429	3	1.0
112	9429	3	1.0
120	9429	3	1.0
136	9429	3	1.0
163	9429	3	1.0
176	9429	3	1.0
205	9429	3	1.0
208	9429	3	1.0
233	9429	3	1.0
904	9429	3	1.0
1846	9429	3	1.0
2788	9429	3	1.0
7	9430	3	1.0
51	9430	3	1.0
178	9430	3	1.0
522	9430	3	1.0
839	9430	3	1.0
1541	9430	3	1.0
1680	9430	3	1.0
1997	9430	3	1.0
2095	9430	3	1.0
2284	9430	3	1.0
2602	9430	3	1.0
2856	9430	3	1.0
2857	9430	3	1.0
8	9431	3	1.0
92	9431	3	1.0
145	9431	3	1.0
184	9431	3	1.0
9	9432	3	1.0
72	9432	3	1.0
101	9432	3	1.0
115	9432	3	1.0
148	9432	3	1.0
1106	9432	3	1.0
1305	9432	3	1.0
1354	9432	3	1.0
10	9433	3	1.0
53	9433	3	1.0
169	9433	3	1.0
2294	9433	3	1.0
2442	9433	3	1.0
12	9434	3	1.0
17	9434	3	1.0
354	9434	3	1.0
495	9434	3	1.0
569	9434	3	1.0
587	9434	3	1.0
949	9434	3	1.0
967	9434	3	1.0
1231	9434	3	1.0
1718	9434	3	1.0
2087	9434	3	1.0
13	9435	3	1.0
33	9435	3	1.0
54	9435	3	1.0
87	9435	3	1.0
129	9435	3	1.0
130	9435	3	1.0
137	9435	3	1.0
149	9435	3	1.0
173	9435	3	1.0
206	9435	3	1.0
222	9435	3	1.0
398	9435	3	1.0
497	9435	3	1.0
2001	9435	3	1.0
2536	9435	3	1.0
2630	9435	3	1.0
2783	9435	3	1.0
2879	9435	3	1.0
14	9436	3	1.0
15	9437	3	1.0
50	9437	3	1.0
2877	9437	3	1.0
16	9438	3	1.0
35	9438	3	1.0
48	9438	3	1.0
80	9438	3	1.0
85	9438	3	1.0
107	9438	3	1.0
131	9438	3	1.0
132	9438	3	1.0
133	9438	3	1.0
180	9438	3	1.0
218	9438	3	1.0
259	9438	3	1.0
423	9438	3	1.0
872	9438	3	1.0
877	9438	3	1.0
879	9438	3	1.0
930	9438	3	1.0
958	9438	3	1.0
979	9438	3	1.0
984	9438	3	1.0
989	9438	3	1.0
1012	9438	3	1.0
1073	9438	3	1.0
1202	9438	3	1.0
1222	9438	3	1.0
1225	9438	3	1.0
1235	9438	3	1.0
1349	9438	3	1.0
1389	9438	3	1.0
1418	9438	3	1.0
1493	9438	3	1.0
1515	9438	3	1.0
1554	9438	3	1.0
1603	9438	3	1.0
1632	9438	3	1.0
1716	9438	3	1.0
1841	9438	3	1.0
1865	9438	3	1.0
1904	9438	3	1.0
1926	9438	3	1.0
1949	9438	3	1.0
1981	9438	3	1.0
2011	9438	3	1.0
2017	9438	3	1.0
2049	9438	3	1.0
2059	9438	3	1.0
2075	9438	3	1.0
2101	9438	3	1.0
2114	9438	3	1.0
2155	9438	3	1.0
2265	9438	3	1.0
2288	9438	3	1.0
2301	9438	3	1.0
2360	9438	3	1.0
2363	9438	3	1.0
2406	9438	3	1.0
2478	9438	3	1.0
2695	9438	3	1.0
2735	9438	3	1.0
2805	9438	3	1.0
18	9439	3	1.0
1400	9439	3	1.0
1659	9439	3	1.0
1717	9439	3	1.0
19	9440	3	1.0
76	9440	3	1.0
224	9440	3	1.0
20	9441	3	1.0
55	9441	3	1.0
69	9441	3	1.0
97	9441	3	1.0
110	9441	3	1.0
1086	9441	3	1.0
21	9442	3	1.0
57	9442	3	1.0
98	9442	3	1.0
109	9442	3	1.0
202	9442	3	1.0
214	9442	3	1.0
1559	9442	3	1.0
2094	9442	3	1.0
2280	9442	3	1.0
2587	9442	3	1.0
22	9443	3	1.0
175	9443	3	1.0
1688	9443	3	1.0
23	9444	3	1.0
88	9444	3	1.0
2104	9444	3	1.0
24	9445	3	1.0
27	9446	3	1.0
219	9446	3	1.0
28	9447	3	1.0
162	9447	3	1.0
193	9447	3	1.0
198	9447	3	1.0
257	9447	3	1.0
383	9447	3	1.0
420	9447	3	1.0
440	9447	3	1.0
444	9447	3	1.0
837	9447	3	1.0
855	9447	3	1.0
1459	9447	3	1.0
1601	9447	3	1.0
2252	9447	3	1.0
2871	9447	3	1.0
29	9448	3	1.0
30	9449	3	1.0
232	9449	3	1.0
236	9449	3	1.0
489	9449	3	1.0
1612	9449	3	1.0
2027	9449	3	1.0
2051	9449	3	1.0
2249	9449	3	1.0
2251	9449	3	1.0
2698	9449	3	1.0
31	9450	3	1.0
65	9450	3	1.0
75	9450	3	1.0
134	9450	3	1.0
147	9450	3	1.0
171	9450	3	1.0
227	9450	3	1.0
272	9450	3	1.0
349	9450	3	1.0
847	9450	3	1.0
856	9450	3	1.0
1208	9450	3	1.0
1545	9450	3	1.0
1832	9450	3	1.0
2108	9450	3	1.0
2129	9450	3	1.0
2225	9450	3	1.0
2272	9450	3	1.0
2518	9450	3	1.0
2734	9450	3	1.0
2775	9450	3	1.0
32	9451	3	1.0
34	9452	3	1.0
1762	9452	3	1.0
37	9453	3	1.0
38	9453	3	1.0
41	9453	3	1.0
77	9453	3	1.0
1428	9453	3	1.0
1670	9453	3	1.0
1754	9453	3	1.0
1942	9453	3	1.0
2344	9453	3	1.0
39	9454	3	1.0
90	9454	3	1.0
40	9455	3	1.0
2755	9455	3	1.0
2842	9455	3	1.0
43	9456	3	1.0
44	9457	3	1.0
45	9458	3	1.0
46	9459	3	1.0
60	9459	3	1.0
99	9459	3	1.0
102	9459	3	1.0
431	9459	3	1.0
488	9459	3	1.0
714	9459	3	1.0
1501	9459	3	1.0
1641	9459	3	1.0
2221	9459	3	1.0
2551	9459	3	1.0
2829	9459	3	1.0
2863	9459	3	1.0
2864	9459	3	1.0
47	9460	3	1.0
58	9460	3	1.0
61	9460	3	1.0
62	9460	3	1.0
64	9460	3	1.0
84	9460	3	1.0
116	9460	3	1.0
118	9460	3	1.0
123	9460	3	1.0
157	9460	3	1.0
211	9460	3	1.0
229	9460	3	1.0
1249	9460	3	1.0
2063	9460	3	1.0
2173	9460	3	1.0
2326	9460	3	1.0
2806	9460	3	1.0
2851	9460	3	1.0
49	9461	3	1.0
63	9461	3	1.0
81	9461	3	1.0
95	9461	3	1.0
119	9461	3	1.0
128	9461	3	1.0
152	9461	3	1.0
172	9461	3	1.0
177	9461	3	1.0
994	9461	3	1.0
1017	9461	3	1.0
1057	9461	3	1.0
1402	9461	3	1.0
1458	9461	3	1.0
1464	9461	3	1.0
1527	9461	3	1.0
1646	9461	3	1.0
1847	9461	3	1.0
1882	9461	3	1.0
2040	9461	3	1.0
2046	9461	3	1.0
2190	9461	3	1.0
2204	9461	3	1.0
2307	9461	3	1.0
2411	9461	3	1.0
2770	9461	3	1.0
52	9462	3	1.0
56	9463	3	1.0
228	9463	3	1.0
59	9464	3	1.0
2639	9464	3	1.0
66	9465	3	1.0
151	9465	3	1.0
154	9465	3	1.0
164	9465	3	1.0
167	9465	3	1.0
187	9465	3	1.0
191	9465	3	1.0
192	9465	3	1.0
197	9465	3	1.0
200	9465	3	1.0
204	9465	3	1.0
210	9465	3	1.0
213	9465	3	1.0
985	9465	3	1.0
1063	9465	3	1.0
1074	9465	3	1.0
1133	9465	3	1.0
1204	9465	3	1.0
1333	9465	3	1.0
1439	9465	3	1.0
1494	9465	3	1.0
1628	9465	3	1.0
1848	9465	3	1.0
1920	9465	3	1.0
1957	9465	3	1.0
2048	9465	3	1.0
2111	9465	3	1.0
2186	9465	3	1.0
2224	9465	3	1.0
2274	9465	3	1.0
2523	9465	3	1.0
2540	9465	3	1.0
2546	9465	3	1.0
2797	9465	3	1.0
2827	9465	3	1.0
67	9466	3	1.0
68	9467	3	1.0
71	9468	3	1.0
265	9468	3	1.0
285	9468	3	1.0
335	9468	3	1.0
393	9468	3	1.0
409	9468	3	1.0
449	9468	3	1.0
471	9468	3	1.0
473	9468	3	1.0
487	9468	3	1.0
622	9468	3	1.0
635	9468	3	1.0
650	9468	3	1.0
660	9468	3	1.0
727	9468	3	1.0
736	9468	3	1.0
771	9468	3	1.0
827	9468	3	1.0
858	9468	3	1.0
1290	9468	3	1.0
1322	9468	3	1.0
1404	9468	3	1.0
1574	9468	3	1.0
1669	9468	3	1.0
1883	9468	3	1.0
1925	9468	3	1.0
2081	9468	3	1.0
2116	9468	3	1.0
2308	9468	3	1.0
2396	9468	3	1.0
2413	9468	3	1.0
2796	9468	3	1.0
2802	9468	3	1.0
2840	9468	3	1.0
2853	9468	3	1.0
73	9469	3	1.0
105	9469	3	1.0
106	9469	3	1.0
124	9469	3	1.0
150	9469	3	1.0
168	9469	3	1.0
207	9469	3	1.0
223	9469	3	1.0
1442	9469	3	1.0
1533	9469	3	1.0
1804	9469	3	1.0
1899	9469	3	1.0
2080	9469	3	1.0
2133	9469	3	1.0
2218	9469	3	1.0
2319	9469	3	1.0
2528	9469	3	1.0
2705	9469	3	1.0
82	9470	3	1.0
160	9470	3	1.0
170	9470	3	1.0
186	9470	3	1.0
1075	9470	3	1.0
2436	9470	3	1.0
83	9471	3	1.0
86	9472	3	1.0
89	9473	3	1.0
91	9474	3	1.0
93	9475	3	1.0
196	9475	3	1.0
94	9476	3	1.0
103	9476	3	1.0
201	9476	3	1.0
217	9476	3	1.0
566	9476	3	1.0
935	9476	3	1.0
1135	9476	3	1.0
1164	9476	3	1.0
1173	9476	3	1.0
1197	9476	3	1.0
1233	9476	3	1.0
1262	9476	3	1.0
1339	9476	3	1.0
1397	9476	3	1.0
1468	9476	3	1.0
1535	9476	3	1.0
1799	9476	3	1.0
1811	9476	3	1.0
1914	9476	3	1.0
1937	9476	3	1.0
1972	9476	3	1.0
1974	9476	3	1.0
2099	9476	3	1.0
2109	9476	3	1.0
2158	9476	3	1.0
2306	9476	3	1.0
2330	9476	3	1.0
2382	9476	3	1.0
2404	9476	3	1.0
2516	9476	3	1.0
2569	9476	3	1.0
2606	9476	3	1.0
2781	9476	3	1.0
2854	9476	3	1.0
96	9477	3	1.0
111	9477	3	1.0
588	9477	3	1.0
944	9477	3	1.0
948	9477	3	1.0
1041	9477	3	1.0
2862	9477	3	1.0
2881	9477	3	1.0
100	9478	3	1.0
267	9478	3	1.0
385	9478	3	1.0
557	9478	3	1.0
558	9478	3	1.0
842	9478	3	1.0
963	9478	3	1.0
1789	9478	3	1.0
1837	9478	3	1.0
1867	9478	3	1.0
1875	9478	3	1.0
1877	9478	3	1.0
2083	9478	3	1.0
2164	9478	3	1.0
108	9479	3	1.0
114	9480	3	1.0
117	9481	3	1.0
135	9481	3	1.0
181	9481	3	1.0
195	9481	3	1.0
209	9481	3	1.0
2744	9481	3	1.0
121	9482	3	1.0
216	9482	3	1.0
2489	9482	3	1.0
125	9483	3	1.0
226	9483	3	1.0
465	9483	3	1.0
550	9483	3	1.0
560	9483	3	1.0
655	9483	3	1.0
675	9483	3	1.0
1053	9483	3	1.0
1557	9483	3	1.0
1600	9483	3	1.0
2322	9483	3	1.0
2420	9483	3	1.0
138	9484	3	1.0
2253	9484	3	1.0
2345	9484	3	1.0
2609	9484	3	1.0
139	9485	3	1.0
293	9485	3	1.0
297	9485	3	1.0
316	9485	3	1.0
408	9485	3	1.0
452	9485	3	1.0
458	9485	3	1.0
461	9485	3	1.0
470	9485	3	1.0
549	9485	3	1.0
574	9485	3	1.0
668	9485	3	1.0
710	9485	3	1.0
713	9485	3	1.0
774	9485	3	1.0
787	9485	3	1.0
891	9485	3	1.0
1136	9485	3	1.0
1159	9485	3	1.0
1172	9485	3	1.0
1238	9485	3	1.0
1243	9485	3	1.0
1247	9485	3	1.0
1303	9485	3	1.0
1368	9485	3	1.0
1449	9485	3	1.0
1488	9485	3	1.0
1500	9485	3	1.0
1532	9485	3	1.0
1569	9485	3	1.0
1575	9485	3	1.0
1730	9485	3	1.0
1740	9485	3	1.0
1800	9485	3	1.0
1854	9485	3	1.0
1911	9485	3	1.0
1973	9485	3	1.0
1975	9485	3	1.0
1976	9485	3	1.0
2035	9485	3	1.0
2115	9485	3	1.0
2152	9485	3	1.0
2160	9485	3	1.0
2168	9485	3	1.0
2216	9485	3	1.0
2235	9485	3	1.0
2356	9485	3	1.0
2365	9485	3	1.0
2400	9485	3	1.0
2534	9485	3	1.0
2571	9485	3	1.0
2623	9485	3	1.0
2748	9485	3	1.0
2773	9485	3	1.0
140	9486	3	1.0
141	9487	3	1.0
392	9487	3	1.0
539	9487	3	1.0
750	9487	3	1.0
760	9487	3	1.0
841	9487	3	1.0
857	9487	3	1.0
889	9487	3	1.0
906	9487	3	1.0
918	9487	3	1.0
922	9487	3	1.0
941	9487	3	1.0
943	9487	3	1.0
950	9487	3	1.0
953	9487	3	1.0
961	9487	3	1.0
981	9487	3	1.0
1009	9487	3	1.0
1020	9487	3	1.0
1049	9487	3	1.0
1081	9487	3	1.0
1100	9487	3	1.0
1109	9487	3	1.0
1129	9487	3	1.0
1156	9487	3	1.0
1157	9487	3	1.0
1175	9487	3	1.0
1182	9487	3	1.0
1190	9487	3	1.0
1200	9487	3	1.0
1214	9487	3	1.0
1241	9487	3	1.0
1260	9487	3	1.0
1275	9487	3	1.0
1310	9487	3	1.0
1318	9487	3	1.0
1327	9487	3	1.0
1336	9487	3	1.0
1355	9487	3	1.0
1364	9487	3	1.0
1390	9487	3	1.0
1405	9487	3	1.0
1423	9487	3	1.0
1518	9487	3	1.0
1519	9487	3	1.0
1538	9487	3	1.0
1565	9487	3	1.0
1587	9487	3	1.0
1589	9487	3	1.0
1644	9487	3	1.0
1654	9487	3	1.0
1720	9487	3	1.0
1734	9487	3	1.0
1766	9487	3	1.0
1805	9487	3	1.0
1806	9487	3	1.0
1807	9487	3	1.0
1817	9487	3	1.0
1829	9487	3	1.0
1866	9487	3	1.0
1884	9487	3	1.0
1889	9487	3	1.0
1891	9487	3	1.0
1894	9487	3	1.0
1929	9487	3	1.0
1934	9487	3	1.0
1953	9487	3	1.0
1966	9487	3	1.0
1979	9487	3	1.0
1984	9487	3	1.0
2003	9487	3	1.0
2006	9487	3	1.0
2031	9487	3	1.0
2056	9487	3	1.0
2077	9487	3	1.0
2102	9487	3	1.0
2121	9487	3	1.0
2150	9487	3	1.0
2153	9487	3	1.0
2154	9487	3	1.0
2189	9487	3	1.0
2194	9487	3	1.0
2257	9487	3	1.0
2266	9487	3	1.0
2277	9487	3	1.0
2309	9487	3	1.0
2323	9487	3	1.0
2362	9487	3	1.0
2378	9487	3	1.0
2397	9487	3	1.0
2425	9487	3	1.0
2428	9487	3	1.0
2440	9487	3	1.0
2452	9487	3	1.0
2463	9487	3	1.0
2466	9487	3	1.0
2482	9487	3	1.0
2514	9487	3	1.0
2545	9487	3	1.0
2572	9487	3	1.0
2594	9487	3	1.0
2600	9487	3	1.0
2601	9487	3	1.0
2615	9487	3	1.0
2631	9487	3	1.0
2632	9487	3	1.0
2656	9487	3	1.0
2659	9487	3	1.0
2664	9487	3	1.0
2691	9487	3	1.0
2700	9487	3	1.0
2717	9487	3	1.0
2720	9487	3	1.0
2741	9487	3	1.0
2754	9487	3	1.0
2758	9487	3	1.0
2785	9487	3	1.0
2786	9487	3	1.0
2790	9487	3	1.0
2803	9487	3	1.0
2846	9487	3	1.0
142	9488	3	1.0
143	9489	3	1.0
1283	9489	3	1.0
144	9490	3	1.0
146	9491	3	1.0
153	9492	3	1.0
1524	9492	3	1.0
1853	9492	3	1.0
2181	9492	3	1.0
2487	9492	3	1.0
2558	9492	3	1.0
155	9493	3	1.0
231	9493	3	1.0
156	9494	3	1.0
2774	9494	3	1.0
158	9495	3	1.0
2823	9495	3	1.0
159	9496	3	1.0
161	9497	3	1.0
239	9497	3	1.0
249	9497	3	1.0
294	9497	3	1.0
314	9497	3	1.0
345	9497	3	1.0
434	9497	3	1.0
448	9497	3	1.0
492	9497	3	1.0
507	9497	3	1.0
530	9497	3	1.0
556	9497	3	1.0
584	9497	3	1.0
590	9497	3	1.0
639	9497	3	1.0
679	9497	3	1.0
680	9497	3	1.0
691	9497	3	1.0
703	9497	3	1.0
797	9497	3	1.0
826	9497	3	1.0
844	9497	3	1.0
853	9497	3	1.0
903	9497	3	1.0
907	9497	3	1.0
919	9497	3	1.0
957	9497	3	1.0
960	9497	3	1.0
966	9497	3	1.0
974	9497	3	1.0
983	9497	3	1.0
999	9497	3	1.0
1002	9497	3	1.0
1018	9497	3	1.0
1043	9497	3	1.0
1046	9497	3	1.0
1050	9497	3	1.0
1095	9497	3	1.0
1104	9497	3	1.0
1115	9497	3	1.0
1166	9497	3	1.0
1181	9497	3	1.0
1186	9497	3	1.0
1242	9497	3	1.0
1267	9497	3	1.0
1272	9497	3	1.0
1276	9497	3	1.0
1321	9497	3	1.0
1379	9497	3	1.0
1385	9497	3	1.0
1395	9497	3	1.0
1399	9497	3	1.0
1406	9497	3	1.0
1408	9497	3	1.0
1432	9497	3	1.0
1454	9497	3	1.0
1470	9497	3	1.0
1542	9497	3	1.0
1551	9497	3	1.0
1560	9497	3	1.0
1571	9497	3	1.0
1596	9497	3	1.0
1604	9497	3	1.0
1615	9497	3	1.0
1622	9497	3	1.0
1629	9497	3	1.0
1636	9497	3	1.0
1649	9497	3	1.0
1656	9497	3	1.0
1661	9497	3	1.0
1674	9497	3	1.0
1692	9497	3	1.0
1699	9497	3	1.0
1703	9497	3	1.0
1706	9497	3	1.0
1744	9497	3	1.0
1751	9497	3	1.0
1758	9497	3	1.0
1769	9497	3	1.0
1770	9497	3	1.0
1773	9497	3	1.0
1784	9497	3	1.0
1797	9497	3	1.0
1813	9497	3	1.0
1855	9497	3	1.0
1872	9497	3	1.0
1890	9497	3	1.0
1908	9497	3	1.0
1913	9497	3	1.0
1919	9497	3	1.0
1940	9497	3	1.0
1946	9497	3	1.0
2002	9497	3	1.0
2007	9497	3	1.0
2053	9497	3	1.0
2073	9497	3	1.0
2098	9497	3	1.0
2120	9497	3	1.0
2130	9497	3	1.0
2144	9497	3	1.0
2151	9497	3	1.0
2161	9497	3	1.0
2165	9497	3	1.0
2215	9497	3	1.0
2223	9497	3	1.0
2248	9497	3	1.0
2267	9497	3	1.0
2282	9497	3	1.0
2333	9497	3	1.0
2372	9497	3	1.0
2377	9497	3	1.0
2387	9497	3	1.0
2392	9497	3	1.0
2416	9497	3	1.0
2426	9497	3	1.0
2445	9497	3	1.0
2470	9497	3	1.0
2490	9497	3	1.0
2500	9497	3	1.0
2507	9497	3	1.0
2512	9497	3	1.0
2521	9497	3	1.0
2541	9497	3	1.0
2562	9497	3	1.0
2563	9497	3	1.0
2580	9497	3	1.0
2611	9497	3	1.0
2614	9497	3	1.0
2629	9497	3	1.0
2643	9497	3	1.0
2657	9497	3	1.0
2670	9497	3	1.0
2679	9497	3	1.0
2693	9497	3	1.0
2696	9497	3	1.0
2699	9497	3	1.0
2727	9497	3	1.0
2730	9497	3	1.0
2745	9497	3	1.0
2751	9497	3	1.0
2771	9497	3	1.0
2794	9497	3	1.0
2798	9497	3	1.0
2822	9497	3	1.0
2824	9497	3	1.0
2834	9497	3	1.0
2845	9497	3	1.0
165	9498	3	1.0
166	9499	3	1.0
242	9499	3	1.0
251	9499	3	1.0
253	9499	3	1.0
260	9499	3	1.0
278	9499	3	1.0
280	9499	3	1.0
291	9499	3	1.0
292	9499	3	1.0
296	9499	3	1.0
299	9499	3	1.0
305	9499	3	1.0
317	9499	3	1.0
328	9499	3	1.0
329	9499	3	1.0
338	9499	3	1.0
360	9499	3	1.0
369	9499	3	1.0
380	9499	3	1.0
386	9499	3	1.0
389	9499	3	1.0
390	9499	3	1.0
391	9499	3	1.0
416	9499	3	1.0
418	9499	3	1.0
421	9499	3	1.0
427	9499	3	1.0
436	9499	3	1.0
439	9499	3	1.0
463	9499	3	1.0
467	9499	3	1.0
468	9499	3	1.0
469	9499	3	1.0
479	9499	3	1.0
502	9499	3	1.0
506	9499	3	1.0
512	9499	3	1.0
517	9499	3	1.0
518	9499	3	1.0
533	9499	3	1.0
537	9499	3	1.0
541	9499	3	1.0
545	9499	3	1.0
551	9499	3	1.0
559	9499	3	1.0
575	9499	3	1.0
576	9499	3	1.0
577	9499	3	1.0
579	9499	3	1.0
581	9499	3	1.0
586	9499	3	1.0
602	9499	3	1.0
612	9499	3	1.0
630	9499	3	1.0
636	9499	3	1.0
649	9499	3	1.0
653	9499	3	1.0
673	9499	3	1.0
678	9499	3	1.0
690	9499	3	1.0
694	9499	3	1.0
698	9499	3	1.0
700	9499	3	1.0
701	9499	3	1.0
708	9499	3	1.0
718	9499	3	1.0
719	9499	3	1.0
722	9499	3	1.0
728	9499	3	1.0
735	9499	3	1.0
737	9499	3	1.0
747	9499	3	1.0
763	9499	3	1.0
764	9499	3	1.0
769	9499	3	1.0
775	9499	3	1.0
777	9499	3	1.0
795	9499	3	1.0
804	9499	3	1.0
807	9499	3	1.0
817	9499	3	1.0
822	9499	3	1.0
836	9499	3	1.0
843	9499	3	1.0
849	9499	3	1.0
860	9499	3	1.0
862	9499	3	1.0
868	9499	3	1.0
897	9499	3	1.0
901	9499	3	1.0
905	9499	3	1.0
980	9499	3	1.0
982	9499	3	1.0
1023	9499	3	1.0
1090	9499	3	1.0
1119	9499	3	1.0
1140	9499	3	1.0
1142	9499	3	1.0
1195	9499	3	1.0
1265	9499	3	1.0
1269	9499	3	1.0
1309	9499	3	1.0
1316	9499	3	1.0
1343	9499	3	1.0
1345	9499	3	1.0
1376	9499	3	1.0
1415	9499	3	1.0
1420	9499	3	1.0
1431	9499	3	1.0
1441	9499	3	1.0
1475	9499	3	1.0
1498	9499	3	1.0
1522	9499	3	1.0
1534	9499	3	1.0
1572	9499	3	1.0
1586	9499	3	1.0
1592	9499	3	1.0
1594	9499	3	1.0
1620	9499	3	1.0
1671	9499	3	1.0
1678	9499	3	1.0
1689	9499	3	1.0
1709	9499	3	1.0
1724	9499	3	1.0
1764	9499	3	1.0
1787	9499	3	1.0
1791	9499	3	1.0
1838	9499	3	1.0
1843	9499	3	1.0
1857	9499	3	1.0
1859	9499	3	1.0
1909	9499	3	1.0
1923	9499	3	1.0
1930	9499	3	1.0
1941	9499	3	1.0
1970	9499	3	1.0
2072	9499	3	1.0
2096	9499	3	1.0
2100	9499	3	1.0
2105	9499	3	1.0
2187	9499	3	1.0
2198	9499	3	1.0
2199	9499	3	1.0
2229	9499	3	1.0
2233	9499	3	1.0
2279	9499	3	1.0
2328	9499	3	1.0
2353	9499	3	1.0
2373	9499	3	1.0
2381	9499	3	1.0
2388	9499	3	1.0
2410	9499	3	1.0
2412	9499	3	1.0
2421	9499	3	1.0
2433	9499	3	1.0
2435	9499	3	1.0
2447	9499	3	1.0
2499	9499	3	1.0
2532	9499	3	1.0
2542	9499	3	1.0
2552	9499	3	1.0
2576	9499	3	1.0
2747	9499	3	1.0
2789	9499	3	1.0
2793	9499	3	1.0
2826	9499	3	1.0
2835	9499	3	1.0
2838	9499	3	1.0
2843	9499	3	1.0
2847	9499	3	1.0
2850	9499	3	1.0
174	9500	3	1.0
179	9501	3	1.0
250	9501	3	1.0
367	9501	3	1.0
746	9501	3	1.0
893	9501	3	1.0
1375	9501	3	1.0
1845	9501	3	1.0
2047	9501	3	1.0
2352	9501	3	1.0
2394	9501	3	1.0
2713	9501	3	1.0
182	9502	3	1.0
183	9503	3	1.0
185	9504	3	1.0
194	9504	3	1.0
230	9504	3	1.0
361	9504	3	1.0
394	9504	3	1.0
546	9504	3	1.0
647	9504	3	1.0
1080	9504	3	1.0
1504	9504	3	1.0
1552	9504	3	1.0
1607	9504	3	1.0
1755	9504	3	1.0
1772	9504	3	1.0
1819	9504	3	1.0
1986	9504	3	1.0
2082	9504	3	1.0
188	9505	3	1.0
235	9505	3	1.0
1721	9505	3	1.0
2325	9505	3	1.0
2746	9505	3	1.0
189	9506	3	1.0
1980	9506	3	1.0
190	9507	3	1.0
199	9508	3	1.0
1786	9508	3	1.0
203	9509	3	1.0
212	9510	3	1.0
1032	9510	3	1.0
215	9511	3	1.0
220	9512	3	1.0
221	9513	3	1.0
225	9514	3	1.0
388	9514	3	1.0
428	9514	3	1.0
954	9514	3	1.0
1048	9514	3	1.0
1227	9514	3	1.0
1251	9514	3	1.0
1331	9514	3	1.0
1424	9514	3	1.0
1427	9514	3	1.0
1450	9514	3	1.0
1512	9514	3	1.0
1698	9514	3	1.0
1705	9514	3	1.0
1812	9514	3	1.0
1933	9514	3	1.0
1989	9514	3	1.0
2018	9514	3	1.0
2139	9514	3	1.0
2380	9514	3	1.0
2451	9514	3	1.0
2493	9514	3	1.0
2506	9514	3	1.0
2519	9514	3	1.0
234	9515	3	1.0
241	9515	3	1.0
255	9515	3	1.0
284	9515	3	1.0
286	9515	3	1.0
298	9515	3	1.0
315	9515	3	1.0
346	9515	3	1.0
366	9515	3	1.0
411	9515	3	1.0
474	9515	3	1.0
505	9515	3	1.0
544	9515	3	1.0
563	9515	3	1.0
573	9515	3	1.0
592	9515	3	1.0
618	9515	3	1.0
632	9515	3	1.0
659	9515	3	1.0
664	9515	3	1.0
696	9515	3	1.0
717	9515	3	1.0
776	9515	3	1.0
779	9515	3	1.0
785	9515	3	1.0
793	9515	3	1.0
794	9515	3	1.0
812	9515	3	1.0
854	9515	3	1.0
866	9515	3	1.0
880	9515	3	1.0
936	9515	3	1.0
975	9515	3	1.0
993	9515	3	1.0
1011	9515	3	1.0
1021	9515	3	1.0
1028	9515	3	1.0
1170	9515	3	1.0
1358	9515	3	1.0
1388	9515	3	1.0
1437	9515	3	1.0
1510	9515	3	1.0
1579	9515	3	1.0
1619	9515	3	1.0
1651	9515	3	1.0
1664	9515	3	1.0
1677	9515	3	1.0
1679	9515	3	1.0
1700	9515	3	1.0
1723	9515	3	1.0
1780	9515	3	1.0
1798	9515	3	1.0
1836	9515	3	1.0
2019	9515	3	1.0
2044	9515	3	1.0
2107	9515	3	1.0
2132	9515	3	1.0
2206	9515	3	1.0
2268	9515	3	1.0
2290	9515	3	1.0
2336	9515	3	1.0
2449	9515	3	1.0
2527	9515	3	1.0
2535	9515	3	1.0
2583	9515	3	1.0
2605	9515	3	1.0
2709	9515	3	1.0
2762	9515	3	1.0
237	9516	3	1.0
381	9516	3	1.0
403	9516	3	1.0
410	9516	3	1.0
430	9516	3	1.0
446	9516	3	1.0
483	9516	3	1.0
521	9516	3	1.0
538	9516	3	1.0
564	9516	3	1.0
591	9516	3	1.0
603	9516	3	1.0
609	9516	3	1.0
615	9516	3	1.0
828	9516	3	1.0
834	9516	3	1.0
885	9516	3	1.0
899	9516	3	1.0
914	9516	3	1.0
937	9516	3	1.0
940	9516	3	1.0
946	9516	3	1.0
1016	9516	3	1.0
1030	9516	3	1.0
1051	9516	3	1.0
1083	9516	3	1.0
1121	9516	3	1.0
1131	9516	3	1.0
1176	9516	3	1.0
1185	9516	3	1.0
1199	9516	3	1.0
1215	9516	3	1.0
1219	9516	3	1.0
1229	9516	3	1.0
1240	9516	3	1.0
1279	9516	3	1.0
1301	9516	3	1.0
1329	9516	3	1.0
1340	9516	3	1.0
1484	9516	3	1.0
1561	9516	3	1.0
1581	9516	3	1.0
1658	9516	3	1.0
1675	9516	3	1.0
1729	9516	3	1.0
1750	9516	3	1.0
1820	9516	3	1.0
1823	9516	3	1.0
1825	9516	3	1.0
1835	9516	3	1.0
1897	9516	3	1.0
1956	9516	3	1.0
1964	9516	3	1.0
1985	9516	3	1.0
2000	9516	3	1.0
2030	9516	3	1.0
2126	9516	3	1.0
2255	9516	3	1.0
2317	9516	3	1.0
2427	9516	3	1.0
2460	9516	3	1.0
2497	9516	3	1.0
2501	9516	3	1.0
2508	9516	3	1.0
2554	9516	3	1.0
2584	9516	3	1.0
2590	9516	3	1.0
2617	9516	3	1.0
2652	9516	3	1.0
2671	9516	3	1.0
2724	9516	3	1.0
2766	9516	3	1.0
2811	9516	3	1.0
2841	9516	3	1.0
2849	9516	3	1.0
238	9517	3	1.0
520	9517	3	1.0
548	9517	3	1.0
1639	9517	3	1.0
240	9518	3	1.0
384	9518	3	1.0
387	9518	3	1.0
638	9518	3	1.0
720	9518	3	1.0
1638	9518	3	1.0
243	9519	3	1.0
323	9519	3	1.0
341	9519	3	1.0
356	9519	3	1.0
379	9519	3	1.0
399	9519	3	1.0
451	9519	3	1.0
513	9519	3	1.0
525	9519	3	1.0
589	9519	3	1.0
599	9519	3	1.0
648	9519	3	1.0
704	9519	3	1.0
705	9519	3	1.0
715	9519	3	1.0
724	9519	3	1.0
725	9519	3	1.0
753	9519	3	1.0
1006	9519	3	1.0
1228	9519	3	1.0
1288	9519	3	1.0
1369	9519	3	1.0
1487	9519	3	1.0
1645	9519	3	1.0
1672	9519	3	1.0
1747	9519	3	1.0
1881	9519	3	1.0
2013	9519	3	1.0
2022	9519	3	1.0
2182	9519	3	1.0
2385	9519	3	1.0
2405	9519	3	1.0
2666	9519	3	1.0
2674	9519	3	1.0
2688	9519	3	1.0
2736	9519	3	1.0
2776	9519	3	1.0
2869	9519	3	1.0
244	9520	3	1.0
641	9520	3	1.0
751	9520	3	1.0
773	9520	3	1.0
916	9520	3	1.0
1085	9520	3	1.0
1093	9520	3	1.0
1308	9520	3	1.0
1463	9520	3	1.0
1509	9520	3	1.0
1712	9520	3	1.0
1792	9520	3	1.0
1960	9520	3	1.0
2208	9520	3	1.0
2287	9520	3	1.0
2339	9520	3	1.0
2486	9520	3	1.0
2531	9520	3	1.0
2708	9520	3	1.0
245	9521	3	1.0
395	9521	3	1.0
605	9521	3	1.0
246	9522	3	1.0
303	9522	3	1.0
304	9522	3	1.0
307	9522	3	1.0
342	9522	3	1.0
419	9522	3	1.0
527	9522	3	1.0
780	9522	3	1.0
789	9522	3	1.0
971	9522	3	1.0
1026	9522	3	1.0
1180	9522	3	1.0
1248	9522	3	1.0
1257	9522	3	1.0
1578	9522	3	1.0
1582	9522	3	1.0
1590	9522	3	1.0
1647	9522	3	1.0
1742	9522	3	1.0
1783	9522	3	1.0
1868	9522	3	1.0
2010	9522	3	1.0
2093	9522	3	1.0
2110	9522	3	1.0
2123	9522	3	1.0
2234	9522	3	1.0
2245	9522	3	1.0
2302	9522	3	1.0
2498	9522	3	1.0
2524	9522	3	1.0
2653	9522	3	1.0
2665	9522	3	1.0
2667	9522	3	1.0
2701	9522	3	1.0
2753	9522	3	1.0
247	9523	3	1.0
332	9523	3	1.0
358	9523	3	1.0
594	9523	3	1.0
732	9523	3	1.0
1192	9523	3	1.0
1888	9523	3	1.0
2342	9523	3	1.0
2836	9523	3	1.0
248	9524	3	1.0
1319	9524	3	1.0
2646	9524	3	1.0
252	9525	3	1.0
289	9525	3	1.0
326	9525	3	1.0
481	9525	3	1.0
646	9525	3	1.0
731	9525	3	1.0
816	9525	3	1.0
840	9525	3	1.0
859	9525	3	1.0
890	9525	3	1.0
1299	9525	3	1.0
1496	9525	3	1.0
1761	9525	3	1.0
1876	9525	3	1.0
2157	9525	3	1.0
2399	9525	3	1.0
2763	9525	3	1.0
254	9526	3	1.0
745	9526	3	1.0
748	9526	3	1.0
256	9527	3	1.0
269	9527	3	1.0
310	9527	3	1.0
578	9527	3	1.0
624	9527	3	1.0
1042	9527	3	1.0
1232	9527	3	1.0
1268	9527	3	1.0
1348	9527	3	1.0
1591	9527	3	1.0
1809	9527	3	1.0
2193	9527	3	1.0
2475	9527	3	1.0
2579	9527	3	1.0
258	9528	3	1.0
368	9528	3	1.0
426	9528	3	1.0
475	9528	3	1.0
482	9528	3	1.0
670	9528	3	1.0
752	9528	3	1.0
824	9528	3	1.0
884	9528	3	1.0
1623	9528	3	1.0
1892	9528	3	1.0
2015	9528	3	1.0
2134	9528	3	1.0
261	9529	3	1.0
290	9529	3	1.0
1285	9529	3	1.0
1338	9529	3	1.0
1613	9529	3	1.0
262	9530	3	1.0
477	9530	3	1.0
583	9530	3	1.0
721	9530	3	1.0
1448	9530	3	1.0
1860	9530	3	1.0
2062	9530	3	1.0
2180	9530	3	1.0
2379	9530	3	1.0
2505	9530	3	1.0
2837	9530	3	1.0
263	9531	3	1.0
927	9531	3	1.0
1014	9531	3	1.0
1065	9531	3	1.0
1102	9531	3	1.0
1177	9531	3	1.0
1252	9531	3	1.0
1476	9531	3	1.0
1481	9531	3	1.0
1495	9531	3	1.0
1871	9531	3	1.0
1874	9531	3	1.0
1885	9531	3	1.0
1983	9531	3	1.0
2089	9531	3	1.0
2103	9531	3	1.0
2437	9531	3	1.0
2526	9531	3	1.0
2566	9531	3	1.0
2573	9531	3	1.0
2650	9531	3	1.0
2663	9531	3	1.0
2757	9531	3	1.0
2800	9531	3	1.0
2808	9531	3	1.0
264	9532	3	1.0
447	9532	3	1.0
1107	9532	3	1.0
1958	9532	3	1.0
2485	9532	3	1.0
2676	9532	3	1.0
2855	9532	3	1.0
266	9533	3	1.0
295	9533	3	1.0
331	9533	3	1.0
596	9533	3	1.0
613	9533	3	1.0
643	9533	3	1.0
697	9533	3	1.0
726	9533	3	1.0
739	9533	3	1.0
792	9533	3	1.0
896	9533	3	1.0
1056	9533	3	1.0
1224	9533	3	1.0
1266	9533	3	1.0
1289	9533	3	1.0
1886	9533	3	1.0
1943	9533	3	1.0
2045	9533	3	1.0
2060	9533	3	1.0
2070	9533	3	1.0
2162	9533	3	1.0
2170	9533	3	1.0
2175	9533	3	1.0
2183	9533	3	1.0
2332	9533	3	1.0
2390	9533	3	1.0
2391	9533	3	1.0
2570	9533	3	1.0
2607	9533	3	1.0
2641	9533	3	1.0
2668	9533	3	1.0
268	9534	3	1.0
535	9534	3	1.0
831	9534	3	1.0
1168	9534	3	1.0
1263	9534	3	1.0
1365	9534	3	1.0
1583	9534	3	1.0
2016	9534	3	1.0
2147	9534	3	1.0
2472	9534	3	1.0
2831	9534	3	1.0
2861	9534	3	1.0
2880	9534	3	1.0
270	9535	3	1.0
276	9535	3	1.0
288	9535	3	1.0
523	9535	3	1.0
838	9535	3	1.0
1088	9535	3	1.0
1296	9535	3	1.0
1447	9535	3	1.0
1616	9535	3	1.0
1725	9535	3	1.0
1931	9535	3	1.0
1988	9535	3	1.0
2260	9535	3	1.0
2414	9535	3	1.0
2510	9535	3	1.0
2686	9535	3	1.0
271	9536	3	1.0
287	9536	3	1.0
397	9536	3	1.0
437	9536	3	1.0
442	9536	3	1.0
554	9536	3	1.0
562	9536	3	1.0
625	9536	3	1.0
863	9536	3	1.0
1778	9536	3	1.0
2202	9536	3	1.0
2787	9536	3	1.0
273	9537	3	1.0
504	9537	3	1.0
572	9537	3	1.0
1295	9537	3	1.0
1693	9537	3	1.0
274	9538	3	1.0
324	9538	3	1.0
375	9538	3	1.0
547	9538	3	1.0
568	9538	3	1.0
782	9538	3	1.0
876	9538	3	1.0
996	9538	3	1.0
997	9538	3	1.0
998	9538	3	1.0
1036	9538	3	1.0
1040	9538	3	1.0
1077	9538	3	1.0
1079	9538	3	1.0
1091	9538	3	1.0
1122	9538	3	1.0
1124	9538	3	1.0
1153	9538	3	1.0
1165	9538	3	1.0
1188	9538	3	1.0
1234	9538	3	1.0
1244	9538	3	1.0
1250	9538	3	1.0
1253	9538	3	1.0
1270	9538	3	1.0
1284	9538	3	1.0
1326	9538	3	1.0
1371	9538	3	1.0
1374	9538	3	1.0
1471	9538	3	1.0
1485	9538	3	1.0
1511	9538	3	1.0
1540	9538	3	1.0
1570	9538	3	1.0
1660	9538	3	1.0
1687	9538	3	1.0
1752	9538	3	1.0
1775	9538	3	1.0
1932	9538	3	1.0
1954	9538	3	1.0
2004	9538	3	1.0
2050	9538	3	1.0
2066	9538	3	1.0
2068	9538	3	1.0
2177	9538	3	1.0
2236	9538	3	1.0
2261	9538	3	1.0
2283	9538	3	1.0
2348	9538	3	1.0
2369	9538	3	1.0
2374	9538	3	1.0
2393	9538	3	1.0
2402	9538	3	1.0
2438	9538	3	1.0
2458	9538	3	1.0
2582	9538	3	1.0
2645	9538	3	1.0
2673	9538	3	1.0
275	9539	3	1.0
277	9539	3	1.0
414	9539	3	1.0
2588	9539	3	1.0
279	9540	3	1.0
2626	9540	3	1.0
281	9541	3	1.0
330	9541	3	1.0
1293	9541	3	1.0
1373	9541	3	1.0
1562	9541	3	1.0
2492	9541	3	1.0
282	9542	3	1.0
365	9542	3	1.0
412	9542	3	1.0
681	9542	3	1.0
729	9542	3	1.0
814	9542	3	1.0
1187	9542	3	1.0
1381	9542	3	1.0
1479	9542	3	1.0
2217	9542	3	1.0
2395	9542	3	1.0
2509	9542	3	1.0
2567	9542	3	1.0
2661	9542	3	1.0
283	9543	3	1.0
1550	9543	3	1.0
300	9544	3	1.0
372	9544	3	1.0
743	9544	3	1.0
756	9544	3	1.0
772	9544	3	1.0
301	9545	3	1.0
2821	9545	3	1.0
302	9546	3	1.0
312	9546	3	1.0
306	9547	3	1.0
531	9547	3	1.0
598	9547	3	1.0
620	9547	3	1.0
688	9547	3	1.0
1082	9547	3	1.0
2292	9547	3	1.0
2386	9547	3	1.0
2704	9547	3	1.0
308	9548	3	1.0
406	9548	3	1.0
1047	9548	3	1.0
2097	9548	3	1.0
309	9549	3	1.0
340	9549	3	1.0
766	9549	3	1.0
1101	9549	3	1.0
1467	9549	3	1.0
1650	9549	3	1.0
1849	9549	3	1.0
2038	9549	3	1.0
2357	9549	3	1.0
2522	9549	3	1.0
311	9550	3	1.0
334	9550	3	1.0
2768	9550	3	1.0
313	9551	3	1.0
347	9551	3	1.0
553	9551	3	1.0
652	9551	3	1.0
318	9552	3	1.0
2146	9552	3	1.0
319	9553	3	1.0
730	9553	3	1.0
734	9553	3	1.0
846	9553	3	1.0
923	9553	3	1.0
929	9553	3	1.0
972	9553	3	1.0
988	9553	3	1.0
995	9553	3	1.0
1013	9553	3	1.0
1116	9553	3	1.0
1220	9553	3	1.0
1221	9553	3	1.0
1237	9553	3	1.0
1324	9553	3	1.0
1350	9553	3	1.0
1353	9553	3	1.0
1413	9553	3	1.0
1452	9553	3	1.0
1461	9553	3	1.0
1480	9553	3	1.0
1482	9553	3	1.0
1530	9553	3	1.0
1713	9553	3	1.0
1763	9553	3	1.0
1870	9553	3	1.0
1982	9553	3	1.0
2041	9553	3	1.0
2340	9553	3	1.0
2454	9553	3	1.0
2462	9553	3	1.0
2476	9553	3	1.0
2533	9553	3	1.0
2547	9553	3	1.0
2557	9553	3	1.0
2675	9553	3	1.0
2678	9553	3	1.0
2761	9553	3	1.0
2780	9553	3	1.0
2792	9553	3	1.0
2818	9553	3	1.0
320	9554	3	1.0
683	9554	3	1.0
754	9554	3	1.0
931	9554	3	1.0
1254	9554	3	1.0
2026	9554	3	1.0
321	9555	3	1.0
344	9555	3	1.0
413	9555	3	1.0
441	9555	3	1.0
765	9555	3	1.0
1191	9555	3	1.0
1378	9555	3	1.0
1965	9555	3	1.0
2209	9555	3	1.0
322	9556	3	1.0
2361	9556	3	1.0
325	9557	3	1.0
484	9557	3	1.0
1134	9557	3	1.0
2457	9557	3	1.0
327	9558	3	1.0
499	9558	3	1.0
1019	9558	3	1.0
1067	9558	3	1.0
1765	9558	3	1.0
2156	9558	3	1.0
2448	9558	3	1.0
2764	9558	3	1.0
333	9559	3	1.0
336	9560	3	1.0
374	9560	3	1.0
534	9560	3	1.0
651	9560	3	1.0
744	9560	3	1.0
758	9560	3	1.0
825	9560	3	1.0
887	9560	3	1.0
913	9560	3	1.0
969	9560	3	1.0
1001	9560	3	1.0
1037	9560	3	1.0
1144	9560	3	1.0
1209	9560	3	1.0
1298	9560	3	1.0
1315	9560	3	1.0
1506	9560	3	1.0
1525	9560	3	1.0
1597	9560	3	1.0
1614	9560	3	1.0
1625	9560	3	1.0
1702	9560	3	1.0
1727	9560	3	1.0
1749	9560	3	1.0
1818	9560	3	1.0
1844	9560	3	1.0
1861	9560	3	1.0
2023	9560	3	1.0
2025	9560	3	1.0
2086	9560	3	1.0
2122	9560	3	1.0
2212	9560	3	1.0
2226	9560	3	1.0
2259	9560	3	1.0
2271	9560	3	1.0
2297	9560	3	1.0
2419	9560	3	1.0
2434	9560	3	1.0
2480	9560	3	1.0
2559	9560	3	1.0
2599	9560	3	1.0
2642	9560	3	1.0
2729	9560	3	1.0
2731	9560	3	1.0
2782	9560	3	1.0
2807	9560	3	1.0
2868	9560	3	1.0
337	9561	3	1.0
339	9562	3	1.0
2681	9562	3	1.0
343	9563	3	1.0
422	9563	3	1.0
1585	9563	3	1.0
2461	9563	3	1.0
348	9564	3	1.0
867	9564	3	1.0
1139	9564	3	1.0
1398	9564	3	1.0
2718	9564	3	1.0
350	9565	3	1.0
351	9566	3	1.0
404	9566	3	1.0
1206	9566	3	1.0
2174	9566	3	1.0
2213	9566	3	1.0
352	9567	3	1.0
532	9567	3	1.0
1052	9567	3	1.0
353	9568	3	1.0
516	9568	3	1.0
640	9568	3	1.0
684	9568	3	1.0
852	9568	3	1.0
861	9568	3	1.0
1099	9568	3	1.0
1313	9568	3	1.0
1383	9568	3	1.0
1466	9568	3	1.0
1502	9568	3	1.0
355	9569	3	1.0
597	9569	3	1.0
952	9569	3	1.0
959	9569	3	1.0
1072	9569	3	1.0
1148	9569	3	1.0
1469	9569	3	1.0
1473	9569	3	1.0
1529	9569	3	1.0
1555	9569	3	1.0
1708	9569	3	1.0
1810	9569	3	1.0
1850	9569	3	1.0
1862	9569	3	1.0
1880	9569	3	1.0
1939	9569	3	1.0
2228	9569	3	1.0
2327	9569	3	1.0
2553	9569	3	1.0
2621	9569	3	1.0
357	9570	3	1.0
359	9571	3	1.0
716	9571	3	1.0
909	9571	3	1.0
910	9571	3	1.0
1169	9571	3	1.0
1174	9571	3	1.0
1193	9571	3	1.0
1382	9571	3	1.0
1387	9571	3	1.0
1421	9571	3	1.0
1422	9571	3	1.0
1438	9571	3	1.0
1474	9571	3	1.0
1523	9571	3	1.0
1537	9571	3	1.0
1617	9571	3	1.0
1653	9571	3	1.0
1668	9571	3	1.0
1753	9571	3	1.0
1759	9571	3	1.0
1795	9571	3	1.0
1831	9571	3	1.0
1924	9571	3	1.0
1950	9571	3	1.0
1990	9571	3	1.0
2092	9571	3	1.0
2128	9571	3	1.0
2167	9571	3	1.0
2281	9571	3	1.0
2312	9571	3	1.0
2331	9571	3	1.0
2350	9571	3	1.0
2351	9571	3	1.0
2529	9571	3	1.0
2593	9571	3	1.0
2711	9571	3	1.0
2750	9571	3	1.0
2756	9571	3	1.0
2784	9571	3	1.0
2832	9571	3	1.0
362	9572	3	1.0
378	9572	3	1.0
464	9572	3	1.0
674	9572	3	1.0
1695	9572	3	1.0
2179	9572	3	1.0
2637	9572	3	1.0
363	9573	3	1.0
515	9573	3	1.0
1246	9573	3	1.0
1822	9573	3	1.0
1910	9573	3	1.0
2071	9573	3	1.0
2275	9573	3	1.0
2303	9573	3	1.0
2619	9573	3	1.0
2769	9573	3	1.0
364	9574	3	1.0
740	9574	3	1.0
895	9574	3	1.0
1300	9574	3	1.0
370	9575	3	1.0
371	9576	3	1.0
1076	9576	3	1.0
1968	9576	3	1.0
373	9577	3	1.0
627	9577	3	1.0
762	9577	3	1.0
376	9578	3	1.0
619	9578	3	1.0
692	9578	3	1.0
830	9578	3	1.0
864	9578	3	1.0
1255	9578	3	1.0
1634	9578	3	1.0
1676	9578	3	1.0
2020	9578	3	1.0
2371	9578	3	1.0
377	9579	3	1.0
405	9579	3	1.0
677	9579	3	1.0
990	9579	3	1.0
1774	9579	3	1.0
2324	9579	3	1.0
2430	9579	3	1.0
382	9580	3	1.0
435	9580	3	1.0
498	9580	3	1.0
1058	9580	3	1.0
396	9581	3	1.0
654	9581	3	1.0
1372	9581	3	1.0
1821	9581	3	1.0
1906	9581	3	1.0
400	9582	3	1.0
786	9582	3	1.0
401	9583	3	1.0
402	9584	3	1.0
407	9585	3	1.0
433	9585	3	1.0
415	9586	3	1.0
480	9586	3	1.0
485	9586	3	1.0
593	9586	3	1.0
662	9586	3	1.0
669	9586	3	1.0
803	9586	3	1.0
1179	9586	3	1.0
1429	9586	3	1.0
1472	9586	3	1.0
1507	9586	3	1.0
2337	9586	3	1.0
2343	9586	3	1.0
2491	9586	3	1.0
2722	9586	3	1.0
2759	9586	3	1.0
2791	9586	3	1.0
2870	9586	3	1.0
417	9587	3	1.0
443	9587	3	1.0
496	9587	3	1.0
2009	9587	3	1.0
2586	9587	3	1.0
424	9588	3	1.0
810	9588	3	1.0
2459	9588	3	1.0
425	9589	3	1.0
429	9590	3	1.0
445	9590	3	1.0
1003	9590	3	1.0
1078	9590	3	1.0
1178	9590	3	1.0
1344	9590	3	1.0
1999	9590	3	1.0
432	9591	3	1.0
438	9592	3	1.0
778	9592	3	1.0
784	9592	3	1.0
790	9592	3	1.0
911	9592	3	1.0
924	9592	3	1.0
925	9592	3	1.0
928	9592	3	1.0
978	9592	3	1.0
1096	9592	3	1.0
1098	9592	3	1.0
1281	9592	3	1.0
1357	9592	3	1.0
1386	9592	3	1.0
1497	9592	3	1.0
1521	9592	3	1.0
1547	9592	3	1.0
1611	9592	3	1.0
1633	9592	3	1.0
1683	9592	3	1.0
1694	9592	3	1.0
1726	9592	3	1.0
1767	9592	3	1.0
1842	9592	3	1.0
1879	9592	3	1.0
1887	9592	3	1.0
1948	9592	3	1.0
2028	9592	3	1.0
2112	9592	3	1.0
2118	9592	3	1.0
2135	9592	3	1.0
2184	9592	3	1.0
2227	9592	3	1.0
2237	9592	3	1.0
2262	9592	3	1.0
2298	9592	3	1.0
2401	9592	3	1.0
2431	9592	3	1.0
2456	9592	3	1.0
2511	9592	3	1.0
2537	9592	3	1.0
2596	9592	3	1.0
2702	9592	3	1.0
2772	9592	3	1.0
450	9593	3	1.0
453	9594	3	1.0
503	9594	3	1.0
561	9594	3	1.0
571	9594	3	1.0
631	9594	3	1.0
755	9594	3	1.0
1059	9594	3	1.0
1205	9594	3	1.0
1443	9594	3	1.0
1803	9594	3	1.0
1863	9594	3	1.0
1969	9594	3	1.0
2145	9594	3	1.0
2597	9594	3	1.0
2710	9594	3	1.0
2715	9594	3	1.0
454	9595	3	1.0
493	9595	3	1.0
642	9595	3	1.0
870	9595	3	1.0
2171	9595	3	1.0
2244	9595	3	1.0
2647	9595	3	1.0
455	9596	3	1.0
456	9596	3	1.0
459	9596	3	1.0
658	9596	3	1.0
709	9596	3	1.0
809	9596	3	1.0
1211	9596	3	1.0
1261	9596	3	1.0
1456	9596	3	1.0
1588	9596	3	1.0
1728	9596	3	1.0
2149	9596	3	1.0
2231	9596	3	1.0
2305	9596	3	1.0
2779	9596	3	1.0
457	9597	3	1.0
902	9597	3	1.0
460	9598	3	1.0
510	9598	3	1.0
462	9599	3	1.0
667	9599	3	1.0
811	9599	3	1.0
845	9599	3	1.0
1307	9599	3	1.0
2263	9599	3	1.0
2295	9599	3	1.0
2453	9599	3	1.0
466	9600	3	1.0
644	9600	3	1.0
757	9600	3	1.0
820	9600	3	1.0
926	9600	3	1.0
962	9600	3	1.0
1637	9600	3	1.0
1685	9600	3	1.0
1900	9600	3	1.0
1921	9600	3	1.0
1935	9600	3	1.0
1959	9600	3	1.0
2091	9600	3	1.0
2163	9600	3	1.0
2370	9600	3	1.0
2441	9600	3	1.0
2479	9600	3	1.0
2581	9600	3	1.0
2810	9600	3	1.0
472	9601	3	1.0
555	9601	3	1.0
585	9601	3	1.0
706	9601	3	1.0
799	9601	3	1.0
1216	9601	3	1.0
1433	9601	3	1.0
1556	9601	3	1.0
1606	9601	3	1.0
1626	9601	3	1.0
1785	9601	3	1.0
2219	9601	3	1.0
2525	9601	3	1.0
2712	9601	3	1.0
476	9602	3	1.0
528	9602	3	1.0
617	9602	3	1.0
628	9602	3	1.0
823	9602	3	1.0
829	9602	3	1.0
932	9602	3	1.0
951	9602	3	1.0
1044	9602	3	1.0
1112	9602	3	1.0
1118	9602	3	1.0
1125	9602	3	1.0
1150	9602	3	1.0
1210	9602	3	1.0
1320	9602	3	1.0
1377	9602	3	1.0
1425	9602	3	1.0
1430	9602	3	1.0
1577	9602	3	1.0
1599	9602	3	1.0
1605	9602	3	1.0
1618	9602	3	1.0
1739	9602	3	1.0
1741	9602	3	1.0
1746	9602	3	1.0
1760	9602	3	1.0
1895	9602	3	1.0
1907	9602	3	1.0
1996	9602	3	1.0
2076	9602	3	1.0
2197	9602	3	1.0
2222	9602	3	1.0
2243	9602	3	1.0
2250	9602	3	1.0
2286	9602	3	1.0
2314	9602	3	1.0
2376	9602	3	1.0
2417	9602	3	1.0
2423	9602	3	1.0
2467	9602	3	1.0
2544	9602	3	1.0
2556	9602	3	1.0
2564	9602	3	1.0
2591	9602	3	1.0
2610	9602	3	1.0
2640	9602	3	1.0
2655	9602	3	1.0
2684	9602	3	1.0
2692	9602	3	1.0
2816	9602	3	1.0
2858	9602	3	1.0
2859	9602	3	1.0
2860	9602	3	1.0
478	9603	3	1.0
486	9604	3	1.0
2201	9604	3	1.0
490	9605	3	1.0
552	9605	3	1.0
606	9605	3	1.0
1490	9605	3	1.0
1499	9605	3	1.0
2555	9605	3	1.0
2725	9605	3	1.0
491	9606	3	1.0
663	9606	3	1.0
912	9606	3	1.0
921	9606	3	1.0
1008	9606	3	1.0
1031	9606	3	1.0
1045	9606	3	1.0
1236	9606	3	1.0
1332	9606	3	1.0
1419	9606	3	1.0
1434	9606	3	1.0
1440	9606	3	1.0
1528	9606	3	1.0
1546	9606	3	1.0
1631	9606	3	1.0
1652	9606	3	1.0
1681	9606	3	1.0
1736	9606	3	1.0
1743	9606	3	1.0
1757	9606	3	1.0
1801	9606	3	1.0
1893	9606	3	1.0
1927	9606	3	1.0
1938	9606	3	1.0
2005	9606	3	1.0
2054	9606	3	1.0
2058	9606	3	1.0
2067	9606	3	1.0
2117	9606	3	1.0
2124	9606	3	1.0
2127	9606	3	1.0
2316	9606	3	1.0
2517	9606	3	1.0
2550	9606	3	1.0
2574	9606	3	1.0
2689	9606	3	1.0
2697	9606	3	1.0
2723	9606	3	1.0
2732	9606	3	1.0
2742	9606	3	1.0
494	9607	3	1.0
626	9607	3	1.0
783	9607	3	1.0
818	9607	3	1.0
871	9607	3	1.0
920	9607	3	1.0
1060	9607	3	1.0
1061	9607	3	1.0
1151	9607	3	1.0
1154	9607	3	1.0
1212	9607	3	1.0
1256	9607	3	1.0
1370	9607	3	1.0
1584	9607	3	1.0
1609	9607	3	1.0
1735	9607	3	1.0
1828	9607	3	1.0
1851	9607	3	1.0
1901	9607	3	1.0
1915	9607	3	1.0
2008	9607	3	1.0
2042	9607	3	1.0
2131	9607	3	1.0
2191	9607	3	1.0
2195	9607	3	1.0
2200	9607	3	1.0
2240	9607	3	1.0
2321	9607	3	1.0
2346	9607	3	1.0
2495	9607	3	1.0
2538	9607	3	1.0
2612	9607	3	1.0
2628	9607	3	1.0
2636	9607	3	1.0
2680	9607	3	1.0
2767	9607	3	1.0
500	9608	3	1.0
501	9609	3	1.0
508	9610	3	1.0
973	9610	3	1.0
1038	9610	3	1.0
1068	9610	3	1.0
1097	9610	3	1.0
1120	9610	3	1.0
1167	9610	3	1.0
1380	9610	3	1.0
1391	9610	3	1.0
1455	9610	3	1.0
1492	9610	3	1.0
1563	9610	3	1.0
1714	9610	3	1.0
1722	9610	3	1.0
1858	9610	3	1.0
1903	9610	3	1.0
1916	9610	3	1.0
1951	9610	3	1.0
1961	9610	3	1.0
1962	9610	3	1.0
2039	9610	3	1.0
2140	9610	3	1.0
2166	9610	3	1.0
2169	9610	3	1.0
2239	9610	3	1.0
2278	9610	3	1.0
2408	9610	3	1.0
2424	9610	3	1.0
2450	9610	3	1.0
2585	9610	3	1.0
2765	9610	3	1.0
509	9611	3	1.0
511	9612	3	1.0
2036	9612	3	1.0
514	9613	3	1.0
519	9614	3	1.0
1539	9614	3	1.0
1826	9614	3	1.0
524	9615	3	1.0
742	9615	3	1.0
908	9615	3	1.0
1362	9615	3	1.0
1567	9615	3	1.0
1608	9615	3	1.0
1684	9615	3	1.0
2285	9615	3	1.0
2304	9615	3	1.0
2444	9615	3	1.0
2488	9615	3	1.0
526	9616	3	1.0
611	9616	3	1.0
759	9616	3	1.0
1297	9616	3	1.0
529	9617	3	1.0
821	9617	3	1.0
1070	9617	3	1.0
1207	9617	3	1.0
1213	9617	3	1.0
1905	9617	3	1.0
1944	9617	3	1.0
1945	9617	3	1.0
2043	9617	3	1.0
2311	9617	3	1.0
2839	9617	3	1.0
536	9618	3	1.0
1196	9618	3	1.0
1436	9618	3	1.0
1756	9618	3	1.0
2207	9618	3	1.0
2264	9618	3	1.0
2358	9618	3	1.0
2513	9618	3	1.0
540	9619	3	1.0
600	9619	3	1.0
665	9619	3	1.0
666	9619	3	1.0
712	9619	3	1.0
791	9619	3	1.0
1325	9619	3	1.0
1827	9619	3	1.0
1922	9619	3	1.0
2504	9619	3	1.0
542	9620	3	1.0
621	9620	3	1.0
964	9620	3	1.0
1033	9620	3	1.0
1967	9620	3	1.0
2273	9620	3	1.0
2733	9620	3	1.0
543	9621	3	1.0
1486	9621	3	1.0
565	9622	3	1.0
567	9623	3	1.0
610	9623	3	1.0
645	9623	3	1.0
956	9623	3	1.0
1108	9623	3	1.0
1335	9623	3	1.0
1642	9623	3	1.0
1655	9623	3	1.0
1657	9623	3	1.0
1697	9623	3	1.0
1704	9623	3	1.0
1745	9623	3	1.0
1788	9623	3	1.0
2143	9623	3	1.0
2159	9623	3	1.0
2247	9623	3	1.0
2383	9623	3	1.0
2622	9623	3	1.0
570	9624	3	1.0
1993	9624	3	1.0
2033	9624	3	1.0
2211	9624	3	1.0
2364	9624	3	1.0
2477	9624	3	1.0
580	9625	3	1.0
2749	9625	3	1.0
582	9626	3	1.0
796	9626	3	1.0
1005	9626	3	1.0
1025	9626	3	1.0
1054	9626	3	1.0
1149	9626	3	1.0
1155	9626	3	1.0
1274	9626	3	1.0
1403	9626	3	1.0
1435	9626	3	1.0
1834	9626	3	1.0
1947	9626	3	1.0
2029	9626	3	1.0
2065	9626	3	1.0
2172	9626	3	1.0
2220	9626	3	1.0
2366	9626	3	1.0
2415	9626	3	1.0
2481	9626	3	1.0
2578	9626	3	1.0
2592	9626	3	1.0
2633	9626	3	1.0
2682	9626	3	1.0
2795	9626	3	1.0
595	9627	3	1.0
1158	9627	3	1.0
1635	9627	3	1.0
1869	9627	3	1.0
2799	9627	3	1.0
2820	9627	3	1.0
601	9628	3	1.0
633	9628	3	1.0
898	9628	3	1.0
604	9629	3	1.0
1089	9629	3	1.0
1117	9629	3	1.0
1292	9629	3	1.0
1483	9629	3	1.0
2658	9629	3	1.0
2760	9629	3	1.0
608	9630	3	1.0
1152	9630	3	1.0
1198	9630	3	1.0
1407	9630	3	1.0
1602	9630	3	1.0
1682	9630	3	1.0
2057	9630	3	1.0
2088	9630	3	1.0
2354	9630	3	1.0
2471	9630	3	1.0
614	9631	3	1.0
661	9631	3	1.0
687	9631	3	1.0
808	9631	3	1.0
819	9631	3	1.0
1039	9631	3	1.0
1103	9631	3	1.0
1128	9631	3	1.0
1259	9631	3	1.0
1347	9631	3	1.0
1356	9631	3	1.0
1465	9631	3	1.0
1478	9631	3	1.0
1852	9631	3	1.0
1998	9631	3	1.0
2064	9631	3	1.0
2148	9631	3	1.0
2196	9631	3	1.0
2310	9631	3	1.0
2329	9631	3	1.0
2389	9631	3	1.0
2589	9631	3	1.0
616	9632	3	1.0
761	9632	3	1.0
1409	9632	3	1.0
2359	9632	3	1.0
2728	9632	3	1.0
623	9633	3	1.0
629	9634	3	1.0
634	9635	3	1.0
637	9636	3	1.0
1127	9636	3	1.0
656	9637	3	1.0
695	9637	3	1.0
749	9637	3	1.0
865	9637	3	1.0
955	9637	3	1.0
1034	9637	3	1.0
1184	9637	3	1.0
2465	9637	3	1.0
2743	9637	3	1.0
657	9638	3	1.0
738	9638	3	1.0
805	9638	3	1.0
874	9638	3	1.0
947	9638	3	1.0
1087	9638	3	1.0
1105	9638	3	1.0
1666	9638	3	1.0
2052	9638	3	1.0
2069	9638	3	1.0
2258	9638	3	1.0
2644	9638	3	1.0
671	9639	3	1.0
699	9639	3	1.0
733	9639	3	1.0
968	9639	3	1.0
1245	9639	3	1.0
672	9640	3	1.0
676	9641	3	1.0
682	9642	3	1.0
685	9643	3	1.0
686	9643	3	1.0
883	9643	3	1.0
900	9643	3	1.0
2355	9643	3	1.0
2620	9643	3	1.0
689	9644	3	1.0
806	9644	3	1.0
878	9644	3	1.0
942	9644	3	1.0
970	9644	3	1.0
1277	9644	3	1.0
1691	9644	3	1.0
2300	9644	3	1.0
693	9645	3	1.0
813	9645	3	1.0
1598	9645	3	1.0
702	9646	3	1.0
707	9647	3	1.0
886	9647	3	1.0
2483	9647	3	1.0
711	9648	3	1.0
723	9649	3	1.0
768	9649	3	1.0
802	9649	3	1.0
2740	9649	3	1.0
741	9650	3	1.0
2484	9650	3	1.0
2707	9650	3	1.0
767	9651	3	1.0
1840	9651	3	1.0
770	9652	3	1.0
801	9652	3	1.0
2494	9652	3	1.0
2515	9652	3	1.0
2548	9652	3	1.0
781	9653	3	1.0
788	9654	3	1.0
1138	9654	3	1.0
1453	9654	3	1.0
2024	9654	3	1.0
798	9655	3	1.0
2241	9655	3	1.0
800	9656	3	1.0
815	9657	3	1.0
851	9657	3	1.0
892	9657	3	1.0
894	9657	3	1.0
2113	9657	3	1.0
832	9658	3	1.0
1610	9658	3	1.0
833	9659	3	1.0
835	9660	3	1.0
2719	9660	3	1.0
848	9661	3	1.0
1071	9661	3	1.0
1273	9661	3	1.0
1558	9661	3	1.0
1814	9661	3	1.0
2246	9661	3	1.0
850	9662	3	1.0
869	9663	3	1.0
873	9664	3	1.0
1514	9664	3	1.0
881	9665	3	1.0
2256	9665	3	1.0
2706	9665	3	1.0
2716	9665	3	1.0
882	9666	3	1.0
888	9667	3	1.0
1004	9667	3	1.0
1007	9667	3	1.0
1183	9667	3	1.0
1278	9667	3	1.0
1334	9667	3	1.0
1366	9667	3	1.0
1686	9667	3	1.0
1816	9667	3	1.0
2687	9667	3	1.0
915	9668	3	1.0
933	9669	3	1.0
1258	9669	3	1.0
1627	9669	3	1.0
2409	9669	3	1.0
2455	9669	3	1.0
934	9670	3	1.0
1029	9670	3	1.0
1064	9670	3	1.0
1294	9670	3	1.0
1314	9670	3	1.0
1351	9670	3	1.0
1417	9670	3	1.0
1426	9670	3	1.0
1516	9670	3	1.0
1566	9670	3	1.0
1593	9670	3	1.0
1663	9670	3	1.0
1748	9670	3	1.0
1776	9670	3	1.0
1796	9670	3	1.0
1898	9670	3	1.0
1902	9670	3	1.0
1963	9670	3	1.0
1991	9670	3	1.0
2034	9670	3	1.0
2136	9670	3	1.0
2141	9670	3	1.0
2192	9670	3	1.0
2334	9670	3	1.0
2341	9670	3	1.0
2367	9670	3	1.0
2398	9670	3	1.0
2549	9670	3	1.0
2565	9670	3	1.0
2568	9670	3	1.0
2577	9670	3	1.0
2603	9670	3	1.0
2608	9670	3	1.0
2649	9670	3	1.0
2694	9670	3	1.0
938	9671	3	1.0
939	9672	3	1.0
1110	9672	3	1.0
1130	9672	3	1.0
1282	9672	3	1.0
1445	9672	3	1.0
1462	9672	3	1.0
1690	9672	3	1.0
1987	9672	3	1.0
2185	9672	3	1.0
2242	9672	3	1.0
2254	9672	3	1.0
2313	9672	3	1.0
2634	9672	3	1.0
2690	9672	3	1.0
2703	9672	3	1.0
2804	9672	3	1.0
2809	9672	3	1.0
945	9673	3	1.0
1189	9673	3	1.0
965	9674	3	1.0
2598	9674	3	1.0
976	9675	3	1.0
1022	9675	3	1.0
1066	9675	3	1.0
1132	9675	3	1.0
1145	9675	3	1.0
1171	9675	3	1.0
1264	9675	3	1.0
1287	9675	3	1.0
1291	9675	3	1.0
1328	9675	3	1.0
1342	9675	3	1.0
1361	9675	3	1.0
1363	9675	3	1.0
1665	9675	3	1.0
1719	9675	3	1.0
1737	9675	3	1.0
1790	9675	3	1.0
1808	9675	3	1.0
1971	9675	3	1.0
2604	9675	3	1.0
2648	9675	3	1.0
2654	9675	3	1.0
2669	9675	3	1.0
2672	9675	3	1.0
2815	9675	3	1.0
977	9676	3	1.0
1330	9676	3	1.0
1352	9676	3	1.0
1994	9676	3	1.0
2084	9676	3	1.0
2624	9676	3	1.0
2660	9676	3	1.0
2752	9676	3	1.0
986	9677	3	1.0
1113	9677	3	1.0
1123	9677	3	1.0
1137	9677	3	1.0
1162	9677	3	1.0
1223	9677	3	1.0
1306	9677	3	1.0
1460	9677	3	1.0
1520	9677	3	1.0
1667	9677	3	1.0
1710	9677	3	1.0
1733	9677	3	1.0
1738	9677	3	1.0
1878	9677	3	1.0
1952	9677	3	1.0
2032	9677	3	1.0
2085	9677	3	1.0
2320	9677	3	1.0
2349	9677	3	1.0
2368	9677	3	1.0
2468	9677	3	1.0
2503	9677	3	1.0
2539	9677	3	1.0
987	9678	3	1.0
1010	9678	3	1.0
1477	9678	3	1.0
1491	9678	3	1.0
1711	9678	3	1.0
2090	9678	3	1.0
2737	9678	3	1.0
991	9679	3	1.0
1015	9679	3	1.0
1062	9679	3	1.0
1069	9679	3	1.0
1143	9679	3	1.0
1163	9679	3	1.0
1286	9679	3	1.0
1410	9679	3	1.0
1457	9679	3	1.0
1517	9679	3	1.0
2276	9679	3	1.0
2293	9679	3	1.0
2407	9679	3	1.0
2502	9679	3	1.0
2530	9679	3	1.0
992	9680	3	1.0
1084	9680	3	1.0
1341	9680	3	1.0
1393	9680	3	1.0
1444	9680	3	1.0
1543	9680	3	1.0
1573	9680	3	1.0
1595	9680	3	1.0
1643	9680	3	1.0
1768	9680	3	1.0
1802	9680	3	1.0
1896	9680	3	1.0
1917	9680	3	1.0
2205	9680	3	1.0
2238	9680	3	1.0
2474	9680	3	1.0
2560	9680	3	1.0
2638	9680	3	1.0
1000	9681	3	1.0
1782	9681	3	1.0
1024	9682	3	1.0
1114	9682	3	1.0
1280	9682	3	1.0
1302	9682	3	1.0
1696	9682	3	1.0
1912	9682	3	1.0
2662	9682	3	1.0
2714	9682	3	1.0
2801	9682	3	1.0
1027	9683	3	1.0
1035	9684	3	1.0
1055	9685	3	1.0
1092	9686	3	1.0
1094	9686	3	1.0
1203	9686	3	1.0
1311	9686	3	1.0
1414	9686	3	1.0
1553	9686	3	1.0
2074	9686	3	1.0
2299	9686	3	1.0
2338	9686	3	1.0
2464	9686	3	1.0
2739	9686	3	1.0
1111	9687	3	1.0
1126	9688	3	1.0
2873	9688	3	1.0
1141	9689	3	1.0
2203	9689	3	1.0
1146	9690	3	1.0
1147	9691	3	1.0
1346	9691	3	1.0
1360	9691	3	1.0
1394	9691	3	1.0
1508	9691	3	1.0
1544	9691	3	1.0
1701	9691	3	1.0
1707	9691	3	1.0
1732	9691	3	1.0
1794	9691	3	1.0
1833	9691	3	1.0
1864	9691	3	1.0
1918	9691	3	1.0
1995	9691	3	1.0
2119	9691	3	1.0
2403	9691	3	1.0
2439	9691	3	1.0
2469	9691	3	1.0
2473	9691	3	1.0
2812	9691	3	1.0
1160	9692	3	1.0
1161	9693	3	1.0
1312	9693	3	1.0
1194	9694	3	1.0
1201	9695	3	1.0
1323	9695	3	1.0
2138	9695	3	1.0
2635	9695	3	1.0
2814	9695	3	1.0
1217	9696	3	1.0
1392	9696	3	1.0
1839	9696	3	1.0
2825	9696	3	1.0
2874	9696	3	1.0
2876	9696	3	1.0
1218	9697	3	1.0
2429	9697	3	1.0
1226	9698	3	1.0
1317	9698	3	1.0
1446	9698	3	1.0
1815	9698	3	1.0
1978	9698	3	1.0
2061	9698	3	1.0
2125	9698	3	1.0
2422	9698	3	1.0
2575	9698	3	1.0
2683	9698	3	1.0
2777	9698	3	1.0
1230	9699	3	1.0
1412	9699	3	1.0
2543	9699	3	1.0
1239	9700	3	1.0
2014	9700	3	1.0
2210	9700	3	1.0
2520	9700	3	1.0
1271	9701	3	1.0
1731	9701	3	1.0
1955	9701	3	1.0
2232	9701	3	1.0
1304	9702	3	1.0
1337	9703	3	1.0
1359	9704	3	1.0
2178	9704	3	1.0
1367	9705	3	1.0
1503	9705	3	1.0
1580	9705	3	1.0
1779	9705	3	1.0
2021	9705	3	1.0
2137	9705	3	1.0
2176	9705	3	1.0
2318	9705	3	1.0
2384	9705	3	1.0
2432	9705	3	1.0
2625	9705	3	1.0
2627	9705	3	1.0
2685	9705	3	1.0
2817	9705	3	1.0
1384	9706	3	1.0
1873	9706	3	1.0
2214	9706	3	1.0
2335	9706	3	1.0
2496	9706	3	1.0
2738	9706	3	1.0
1396	9707	3	1.0
1513	9707	3	1.0
1536	9707	3	1.0
2875	9707	3	1.0
1401	9708	3	1.0
1411	9709	3	1.0
1416	9710	3	1.0
1564	9710	3	1.0
1576	9710	3	1.0
2595	9710	3	1.0
2651	9710	3	1.0
1451	9711	3	1.0
1489	9712	3	1.0
1505	9713	3	1.0
1531	9714	3	1.0
2726	9714	3	1.0
1548	9715	3	1.0
1549	9716	3	1.0
1621	9717	3	1.0
2079	9717	3	1.0
1624	9718	3	1.0
1630	9719	3	1.0
1640	9720	3	1.0
1648	9720	3	1.0
1662	9721	3	1.0
1673	9722	3	1.0
1715	9723	3	1.0
1771	9724	3	1.0
1777	9725	3	1.0
1793	9726	3	1.0
1824	9727	3	1.0
1830	9728	3	1.0
2315	9728	3	1.0
2677	9728	3	1.0
1856	9729	3	1.0
1928	9730	3	1.0
1936	9731	3	1.0
1977	9732	3	1.0
1992	9733	3	1.0
2037	9734	3	1.0
2078	9735	3	1.0
2844	9735	3	1.0
2106	9736	3	1.0
2142	9737	3	1.0
2188	9738	3	1.0
2616	9738	3	1.0
2230	9739	3	1.0
2269	9740	3	1.0
2270	9741	3	1.0
2813	9741	3	1.0
2828	9741	3	1.0
2830	9741	3	1.0
2289	9742	3	1.0
2291	9743	3	1.0
2296	9744	3	1.0
2347	9745	3	1.0
2375	9746	3	1.0
2418	9747	3	1.0
2443	9747	3	1.0
2446	9748	3	1.0
2561	9749	3	1.0
2613	9750	3	1.0
2618	9751	3	1.0
2721	9752	3	1.0
2778	9753	3	1.0
2819	9754	3	1.0
2833	9755	3	1.0
2848	9756	3	1.0
2852	9757	3	1.0
2882	9757	3	1.0
2865	9758	3	1.0
2866	9758	3	1.0
2867	9759	3	1.0
9424	0	4	1.0
9424	126	4	1.0
9425	1	4	1.0
9425	11	4	1.0
9425	25	4	1.0
9425	26	4	1.0
9425	74	4	1.0
9425	78	4	1.0
9425	917	4	1.0
9425	1526	4	1.0
9425	1568	4	1.0
9425	2012	4	1.0
9425	2872	4	1.0
9425	2878	4	1.0
9426	2	4	1.0
9426	122	4	1.0
9426	127	4	1.0
9427	3	4	1.0
9427	79	4	1.0
9427	113	4	1.0
9427	1781	4	1.0
9428	4	4	1.0
9428	607	4	1.0
9428	875	4	1.0
9428	2055	4	1.0
9429	5	4	1.0
9429	6	4	1.0
9429	36	4	1.0
9429	42	4	1.0
9429	70	4	1.0
9429	104	4	1.0
9429	112	4	1.0
9429	120	4	1.0
9429	136	4	1.0
9429	163	4	1.0
9429	176	4	1.0
9429	205	4	1.0
9429	208	4	1.0
9429	233	4	1.0
9429	904	4	1.0
9429	1846	4	1.0
9429	2788	4	1.0
9430	7	4	1.0
9430	51	4	1.0
9430	178	4	1.0
9430	522	4	1.0
9430	839	4	1.0
9430	1541	4	1.0
9430	1680	4	1.0
9430	1997	4	1.0
9430	2095	4	1.0
9430	2284	4	1.0
9430	2602	4	1.0
9430	2856	4	1.0
9430	2857	4	1.0
9431	8	4	1.0
9431	92	4	1.0
9431	145	4	1.0
9431	184	4	1.0
9432	9	4	1.0
9432	72	4	1.0
9432	101	4	1.0
9432	115	4	1.0
9432	148	4	1.0
9432	1106	4	1.0
9432	1305	4	1.0
9432	1354	4	1.0
9433	10	4	1.0
9433	53	4	1.0
9433	169	4	1.0
9433	2294	4	1.0
9433	2442	4	1.0
9434	12	4	1.0
9434	17	4	1.0
9434	354	4	1.0
9434	495	4	1.0
9434	569	4	1.0
9434	587	4	1.0
9434	949	4	1.0
9434	967	4	1.0
9434	1231	4	1.0
9434	1718	4	1.0
9434	2087	4	1.0
9435	13	4	1.0
9435	33	4	1.0
9435	54	4	1.0
9435	87	4	1.0
9435	129	4	1.0
9435	130	4	1.0
9435	137	4	1.0
9435	149	4	1.0
9435	173	4	1.0
9435	206	4	1.0
9435	222	4	1.0
9435	398	4	1.0
9435	497	4	1.0
9435	2001	4	1.0
9435	2536	4	1.0
9435	2630	4	1.0
9435	2783	4	1.0
9435	2879	4	1.0
9436	14	4	1.0
9437	15	4	1.0
9437	50	4	1.0
9437	2877	4	1.0
9438	16	4	1.0
9438	35	4	1.0
9438	48	4	1.0
9438	80	4	1.0
9438	85	4	1.0
9438	107	4	1.0
9438	131	4	1.0
9438	132	4	1.0
9438	133	4	1.0
9438	180	4	1.0
9438	218	4	1.0
9438	259	4	1.0
9438	423	4	1.0
9438	872	4	1.0
9438	877	4	1.0
9438	879	4	1.0
9438	930	4	1.0
9438	958	4	1.0
9438	979	4	1.0
9438	984	4	1.0
9438	989	4	1.0
9438	1012	4	1.0
9438	1073	4	1.0
9438	1202	4	1.0
9438	1222	4	1.0
9438	1225	4	1.0
9438	1235	4	1.0
9438	1349	4	1.0
9438	1389	4	1.0
9438	1418	4	1.0
9438	1493	4	1.0
9438	1515	4	1.0
9438	1554	4	1.0
9438	1603	4	1.0
9438	1632	4	1.0
9438	1716	4	1.0
9438	1841	4	1.0
9438	1865	4	1.0
9438	1904	4	1.0
9438	1926	4	1.0
9438	1949	4	1.0
9438	1981	4	1.0
9438	2011	4	1.0
9438	2017	4	1.0
9438	2049	4	1.0
9438	2059	4	1.0
9438	2075	4	1.0
9438	2101	4	1.0
9438	2114	4	1.0
9438	2155	4	1.0
9438	2265	4	1.0
9438	2288	4	1.0
9438	2301	4	1.0
9438	2360	4	1.0
9438	2363	4	1.0
9438	2406	4	1.0
9438	2478	4	1.0
9438	2695	4	1.0
9438	2735	4	1.0
9438	2805	4	1.0
9439	18	4	1.0
9439	1400	4	1.0
9439	1659	4	1.0
9439	1717	4	1.0
9440	19	4	1.0
9440	76	4	1.0
9440	224	4	1.0
9441	20	4	1.0
9441	55	4	1.0
9441	69	4	1.0
9441	97	4	1.0
9441	110	4	1.0
9441	1086	4	1.0
9442	21	4	1.0
9442	57	4	1.0
9442	98	4	1.0
9442	109	4	1.0
9442	202	4	1.0
9442	214	4	1.0
9442	1559	4	1.0
9442	2094	4	1.0
9442	2280	4	1.0
9442	2587	4	1.0
9443	22	4	1.0
9443	175	4	1.0
9443	1688	4	1.0
9444	23	4	1.0
9444	88	4	1.0
9444	2104	4	1.0
9445	24	4	1.0
9446	27	4	1.0
9446	219	4	1.0
9447	28	4	1.0
9447	162	4	1.0
9447	193	4	1.0
9447	198	4	1.0
9447	257	4	1.0
9447	383	4	1.0
9447	420	4	1.0
9447	440	4	1.0
9447	444	4	1.0
9447	837	4	1.0
9447	855	4	1.0
9447	1459	4	1.0
9447	1601	4	1.0
9447	2252	4	1.0
9447	2871	4	1.0
9448	29	4	1.0
9449	30	4	1.0
9449	232	4	1.0
9449	236	4	1.0
9449	489	4	1.0
9449	1612	4	1.0
9449	2027	4	1.0
9449	2051	4	1.0
9449	2249	4	1.0
9449	2251	4	1.0
9449	2698	4	1.0
9450	31	4	1.0
9450	65	4	1.0
9450	75	4	1.0
9450	134	4	1.0
9450	147	4	1.0
9450	171	4	1.0
9450	227	4	1.0
9450	272	4	1.0
9450	349	4	1.0
9450	847	4	1.0
9450	856	4	1.0
9450	1208	4	1.0
9450	1545	4	1.0
9450	1832	4	1.0
9450	2108	4	1.0
9450	2129	4	1.0
9450	2225	4	1.0
9450	2272	4	1.0
9450	2518	4	1.0
9450	2734	4	1.0
9450	2775	4	1.0
9451	32	4	1.0
9452	34	4	1.0
9452	1762	4	1.0
9453	37	4	1.0
9453	38	4	1.0
9453	41	4	1.0
9453	77	4	1.0
9453	1428	4	1.0
9453	1670	4	1.0
9453	1754	4	1.0
9453	1942	4	1.0
9453	2344	4	1.0
9454	39	4	1.0
9454	90	4	1.0
9455	40	4	1.0
9455	2755	4	1.0
9455	2842	4	1.0
9456	43	4	1.0
9457	44	4	1.0
9458	45	4	1.0
9459	46	4	1.0
9459	60	4	1.0
9459	99	4	1.0
9459	102	4	1.0
9459	431	4	1.0
9459	488	4	1.0
9459	714	4	1.0
9459	1501	4	1.0
9459	1641	4	1.0
9459	2221	4	1.0
9459	2551	4	1.0
9459	2829	4	1.0
9459	2863	4	1.0
9459	2864	4	1.0
9460	47	4	1.0
9460	58	4	1.0
9460	61	4	1.0
9460	62	4	1.0
9460	64	4	1.0
9460	84	4	1.0
9460	116	4	1.0
9460	118	4	1.0
9460	123	4	1.0
9460	157	4	1.0
9460	211	4	1.0
9460	229	4	1.0
9460	1249	4	1.0
9460	2063	4	1.0
9460	2173	4	1.0
9460	2326	4	1.0
9460	2806	4	1.0
9460	2851	4	1.0
9461	49	4	1.0
9461	63	4	1.0
9461	81	4	1.0
9461	95	4	1.0
9461	119	4	1.0
9461	128	4	1.0
9461	152	4	1.0
9461	172	4	1.0
9461	177	4	1.0
9461	994	4	1.0
9461	1017	4	1.0
9461	1057	4	1.0
9461	1402	4	1.0
9461	1458	4	1.0
9461	1464	4	1.0
9461	1527	4	1.0
9461	1646	4	1.0
9461	1847	4	1.0
9461	1882	4	1.0
9461	2040	4	1.0
9461	2046	4	1.0
9461	2190	4	1.0
9461	2204	4	1.0
9461	2307	4	1.0
9461	2411	4	1.0
9461	2770	4	1.0
9462	52	4	1.0
9463	56	4	1.0
9463	228	4	1.0
9464	59	4	1.0
9464	2639	4	1.0
9465	66	4	1.0
9465	151	4	1.0
9465	154	4	1.0
9465	164	4	1.0
9465	167	4	1.0
9465	187	4	1.0
9465	191	4	1.0
9465	192	4	1.0
9465	197	4	1.0
9465	200	4	1.0
9465	204	4	1.0
9465	210	4	1.0
9465	213	4	1.0
9465	985	4	1.0
9465	1063	4	1.0
9465	1074	4	1.0
9465	1133	4	1.0
9465	1204	4	1.0
9465	1333	4	1.0
9465	1439	4	1.0
9465	1494	4	1.0
9465	1628	4	1.0
9465	1848	4	1.0
9465	1920	4	1.0
9465	1957	4	1.0
9465	2048	4	1.0
9465	2111	4	1.0
9465	2186	4	1.0
9465	2224	4	1.0
9465	2274	4	1.0
9465	2523	4	1.0
9465	2540	4	1.0
9465	2546	4	1.0
9465	2797	4	1.0
9465	2827	4	1.0
9466	67	4	1.0
9467	68	4	1.0
9468	71	4	1.0
9468	265	4	1.0
9468	285	4	1.0
9468	335	4	1.0
9468	393	4	1.0
9468	409	4	1.0
9468	449	4	1.0
9468	471	4	1.0
9468	473	4	1.0
9468	487	4	1.0
9468	622	4	1.0
9468	635	4	1.0
9468	650	4	1.0
9468	660	4	1.0
9468	727	4	1.0
9468	736	4	1.0
9468	771	4	1.0
9468	827	4	1.0
9468	858	4	1.0
9468	1290	4	1.0
9468	1322	4	1.0
9468	1404	4	1.0
9468	1574	4	1.0
9468	1669	4	1.0
9468	1883	4	1.0
9468	1925	4	1.0
9468	2081	4	1.0
9468	2116	4	1.0
9468	2308	4	1.0
9468	2396	4	1.0
9468	2413	4	1.0
9468	2796	4	1.0
9468	2802	4	1.0
9468	2840	4	1.0
9468	2853	4	1.0
9469	73	4	1.0
9469	105	4	1.0
9469	106	4	1.0
9469	124	4	1.0
9469	150	4	1.0
9469	168	4	1.0
9469	207	4	1.0
9469	223	4	1.0
9469	1442	4	1.0
9469	1533	4	1.0
9469	1804	4	1.0
9469	1899	4	1.0
9469	2080	4	1.0
9469	2133	4	1.0
9469	2218	4	1.0
9469	2319	4	1.0
9469	2528	4	1.0
9469	2705	4	1.0
9470	82	4	1.0
9470	160	4	1.0
9470	170	4	1.0
9470	186	4	1.0
9470	1075	4	1.0
9470	2436	4	1.0
9471	83	4	1.0
9472	86	4	1.0
9473	89	4	1.0
9474	91	4	1.0
9475	93	4	1.0
9475	196	4	1.0
9476	94	4	1.0
9476	103	4	1.0
9476	201	4	1.0
9476	217	4	1.0
9476	566	4	1.0
9476	935	4	1.0
9476	1135	4	1.0
9476	1164	4	1.0
9476	1173	4	1.0
9476	1197	4	1.0
9476	1233	4	1.0
9476	1262	4	1.0
9476	1339	4	1.0
9476	1397	4	1.0
9476	1468	4	1.0
9476	1535	4	1.0
9476	1799	4	1.0
9476	1811	4	1.0
9476	1914	4	1.0
9476	1937	4	1.0
9476	1972	4	1.0
9476	1974	4	1.0
9476	2099	4	1.0
9476	2109	4	1.0
9476	2158	4	1.0
9476	2306	4	1.0
9476	2330	4	1.0
9476	2382	4	1.0
9476	2404	4	1.0
9476	2516	4	1.0
9476	2569	4	1.0
9476	2606	4	1.0
9476	2781	4	1.0
9476	2854	4	1.0
9477	96	4	1.0
9477	111	4	1.0
9477	588	4	1.0
9477	944	4	1.0
9477	948	4	1.0
9477	1041	4	1.0
9477	2862	4	1.0
9477	2881	4	1.0
9478	100	4	1.0
9478	267	4	1.0
9478	385	4	1.0
9478	557	4	1.0
9478	558	4	1.0
9478	842	4	1.0
9478	963	4	1.0
9478	1789	4	1.0
9478	1837	4	1.0
9478	1867	4	1.0
9478	1875	4	1.0
9478	1877	4	1.0
9478	2083	4	1.0
9478	2164	4	1.0
9479	108	4	1.0
9480	114	4	1.0
9481	117	4	1.0
9481	135	4	1.0
9481	181	4	1.0
9481	195	4	1.0
9481	209	4	1.0
9481	2744	4	1.0
9482	121	4	1.0
9482	216	4	1.0
9482	2489	4	1.0
9483	125	4	1.0
9483	226	4	1.0
9483	465	4	1.0
9483	550	4	1.0
9483	560	4	1.0
9483	655	4	1.0
9483	675	4	1.0
9483	1053	4	1.0
9483	1557	4	1.0
9483	1600	4	1.0
9483	2322	4	1.0
9483	2420	4	1.0
9484	138	4	1.0
9484	2253	4	1.0
9484	2345	4	1.0
9484	2609	4	1.0
9485	139	4	1.0
9485	293	4	1.0
9485	297	4	1.0
9485	316	4	1.0
9485	408	4	1.0
9485	452	4	1.0
9485	458	4	1.0
9485	461	4	1.0
9485	470	4	1.0
9485	549	4	1.0
9485	574	4	1.0
9485	668	4	1.0
9485	710	4	1.0
9485	713	4	1.0
9485	774	4	1.0
9485	787	4	1.0
9485	891	4	1.0
9485	1136	4	1.0
9485	1159	4	1.0
9485	1172	4	1.0
9485	1238	4	1.0
9485	1243	4	1.0
9485	1247	4	1.0
9485	1303	4	1.0
9485	1368	4	1.0
9485	1449	4	1.0
9485	1488	4	1.0
9485	1500	4	1.0
9485	1532	4	1.0
9485	1569	4	1.0
9485	1575	4	1.0
9485	1730	4	1.0
9485	1740	4	1.0
9485	1800	4	1.0
9485	1854	4	1.0
9485	1911	4	1.0
9485	1973	4	1.0
9485	1975	4	1.0
9485	1976	4	1.0
9485	2035	4	1.0
9485	2115	4	1.0
9485	2152	4	1.0
9485	2160	4	1.0
9485	2168	4	1.0
9485	2216	4	1.0
9485	2235	4	1.0
9485	2356	4	1.0
9485	2365	4	1.0
9485	2400	4	1.0
9485	2534	4	1.0
9485	2571	4	1.0
9485	2623	4	1.0
9485	2748	4	1.0
9485	2773	4	1.0
9486	140	4	1.0
9487	141	4	1.0
9487	392	4	1.0
9487	539	4	1.0
9487	750	4	1.0
9487	760	4	1.0
9487	841	4	1.0
9487	857	4	1.0
9487	889	4	1.0
9487	906	4	1.0
9487	918	4	1.0
9487	922	4	1.0
9487	941	4	1.0
9487	943	4	1.0
9487	950	4	1.0
9487	953	4	1.0
9487	961	4	1.0
9487	981	4	1.0
9487	1009	4	1.0
9487	1020	4	1.0
9487	1049	4	1.0
9487	1081	4	1.0
9487	1100	4	1.0
9487	1109	4	1.0
9487	1129	4	1.0
9487	1156	4	1.0
9487	1157	4	1.0
9487	1175	4	1.0
9487	1182	4	1.0
9487	1190	4	1.0
9487	1200	4	1.0
9487	1214	4	1.0
9487	1241	4	1.0
9487	1260	4	1.0
9487	1275	4	1.0
9487	1310	4	1.0
9487	1318	4	1.0
9487	1327	4	1.0
9487	1336	4	1.0
9487	1355	4	1.0
9487	1364	4	1.0
9487	1390	4	1.0
9487	1405	4	1.0
9487	1423	4	1.0
9487	1518	4	1.0
9487	1519	4	1.0
9487	1538	4	1.0
9487	1565	4	1.0
9487	1587	4	1.0
9487	1589	4	1.0
9487	1644	4	1.0
9487	1654	4	1.0
9487	1720	4	1.0
9487	1734	4	1.0
9487	1766	4	1.0
9487	1805	4	1.0
9487	1806	4	1.0
9487	1807	4	1.0
9487	1817	4	1.0
9487	1829	4	1.0
9487	1866	4	1.0
9487	1884	4	1.0
9487	1889	4	1.0
9487	1891	4	1.0
9487	1894	4	1.0
9487	1929	4	1.0
9487	1934	4	1.0
9487	1953	4	1.0
9487	1966	4	1.0
9487	1979	4	1.0
9487	1984	4	1.0
9487	2003	4	1.0
9487	2006	4	1.0
9487	2031	4	1.0
9487	2056	4	1.0
9487	2077	4	1.0
9487	2102	4	1.0
9487	2121	4	1.0
9487	2150	4	1.0
9487	2153	4	1.0
9487	2154	4	1.0
9487	2189	4	1.0
9487	2194	4	1.0
9487	2257	4	1.0
9487	2266	4	1.0
9487	2277	4	1.0
9487	2309	4	1.0
9487	2323	4	1.0
9487	2362	4	1.0
9487	2378	4	1.0
9487	2397	4	1.0
9487	2425	4	1.0
9487	2428	4	1.0
9487	2440	4	1.0
9487	2452	4	1.0
9487	2463	4	1.0
9487	2466	4	1.0
9487	2482	4	1.0
9487	2514	4	1.0
9487	2545	4	1.0
9487	2572	4	1.0
9487	2594	4	1.0
9487	2600	4	1.0
9487	2601	4	1.0
9487	2615	4	1.0
9487	2631	4	1.0
9487	2632	4	1.0
9487	2656	4	1.0
9487	2659	4	1.0
9487	2664	4	1.0
9487	2691	4	1.0
9487	2700	4	1.0
9487	2717	4	1.0
9487	2720	4	1.0
9487	2741	4	1.0
9487	2754	4	1.0
9487	2758	4	1.0
9487	2785	4	1.0
9487	2786	4	1.0
9487	2790	4	1.0
9487	2803	4	1.0
9487	2846	4	1.0
9488	142	4	1.0
9489	143	4	1.0
9489	1283	4	1.0
9490	144	4	1.0
9491	146	4	1.0
9492	153	4	1.0
9492	1524	4	1.0
9492	1853	4	1.0
9492	2181	4	1.0
9492	2487	4	1.0
9492	2558	4	1.0
9493	155	4	1.0
9493	231	4	1.0
9494	156	4	1.0
9494	2774	4	1.0
9495	158	4	1.0
9495	2823	4	1.0
9496	159	4	1.0
9497	161	4	1.0
9497	239	4	1.0
9497	249	4	1.0
9497	294	4	1.0
9497	314	4	1.0
9497	345	4	1.0
9497	434	4	1.0
9497	448	4	1.0
9497	492	4	1.0
9497	507	4	1.0
9497	530	4	1.0
9497	556	4	1.0
9497	584	4	1.0
9497	590	4	1.0
9497	639	4	1.0
9497	679	4	1.0
9497	680	4	1.0
9497	691	4	1.0
9497	703	4	1.0
9497	797	4	1.0
9497	826	4	1.0
9497	844	4	1.0
9497	853	4	1.0
9497	903	4	1.0
9497	907	4	1.0
9497	919	4	1.0
9497	957	4	1.0
9497	960	4	1.0
9497	966	4	1.0
9497	974	4	1.0
9497	983	4	1.0
9497	999	4	1.0
9497	1002	4	1.0
9497	1018	4	1.0
9497	1043	4	1.0
9497	1046	4	1.0
9497	1050	4	1.0
9497	1095	4	1.0
9497	1104	4	1.0
9497	1115	4	1.0
9497	1166	4	1.0
9497	1181	4	1.0
9497	1186	4	1.0
9497	1242	4	1.0
9497	1267	4	1.0
9497	1272	4	1.0
9497	1276	4	1.0
9497	1321	4	1.0
9497	1379	4	1.0
9497	1385	4	1.0
9497	1395	4	1.0
9497	1399	4	1.0
9497	1406	4	1.0
9497	1408	4	1.0
9497	1432	4	1.0
9497	1454	4	1.0
9497	1470	4	1.0
9497	1542	4	1.0
9497	1551	4	1.0
9497	1560	4	1.0
9497	1571	4	1.0
9497	1596	4	1.0
9497	1604	4	1.0
9497	1615	4	1.0
9497	1622	4	1.0
9497	1629	4	1.0
9497	1636	4	1.0
9497	1649	4	1.0
9497	1656	4	1.0
9497	1661	4	1.0
9497	1674	4	1.0
9497	1692	4	1.0
9497	1699	4	1.0
9497	1703	4	1.0
9497	1706	4	1.0
9497	1744	4	1.0
9497	1751	4	1.0
9497	1758	4	1.0
9497	1769	4	1.0
9497	1770	4	1.0
9497	1773	4	1.0
9497	1784	4	1.0
9497	1797	4	1.0
9497	1813	4	1.0
9497	1855	4	1.0
9497	1872	4	1.0
9497	1890	4	1.0
9497	1908	4	1.0
9497	1913	4	1.0
9497	1919	4	1.0
9497	1940	4	1.0
9497	1946	4	1.0
9497	2002	4	1.0
9497	2007	4	1.0
9497	2053	4	1.0
9497	2073	4	1.0
9497	2098	4	1.0
9497	2120	4	1.0
9497	2130	4	1.0
9497	2144	4	1.0
9497	2151	4	1.0
9497	2161	4	1.0
9497	2165	4	1.0
9497	2215	4	1.0
9497	2223	4	1.0
9497	2248	4	1.0
9497	2267	4	1.0
9497	2282	4	1.0
9497	2333	4	1.0
9497	2372	4	1.0
9497	2377	4	1.0
9497	2387	4	1.0
9497	2392	4	1.0
9497	2416	4	1.0
9497	2426	4	1.0
9497	2445	4	1.0
9497	2470	4	1.0
9497	2490	4	1.0
9497	2500	4	1.0
9497	2507	4	1.0
9497	2512	4	1.0
9497	2521	4	1.0
9497	2541	4	1.0
9497	2562	4	1.0
9497	2563	4	1.0
9497	2580	4	1.0
9497	2611	4	1.0
9497	2614	4	1.0
9497	2629	4	1.0
9497	2643	4	1.0
9497	2657	4	1.0
9497	2670	4	1.0
9497	2679	4	1.0
9497	2693	4	1.0
9497	2696	4	1.0
9497	2699	4	1.0
9497	2727	4	1.0
9497	2730	4	1.0
9497	2745	4	1.0
9497	2751	4	1.0
9497	2771	4	1.0
9497	2794	4	1.0
9497	2798	4	1.0
9497	2822	4	1.0
9497	2824	4	1.0
9497	2834	4	1.0
9497	2845	4	1.0
9498	165	4	1.0
9499	166	4	1.0
9499	242	4	1.0
9499	251	4	1.0
9499	253	4	1.0
9499	260	4	1.0
9499	278	4	1.0
9499	280	4	1.0
9499	291	4	1.0
9499	292	4	1.0
9499	296	4	1.0
9499	299	4	1.0
9499	305	4	1.0
9499	317	4	1.0
9499	328	4	1.0
9499	329	4	1.0
9499	338	4	1.0
9499	360	4	1.0
9499	369	4	1.0
9499	380	4	1.0
9499	386	4	1.0
9499	389	4	1.0
9499	390	4	1.0
9499	391	4	1.0
9499	416	4	1.0
9499	418	4	1.0
9499	421	4	1.0
9499	427	4	1.0
9499	436	4	1.0
9499	439	4	1.0
9499	463	4	1.0
9499	467	4	1.0
9499	468	4	1.0
9499	469	4	1.0
9499	479	4	1.0
9499	502	4	1.0
9499	506	4	1.0
9499	512	4	1.0
9499	517	4	1.0
9499	518	4	1.0
9499	533	4	1.0
9499	537	4	1.0
9499	541	4	1.0
9499	545	4	1.0
9499	551	4	1.0
9499	559	4	1.0
9499	575	4	1.0
9499	576	4	1.0
9499	577	4	1.0
9499	579	4	1.0
9499	581	4	1.0
9499	586	4	1.0
9499	602	4	1.0
9499	612	4	1.0
9499	630	4	1.0
9499	636	4	1.0
9499	649	4	1.0
9499	653	4	1.0
9499	673	4	1.0
9499	678	4	1.0
9499	690	4	1.0
9499	694	4	1.0
9499	698	4	1.0
9499	700	4	1.0
9499	701	4	1.0
9499	708	4	1.0
9499	718	4	1.0
9499	719	4	1.0
9499	722	4	1.0
9499	728	4	1.0
9499	735	4	1.0
9499	737	4	1.0
9499	747	4	1.0
9499	763	4	1.0
9499	764	4	1.0
9499	769	4	1.0
9499	775	4	1.0
9499	777	4	1.0
9499	795	4	1.0
9499	804	4	1.0
9499	807	4	1.0
9499	817	4	1.0
9499	822	4	1.0
9499	836	4	1.0
9499	843	4	1.0
9499	849	4	1.0
9499	860	4	1.0
9499	862	4	1.0
9499	868	4	1.0
9499	897	4	1.0
9499	901	4	1.0
9499	905	4	1.0
9499	980	4	1.0
9499	982	4	1.0
9499	1023	4	1.0
9499	1090	4	1.0
9499	1119	4	1.0
9499	1140	4	1.0
9499	1142	4	1.0
9499	1195	4	1.0
9499	1265	4	1.0
9499	1269	4	1.0
9499	1309	4	1.0
9499	1316	4	1.0
9499	1343	4	1.0
9499	1345	4	1.0
9499	1376	4	1.0
9499	1415	4	1.0
9499	1420	4	1.0
9499	1431	4	1.0
9499	1441	4	1.0
9499	1475	4	1.0
9499	1498	4	1.0
9499	1522	4	1.0
9499	1534	4	1.0
9499	1572	4	1.0
9499	1586	4	1.0
9499	1592	4	1.0
9499	1594	4	1.0
9499	1620	4	1.0
9499	1671	4	1.0
9499	1678	4	1.0
9499	1689	4	1.0
9499	1709	4	1.0
9499	1724	4	1.0
9499	1764	4	1.0
9499	1787	4	1.0
9499	1791	4	1.0
9499	1838	4	1.0
9499	1843	4	1.0
9499	1857	4	1.0
9499	1859	4	1.0
9499	1909	4	1.0
9499	1923	4	1.0
9499	1930	4	1.0
9499	1941	4	1.0
9499	1970	4	1.0
9499	2072	4	1.0
9499	2096	4	1.0
9499	2100	4	1.0
9499	2105	4	1.0
9499	2187	4	1.0
9499	2198	4	1.0
9499	2199	4	1.0
9499	2229	4	1.0
9499	2233	4	1.0
9499	2279	4	1.0
9499	2328	4	1.0
9499	2353	4	1.0
9499	2373	4	1.0
9499	2381	4	1.0
9499	2388	4	1.0
9499	2410	4	1.0
9499	2412	4	1.0
9499	2421	4	1.0
9499	2433	4	1.0
9499	2435	4	1.0
9499	2447	4	1.0
9499	2499	4	1.0
9499	2532	4	1.0
9499	2542	4	1.0
9499	2552	4	1.0
9499	2576	4	1.0
9499	2747	4	1.0
9499	2789	4	1.0
9499	2793	4	1.0
9499	2826	4	1.0
9499	2835	4	1.0
9499	2838	4	1.0
9499	2843	4	1.0
9499	2847	4	1.0
9499	2850	4	1.0
9500	174	4	1.0
9501	179	4	1.0
9501	250	4	1.0
9501	367	4	1.0
9501	746	4	1.0
9501	893	4	1.0
9501	1375	4	1.0
9501	1845	4	1.0
9501	2047	4	1.0
9501	2352	4	1.0
9501	2394	4	1.0
9501	2713	4	1.0
9502	182	4	1.0
9503	183	4	1.0
9504	185	4	1.0
9504	194	4	1.0
9504	230	4	1.0
9504	361	4	1.0
9504	394	4	1.0
9504	546	4	1.0
9504	647	4	1.0
9504	1080	4	1.0
9504	1504	4	1.0
9504	1552	4	1.0
9504	1607	4	1.0
9504	1755	4	1.0
9504	1772	4	1.0
9504	1819	4	1.0
9504	1986	4	1.0
9504	2082	4	1.0
9505	188	4	1.0
9505	235	4	1.0
9505	1721	4	1.0
9505	2325	4	1.0
9505	2746	4	1.0
9506	189	4	1.0
9506	1980	4	1.0
9507	190	4	1.0
9508	199	4	1.0
9508	1786	4	1.0
9509	203	4	1.0
9510	212	4	1.0
9510	1032	4	1.0
9511	215	4	1.0
9512	220	4	1.0
9513	221	4	1.0
9514	225	4	1.0
9514	388	4	1.0
9514	428	4	1.0
9514	954	4	1.0
9514	1048	4	1.0
9514	1227	4	1.0
9514	1251	4	1.0
9514	1331	4	1.0
9514	1424	4	1.0
9514	1427	4	1.0
9514	1450	4	1.0
9514	1512	4	1.0
9514	1698	4	1.0
9514	1705	4	1.0
9514	1812	4	1.0
9514	1933	4	1.0
9514	1989	4	1.0
9514	2018	4	1.0
9514	2139	4	1.0
9514	2380	4	1.0
9514	2451	4	1.0
9514	2493	4	1.0
9514	2506	4	1.0
9514	2519	4	1.0
9515	234	4	1.0
9515	241	4	1.0
9515	255	4	1.0
9515	284	4	1.0
9515	286	4	1.0
9515	298	4	1.0
9515	315	4	1.0
9515	346	4	1.0
9515	366	4	1.0
9515	411	4	1.0
9515	474	4	1.0
9515	505	4	1.0
9515	544	4	1.0
9515	563	4	1.0
9515	573	4	1.0
9515	592	4	1.0
9515	618	4	1.0
9515	632	4	1.0
9515	659	4	1.0
9515	664	4	1.0
9515	696	4	1.0
9515	717	4	1.0
9515	776	4	1.0
9515	779	4	1.0
9515	785	4	1.0
9515	793	4	1.0
9515	794	4	1.0
9515	812	4	1.0
9515	854	4	1.0
9515	866	4	1.0
9515	880	4	1.0
9515	936	4	1.0
9515	975	4	1.0
9515	993	4	1.0
9515	1011	4	1.0
9515	1021	4	1.0
9515	1028	4	1.0
9515	1170	4	1.0
9515	1358	4	1.0
9515	1388	4	1.0
9515	1437	4	1.0
9515	1510	4	1.0
9515	1579	4	1.0
9515	1619	4	1.0
9515	1651	4	1.0
9515	1664	4	1.0
9515	1677	4	1.0
9515	1679	4	1.0
9515	1700	4	1.0
9515	1723	4	1.0
9515	1780	4	1.0
9515	1798	4	1.0
9515	1836	4	1.0
9515	2019	4	1.0
9515	2044	4	1.0
9515	2107	4	1.0
9515	2132	4	1.0
9515	2206	4	1.0
9515	2268	4	1.0
9515	2290	4	1.0
9515	2336	4	1.0
9515	2449	4	1.0
9515	2527	4	1.0
9515	2535	4	1.0
9515	2583	4	1.0
9515	2605	4	1.0
9515	2709	4	1.0
9515	2762	4	1.0
9516	237	4	1.0
9516	381	4	1.0
9516	403	4	1.0
9516	410	4	1.0
9516	430	4	1.0
9516	446	4	1.0
9516	483	4	1.0
9516	521	4	1.0
9516	538	4	1.0
9516	564	4	1.0
9516	591	4	1.0
9516	603	4	1.0
9516	609	4	1.0
9516	615	4	1.0
9516	828	4	1.0
9516	834	4	1.0
9516	885	4	1.0
9516	899	4	1.0
9516	914	4	1.0
9516	937	4	1.0
9516	940	4	1.0
9516	946	4	1.0
9516	1016	4	1.0
9516	1030	4	1.0
9516	1051	4	1.0
9516	1083	4	1.0
9516	1121	4	1.0
9516	1131	4	1.0
9516	1176	4	1.0
9516	1185	4	1.0
9516	1199	4	1.0
9516	1215	4	1.0
9516	1219	4	1.0
9516	1229	4	1.0
9516	1240	4	1.0
9516	1279	4	1.0
9516	1301	4	1.0
9516	1329	4	1.0
9516	1340	4	1.0
9516	1484	4	1.0
9516	1561	4	1.0
9516	1581	4	1.0
9516	1658	4	1.0
9516	1675	4	1.0
9516	1729	4	1.0
9516	1750	4	1.0
9516	1820	4	1.0
9516	1823	4	1.0
9516	1825	4	1.0
9516	1835	4	1.0
9516	1897	4	1.0
9516	1956	4	1.0
9516	1964	4	1.0
9516	1985	4	1.0
9516	2000	4	1.0
9516	2030	4	1.0
9516	2126	4	1.0
9516	2255	4	1.0
9516	2317	4	1.0
9516	2427	4	1.0
9516	2460	4	1.0
9516	2497	4	1.0
9516	2501	4	1.0
9516	2508	4	1.0
9516	2554	4	1.0
9516	2584	4	1.0
9516	2590	4	1.0
9516	2617	4	1.0
9516	2652	4	1.0
9516	2671	4	1.0
9516	2724	4	1.0
9516	2766	4	1.0
9516	2811	4	1.0
9516	2841	4	1.0
9516	2849	4	1.0
9517	238	4	1.0
9517	520	4	1.0
9517	548	4	1.0
9517	1639	4	1.0
9518	240	4	1.0
9518	384	4	1.0
9518	387	4	1.0
9518	638	4	1.0
9518	720	4	1.0
9518	1638	4	1.0
9519	243	4	1.0
9519	323	4	1.0
9519	341	4	1.0
9519	356	4	1.0
9519	379	4	1.0
9519	399	4	1.0
9519	451	4	1.0
9519	513	4	1.0
9519	525	4	1.0
9519	589	4	1.0
9519	599	4	1.0
9519	648	4	1.0
9519	704	4	1.0
9519	705	4	1.0
9519	715	4	1.0
9519	724	4	1.0
9519	725	4	1.0
9519	753	4	1.0
9519	1006	4	1.0
9519	1228	4	1.0
9519	1288	4	1.0
9519	1369	4	1.0
9519	1487	4	1.0
9519	1645	4	1.0
9519	1672	4	1.0
9519	1747	4	1.0
9519	1881	4	1.0
9519	2013	4	1.0
9519	2022	4	1.0
9519	2182	4	1.0
9519	2385	4	1.0
9519	2405	4	1.0
9519	2666	4	1.0
9519	2674	4	1.0
9519	2688	4	1.0
9519	2736	4	1.0
9519	2776	4	1.0
9519	2869	4	1.0
9520	244	4	1.0
9520	641	4	1.0
9520	751	4	1.0
9520	773	4	1.0
9520	916	4	1.0
9520	1085	4	1.0
9520	1093	4	1.0
9520	1308	4	1.0
9520	1463	4	1.0
9520	1509	4	1.0
9520	1712	4	1.0
9520	1792	4	1.0
9520	1960	4	1.0
9520	2208	4	1.0
9520	2287	4	1.0
9520	2339	4	1.0
9520	2486	4	1.0
9520	2531	4	1.0
9520	2708	4	1.0
9521	245	4	1.0
9521	395	4	1.0
9521	605	4	1.0
9522	246	4	1.0
9522	303	4	1.0
9522	304	4	1.0
9522	307	4	1.0
9522	342	4	1.0
9522	419	4	1.0
9522	527	4	1.0
9522	780	4	1.0
9522	789	4	1.0
9522	971	4	1.0
9522	1026	4	1.0
9522	1180	4	1.0
9522	1248	4	1.0
9522	1257	4	1.0
9522	1578	4	1.0
9522	1582	4	1.0
9522	1590	4	1.0
9522	1647	4	1.0
9522	1742	4	1.0
9522	1783	4	1.0
9522	1868	4	1.0
9522	2010	4	1.0
9522	2093	4	1.0
9522	2110	4	1.0
9522	2123	4	1.0
9522	2234	4	1.0
9522	2245	4	1.0
9522	2302	4	1.0
9522	2498	4	1.0
9522	2524	4	1.0
9522	2653	4	1.0
9522	2665	4	1.0
9522	2667	4	1.0
9522	2701	4	1.0
9522	2753	4	1.0
9523	247	4	1.0
9523	332	4	1.0
9523	358	4	1.0
9523	594	4	1.0
9523	732	4	1.0
9523	1192	4	1.0
9523	1888	4	1.0
9523	2342	4	1.0
9523	2836	4	1.0
9524	248	4	1.0
9524	1319	4	1.0
9524	2646	4	1.0
9525	252	4	1.0
9525	289	4	1.0
9525	326	4	1.0
9525	481	4	1.0
9525	646	4	1.0
9525	731	4	1.0
9525	816	4	1.0
9525	840	4	1.0
9525	859	4	1.0
9525	890	4	1.0
9525	1299	4	1.0
9525	1496	4	1.0
9525	1761	4	1.0
9525	1876	4	1.0
9525	2157	4	1.0
9525	2399	4	1.0
9525	2763	4	1.0
9526	254	4	1.0
9526	745	4	1.0
9526	748	4	1.0
9527	256	4	1.0
9527	269	4	1.0
9527	310	4	1.0
9527	578	4	1.0
9527	624	4	1.0
9527	1042	4	1.0
9527	1232	4	1.0
9527	1268	4	1.0
9527	1348	4	1.0
9527	1591	4	1.0
9527	1809	4	1.0
9527	2193	4	1.0
9527	2475	4	1.0
9527	2579	4	1.0
9528	258	4	1.0
9528	368	4	1.0
9528	426	4	1.0
9528	475	4	1.0
9528	482	4	1.0
9528	670	4	1.0
9528	752	4	1.0
9528	824	4	1.0
9528	884	4	1.0
9528	1623	4	1.0
9528	1892	4	1.0
9528	2015	4	1.0
9528	2134	4	1.0
9529	261	4	1.0
9529	290	4	1.0
9529	1285	4	1.0
9529	1338	4	1.0
9529	1613	4	1.0
9530	262	4	1.0
9530	477	4	1.0
9530	583	4	1.0
9530	721	4	1.0
9530	1448	4	1.0
9530	1860	4	1.0
9530	2062	4	1.0
9530	2180	4	1.0
9530	2379	4	1.0
9530	2505	4	1.0
9530	2837	4	1.0
9531	263	4	1.0
9531	927	4	1.0
9531	1014	4	1.0
9531	1065	4	1.0
9531	1102	4	1.0
9531	1177	4	1.0
9531	1252	4	1.0
9531	1476	4	1.0
9531	1481	4	1.0
9531	1495	4	1.0
9531	1871	4	1.0
9531	1874	4	1.0
9531	1885	4	1.0
9531	1983	4	1.0
9531	2089	4	1.0
9531	2103	4	1.0
9531	2437	4	1.0
9531	2526	4	1.0
9531	2566	4	1.0
9531	2573	4	1.0
9531	2650	4	1.0
9531	2663	4	1.0
9531	2757	4	1.0
9531	2800	4	1.0
9531	2808	4	1.0
9532	264	4	1.0
9532	447	4	1.0
9532	1107	4	1.0
9532	1958	4	1.0
9532	2485	4	1.0
9532	2676	4	1.0
9532	2855	4	1.0
9533	266	4	1.0
9533	295	4	1.0
9533	331	4	1.0
9533	596	4	1.0
9533	613	4	1.0
9533	643	4	1.0
9533	697	4	1.0
9533	726	4	1.0
9533	739	4	1.0
9533	792	4	1.0
9533	896	4	1.0
9533	1056	4	1.0
9533	1224	4	1.0
9533	1266	4	1.0
9533	1289	4	1.0
9533	1886	4	1.0
9533	1943	4	1.0
9533	2045	4	1.0
9533	2060	4	1.0
9533	2070	4	1.0
9533	2162	4	1.0
9533	2170	4	1.0
9533	2175	4	1.0
9533	2183	4	1.0
9533	2332	4	1.0
9533	2390	4	1.0
9533	2391	4	1.0
9533	2570	4	1.0
9533	2607	4	1.0
9533	2641	4	1.0
9533	2668	4	1.0
9534	268	4	1.0
9534	535	4	1.0
9534	831	4	1.0
9534	1168	4	1.0
9534	1263	4	1.0
9534	1365	4	1.0
9534	1583	4	1.0
9534	2016	4	1.0
9534	2147	4	1.0
9534	2472	4	1.0
9534	2831	4	1.0
9534	2861	4	1.0
9534	2880	4	1.0
9535	270	4	1.0
9535	276	4	1.0
9535	288	4	1.0
9535	523	4	1.0
9535	838	4	1.0
9535	1088	4	1.0
9535	1296	4	1.0
9535	1447	4	1.0
9535	1616	4	1.0
9535	1725	4	1.0
9535	1931	4	1.0
9535	1988	4	1.0
9535	2260	4	1.0
9535	2414	4	1.0
9535	2510	4	1.0
9535	2686	4	1.0
9536	271	4	1.0
9536	287	4	1.0
9536	397	4	1.0
9536	437	4	1.0
9536	442	4	1.0
9536	554	4	1.0
9536	562	4	1.0
9536	625	4	1.0
9536	863	4	1.0
9536	1778	4	1.0
9536	2202	4	1.0
9536	2787	4	1.0
9537	273	4	1.0
9537	504	4	1.0
9537	572	4	1.0
9537	1295	4	1.0
9537	1693	4	1.0
9538	274	4	1.0
9538	324	4	1.0
9538	375	4	1.0
9538	547	4	1.0
9538	568	4	1.0
9538	782	4	1.0
9538	876	4	1.0
9538	996	4	1.0
9538	997	4	1.0
9538	998	4	1.0
9538	1036	4	1.0
9538	1040	4	1.0
9538	1077	4	1.0
9538	1079	4	1.0
9538	1091	4	1.0
9538	1122	4	1.0
9538	1124	4	1.0
9538	1153	4	1.0
9538	1165	4	1.0
9538	1188	4	1.0
9538	1234	4	1.0
9538	1244	4	1.0
9538	1250	4	1.0
9538	1253	4	1.0
9538	1270	4	1.0
9538	1284	4	1.0
9538	1326	4	1.0
9538	1371	4	1.0
9538	1374	4	1.0
9538	1471	4	1.0
9538	1485	4	1.0
9538	1511	4	1.0
9538	1540	4	1.0
9538	1570	4	1.0
9538	1660	4	1.0
9538	1687	4	1.0
9538	1752	4	1.0
9538	1775	4	1.0
9538	1932	4	1.0
9538	1954	4	1.0
9538	2004	4	1.0
9538	2050	4	1.0
9538	2066	4	1.0
9538	2068	4	1.0
9538	2177	4	1.0
9538	2236	4	1.0
9538	2261	4	1.0
9538	2283	4	1.0
9538	2348	4	1.0
9538	2369	4	1.0
9538	2374	4	1.0
9538	2393	4	1.0
9538	2402	4	1.0
9538	2438	4	1.0
9538	2458	4	1.0
9538	2582	4	1.0
9538	2645	4	1.0
9538	2673	4	1.0
9539	275	4	1.0
9539	277	4	1.0
9539	414	4	1.0
9539	2588	4	1.0
9540	279	4	1.0
9540	2626	4	1.0
9541	281	4	1.0
9541	330	4	1.0
9541	1293	4	1.0
9541	1373	4	1.0
9541	1562	4	1.0
9541	2492	4	1.0
9542	282	4	1.0
9542	365	4	1.0
9542	412	4	1.0
9542	681	4	1.0
9542	729	4	1.0
9542	814	4	1.0
9542	1187	4	1.0
9542	1381	4	1.0
9542	1479	4	1.0
9542	2217	4	1.0
9542	2395	4	1.0
9542	2509	4	1.0
9542	2567	4	1.0
9542	2661	4	1.0
9543	283	4	1.0
9543	1550	4	1.0
9544	300	4	1.0
9544	372	4	1.0
9544	743	4	1.0
9544	756	4	1.0
9544	772	4	1.0
9545	301	4	1.0
9545	2821	4	1.0
9546	302	4	1.0
9546	312	4	1.0
9547	306	4	1.0
9547	531	4	1.0
9547	598	4	1.0
9547	620	4	1.0
9547	688	4	1.0
9547	1082	4	1.0
9547	2292	4	1.0
9547	2386	4	1.0
9547	2704	4	1.0
9548	308	4	1.0
9548	406	4	1.0
9548	1047	4	1.0
9548	2097	4	1.0
9549	309	4	1.0
9549	340	4	1.0
9549	766	4	1.0
9549	1101	4	1.0
9549	1467	4	1.0
9549	1650	4	1.0
9549	1849	4	1.0
9549	2038	4	1.0
9549	2357	4	1.0
9549	2522	4	1.0
9550	311	4	1.0
9550	334	4	1.0
9550	2768	4	1.0
9551	313	4	1.0
9551	347	4	1.0
9551	553	4	1.0
9551	652	4	1.0
9552	318	4	1.0
9552	2146	4	1.0
9553	319	4	1.0
9553	730	4	1.0
9553	734	4	1.0
9553	846	4	1.0
9553	923	4	1.0
9553	929	4	1.0
9553	972	4	1.0
9553	988	4	1.0
9553	995	4	1.0
9553	1013	4	1.0
9553	1116	4	1.0
9553	1220	4	1.0
9553	1221	4	1.0
9553	1237	4	1.0
9553	1324	4	1.0
9553	1350	4	1.0
9553	1353	4	1.0
9553	1413	4	1.0
9553	1452	4	1.0
9553	1461	4	1.0
9553	1480	4	1.0
9553	1482	4	1.0
9553	1530	4	1.0
9553	1713	4	1.0
9553	1763	4	1.0
9553	1870	4	1.0
9553	1982	4	1.0
9553	2041	4	1.0
9553	2340	4	1.0
9553	2454	4	1.0
9553	2462	4	1.0
9553	2476	4	1.0
9553	2533	4	1.0
9553	2547	4	1.0
9553	2557	4	1.0
9553	2675	4	1.0
9553	2678	4	1.0
9553	2761	4	1.0
9553	2780	4	1.0
9553	2792	4	1.0
9553	2818	4	1.0
9554	320	4	1.0
9554	683	4	1.0
9554	754	4	1.0
9554	931	4	1.0
9554	1254	4	1.0
9554	2026	4	1.0
9555	321	4	1.0
9555	344	4	1.0
9555	413	4	1.0
9555	441	4	1.0
9555	765	4	1.0
9555	1191	4	1.0
9555	1378	4	1.0
9555	1965	4	1.0
9555	2209	4	1.0
9556	322	4	1.0
9556	2361	4	1.0
9557	325	4	1.0
9557	484	4	1.0
9557	1134	4	1.0
9557	2457	4	1.0
9558	327	4	1.0
9558	499	4	1.0
9558	1019	4	1.0
9558	1067	4	1.0
9558	1765	4	1.0
9558	2156	4	1.0
9558	2448	4	1.0
9558	2764	4	1.0
9559	333	4	1.0
9560	336	4	1.0
9560	374	4	1.0
9560	534	4	1.0
9560	651	4	1.0
9560	744	4	1.0
9560	758	4	1.0
9560	825	4	1.0
9560	887	4	1.0
9560	913	4	1.0
9560	969	4	1.0
9560	1001	4	1.0
9560	1037	4	1.0
9560	1144	4	1.0
9560	1209	4	1.0
9560	1298	4	1.0
9560	1315	4	1.0
9560	1506	4	1.0
9560	1525	4	1.0
9560	1597	4	1.0
9560	1614	4	1.0
9560	1625	4	1.0
9560	1702	4	1.0
9560	1727	4	1.0
9560	1749	4	1.0
9560	1818	4	1.0
9560	1844	4	1.0
9560	1861	4	1.0
9560	2023	4	1.0
9560	2025	4	1.0
9560	2086	4	1.0
9560	2122	4	1.0
9560	2212	4	1.0
9560	2226	4	1.0
9560	2259	4	1.0
9560	2271	4	1.0
9560	2297	4	1.0
9560	2419	4	1.0
9560	2434	4	1.0
9560	2480	4	1.0
9560	2559	4	1.0
9560	2599	4	1.0
9560	2642	4	1.0
9560	2729	4	1.0
9560	2731	4	1.0
9560	2782	4	1.0
9560	2807	4	1.0
9560	2868	4	1.0
9561	337	4	1.0
9562	339	4	1.0
9562	2681	4	1.0
9563	343	4	1.0
9563	422	4	1.0
9563	1585	4	1.0
9563	2461	4	1.0
9564	348	4	1.0
9564	867	4	1.0
9564	1139	4	1.0
9564	1398	4	1.0
9564	2718	4	1.0
9565	350	4	1.0
9566	351	4	1.0
9566	404	4	1.0
9566	1206	4	1.0
9566	2174	4	1.0
9566	2213	4	1.0
9567	352	4	1.0
9567	532	4	1.0
9567	1052	4	1.0
9568	353	4	1.0
9568	516	4	1.0
9568	640	4	1.0
9568	684	4	1.0
9568	852	4	1.0
9568	861	4	1.0
9568	1099	4	1.0
9568	1313	4	1.0
9568	1383	4	1.0
9568	1466	4	1.0
9568	1502	4	1.0
9569	355	4	1.0
9569	597	4	1.0
9569	952	4	1.0
9569	959	4	1.0
9569	1072	4	1.0
9569	1148	4	1.0
9569	1469	4	1.0
9569	1473	4	1.0
9569	1529	4	1.0
9569	1555	4	1.0
9569	1708	4	1.0
9569	1810	4	1.0
9569	1850	4	1.0
9569	1862	4	1.0
9569	1880	4	1.0
9569	1939	4	1.0
9569	2228	4	1.0
9569	2327	4	1.0
9569	2553	4	1.0
9569	2621	4	1.0
9570	357	4	1.0
9571	359	4	1.0
9571	716	4	1.0
9571	909	4	1.0
9571	910	4	1.0
9571	1169	4	1.0
9571	1174	4	1.0
9571	1193	4	1.0
9571	1382	4	1.0
9571	1387	4	1.0
9571	1421	4	1.0
9571	1422	4	1.0
9571	1438	4	1.0
9571	1474	4	1.0
9571	1523	4	1.0
9571	1537	4	1.0
9571	1617	4	1.0
9571	1653	4	1.0
9571	1668	4	1.0
9571	1753	4	1.0
9571	1759	4	1.0
9571	1795	4	1.0
9571	1831	4	1.0
9571	1924	4	1.0
9571	1950	4	1.0
9571	1990	4	1.0
9571	2092	4	1.0
9571	2128	4	1.0
9571	2167	4	1.0
9571	2281	4	1.0
9571	2312	4	1.0
9571	2331	4	1.0
9571	2350	4	1.0
9571	2351	4	1.0
9571	2529	4	1.0
9571	2593	4	1.0
9571	2711	4	1.0
9571	2750	4	1.0
9571	2756	4	1.0
9571	2784	4	1.0
9571	2832	4	1.0
9572	362	4	1.0
9572	378	4	1.0
9572	464	4	1.0
9572	674	4	1.0
9572	1695	4	1.0
9572	2179	4	1.0
9572	2637	4	1.0
9573	363	4	1.0
9573	515	4	1.0
9573	1246	4	1.0
9573	1822	4	1.0
9573	1910	4	1.0
9573	2071	4	1.0
9573	2275	4	1.0
9573	2303	4	1.0
9573	2619	4	1.0
9573	2769	4	1.0
9574	364	4	1.0
9574	740	4	1.0
9574	895	4	1.0
9574	1300	4	1.0
9575	370	4	1.0
9576	371	4	1.0
9576	1076	4	1.0
9576	1968	4	1.0
9577	373	4	1.0
9577	627	4	1.0
9577	762	4	1.0
9578	376	4	1.0
9578	619	4	1.0
9578	692	4	1.0
9578	830	4	1.0
9578	864	4	1.0
9578	1255	4	1.0
9578	1634	4	1.0
9578	1676	4	1.0
9578	2020	4	1.0
9578	2371	4	1.0
9579	377	4	1.0
9579	405	4	1.0
9579	677	4	1.0
9579	990	4	1.0
9579	1774	4	1.0
9579	2324	4	1.0
9579	2430	4	1.0
9580	382	4	1.0
9580	435	4	1.0
9580	498	4	1.0
9580	1058	4	1.0
9581	396	4	1.0
9581	654	4	1.0
9581	1372	4	1.0
9581	1821	4	1.0
9581	1906	4	1.0
9582	400	4	1.0
9582	786	4	1.0
9583	401	4	1.0
9584	402	4	1.0
9585	407	4	1.0
9585	433	4	1.0
9586	415	4	1.0
9586	480	4	1.0
9586	485	4	1.0
9586	593	4	1.0
9586	662	4	1.0
9586	669	4	1.0
9586	803	4	1.0
9586	1179	4	1.0
9586	1429	4	1.0
9586	1472	4	1.0
9586	1507	4	1.0
9586	2337	4	1.0
9586	2343	4	1.0
9586	2491	4	1.0
9586	2722	4	1.0
9586	2759	4	1.0
9586	2791	4	1.0
9586	2870	4	1.0
9587	417	4	1.0
9587	443	4	1.0
9587	496	4	1.0
9587	2009	4	1.0
9587	2586	4	1.0
9588	424	4	1.0
9588	810	4	1.0
9588	2459	4	1.0
9589	425	4	1.0
9590	429	4	1.0
9590	445	4	1.0
9590	1003	4	1.0
9590	1078	4	1.0
9590	1178	4	1.0
9590	1344	4	1.0
9590	1999	4	1.0
9591	432	4	1.0
9592	438	4	1.0
9592	778	4	1.0
9592	784	4	1.0
9592	790	4	1.0
9592	911	4	1.0
9592	924	4	1.0
9592	925	4	1.0
9592	928	4	1.0
9592	978	4	1.0
9592	1096	4	1.0
9592	1098	4	1.0
9592	1281	4	1.0
9592	1357	4	1.0
9592	1386	4	1.0
9592	1497	4	1.0
9592	1521	4	1.0
9592	1547	4	1.0
9592	1611	4	1.0
9592	1633	4	1.0
9592	1683	4	1.0
9592	1694	4	1.0
9592	1726	4	1.0
9592	1767	4	1.0
9592	1842	4	1.0
9592	1879	4	1.0
9592	1887	4	1.0
9592	1948	4	1.0
9592	2028	4	1.0
9592	2112	4	1.0
9592	2118	4	1.0
9592	2135	4	1.0
9592	2184	4	1.0
9592	2227	4	1.0
9592	2237	4	1.0
9592	2262	4	1.0
9592	2298	4	1.0
9592	2401	4	1.0
9592	2431	4	1.0
9592	2456	4	1.0
9592	2511	4	1.0
9592	2537	4	1.0
9592	2596	4	1.0
9592	2702	4	1.0
9592	2772	4	1.0
9593	450	4	1.0
9594	453	4	1.0
9594	503	4	1.0
9594	561	4	1.0
9594	571	4	1.0
9594	631	4	1.0
9594	755	4	1.0
9594	1059	4	1.0
9594	1205	4	1.0
9594	1443	4	1.0
9594	1803	4	1.0
9594	1863	4	1.0
9594	1969	4	1.0
9594	2145	4	1.0
9594	2597	4	1.0
9594	2710	4	1.0
9594	2715	4	1.0
9595	454	4	1.0
9595	493	4	1.0
9595	642	4	1.0
9595	870	4	1.0
9595	2171	4	1.0
9595	2244	4	1.0
9595	2647	4	1.0
9596	455	4	1.0
9596	456	4	1.0
9596	459	4	1.0
9596	658	4	1.0
9596	709	4	1.0
9596	809	4	1.0
9596	1211	4	1.0
9596	1261	4	1.0
9596	1456	4	1.0
9596	1588	4	1.0
9596	1728	4	1.0
9596	2149	4	1.0
9596	2231	4	1.0
9596	2305	4	1.0
9596	2779	4	1.0
9597	457	4	1.0
9597	902	4	1.0
9598	460	4	1.0
9598	510	4	1.0
9599	462	4	1.0
9599	667	4	1.0
9599	811	4	1.0
9599	845	4	1.0
9599	1307	4	1.0
9599	2263	4	1.0
9599	2295	4	1.0
9599	2453	4	1.0
9600	466	4	1.0
9600	644	4	1.0
9600	757	4	1.0
9600	820	4	1.0
9600	926	4	1.0
9600	962	4	1.0
9600	1637	4	1.0
9600	1685	4	1.0
9600	1900	4	1.0
9600	1921	4	1.0
9600	1935	4	1.0
9600	1959	4	1.0
9600	2091	4	1.0
9600	2163	4	1.0
9600	2370	4	1.0
9600	2441	4	1.0
9600	2479	4	1.0
9600	2581	4	1.0
9600	2810	4	1.0
9601	472	4	1.0
9601	555	4	1.0
9601	585	4	1.0
9601	706	4	1.0
9601	799	4	1.0
9601	1216	4	1.0
9601	1433	4	1.0
9601	1556	4	1.0
9601	1606	4	1.0
9601	1626	4	1.0
9601	1785	4	1.0
9601	2219	4	1.0
9601	2525	4	1.0
9601	2712	4	1.0
9602	476	4	1.0
9602	528	4	1.0
9602	617	4	1.0
9602	628	4	1.0
9602	823	4	1.0
9602	829	4	1.0
9602	932	4	1.0
9602	951	4	1.0
9602	1044	4	1.0
9602	1112	4	1.0
9602	1118	4	1.0
9602	1125	4	1.0
9602	1150	4	1.0
9602	1210	4	1.0
9602	1320	4	1.0
9602	1377	4	1.0
9602	1425	4	1.0
9602	1430	4	1.0
9602	1577	4	1.0
9602	1599	4	1.0
9602	1605	4	1.0
9602	1618	4	1.0
9602	1739	4	1.0
9602	1741	4	1.0
9602	1746	4	1.0
9602	1760	4	1.0
9602	1895	4	1.0
9602	1907	4	1.0
9602	1996	4	1.0
9602	2076	4	1.0
9602	2197	4	1.0
9602	2222	4	1.0
9602	2243	4	1.0
9602	2250	4	1.0
9602	2286	4	1.0
9602	2314	4	1.0
9602	2376	4	1.0
9602	2417	4	1.0
9602	2423	4	1.0
9602	2467	4	1.0
9602	2544	4	1.0
9602	2556	4	1.0
9602	2564	4	1.0
9602	2591	4	1.0
9602	2610	4	1.0
9602	2640	4	1.0
9602	2655	4	1.0
9602	2684	4	1.0
9602	2692	4	1.0
9602	2816	4	1.0
9602	2858	4	1.0
9602	2859	4	1.0
9602	2860	4	1.0
9603	478	4	1.0
9604	486	4	1.0
9604	2201	4	1.0
9605	490	4	1.0
9605	552	4	1.0
9605	606	4	1.0
9605	1490	4	1.0
9605	1499	4	1.0
9605	2555	4	1.0
9605	2725	4	1.0
9606	491	4	1.0
9606	663	4	1.0
9606	912	4	1.0
9606	921	4	1.0
9606	1008	4	1.0
9606	1031	4	1.0
9606	1045	4	1.0
9606	1236	4	1.0
9606	1332	4	1.0
9606	1419	4	1.0
9606	1434	4	1.0
9606	1440	4	1.0
9606	1528	4	1.0
9606	1546	4	1.0
9606	1631	4	1.0
9606	1652	4	1.0
9606	1681	4	1.0
9606	1736	4	1.0
9606	1743	4	1.0
9606	1757	4	1.0
9606	1801	4	1.0
9606	1893	4	1.0
9606	1927	4	1.0
9606	1938	4	1.0
9606	2005	4	1.0
9606	2054	4	1.0
9606	2058	4	1.0
9606	2067	4	1.0
9606	2117	4	1.0
9606	2124	4	1.0
9606	2127	4	1.0
9606	2316	4	1.0
9606	2517	4	1.0
9606	2550	4	1.0
9606	2574	4	1.0
9606	2689	4	1.0
9606	2697	4	1.0
9606	2723	4	1.0
9606	2732	4	1.0
9606	2742	4	1.0
9607	494	4	1.0
9607	626	4	1.0
9607	783	4	1.0
9607	818	4	1.0
9607	871	4	1.0
9607	920	4	1.0
9607	1060	4	1.0
9607	1061	4	1.0
9607	1151	4	1.0
9607	1154	4	1.0
9607	1212	4	1.0
9607	1256	4	1.0
9607	1370	4	1.0
9607	1584	4	1.0
9607	1609	4	1.0
9607	1735	4	1.0
9607	1828	4	1.0
9607	1851	4	1.0
9607	1901	4	1.0
9607	1915	4	1.0
9607	2008	4	1.0
9607	2042	4	1.0
9607	2131	4	1.0
9607	2191	4	1.0
9607	2195	4	1.0
9607	2200	4	1.0
9607	2240	4	1.0
9607	2321	4	1.0
9607	2346	4	1.0
9607	2495	4	1.0
9607	2538	4	1.0
9607	2612	4	1.0
9607	2628	4	1.0
9607	2636	4	1.0
9607	2680	4	1.0
9607	2767	4	1.0
9608	500	4	1.0
9609	501	4	1.0
9610	508	4	1.0
9610	973	4	1.0
9610	1038	4	1.0
9610	1068	4	1.0
9610	1097	4	1.0
9610	1120	4	1.0
9610	1167	4	1.0
9610	1380	4	1.0
9610	1391	4	1.0
9610	1455	4	1.0
9610	1492	4	1.0
9610	1563	4	1.0
9610	1714	4	1.0
9610	1722	4	1.0
9610	1858	4	1.0
9610	1903	4	1.0
9610	1916	4	1.0
9610	1951	4	1.0
9610	1961	4	1.0
9610	1962	4	1.0
9610	2039	4	1.0
9610	2140	4	1.0
9610	2166	4	1.0
9610	2169	4	1.0
9610	2239	4	1.0
9610	2278	4	1.0
9610	2408	4	1.0
9610	2424	4	1.0
9610	2450	4	1.0
9610	2585	4	1.0
9610	2765	4	1.0
9611	509	4	1.0
9612	511	4	1.0
9612	2036	4	1.0
9613	514	4	1.0
9614	519	4	1.0
9614	1539	4	1.0
9614	1826	4	1.0
9615	524	4	1.0
9615	742	4	1.0
9615	908	4	1.0
9615	1362	4	1.0
9615	1567	4	1.0
9615	1608	4	1.0
9615	1684	4	1.0
9615	2285	4	1.0
9615	2304	4	1.0
9615	2444	4	1.0
9615	2488	4	1.0
9616	526	4	1.0
9616	611	4	1.0
9616	759	4	1.0
9616	1297	4	1.0
9617	529	4	1.0
9617	821	4	1.0
9617	1070	4	1.0
9617	1207	4	1.0
9617	1213	4	1.0
9617	1905	4	1.0
9617	1944	4	1.0
9617	1945	4	1.0
9617	2043	4	1.0
9617	2311	4	1.0
9617	2839	4	1.0
9618	536	4	1.0
9618	1196	4	1.0
9618	1436	4	1.0
9618	1756	4	1.0
9618	2207	4	1.0
9618	2264	4	1.0
9618	2358	4	1.0
9618	2513	4	1.0
9619	540	4	1.0
9619	600	4	1.0
9619	665	4	1.0
9619	666	4	1.0
9619	712	4	1.0
9619	791	4	1.0
9619	1325	4	1.0
9619	1827	4	1.0
9619	1922	4	1.0
9619	2504	4	1.0
9620	542	4	1.0
9620	621	4	1.0
9620	964	4	1.0
9620	1033	4	1.0
9620	1967	4	1.0
9620	2273	4	1.0
9620	2733	4	1.0
9621	543	4	1.0
9621	1486	4	1.0
9622	565	4	1.0
9623	567	4	1.0
9623	610	4	1.0
9623	645	4	1.0
9623	956	4	1.0
9623	1108	4	1.0
9623	1335	4	1.0
9623	1642	4	1.0
9623	1655	4	1.0
9623	1657	4	1.0
9623	1697	4	1.0
9623	1704	4	1.0
9623	1745	4	1.0
9623	1788	4	1.0
9623	2143	4	1.0
9623	2159	4	1.0
9623	2247	4	1.0
9623	2383	4	1.0
9623	2622	4	1.0
9624	570	4	1.0
9624	1993	4	1.0
9624	2033	4	1.0
9624	2211	4	1.0
9624	2364	4	1.0
9624	2477	4	1.0
9625	580	4	1.0
9625	2749	4	1.0
9626	582	4	1.0
9626	796	4	1.0
9626	1005	4	1.0
9626	1025	4	1.0
9626	1054	4	1.0
9626	1149	4	1.0
9626	1155	4	1.0
9626	1274	4	1.0
9626	1403	4	1.0
9626	1435	4	1.0
9626	1834	4	1.0
9626	1947	4	1.0
9626	2029	4	1.0
9626	2065	4	1.0
9626	2172	4	1.0
9626	2220	4	1.0
9626	2366	4	1.0
9626	2415	4	1.0
9626	2481	4	1.0
9626	2578	4	1.0
9626	2592	4	1.0
9626	2633	4	1.0
9626	2682	4	1.0
9626	2795	4	1.0
9627	595	4	1.0
9627	1158	4	1.0
9627	1635	4	1.0
9627	1869	4	1.0
9627	2799	4	1.0
9627	2820	4	1.0
9628	601	4	1.0
9628	633	4	1.0
9628	898	4	1.0
9629	604	4	1.0
9629	1089	4	1.0
9629	1117	4	1.0
9629	1292	4	1.0
9629	1483	4	1.0
9629	2658	4	1.0
9629	2760	4	1.0
9630	608	4	1.0
9630	1152	4	1.0
9630	1198	4	1.0
9630	1407	4	1.0
9630	1602	4	1.0
9630	1682	4	1.0
9630	2057	4	1.0
9630	2088	4	1.0
9630	2354	4	1.0
9630	2471	4	1.0
9631	614	4	1.0
9631	661	4	1.0
9631	687	4	1.0
9631	808	4	1.0
9631	819	4	1.0
9631	1039	4	1.0
9631	1103	4	1.0
9631	1128	4	1.0
9631	1259	4	1.0
9631	1347	4	1.0
9631	1356	4	1.0
9631	1465	4	1.0
9631	1478	4	1.0
9631	1852	4	1.0
9631	1998	4	1.0
9631	2064	4	1.0
9631	2148	4	1.0
9631	2196	4	1.0
9631	2310	4	1.0
9631	2329	4	1.0
9631	2389	4	1.0
9631	2589	4	1.0
9632	616	4	1.0
9632	761	4	1.0
9632	1409	4	1.0
9632	2359	4	1.0
9632	2728	4	1.0
9633	623	4	1.0
9634	629	4	1.0
9635	634	4	1.0
9636	637	4	1.0
9636	1127	4	1.0
9637	656	4	1.0
9637	695	4	1.0
9637	749	4	1.0
9637	865	4	1.0
9637	955	4	1.0
9637	1034	4	1.0
9637	1184	4	1.0
9637	2465	4	1.0
9637	2743	4	1.0
9638	657	4	1.0
9638	738	4	1.0
9638	805	4	1.0
9638	874	4	1.0
9638	947	4	1.0
9638	1087	4	1.0
9638	1105	4	1.0
9638	1666	4	1.0
9638	2052	4	1.0
9638	2069	4	1.0
9638	2258	4	1.0
9638	2644	4	1.0
9639	671	4	1.0
9639	699	4	1.0
9639	733	4	1.0
9639	968	4	1.0
9639	1245	4	1.0
9640	672	4	1.0
9641	676	4	1.0
9642	682	4	1.0
9643	685	4	1.0
9643	686	4	1.0
9643	883	4	1.0
9643	900	4	1.0
9643	2355	4	1.0
9643	2620	4	1.0
9644	689	4	1.0
9644	806	4	1.0
9644	878	4	1.0
9644	942	4	1.0
9644	970	4	1.0
9644	1277	4	1.0
9644	1691	4	1.0
9644	2300	4	1.0
9645	693	4	1.0
9645	813	4	1.0
9645	1598	4	1.0
9646	702	4	1.0
9647	707	4	1.0
9647	886	4	1.0
9647	2483	4	1.0
9648	711	4	1.0
9649	723	4	1.0
9649	768	4	1.0
9649	802	4	1.0
9649	2740	4	1.0
9650	741	4	1.0
9650	2484	4	1.0
9650	2707	4	1.0
9651	767	4	1.0
9651	1840	4	1.0
9652	770	4	1.0
9652	801	4	1.0
9652	2494	4	1.0
9652	2515	4	1.0
9652	2548	4	1.0
9653	781	4	1.0
9654	788	4	1.0
9654	1138	4	1.0
9654	1453	4	1.0
9654	2024	4	1.0
9655	798	4	1.0
9655	2241	4	1.0
9656	800	4	1.0
9657	815	4	1.0
9657	851	4	1.0
9657	892	4	1.0
9657	894	4	1.0
9657	2113	4	1.0
9658	832	4	1.0
9658	1610	4	1.0
9659	833	4	1.0
9660	835	4	1.0
9660	2719	4	1.0
9661	848	4	1.0
9661	1071	4	1.0
9661	1273	4	1.0
9661	1558	4	1.0
9661	1814	4	1.0
9661	2246	4	1.0
9662	850	4	1.0
9663	869	4	1.0
9664	873	4	1.0
9664	1514	4	1.0
9665	881	4	1.0
9665	2256	4	1.0
9665	2706	4	1.0
9665	2716	4	1.0
9666	882	4	1.0
9667	888	4	1.0
9667	1004	4	1.0
9667	1007	4	1.0
9667	1183	4	1.0
9667	1278	4	1.0
9667	1334	4	1.0
9667	1366	4	1.0
9667	1686	4	1.0
9667	1816	4	1.0
9667	2687	4	1.0
9668	915	4	1.0
9669	933	4	1.0
9669	1258	4	1.0
9669	1627	4	1.0
9669	2409	4	1.0
9669	2455	4	1.0
9670	934	4	1.0
9670	1029	4	1.0
9670	1064	4	1.0
9670	1294	4	1.0
9670	1314	4	1.0
9670	1351	4	1.0
9670	1417	4	1.0
9670	1426	4	1.0
9670	1516	4	1.0
9670	1566	4	1.0
9670	1593	4	1.0
9670	1663	4	1.0
9670	1748	4	1.0
9670	1776	4	1.0
9670	1796	4	1.0
9670	1898	4	1.0
9670	1902	4	1.0
9670	1963	4	1.0
9670	1991	4	1.0
9670	2034	4	1.0
9670	2136	4	1.0
9670	2141	4	1.0
9670	2192	4	1.0
9670	2334	4	1.0
9670	2341	4	1.0
9670	2367	4	1.0
9670	2398	4	1.0
9670	2549	4	1.0
9670	2565	4	1.0
9670	2568	4	1.0
9670	2577	4	1.0
9670	2603	4	1.0
9670	2608	4	1.0
9670	2649	4	1.0
9670	2694	4	1.0
9671	938	4	1.0
9672	939	4	1.0
9672	1110	4	1.0
9672	1130	4	1.0
9672	1282	4	1.0
9672	1445	4	1.0
9672	1462	4	1.0
9672	1690	4	1.0
9672	1987	4	1.0
9672	2185	4	1.0
9672	2242	4	1.0
9672	2254	4	1.0
9672	2313	4	1.0
9672	2634	4	1.0
9672	2690	4	1.0
9672	2703	4	1.0
9672	2804	4	1.0
9672	2809	4	1.0
9673	945	4	1.0
9673	1189	4	1.0
9674	965	4	1.0
9674	2598	4	1.0
9675	976	4	1.0
9675	1022	4	1.0
9675	1066	4	1.0
9675	1132	4	1.0
9675	1145	4	1.0
9675	1171	4	1.0
9675	1264	4	1.0
9675	1287	4	1.0
9675	1291	4	1.0
9675	1328	4	1.0
9675	1342	4	1.0
9675	1361	4	1.0
9675	1363	4	1.0
9675	1665	4	1.0
9675	1719	4	1.0
9675	1737	4	1.0
9675	1790	4	1.0
9675	1808	4	1.0
9675	1971	4	1.0
9675	2604	4	1.0
9675	2648	4	1.0
9675	2654	4	1.0
9675	2669	4	1.0
9675	2672	4	1.0
9675	2815	4	1.0
9676	977	4	1.0
9676	1330	4	1.0
9676	1352	4	1.0
9676	1994	4	1.0
9676	2084	4	1.0
9676	2624	4	1.0
9676	2660	4	1.0
9676	2752	4	1.0
9677	986	4	1.0
9677	1113	4	1.0
9677	1123	4	1.0
9677	1137	4	1.0
9677	1162	4	1.0
9677	1223	4	1.0
9677	1306	4	1.0
9677	1460	4	1.0
9677	1520	4	1.0
9677	1667	4	1.0
9677	1710	4	1.0
9677	1733	4	1.0
9677	1738	4	1.0
9677	1878	4	1.0
9677	1952	4	1.0
9677	2032	4	1.0
9677	2085	4	1.0
9677	2320	4	1.0
9677	2349	4	1.0
9677	2368	4	1.0
9677	2468	4	1.0
9677	2503	4	1.0
9677	2539	4	1.0
9678	987	4	1.0
9678	1010	4	1.0
9678	1477	4	1.0
9678	1491	4	1.0
9678	1711	4	1.0
9678	2090	4	1.0
9678	2737	4	1.0
9679	991	4	1.0
9679	1015	4	1.0
9679	1062	4	1.0
9679	1069	4	1.0
9679	1143	4	1.0
9679	1163	4	1.0
9679	1286	4	1.0
9679	1410	4	1.0
9679	1457	4	1.0
9679	1517	4	1.0
9679	2276	4	1.0
9679	2293	4	1.0
9679	2407	4	1.0
9679	2502	4	1.0
9679	2530	4	1.0
9680	992	4	1.0
9680	1084	4	1.0
9680	1341	4	1.0
9680	1393	4	1.0
9680	1444	4	1.0
9680	1543	4	1.0
9680	1573	4	1.0
9680	1595	4	1.0
9680	1643	4	1.0
9680	1768	4	1.0
9680	1802	4	1.0
9680	1896	4	1.0
9680	1917	4	1.0
9680	2205	4	1.0
9680	2238	4	1.0
9680	2474	4	1.0
9680	2560	4	1.0
9680	2638	4	1.0
9681	1000	4	1.0
9681	1782	4	1.0
9682	1024	4	1.0
9682	1114	4	1.0
9682	1280	4	1.0
9682	1302	4	1.0
9682	1696	4	1.0
9682	1912	4	1.0
9682	2662	4	1.0
9682	2714	4	1.0
9682	2801	4	1.0
9683	1027	4	1.0
9684	1035	4	1.0
9685	1055	4	1.0
9686	1092	4	1.0
9686	1094	4	1.0
9686	1203	4	1.0
9686	1311	4	1.0
9686	1414	4	1.0
9686	1553	4	1.0
9686	2074	4	1.0
9686	2299	4	1.0
9686	2338	4	1.0
9686	2464	4	1.0
9686	2739	4	1.0
9687	1111	4	1.0
9688	1126	4	1.0
9688	2873	4	1.0
9689	1141	4	1.0
9689	2203	4	1.0
9690	1146	4	1.0
9691	1147	4	1.0
9691	1346	4	1.0
9691	1360	4	1.0
9691	1394	4	1.0
9691	1508	4	1.0
9691	1544	4	1.0
9691	1701	4	1.0
9691	1707	4	1.0
9691	1732	4	1.0
9691	1794	4	1.0
9691	1833	4	1.0
9691	1864	4	1.0
9691	1918	4	1.0
9691	1995	4	1.0
9691	2119	4	1.0
9691	2403	4	1.0
9691	2439	4	1.0
9691	2469	4	1.0
9691	2473	4	1.0
9691	2812	4	1.0
9692	1160	4	1.0
9693	1161	4	1.0
9693	1312	4	1.0
9694	1194	4	1.0
9695	1201	4	1.0
9695	1323	4	1.0
9695	2138	4	1.0
9695	2635	4	1.0
9695	2814	4	1.0
9696	1217	4	1.0
9696	1392	4	1.0
9696	1839	4	1.0
9696	2825	4	1.0
9696	2874	4	1.0
9696	2876	4	1.0
9697	1218	4	1.0
9697	2429	4	1.0
9698	1226	4	1.0
9698	1317	4	1.0
9698	1446	4	1.0
9698	1815	4	1.0
9698	1978	4	1.0
9698	2061	4	1.0
9698	2125	4	1.0
9698	2422	4	1.0
9698	2575	4	1.0
9698	2683	4	1.0
9698	2777	4	1.0
9699	1230	4	1.0
9699	1412	4	1.0
9699	2543	4	1.0
9700	1239	4	1.0
9700	2014	4	1.0
9700	2210	4	1.0
9700	2520	4	1.0
9701	1271	4	1.0
9701	1731	4	1.0
9701	1955	4	1.0
9701	2232	4	1.0
9702	1304	4	1.0
9703	1337	4	1.0
9704	1359	4	1.0
9704	2178	4	1.0
9705	1367	4	1.0
9705	1503	4	1.0
9705	1580	4	1.0
9705	1779	4	1.0
9705	2021	4	1.0
9705	2137	4	1.0
9705	2176	4	1.0
9705	2318	4	1.0
9705	2384	4	1.0
9705	2432	4	1.0
9705	2625	4	1.0
9705	2627	4	1.0
9705	2685	4	1.0
9705	2817	4	1.0
9706	1384	4	1.0
9706	1873	4	1.0
9706	2214	4	1.0
9706	2335	4	1.0
9706	2496	4	1.0
9706	2738	4	1.0
9707	1396	4	1.0
9707	1513	4	1.0
9707	1536	4	1.0
9707	2875	4	1.0
9708	1401	4	1.0
9709	1411	4	1.0
9710	1416	4	1.0
9710	1564	4	1.0
9710	1576	4	1.0
9710	2595	4	1.0
9710	2651	4	1.0
9711	1451	4	1.0
9712	1489	4	1.0
9713	1505	4	1.0
9714	1531	4	1.0
9714	2726	4	1.0
9715	1548	4	1.0
9716	1549	4	1.0
9717	1621	4	1.0
9717	2079	4	1.0
9718	1624	4	1.0
9719	1630	4	1.0
9720	1640	4	1.0
9720	1648	4	1.0
9721	1662	4	1.0
9722	1673	4	1.0
9723	1715	4	1.0
9724	1771	4	1.0
9725	1777	4	1.0
9726	1793	4	1.0
9727	1824	4	1.0
9728	1830	4	1.0
9728	2315	4	1.0
9728	2677	4	1.0
9729	1856	4	1.0
9730	1928	4	1.0
9731	1936	4	1.0
9732	1977	4	1.0
9733	1992	4	1.0
9734	2037	4	1.0
9735	2078	4	1.0
9735	2844	4	1.0
9736	2106	4	1.0
9737	2142	4	1.0
9738	2188	4	1.0
9738	2616	4	1.0
9739	2230	4	1.0
9740	2269	4	1.0
9741	2270	4	1.0
9741	2813	4	1.0
9741	2828	4	1.0
9741	2830	4	1.0
9742	2289	4	1.0
9743	2291	4	1.0
9744	2296	4	1.0
9745	2347	4	1.0
9746	2375	4	1.0
9747	2418	4	1.0
9747	2443	4	1.0
9748	2446	4	1.0
9749	2561	4	1.0
9750	2613	4	1.0
9751	2618	4	1.0
9752	2721	4	1.0
9753	2778	4	1.0
9754	2819	4	1.0
9755	2833	4	1.0
9756	2848	4	1.0
9757	2852	4	1.0
9757	2882	4	1.0
9758	2865	4	1.0
9758	2866	4	1.0
9759	2867	4	1.0
