1	1	0	1.0
30	30	0	1.0
30	32	0	1.0
31	544	0	1.0
31	31	0	1.0
32	30	0	1.0
32	32	0	1.0
85	113	0	1.0
102	103	0	1.0
103	102	0	1.0
104	114	0	1.0
114	104	0	1.0
124	126	0	1.0
126	124	0	1.0
148	148	0	1.0
159	167	0	1.0
166	159	0	1.0
166	167	0	1.0
167	159	0	1.0
186	98	0	1.0
189	188	0	1.0
189	193	0	1.0
189	190	0	1.0
189	194	0	1.0
189	192	0	1.0
200	30	0	1.0
200	32	0	1.0
213	213	0	1.0
213	2539	0	1.0
213	65	0	1.0
230	1286	0	1.0
230	1346	0	1.0
237	254	0	1.0
237	249	0	1.0
238	249	0	1.0
242	139	0	1.0
242	374	0	1.0
242	870	0	1.0
249	254	0	1.0
249	238	0	1.0
249	237	0	1.0
250	99	0	1.0
250	252	0	1.0
252	99	0	1.0
254	249	0	1.0
254	237	0	1.0
264	286	0	1.0
275	277	0	1.0
276	508	0	1.0
277	275	0	1.0
277	87	0	1.0
287	83	0	1.0
289	129	0	1.0
289	610	0	1.0
291	131	0	1.0
335	337	0	1.0
335	336	0	1.0
336	335	0	1.0
336	337	0	1.0
337	335	0	1.0
337	336	0	1.0
339	71	0	1.0
344	698	0	1.0
352	1096	0	1.0
374	870	0	1.0
374	159	0	1.0
374	167	0	1.0
378	378	0	1.0
379	76	0	1.0
397	158	0	1.0
402	408	0	1.0
402	162	0	1.0
402	151	0	1.0
404	415	0	1.0
404	246	0	1.0
404	410	0	1.0
405	155	0	1.0
405	166	0	1.0
406	408	0	1.0
406	402	0	1.0
406	168	0	1.0
408	406	0	1.0
408	168	0	1.0
408	402	0	1.0
410	404	0	1.0
413	415	0	1.0
415	404	0	1.0
415	248	0	1.0
415	413	0	1.0
415	400	0	1.0
415	398	0	1.0
418	622	0	1.0
433	433	0	1.0
452	488	0	1.0
463	459	0	1.0
468	1331	0	1.0
468	1994	0	1.0
468	468	0	1.0
469	497	0	1.0
472	512	0	1.0
485	518	0	1.0
488	452	0	1.0
492	515	0	1.0
497	469	0	1.0
518	485	0	1.0
522	508	0	1.0
526	517	0	1.0
574	669	0	1.0
578	579	0	1.0
580	543	0	1.0
580	621	0	1.0
583	871	0	1.0
591	593	0	1.0
595	459	0	1.0
601	79	0	1.0
607	437	0	1.0
608	129	0	1.0
610	129	0	1.0
612	554	0	1.0
617	551	0	1.0
619	556	0	1.0
619	539	0	1.0
619	563	0	1.0
620	561	0	1.0
622	543	0	1.0
622	418	0	1.0
623	558	0	1.0
623	542	0	1.0
629	948	0	1.0
633	561	0	1.0
641	644	0	1.0
644	641	0	1.0
648	650	0	1.0
651	365	0	1.0
668	574	0	1.0
669	574	0	1.0
682	682	0	1.0
686	310	0	1.0
702	459	0	1.0
702	463	0	1.0
709	702	0	1.0
709	459	0	1.0
709	463	0	1.0
712	722	0	1.0
722	712	0	1.0
728	746	0	1.0
729	761	0	1.0
741	34	0	1.0
743	721	0	1.0
746	728	0	1.0
761	729	0	1.0
796	211	0	1.0
805	94	0	1.0
806	348	0	1.0
807	86	0	1.0
810	829	0	1.0
813	116	0	1.0
813	1096	0	1.0
815	892	0	1.0
817	89	0	1.0
819	819	0	1.0
821	822	0	1.0
822	821	0	1.0
825	85	0	1.0
825	113	0	1.0
827	441	0	1.0
829	832	0	1.0
829	835	0	1.0
829	810	0	1.0
832	829	0	1.0
835	829	0	1.0
835	810	0	1.0
838	96	0	1.0
839	115	0	1.0
845	845	0	1.0
850	440	0	1.0
851	205	0	1.0
853	855	0	1.0
853	1379	0	1.0
853	1157	0	1.0
855	853	0	1.0
855	896	0	1.0
855	1379	0	1.0
855	1157	0	1.0
856	347	0	1.0
856	348	0	1.0
861	544	0	1.0
863	28	0	1.0
869	164	0	1.0
870	374	0	1.0
870	159	0	1.0
870	167	0	1.0
879	226	0	1.0
883	692	0	1.0
884	328	0	1.0
885	69	0	1.0
886	294	0	1.0
887	69	0	1.0
890	890	0	1.0
892	435	0	1.0
894	823	0	1.0
899	134	0	1.0
899	132	0	1.0
903	911	0	1.0
904	974	0	1.0
906	989	0	1.0
909	915	0	1.0
911	903	0	1.0
912	541	0	1.0
917	907	0	1.0
926	286	0	1.0
926	1142	0	1.0
930	285	0	1.0
930	280	0	1.0
934	266	0	1.0
943	283	0	1.0
952	404	0	1.0
952	416	0	1.0
952	403	0	1.0
952	159	0	1.0
952	155	0	1.0
952	405	0	1.0
952	398	0	1.0
953	240	0	1.0
958	32	0	1.0
964	209	0	1.0
965	996	0	1.0
965	618	0	1.0
965	998	0	1.0
966	616	0	1.0
967	561	0	1.0
967	633	0	1.0
969	552	0	1.0
969	980	0	1.0
969	618	0	1.0
969	543	0	1.0
969	551	0	1.0
969	545	0	1.0
970	980	0	1.0
970	179	0	1.0
970	234	0	1.0
970	969	0	1.0
972	621	0	1.0
972	993	0	1.0
972	558	0	1.0
972	991	0	1.0
972	542	0	1.0
973	547	0	1.0
973	554	0	1.0
974	550	0	1.0
974	904	0	1.0
975	794	0	1.0
975	546	0	1.0
976	561	0	1.0
976	553	0	1.0
979	551	0	1.0
980	147	0	1.0
980	969	0	1.0
982	1094	0	1.0
982	990	0	1.0
982	563	0	1.0
982	556	0	1.0
982	560	0	1.0
983	544	0	1.0
988	652	0	1.0
988	621	0	1.0
990	560	0	1.0
991	552	0	1.0
991	543	0	1.0
991	993	0	1.0
992	611	0	1.0
993	618	0	1.0
993	991	0	1.0
994	160	0	1.0
995	994	0	1.0
996	618	0	1.0
996	176	0	1.0
998	618	0	1.0
1000	1093	0	1.0
1001	290	0	1.0
1002	775	0	1.0
1004	180	0	1.0
1005	181	0	1.0
1005	174	0	1.0
1006	173	0	1.0
1007	177	0	1.0
1009	326	0	1.0
1011	1022	0	1.0
1013	1018	0	1.0
1014	883	0	1.0
1015	334	0	1.0
1018	1013	0	1.0
1019	1327	0	1.0
1020	1024	0	1.0
1022	1011	0	1.0
1025	22	0	1.0
1030	579	0	1.0
1030	578	0	1.0
1032	1035	0	1.0
1033	579	0	1.0
1034	1038	0	1.0
1034	1041	0	1.0
1037	1001	0	1.0
1037	994	0	1.0
1037	1691	0	1.0
1037	1591	0	1.0
1037	2215	0	1.0
1037	995	0	1.0
1037	153	0	1.0
1037	562	0	1.0
1037	411	0	1.0
1038	1034	0	1.0
1038	1041	0	1.0
1038	579	0	1.0
1040	581	0	1.0
1040	175	0	1.0
1040	133	0	1.0
1041	1034	0	1.0
1042	174	0	1.0
1042	1005	0	1.0
1042	181	0	1.0
1044	543	0	1.0
1044	991	0	1.0
1044	147	0	1.0
1044	993	0	1.0
1044	545	0	1.0
1045	138	0	1.0
1046	781	0	1.0
1047	133	0	1.0
1048	1049	0	1.0
1048	1028	0	1.0
1049	1048	0	1.0
1057	1259	0	1.0
1058	1071	0	1.0
1059	1322	0	1.0
1060	1302	0	1.0
1061	1328	0	1.0
1062	1331	0	1.0
1066	1269	0	1.0
1073	1257	0	1.0
1075	489	0	1.0
1081	1341	0	1.0
1085	1261	0	1.0
1086	1273	0	1.0
1086	1315	0	1.0
1086	1266	0	1.0
1087	1253	0	1.0
1087	1086	0	1.0
1088	1287	0	1.0
1089	1084	0	1.0
1094	556	0	1.0
1094	543	0	1.0
1094	147	0	1.0
1095	160	0	1.0
1105	732	0	1.0
1107	433	0	1.0
1110	416	0	1.0
1110	405	0	1.0
1114	565	0	1.0
1115	654	0	1.0
1117	655	0	1.0
1117	330	0	1.0
1121	372	0	1.0
1124	1104	0	1.0
1125	557	0	1.0
1130	446	0	1.0
1131	300	0	1.0
1134	528	0	1.0
1139	303	0	1.0
1140	580	0	1.0
1140	542	0	1.0
1140	621	0	1.0
1141	550	0	1.0
1141	616	0	1.0
1141	966	0	1.0
1154	60	0	1.0
1157	1156	0	1.0
1157	1379	0	1.0
1164	1163	0	1.0
1165	1165	0	1.0
1166	380	0	1.0
1171	500	0	1.0
1172	458	0	1.0
1175	493	0	1.0
1175	511	0	1.0
1176	1202	0	1.0
1176	513	0	1.0
1176	510	0	1.0
1177	1211	0	1.0
1180	490	0	1.0
1181	505	0	1.0
1181	520	0	1.0
1181	535	0	1.0
1186	1173	0	1.0
1186	460	0	1.0
1187	532	0	1.0
1189	1190	0	1.0
1190	508	0	1.0
1190	1189	0	1.0
1194	529	0	1.0
1195	472	0	1.0
1195	1185	0	1.0
1198	525	0	1.0
1199	478	0	1.0
1199	504	0	1.0
1201	513	0	1.0
1202	1201	0	1.0
1202	478	0	1.0
1203	532	0	1.0
1206	538	0	1.0
1208	504	0	1.0
1209	480	0	1.0
1209	524	0	1.0
1213	513	0	1.0
1215	475	0	1.0
1215	509	0	1.0
1216	505	0	1.0
1216	520	0	1.0
1216	535	0	1.0
1217	335	0	1.0
1217	337	0	1.0
1217	336	0	1.0
1221	1221	0	1.0
1222	73	0	1.0
1226	1230	0	1.0
1227	359	0	1.0
1228	1452	0	1.0
1229	229	0	1.0
1232	1096	0	1.0
1236	1677	0	1.0
1242	1097	0	1.0
1243	92	0	1.0
1243	205	0	1.0
1245	440	0	1.0
1246	182	0	1.0
1248	1245	0	1.0
1250	814	0	1.0
1265	1278	0	1.0
1278	1265	0	1.0
1286	1346	0	1.0
1310	1310	0	1.0
1346	1286	0	1.0
1365	1168	0	1.0
1367	466	0	1.0
1367	530	0	1.0
1368	534	0	1.0
1373	1345	0	1.0
1374	534	0	1.0
1379	174	0	1.0
1379	181	0	1.0
1379	1157	0	1.0
1380	1156	0	1.0
1380	1379	0	1.0
1381	966	0	1.0
1383	320	0	1.0
1385	295	0	1.0
1387	636	0	1.0
1388	636	0	1.0
1389	549	0	1.0
1389	346	0	1.0
1393	650	0	1.0
1393	629	0	1.0
1395	555	0	1.0
1396	1107	0	1.0
1400	881	0	1.0
1402	666	0	1.0
1405	847	0	1.0
1406	285	0	1.0
1406	930	0	1.0
1406	280	0	1.0
1410	938	0	1.0
1411	276	0	1.0
1412	261	0	1.0
1413	184	0	1.0
1420	257	0	1.0
1422	721	0	1.0
1422	1943	0	1.0
1423	885	0	1.0
1424	195	0	1.0
1425	1145	0	1.0
1426	201	0	1.0
1427	863	0	1.0
1427	28	0	1.0
1428	200	0	1.0
1429	196	0	1.0
1429	862	0	1.0
1430	32	0	1.0
1430	1037	0	1.0
1430	1430	0	1.0
1430	30	0	1.0
1432	681	0	1.0
1432	202	0	1.0
1434	1312	0	1.0
1435	1319	0	1.0
1435	1053	0	1.0
1435	1320	0	1.0
1435	1059	0	1.0
1435	1322	0	1.0
1435	1316	0	1.0
1436	304	0	1.0
1436	880	0	1.0
1437	395	0	1.0
1438	239	0	1.0
1440	474	0	1.0
1442	1301	0	1.0
1442	1265	0	1.0
1444	1366	0	1.0
1445	364	0	1.0
1449	996	0	1.0
1449	980	0	1.0
1449	965	0	1.0
1449	618	0	1.0
1449	969	0	1.0
1450	1128	0	1.0
1450	1126	0	1.0
1453	349	0	1.0
1453	879	0	1.0
1453	226	0	1.0
1453	885	0	1.0
1454	343	0	1.0
1455	2146	0	1.0
1455	345	0	1.0
1460	248	0	1.0
1461	404	0	1.0
1461	247	0	1.0
1463	240	0	1.0
1463	953	0	1.0
1464	551	0	1.0
1464	623	0	1.0
1464	228	0	1.0
1464	993	0	1.0
1464	540	0	1.0
1465	407	0	1.0
1465	251	0	1.0
1465	404	0	1.0
1465	246	0	1.0
1465	247	0	1.0
1465	398	0	1.0
1466	665	0	1.0
1467	665	0	1.0
1468	404	0	1.0
1468	247	0	1.0
1471	407	0	1.0
1475	139	0	1.0
1475	1042	0	1.0
1475	1035	0	1.0
1475	181	0	1.0
1475	1032	0	1.0
1476	318	0	1.0
1477	346	0	1.0
1477	966	0	1.0
1478	320	0	1.0
1480	306	0	1.0
1480	1385	0	1.0
1480	295	0	1.0
1481	687	0	1.0
1482	1020	0	1.0
1482	1526	0	1.0
1483	690	0	1.0
1484	292	0	1.0
1485	1118	0	1.0
1485	1113	0	1.0
1486	293	0	1.0
1486	297	0	1.0
1486	314	0	1.0
1487	688	0	1.0
1487	696	0	1.0
1487	298	0	1.0
1488	696	0	1.0
1489	1296	0	1.0
1489	1273	0	1.0
1496	324	0	1.0
1496	696	0	1.0
1497	1018	0	1.0
1497	1490	0	1.0
1498	1131	0	1.0
1498	334	0	1.0
1498	689	0	1.0
1499	318	0	1.0
1499	332	0	1.0
1500	310	0	1.0
1500	1022	0	1.0
1500	1011	0	1.0
1502	294	0	1.0
1502	312	0	1.0
1504	315	0	1.0
1507	977	0	1.0
1508	1010	0	1.0
1510	321	0	1.0
1510	315	0	1.0
1512	888	0	1.0
1513	1132	0	1.0
1513	334	0	1.0
1513	1008	0	1.0
1514	318	0	1.0
1514	316	0	1.0
1515	1022	0	1.0
1517	334	0	1.0
1517	1008	0	1.0
1518	1010	0	1.0
1518	293	0	1.0
1518	323	0	1.0
1518	1024	0	1.0
1518	1023	0	1.0
1521	690	0	1.0
1524	696	0	1.0
1526	327	0	1.0
1526	334	0	1.0
1526	1015	0	1.0
1529	421	0	1.0
1529	419	0	1.0
1530	1530	0	1.0
1530	625	0	1.0
1531	737	0	1.0
1531	751	0	1.0
1533	647	0	1.0
1533	539	0	1.0
1534	563	0	1.0
1535	650	0	1.0
1536	627	0	1.0
1537	629	0	1.0
1537	949	0	1.0
1538	539	0	1.0
1538	619	0	1.0
1538	563	0	1.0
1539	649	0	1.0
1540	101	0	1.0
1542	1543	0	1.0
1543	1542	0	1.0
1545	922	0	1.0
1547	384	0	1.0
1548	387	0	1.0
1550	385	0	1.0
1550	388	0	1.0
1551	1138	0	1.0
1552	386	0	1.0
1552	1384	0	1.0
1553	221	0	1.0
1555	1001	0	1.0
1555	1052	0	1.0
1555	1037	0	1.0
1555	290	0	1.0
1555	562	0	1.0
1555	411	0	1.0
1557	732	0	1.0
1557	1105	0	1.0
1558	1106	0	1.0
1558	1043	0	1.0
1560	174	0	1.0
1560	1110	0	1.0
1560	1005	0	1.0
1560	181	0	1.0
1561	2225	0	1.0
1561	856	0	1.0
1561	347	0	1.0
1562	393	0	1.0
1563	1029	0	1.0
1563	1052	0	1.0
1563	1037	0	1.0
1564	1940	0	1.0
1565	1565	0	1.0
1565	887	0	1.0
1566	1938	0	1.0
1568	896	0	1.0
1568	1157	0	1.0
1568	2135	0	1.0
1570	1570	0	1.0
1570	547	0	1.0
1570	366	0	1.0
1571	1391	0	1.0
1571	611	0	1.0
1572	740	0	1.0
1572	753	0	1.0
1573	770	0	1.0
1574	623	0	1.0
1575	1029	0	1.0
1575	1037	0	1.0
1575	994	0	1.0
1576	407	0	1.0
1576	413	0	1.0
1576	415	0	1.0
1577	172	0	1.0
1577	1577	0	1.0
1578	139	0	1.0
1578	374	0	1.0
1578	870	0	1.0
1578	1780	0	1.0
1578	159	0	1.0
1578	167	0	1.0
1579	407	0	1.0
1579	404	0	1.0
1579	413	0	1.0
1579	952	0	1.0
1579	415	0	1.0
1579	400	0	1.0
1580	1584	0	1.0
1580	994	0	1.0
1580	153	0	1.0
1580	242	0	1.0
1581	1036	0	1.0
1581	169	0	1.0
1581	172	0	1.0
1583	406	0	1.0
1584	994	0	1.0
1584	1580	0	1.0
1585	980	0	1.0
1585	160	0	1.0
1586	391	0	1.0
1586	997	0	1.0
1587	981	0	1.0
1587	243	0	1.0
1588	556	0	1.0
1588	559	0	1.0
1588	619	0	1.0
1588	982	0	1.0
1589	968	0	1.0
1589	546	0	1.0
1590	563	0	1.0
1591	2215	0	1.0
1591	1095	0	1.0
1593	850	0	1.0
1593	440	0	1.0
1594	1166	0	1.0
1594	1597	0	1.0
1594	380	0	1.0
1595	840	0	1.0
1595	73	0	1.0
1595	844	0	1.0
1597	1166	0	1.0
1597	380	0	1.0
1598	1598	0	1.0
1601	782	0	1.0
1601	420	0	1.0
1602	421	0	1.0
1603	447	0	1.0
1604	435	0	1.0
1604	441	0	1.0
1605	423	0	1.0
1605	1164	0	1.0
1607	434	0	1.0
1611	532	0	1.0
1613	1215	0	1.0
1613	1177	0	1.0
1613	1178	0	1.0
1613	1197	0	1.0
1615	514	0	1.0
1616	1171	0	1.0
1616	515	0	1.0
1616	500	0	1.0
1617	485	0	1.0
1618	486	0	1.0
1619	506	0	1.0
1620	1135	0	1.0
1623	1173	0	1.0
1624	1215	0	1.0
1626	1136	0	1.0
1627	1281	0	1.0
1628	1644	0	1.0
1629	482	0	1.0
1630	505	0	1.0
1630	517	0	1.0
1631	532	0	1.0
1631	1187	0	1.0
1632	595	0	1.0
1632	709	0	1.0
1632	459	0	1.0
1633	529	0	1.0
1633	496	0	1.0
1633	452	0	1.0
1633	500	0	1.0
1634	1191	0	1.0
1634	1188	0	1.0
1634	1204	0	1.0
1635	509	0	1.0
1636	516	0	1.0
1636	536	0	1.0
1637	466	0	1.0
1638	492	0	1.0
1639	1202	0	1.0
1639	513	0	1.0
1639	1199	0	1.0
1639	1171	0	1.0
1639	1652	0	1.0
1639	478	0	1.0
1639	500	0	1.0
1640	535	0	1.0
1641	476	0	1.0
1642	1199	0	1.0
1642	502	0	1.0
1642	504	0	1.0
1643	1191	0	1.0
1643	1172	0	1.0
1644	1628	0	1.0
1646	530	0	1.0
1647	513	0	1.0
1647	1213	0	1.0
1647	478	0	1.0
1647	515	0	1.0
1647	500	0	1.0
1648	1210	0	1.0
1649	1191	0	1.0
1649	1188	0	1.0
1649	1204	0	1.0
1650	526	0	1.0
1650	517	0	1.0
1650	505	0	1.0
1650	1207	0	1.0
1651	1136	0	1.0
1652	1199	0	1.0
1652	1171	0	1.0
1652	1639	0	1.0
1652	500	0	1.0
1653	1191	0	1.0
1653	1173	0	1.0
1653	1656	0	1.0
1653	1204	0	1.0
1654	1654	0	1.0
1655	1171	0	1.0
1655	1178	0	1.0
1655	500	0	1.0
1656	1649	0	1.0
1656	1653	0	1.0
1657	1657	0	1.0
1659	472	0	1.0
1660	469	0	1.0
1660	473	0	1.0
1661	1375	0	1.0
1663	507	0	1.0
1665	506	0	1.0
1666	488	0	1.0
1666	531	0	1.0
1666	524	0	1.0
1667	1188	0	1.0
1667	1172	0	1.0
1667	458	0	1.0
1668	532	0	1.0
1669	1171	0	1.0
1669	478	0	1.0
1669	500	0	1.0
1670	1173	0	1.0
1674	988	0	1.0
1674	976	0	1.0
1674	620	0	1.0
1675	1303	0	1.0
1675	1459	0	1.0
1676	1678	0	1.0
1676	1679	0	1.0
1677	1236	0	1.0
1678	1311	0	1.0
1678	1676	0	1.0
1678	1679	0	1.0
1680	1255	0	1.0
1681	570	0	1.0
1683	1286	0	1.0
1683	1346	0	1.0
1685	1971	0	1.0
1686	570	0	1.0
1687	119	0	1.0
1687	118	0	1.0
1688	178	0	1.0
1688	133	0	1.0
1689	1120	0	1.0
1689	995	0	1.0
1691	2216	0	1.0
1691	623	0	1.0
1691	1029	0	1.0
1691	1809	0	1.0
1691	1037	0	1.0
1691	994	0	1.0
1691	2215	0	1.0
1691	2220	0	1.0
1691	1689	0	1.0
1691	411	0	1.0
1691	1805	0	1.0
1692	1813	0	1.0
1692	134	0	1.0
1692	581	0	1.0
1692	584	0	1.0
1693	131	0	1.0
1693	174	0	1.0
1693	1031	0	1.0
1693	1032	0	1.0
1694	583	0	1.0
1694	871	0	1.0
1695	562	0	1.0
1696	1222	0	1.0
1697	178	0	1.0
1697	133	0	1.0
1698	178	0	1.0
1698	578	0	1.0
1698	579	0	1.0
1698	1030	0	1.0
1698	1047	0	1.0
1698	133	0	1.0
1699	1034	0	1.0
1699	1041	0	1.0
1699	584	0	1.0
1700	358	0	1.0
1703	585	0	1.0
1704	586	0	1.0
1704	591	0	1.0
1704	588	0	1.0
1704	593	0	1.0
1704	589	0	1.0
1704	590	0	1.0
1705	586	0	1.0
1705	591	0	1.0
1705	588	0	1.0
1705	593	0	1.0
1705	587	0	1.0
1706	592	0	1.0
1706	585	0	1.0
1707	586	0	1.0
1707	591	0	1.0
1707	588	0	1.0
1707	593	0	1.0
1707	589	0	1.0
1707	587	0	1.0
1708	592	0	1.0
1708	585	0	1.0
1708	586	0	1.0
1708	588	0	1.0
1709	586	0	1.0
1709	593	0	1.0
1709	588	0	1.0
1710	586	0	1.0
1710	591	0	1.0
1710	588	0	1.0
1710	589	0	1.0
1710	590	0	1.0
1710	587	0	1.0
1711	593	0	1.0
1711	589	0	1.0
1711	591	0	1.0
1711	588	0	1.0
1711	587	0	1.0
1712	586	0	1.0
1712	585	0	1.0
1712	589	0	1.0
1712	587	0	1.0
1713	422	0	1.0
1713	444	0	1.0
1716	609	0	1.0
1717	561	0	1.0
1717	620	0	1.0
1718	170	0	1.0
1718	861	0	1.0
1718	983	0	1.0
1719	31	0	1.0
1719	861	0	1.0
1719	544	0	1.0
1719	170	0	1.0
1720	985	0	1.0
1720	1093	0	1.0
1720	1000	0	1.0
1720	999	0	1.0
1721	967	0	1.0
1721	561	0	1.0
1721	633	0	1.0
1722	794	0	1.0
1722	975	0	1.0
1722	983	0	1.0
1723	977	0	1.0
1724	612	0	1.0
1725	910	0	1.0
1725	916	0	1.0
1726	2122	0	1.0
1726	543	0	1.0
1726	2214	0	1.0
1726	418	0	1.0
1726	147	0	1.0
1726	622	0	1.0
1728	951	0	1.0
1729	1027	0	1.0
1730	177	0	1.0
1730	136	0	1.0
1730	1731	0	1.0
1731	139	0	1.0
1731	136	0	1.0
1731	1730	0	1.0
1731	1222	0	1.0
1732	178	0	1.0
1734	273	0	1.0
1734	269	0	1.0
1734	281	0	1.0
1735	358	0	1.0
1735	361	0	1.0
1736	361	0	1.0
1738	641	0	1.0
1738	644	0	1.0
1739	642	0	1.0
1740	640	0	1.0
1741	580	0	1.0
1741	558	0	1.0
1741	542	0	1.0
1741	621	0	1.0
1742	648	0	1.0
1743	648	0	1.0
1743	650	0	1.0
1743	1535	0	1.0
1746	653	0	1.0
1747	873	0	1.0
1748	877	0	1.0
1749	1505	0	1.0
1752	876	0	1.0
1753	634	0	1.0
1754	973	0	1.0
1754	556	0	1.0
1754	627	0	1.0
1754	549	0	1.0
1755	630	0	1.0
1756	1093	0	1.0
1756	614	0	1.0
1758	638	0	1.0
1759	666	0	1.0
1760	415	0	1.0
1760	404	0	1.0
1760	400	0	1.0
1763	1253	0	1.0
1763	1086	0	1.0
1763	1087	0	1.0
1763	1679	0	1.0
1765	1391	0	1.0
1766	291	0	1.0
1767	1124	0	1.0
1767	1104	0	1.0
1768	681	0	1.0
1768	202	0	1.0
1768	1793	0	1.0
1768	1770	0	1.0
1769	160	0	1.0
1769	161	0	1.0
1770	681	0	1.0
1770	202	0	1.0
1770	1793	0	1.0
1771	681	0	1.0
1771	202	0	1.0
1771	235	0	1.0
1772	681	0	1.0
1772	202	0	1.0
1773	1783	0	1.0
1773	1403	0	1.0
1774	672	0	1.0
1775	1128	0	1.0
1776	1128	0	1.0
1778	369	0	1.0
1779	163	0	1.0
1779	414	0	1.0
1780	374	0	1.0
1780	870	0	1.0
1780	996	0	1.0
1780	965	0	1.0
1780	998	0	1.0
1780	167	0	1.0
1781	405	0	1.0
1782	160	0	1.0
1782	153	0	1.0
1783	1110	0	1.0
1784	228	0	1.0
1784	160	0	1.0
1784	621	0	1.0
1786	245	0	1.0
1788	1116	0	1.0
1790	869	0	1.0
1790	164	0	1.0
1792	1792	0	1.0
1793	681	0	1.0
1793	202	0	1.0
1795	6	0	1.0
1796	318	0	1.0
1799	686	0	1.0
1800	317	0	1.0
1801	690	0	1.0
1801	333	0	1.0
1801	332	0	1.0
1802	1803	0	1.0
1802	333	0	1.0
1803	333	0	1.0
1804	1385	0	1.0
1805	2216	0	1.0
1806	578	0	1.0
1806	579	0	1.0
1806	1030	0	1.0
1807	618	0	1.0
1807	991	0	1.0
1807	1044	0	1.0
1807	972	0	1.0
1807	993	0	1.0
1807	1810	0	1.0
1807	969	0	1.0
1807	2223	0	1.0
1808	1030	0	1.0
1809	411	0	1.0
1809	2220	0	1.0
1809	1037	0	1.0
1810	552	0	1.0
1810	618	0	1.0
1810	994	0	1.0
1810	991	0	1.0
1810	1044	0	1.0
1810	621	0	1.0
1810	551	0	1.0
1810	993	0	1.0
1810	2223	0	1.0
1810	543	0	1.0
1811	139	0	1.0
1812	1044	0	1.0
1812	551	0	1.0
1812	622	0	1.0
1812	545	0	1.0
1812	228	0	1.0
1812	543	0	1.0
1812	1140	0	1.0
1812	418	0	1.0
1812	979	0	1.0
1813	1034	0	1.0
1814	1006	0	1.0
1814	180	0	1.0
1815	1031	0	1.0
1815	1004	0	1.0
1815	180	0	1.0
1816	780	0	1.0
1816	776	0	1.0
1817	171	0	1.0
1819	783	0	1.0
1822	792	0	1.0
1823	788	0	1.0
1823	779	0	1.0
1826	176	0	1.0
1828	784	0	1.0
1829	777	0	1.0
1830	170	0	1.0
1832	785	0	1.0
1833	959	0	1.0
1834	1416	0	1.0
1835	788	0	1.0
1837	672	0	1.0
1837	670	0	1.0
1838	423	0	1.0
1838	450	0	1.0
1839	1353	0	1.0
1840	1860	0	1.0
1841	1842	0	1.0
1841	1977	0	1.0
1842	1840	0	1.0
1843	97	0	1.0
1843	846	0	1.0
1845	1022	0	1.0
1845	64	0	1.0
1847	83	0	1.0
1847	107	0	1.0
1847	98	0	1.0
1850	821	0	1.0
1850	892	0	1.0
1851	1851	0	1.0
1852	95	0	1.0
1852	89	0	1.0
1853	852	0	1.0
1853	1856	0	1.0
1854	92	0	1.0
1854	83	0	1.0
1854	1847	0	1.0
1855	92	0	1.0
1855	846	0	1.0
1856	852	0	1.0
1856	1853	0	1.0
1858	824	0	1.0
1858	838	0	1.0
1858	96	0	1.0
1859	851	0	1.0
1859	807	0	1.0
1859	205	0	1.0
1860	1250	0	1.0
1861	1189	0	1.0
1862	185	0	1.0
1862	92	0	1.0
1863	1864	0	1.0
1864	1863	0	1.0
1868	944	0	1.0
1868	264	0	1.0
1869	1909	0	1.0
1869	1908	0	1.0
1869	934	0	1.0
1869	279	0	1.0
1869	266	0	1.0
1870	361	0	1.0
1870	804	0	1.0
1872	285	0	1.0
1872	930	0	1.0
1873	275	0	1.0
1874	273	0	1.0
1876	261	0	1.0
1876	1412	0	1.0
1876	1912	0	1.0
1876	944	0	1.0
1876	264	0	1.0
1878	944	0	1.0
1878	264	0	1.0
1879	1409	0	1.0
1879	1415	0	1.0
1880	257	0	1.0
1880	278	0	1.0
1880	184	0	1.0
1880	1413	0	1.0
1882	1884	0	1.0
1883	183	0	1.0
1883	284	0	1.0
1884	1882	0	1.0
1885	1190	0	1.0
1885	276	0	1.0
1885	1411	0	1.0
1885	508	0	1.0
1885	362	0	1.0
1886	935	0	1.0
1887	1130	0	1.0
1888	942	0	1.0
1889	283	0	1.0
1889	269	0	1.0
1891	1217	0	1.0
1891	335	0	1.0
1891	337	0	1.0
1891	336	0	1.0
1892	1217	0	1.0
1892	1891	0	1.0
1892	335	0	1.0
1892	337	0	1.0
1892	336	0	1.0
1893	1242	0	1.0
1893	358	0	1.0
1894	1057	0	1.0
1894	1259	0	1.0
1894	1067	0	1.0
1895	1244	0	1.0
1895	1242	0	1.0
1895	361	0	1.0
1898	1284	0	1.0
1898	1304	0	1.0
1898	1314	0	1.0
1898	1291	0	1.0
1898	1268	0	1.0
1899	1924	0	1.0
1899	1242	0	1.0
1899	352	0	1.0
1899	1096	0	1.0
1900	605	0	1.0
1900	960	0	1.0
1901	956	0	1.0
1903	1904	0	1.0
1903	962	0	1.0
1903	957	0	1.0
1905	954	0	1.0
1906	604	0	1.0
1907	961	0	1.0
1908	98	0	1.0
1908	266	0	1.0
1908	1909	0	1.0
1909	279	0	1.0
1909	1908	0	1.0
1909	98	0	1.0
1909	266	0	1.0
1910	927	0	1.0
1910	939	0	1.0
1910	928	0	1.0
1912	261	0	1.0
1912	1412	0	1.0
1913	290	0	1.0
1913	2216	0	1.0
1913	1120	0	1.0
1913	1029	0	1.0
1913	30	0	1.0
1913	1037	0	1.0
1914	160	0	1.0
1914	1095	0	1.0
1914	198	0	1.0
1914	234	0	1.0
1914	969	0	1.0
1915	966	0	1.0
1915	1590	0	1.0
1916	652	0	1.0
1916	997	0	1.0
1916	391	0	1.0
1917	619	0	1.0
1917	982	0	1.0
1917	556	0	1.0
1917	539	0	1.0
1917	1534	0	1.0
1918	32	0	1.0
1918	200	0	1.0
1918	971	0	1.0
1919	2216	0	1.0
1919	980	0	1.0
1919	994	0	1.0
1919	2215	0	1.0
1919	2220	0	1.0
1919	1691	0	1.0
1919	1120	0	1.0
1919	1591	0	1.0
1919	969	0	1.0
1919	2223	0	1.0
1920	1001	0	1.0
1920	980	0	1.0
1920	970	0	1.0
1920	160	0	1.0
1920	994	0	1.0
1920	2221	0	1.0
1920	176	0	1.0
1920	1591	0	1.0
1920	2215	0	1.0
1920	1095	0	1.0
1920	969	0	1.0
1921	548	0	1.0
1922	1720	0	1.0
1922	992	0	1.0
1922	989	0	1.0
1922	611	0	1.0
1923	1187	0	1.0
1924	1232	0	1.0
1924	1242	0	1.0
1924	354	0	1.0
1924	813	0	1.0
1924	352	0	1.0
1924	1096	0	1.0
1926	1100	0	1.0
1927	1099	0	1.0
1928	248	0	1.0
1929	1466	0	1.0
1929	665	0	1.0
1930	2221	0	1.0
1930	2223	0	1.0
1931	1001	0	1.0
1931	2215	0	1.0
1931	2110	0	1.0
1932	1241	0	1.0
1932	887	0	1.0
1932	69	0	1.0
1933	699	0	1.0
1934	881	0	1.0
1934	1400	0	1.0
1935	219	0	1.0
1935	885	0	1.0
1936	717	0	1.0
1937	1951	0	1.0
1937	743	0	1.0
1937	721	0	1.0
1938	1418	0	1.0
1939	2137	0	1.0
1939	1122	0	1.0
1941	758	0	1.0
1941	738	0	1.0
1943	1422	0	1.0
1943	721	0	1.0
1945	715	0	1.0
1946	582	0	1.0
1946	203	0	1.0
1949	715	0	1.0
1950	1419	0	1.0
1950	903	0	1.0
1950	911	0	1.0
1951	743	0	1.0
1951	721	0	1.0
1952	864	0	1.0
1952	865	0	1.0
1954	1345	0	1.0
1954	1373	0	1.0
1955	1304	0	1.0
1955	1076	0	1.0
1955	1291	0	1.0
1956	1063	0	1.0
1957	1311	0	1.0
1957	1303	0	1.0
1957	1459	0	1.0
1958	1270	0	1.0
1958	1341	0	1.0
1958	1068	0	1.0
1959	1055	0	1.0
1961	1303	0	1.0
1961	1459	0	1.0
1962	1282	0	1.0
1963	1280	0	1.0
1963	1265	0	1.0
1963	1278	0	1.0
1964	1291	0	1.0
1965	1284	0	1.0
1965	1304	0	1.0
1966	1331	0	1.0
1966	1062	0	1.0
1966	1317	0	1.0
1967	1281	0	1.0
1969	1458	0	1.0
1969	1457	0	1.0
1969	1056	0	1.0
1969	1272	0	1.0
1971	1345	0	1.0
1972	1069	0	1.0
1973	1331	0	1.0
1975	1312	0	1.0
1975	1299	0	1.0
1976	1278	0	1.0
1976	1280	0	1.0
1976	1309	0	1.0
1976	1263	0	1.0
1976	1265	0	1.0
1977	1332	0	1.0
1978	1357	0	1.0
1979	2007	0	1.0
1979	1092	0	1.0
1979	210	0	1.0
1980	1259	0	1.0
1980	1315	0	1.0
1980	1285	0	1.0
1981	1082	0	1.0
1982	1082	0	1.0
1982	1080	0	1.0
1983	1065	0	1.0
1983	210	0	1.0
1984	1061	0	1.0
1984	1297	0	1.0
1984	1456	0	1.0
1984	1328	0	1.0
1985	1326	0	1.0
1985	1442	0	1.0
1985	1301	0	1.0
1986	1347	0	1.0
1987	1362	0	1.0
1988	1054	0	1.0
1988	1265	0	1.0
1989	1315	0	1.0
1989	1307	0	1.0
1989	1059	0	1.0
1989	1322	0	1.0
1989	1316	0	1.0
1990	1333	0	1.0
1991	1311	0	1.0
1991	1275	0	1.0
1992	1285	0	1.0
1993	1294	0	1.0
1994	1333	0	1.0
1994	1340	0	1.0
1995	1061	0	1.0
1995	1347	0	1.0
1995	1054	0	1.0
1996	1068	0	1.0
1998	1066	0	1.0
1998	1344	0	1.0
1999	1278	0	1.0
1999	1265	0	1.0
2000	1271	0	1.0
2001	1327	0	1.0
2001	1019	0	1.0
2003	1346	0	1.0
2003	1296	0	1.0
2004	1259	0	1.0
2004	1276	0	1.0
2005	1293	0	1.0
2005	1070	0	1.0
2006	1973	0	1.0
2006	1069	0	1.0
2006	1291	0	1.0
2006	1295	0	1.0
2006	1085	0	1.0
2007	1315	0	1.0
2007	1092	0	1.0
2007	536	0	1.0
2007	1979	0	1.0
2007	210	0	1.0
2008	1286	0	1.0
2008	1318	0	1.0
2008	1343	0	1.0
2009	2018	0	1.0
2010	1279	0	1.0
2010	1274	0	1.0
2010	1062	0	1.0
2010	1317	0	1.0
2011	1286	0	1.0
2011	1346	0	1.0
2013	1347	0	1.0
2013	1053	0	1.0
2013	1320	0	1.0
2013	1054	0	1.0
2014	1280	0	1.0
2014	1265	0	1.0
2014	1278	0	1.0
2014	1309	0	1.0
2014	1317	0	1.0
2014	1263	0	1.0
2015	1284	0	1.0
2015	1304	0	1.0
2015	1291	0	1.0
2017	1279	0	1.0
2018	2009	0	1.0
2019	1311	0	1.0
2019	1303	0	1.0
2019	1275	0	1.0
2020	1283	0	1.0
2020	1342	0	1.0
2022	1309	0	1.0
2022	1090	0	1.0
2024	1284	0	1.0
2024	1291	0	1.0
2025	1391	0	1.0
2025	291	0	1.0
2028	563	0	1.0
2029	81	0	1.0
2029	2032	0	1.0
2030	775	0	1.0
2030	1004	0	1.0
2030	1002	0	1.0
2030	1815	0	1.0
2030	180	0	1.0
2031	349	0	1.0
2032	2029	0	1.0
2032	1765	0	1.0
2035	528	0	1.0
2035	1135	0	1.0
2035	1620	0	1.0
2036	1135	0	1.0
2036	1655	0	1.0
2036	1620	0	1.0
2037	1134	0	1.0
2037	1136	0	1.0
2038	1135	0	1.0
2038	1620	0	1.0
2041	1160	0	1.0
2042	1158	0	1.0
2044	951	0	1.0
2046	1728	0	1.0
2046	1160	0	1.0
2049	541	0	1.0
2050	2133	0	1.0
2054	2054	0	1.0
2054	963	0	1.0
2057	853	0	1.0
2057	181	0	1.0
2057	1032	0	1.0
2058	2062	0	1.0
2058	895	0	1.0
2058	1111	0	1.0
2060	374	0	1.0
2060	159	0	1.0
2060	1578	0	1.0
2060	405	0	1.0
2060	167	0	1.0
2061	177	0	1.0
2061	1003	0	1.0
2061	1007	0	1.0
2062	1111	0	1.0
2062	895	0	1.0
2063	1040	0	1.0
2063	581	0	1.0
2063	133	0	1.0
2068	1985	0	1.0
2068	1442	0	1.0
2068	1301	0	1.0
2068	1272	0	1.0
2071	410	0	1.0
2071	574	0	1.0
2071	669	0	1.0
2071	668	0	1.0
2072	681	0	1.0
2072	235	0	1.0
2074	1000	0	1.0
2074	1093	0	1.0
2074	627	0	1.0
2076	891	0	1.0
2076	1410	0	1.0
2077	428	0	1.0
2079	1151	0	1.0
2080	269	0	1.0
2081	257	0	1.0
2082	1897	0	1.0
2082	931	0	1.0
2083	288	0	1.0
2083	273	0	1.0
2083	269	0	1.0
2084	929	0	1.0
2085	1866	0	1.0
2086	285	0	1.0
2087	941	0	1.0
2088	256	0	1.0
2088	94	0	1.0
2088	184	0	1.0
2088	1413	0	1.0
2089	944	0	1.0
2089	264	0	1.0
2090	258	0	1.0
2090	283	0	1.0
2091	261	0	1.0
2091	1412	0	1.0
2091	267	0	1.0
2091	1912	0	1.0
2091	262	0	1.0
2092	271	0	1.0
2092	940	0	1.0
2093	2091	0	1.0
2093	1412	0	1.0
2093	1912	0	1.0
2094	281	0	1.0
2094	939	0	1.0
2094	262	0	1.0
2094	273	0	1.0
2098	287	0	1.0
2098	282	0	1.0
2099	2099	0	1.0
2100	2100	0	1.0
2101	413	0	1.0
2102	663	0	1.0
2104	240	0	1.0
2104	953	0	1.0
2104	415	0	1.0
2105	101	0	1.0
2105	1540	0	1.0
2106	139	0	1.0
2106	1811	0	1.0
2107	137	0	1.0
2109	391	0	1.0
2109	1586	0	1.0
2109	997	0	1.0
2110	1001	0	1.0
2110	1931	0	1.0
2110	2215	0	1.0
2111	990	0	1.0
2112	1538	0	1.0
2112	539	0	1.0
2112	1533	0	1.0
2112	647	0	1.0
2113	1392	0	1.0
2113	1394	0	1.0
2114	650	0	1.0
2114	1393	0	1.0
2118	541	0	1.0
2118	913	0	1.0
2118	908	0	1.0
2118	1922	0	1.0
2120	6	0	1.0
2122	652	0	1.0
2122	988	0	1.0
2122	1726	0	1.0
2122	621	0	1.0
2122	620	0	1.0
2123	1500	0	1.0
2124	1482	0	1.0
2124	329	0	1.0
2124	334	0	1.0
2125	817	0	1.0
2126	1860	0	1.0
2127	813	0	1.0
2128	2138	0	1.0
2129	397	0	1.0
2129	156	0	1.0
2129	374	0	1.0
2129	157	0	1.0
2129	165	0	1.0
2130	1402	0	1.0
2130	584	0	1.0
2132	752	0	1.0
2133	2050	0	1.0
2135	1399	0	1.0
2135	896	0	1.0
2137	1939	0	1.0
2137	1122	0	1.0
2139	860	0	1.0
2139	2141	0	1.0
2141	860	0	1.0
2141	2139	0	1.0
2142	717	0	1.0
2143	2147	0	1.0
2146	139	0	1.0
2146	345	0	1.0
2153	881	0	1.0
2153	1400	0	1.0
2159	348	0	1.0
2160	1021	0	1.0
2161	1113	0	1.0
2162	1747	0	1.0
2162	873	0	1.0
2162	2165	0	1.0
2162	1113	0	1.0
2163	1324	0	1.0
2163	1117	0	1.0
2164	1011	0	1.0
2165	1485	0	1.0
2165	2162	0	1.0
2165	661	0	1.0
2165	1113	0	1.0
2166	1745	0	1.0
2167	1112	0	1.0
2167	1750	0	1.0
2169	207	0	1.0
2170	193	0	1.0
2171	858	0	1.0
2171	1144	0	1.0
2172	188	0	1.0
2172	192	0	1.0
2172	189	0	1.0
2173	24	0	1.0
2174	2175	0	1.0
2179	72	0	1.0
2180	1025	0	1.0
2180	22	0	1.0
2182	2950	0	1.0
2183	1608	0	1.0
2184	478	0	1.0
2184	486	0	1.0
2184	513	0	1.0
2184	500	0	1.0
2185	1358	0	1.0
2186	483	0	1.0
2186	2342	0	1.0
2188	1601	0	1.0
2189	1163	0	1.0
2190	1164	0	1.0
2190	1607	0	1.0
2191	1163	0	1.0
2191	1849	0	1.0
2192	1226	0	1.0
2192	1230	0	1.0
2193	1677	0	1.0
2194	1409	0	1.0
2194	1415	0	1.0
2196	1099	0	1.0
2196	1225	0	1.0
2197	824	0	1.0
2198	929	0	1.0
2198	362	0	1.0
2199	1879	0	1.0
2199	265	0	1.0
2201	1224	0	1.0
2204	441	0	1.0
2204	815	0	1.0
2205	1223	0	1.0
2206	491	0	1.0
2207	1608	0	1.0
2208	1724	0	1.0
2209	630	0	1.0
2209	1755	0	1.0
2210	370	0	1.0
2211	630	0	1.0
2211	2209	0	1.0
2211	1755	0	1.0
2212	45	0	1.0
2213	2212	0	1.0
2214	618	0	1.0
2214	543	0	1.0
2214	991	0	1.0
2214	418	0	1.0
2214	996	0	1.0
2214	621	0	1.0
2214	993	0	1.0
2214	622	0	1.0
2214	545	0	1.0
2215	2216	0	1.0
2215	994	0	1.0
2215	1037	0	1.0
2215	290	0	1.0
2215	562	0	1.0
2215	1120	0	1.0
2216	1029	0	1.0
2216	2215	0	1.0
2216	1037	0	1.0
2216	290	0	1.0
2216	562	0	1.0
2216	545	0	1.0
2218	618	0	1.0
2218	561	0	1.0
2218	979	0	1.0
2219	556	0	1.0
2219	982	0	1.0
2220	562	0	1.0
2220	995	0	1.0
2222	580	0	1.0
2222	621	0	1.0
2222	1140	0	1.0
2222	542	0	1.0
2222	620	0	1.0
2223	965	0	1.0
2223	618	0	1.0
2223	543	0	1.0
2223	969	0	1.0
2223	29	0	1.0
2225	856	0	1.0
2225	347	0	1.0
2225	348	0	1.0
2225	1234	0	1.0
2225	1561	0	1.0
2225	806	0	1.0
2227	1177	0	1.0
2227	2278	0	1.0
2227	1211	0	1.0
2229	1311	0	1.0
2229	1678	0	1.0
2229	1676	0	1.0
2230	1315	0	1.0
2230	566	0	1.0
2230	1337	0	1.0
2230	2239	0	1.0
2232	1283	0	1.0
2232	1081	0	1.0
2232	2240	0	1.0
2233	1086	0	1.0
2233	1087	0	1.0
2233	1763	0	1.0
2233	1679	0	1.0
2234	1071	0	1.0
2235	1458	0	1.0
2235	1457	0	1.0
2235	1056	0	1.0
2235	1969	0	1.0
2236	1304	0	1.0
2236	1291	0	1.0
2236	1314	0	1.0
2237	1311	0	1.0
2237	1675	0	1.0
2237	1678	0	1.0
2237	1676	0	1.0
2237	1679	0	1.0
2238	1286	0	1.0
2238	1675	0	1.0
2238	1678	0	1.0
2238	1676	0	1.0
2238	1679	0	1.0
2239	1315	0	1.0
2239	566	0	1.0
2239	1337	0	1.0
2239	2230	0	1.0
2240	2232	0	1.0
2240	1879	0	1.0
2240	1283	0	1.0
2241	1311	0	1.0
2241	1286	0	1.0
2241	1675	0	1.0
2241	1678	0	1.0
2241	230	0	1.0
2241	1676	0	1.0
2241	1346	0	1.0
2241	1679	0	1.0
2242	1311	0	1.0
2242	1286	0	1.0
2242	1675	0	1.0
2242	1678	0	1.0
2242	230	0	1.0
2242	1676	0	1.0
2242	1346	0	1.0
2244	1198	0	1.0
2244	488	0	1.0
2244	531	0	1.0
2245	1440	0	1.0
2245	480	0	1.0
2246	478	0	1.0
2246	500	0	1.0
2246	1669	0	1.0
2247	1630	0	1.0
2248	1653	0	1.0
2248	493	0	1.0
2248	1214	0	1.0
2249	1174	0	1.0
2249	1202	0	1.0
2249	1176	0	1.0
2250	532	0	1.0
2251	453	0	1.0
2251	496	0	1.0
2251	488	0	1.0
2252	1634	0	1.0
2252	525	0	1.0
2252	1670	0	1.0
2252	1214	0	1.0
2252	1173	0	1.0
2252	1204	0	1.0
2254	1616	0	1.0
2255	505	0	1.0
2255	503	0	1.0
2255	1206	0	1.0
2255	1612	0	1.0
2255	1630	0	1.0
2255	2277	0	1.0
2255	538	0	1.0
2256	1652	0	1.0
2256	1638	0	1.0
2256	500	0	1.0
2256	504	0	1.0
2257	1612	0	1.0
2257	1180	0	1.0
2257	1650	0	1.0
2258	1197	0	1.0
2258	1193	0	1.0
2259	1192	0	1.0
2261	503	0	1.0
2261	1650	0	1.0
2261	2257	0	1.0
2262	490	0	1.0
2262	1180	0	1.0
2262	524	0	1.0
2263	1176	0	1.0
2263	535	0	1.0
2263	464	0	1.0
2264	505	0	1.0
2264	503	0	1.0
2265	460	0	1.0
2265	1174	0	1.0
2266	529	0	1.0
2266	1194	0	1.0
2267	538	0	1.0
2268	519	0	1.0
2268	1179	0	1.0
2269	1205	0	1.0
2270	1186	0	1.0
2270	1202	0	1.0
2270	513	0	1.0
2270	478	0	1.0
2271	1639	0	1.0
2271	464	0	1.0
2271	478	0	1.0
2272	1191	0	1.0
2272	1173	0	1.0
2272	1204	0	1.0
2273	1174	0	1.0
2273	480	0	1.0
2273	1173	0	1.0
2274	1639	0	1.0
2274	500	0	1.0
2275	532	0	1.0
2275	1182	0	1.0
2275	1203	0	1.0
2276	1635	0	1.0
2276	1213	0	1.0
2276	513	0	1.0
2276	509	0	1.0
2277	505	0	1.0
2277	1612	0	1.0
2277	538	0	1.0
2278	1173	0	1.0
2278	1177	0	1.0
2278	1211	0	1.0
2279	2279	0	1.0
2280	638	0	1.0
2280	1759	0	1.0
2280	2429	0	1.0
2280	1758	0	1.0
2282	1341	0	1.0
2282	873	0	1.0
2282	1342	0	1.0
2282	1072	0	1.0
2283	1970	0	1.0
2284	1053	0	1.0
2285	1066	0	1.0
2286	1312	0	1.0
2286	1323	0	1.0
2287	1082	0	1.0
2287	1311	0	1.0
2287	1296	0	1.0
2288	1074	0	1.0
2289	1288	0	1.0
2289	1281	0	1.0
2291	1343	0	1.0
2292	1375	0	1.0
2292	1661	0	1.0
2293	1075	0	1.0
2293	2024	0	1.0
2293	1284	0	1.0
2293	1323	0	1.0
2293	1291	0	1.0
2294	1329	0	1.0
2294	1390	0	1.0
2295	1278	0	1.0
2295	1280	0	1.0
2295	1263	0	1.0
2295	1976	0	1.0
2295	1054	0	1.0
2296	1076	0	1.0
2296	1314	0	1.0
2297	1069	0	1.0
2297	1057	0	1.0
2297	1295	0	1.0
2297	1259	0	1.0
2297	1085	0	1.0
2298	1274	0	1.0
2298	1294	0	1.0
2298	1062	0	1.0
2299	1305	0	1.0
2300	1331	0	1.0
2302	636	0	1.0
2302	1387	0	1.0
2303	1458	0	1.0
2303	1272	0	1.0
2303	1364	0	1.0
2303	44	0	1.0
2304	1285	0	1.0
2304	1276	0	1.0
2305	1070	0	1.0
2306	1896	0	1.0
2307	1329	0	1.0
2307	1286	0	1.0
2307	230	0	1.0
2308	1274	0	1.0
2308	1279	0	1.0
2308	1062	0	1.0
2308	1317	0	1.0
2309	1458	0	1.0
2309	1457	0	1.0
2309	2318	0	1.0
2309	1272	0	1.0
2310	1274	0	1.0
2310	1278	0	1.0
2310	1280	0	1.0
2310	1062	0	1.0
2310	1263	0	1.0
2310	1054	0	1.0
2311	1441	0	1.0
2311	1986	0	1.0
2312	1061	0	1.0
2312	1077	0	1.0
2313	1304	0	1.0
2313	1076	0	1.0
2313	1291	0	1.0
2314	1077	0	1.0
2315	1054	0	1.0
2318	1458	0	1.0
2318	1457	0	1.0
2318	1056	0	1.0
2318	1272	0	1.0
2318	1969	0	1.0
2320	1271	0	1.0
2320	1090	0	1.0
2321	1456	0	1.0
2321	1332	0	1.0
2322	1324	0	1.0
2322	1294	0	1.0
2322	1254	0	1.0
2322	1313	0	1.0
2322	1335	0	1.0
2323	1966	0	1.0
2323	1062	0	1.0
2323	1317	0	1.0
2323	1064	0	1.0
2324	1131	0	1.0
2324	886	0	1.0
2324	303	0	1.0
2324	1139	0	1.0
2325	1441	0	1.0
2326	1274	0	1.0
2327	1355	0	1.0
2328	1257	0	1.0
2329	1308	0	1.0
2329	1299	0	1.0
2329	1312	0	1.0
2329	569	0	1.0
2330	1341	0	1.0
2330	1342	0	1.0
2334	67	0	1.0
2335	1102	0	1.0
2336	1320	0	1.0
2336	1315	0	1.0
2336	1316	0	1.0
2338	1321	0	1.0
2338	1313	0	1.0
2339	1085	0	1.0
2339	1261	0	1.0
2339	1295	0	1.0
2340	536	0	1.0
2340	1286	0	1.0
2340	1346	0	1.0
2340	1343	0	1.0
2341	1054	0	1.0
2341	1265	0	1.0
2342	483	0	1.0
2343	1070	0	1.0
2346	1301	0	1.0
2347	1366	0	1.0
2348	1372	0	1.0
2349	530	0	1.0
2349	1646	0	1.0
2350	1347	0	1.0
2352	495	0	1.0
2353	1240	0	1.0
2354	1240	0	1.0
2355	2357	0	1.0
2355	2356	0	1.0
2356	1173	0	1.0
2356	2355	0	1.0
2356	2357	0	1.0
2357	2356	0	1.0
2357	2355	0	1.0
2359	139	0	1.0
2359	1730	0	1.0
2359	1731	0	1.0
2360	61	0	1.0
2363	1724	0	1.0
2363	612	0	1.0
2365	863	0	1.0
2365	28	0	1.0
2365	1427	0	1.0
2365	984	0	1.0
2366	377	0	1.0
2368	1001	0	1.0
2368	1919	0	1.0
2368	2614	0	1.0
2368	1120	0	1.0
2368	1037	0	1.0
2368	28	0	1.0
2368	1913	0	1.0
2368	1695	0	1.0
2369	690	0	1.0
2369	1801	0	1.0
2369	6	0	1.0
2369	1483	0	1.0
2371	334	0	1.0
2371	689	0	1.0
2371	1015	0	1.0
2371	1526	0	1.0
2371	1498	0	1.0
2372	386	0	1.0
2372	1552	0	1.0
2372	1384	0	1.0
2373	1022	0	1.0
2373	1515	0	1.0
2374	1478	0	1.0
2374	1383	0	1.0
2374	1504	0	1.0
2374	320	0	1.0
2374	1382	0	1.0
2374	1484	0	1.0
2375	321	0	1.0
2375	315	0	1.0
2375	1510	0	1.0
2375	1504	0	1.0
2376	694	0	1.0
2377	1479	0	1.0
2377	565	0	1.0
2378	1486	0	1.0
2378	327	0	1.0
2378	293	0	1.0
2379	332	0	1.0
2379	694	0	1.0
2381	6	0	1.0
2381	1795	0	1.0
2382	1509	0	1.0
2382	1021	0	1.0
2382	232	0	1.0
2383	325	0	1.0
2383	316	0	1.0
2384	310	0	1.0
2384	659	0	1.0
2384	1022	0	1.0
2384	1011	0	1.0
2384	1500	0	1.0
2384	2123	0	1.0
2385	1278	0	1.0
2385	1009	0	1.0
2385	1265	0	1.0
2386	332	0	1.0
2386	1493	0	1.0
2386	694	0	1.0
2387	1487	0	1.0
2387	696	0	1.0
2387	1523	0	1.0
2387	693	0	1.0
2387	688	0	1.0
2388	306	0	1.0
2389	1752	0	1.0
2389	1511	0	1.0
2389	1491	0	1.0
2389	1021	0	1.0
2390	1308	0	1.0
2390	314	0	1.0
2391	880	0	1.0
2391	1480	0	1.0
2391	1385	0	1.0
2391	295	0	1.0
2392	1478	0	1.0
2392	1484	0	1.0
2392	687	0	1.0
2393	312	0	1.0
2393	1727	0	1.0
2394	657	0	1.0
2394	1019	0	1.0
2395	297	0	1.0
2395	323	0	1.0
2396	692	0	1.0
2397	295	0	1.0
2398	880	0	1.0
2398	1385	0	1.0
2399	696	0	1.0
2399	308	0	1.0
2400	346	0	1.0
2400	1389	0	1.0
2400	977	0	1.0
2400	1507	0	1.0
2401	689	0	1.0
2401	1498	0	1.0
2401	314	0	1.0
2402	326	0	1.0
2402	1482	0	1.0
2402	1526	0	1.0
2402	1024	0	1.0
2403	689	0	1.0
2403	1498	0	1.0
2403	314	0	1.0
2404	690	0	1.0
2404	1801	0	1.0
2404	1483	0	1.0
2404	1802	0	1.0
2404	1495	0	1.0
2405	322	0	1.0
2406	1751	0	1.0
2406	877	0	1.0
2406	1748	0	1.0
2408	1523	0	1.0
2408	688	0	1.0
2408	696	0	1.0
2409	323	0	1.0
2409	326	0	1.0
2410	1516	0	1.0
2411	313	0	1.0
2412	2124	0	1.0
2413	1504	0	1.0
2413	1484	0	1.0
2413	693	0	1.0
2413	292	0	1.0
2414	1501	0	1.0
2414	1512	0	1.0
2414	1516	0	1.0
2414	328	0	1.0
2415	1132	0	1.0
2415	1016	0	1.0
2415	1513	0	1.0
2415	1139	0	1.0
2415	1024	0	1.0
2415	1479	0	1.0
2415	1008	0	1.0
2416	314	0	1.0
2417	1801	0	1.0
2417	332	0	1.0
2417	1495	0	1.0
2417	1521	0	1.0
2418	1503	0	1.0
2418	696	0	1.0
2419	1023	0	1.0
2420	327	0	1.0
2420	1023	0	1.0
2421	1446	0	1.0
2421	1750	0	1.0
2421	1744	0	1.0
2423	300	0	1.0
2423	298	0	1.0
2426	399	0	1.0
2427	1782	0	1.0
2427	1580	0	1.0
2428	406	0	1.0
2428	168	0	1.0
2428	408	0	1.0
2428	1583	0	1.0
2429	2280	0	1.0
2429	638	0	1.0
2429	1758	0	1.0
2430	248	0	1.0
2430	156	0	1.0
2430	404	0	1.0
2430	1461	0	1.0
2430	415	0	1.0
2431	1584	0	1.0
2431	397	0	1.0
2431	1580	0	1.0
2432	1584	0	1.0
2432	1782	0	1.0
2432	1580	0	1.0
2433	151	0	1.0
2433	402	0	1.0
2433	1783	0	1.0
2434	1041	0	1.0
2434	1781	0	1.0
2434	1699	0	1.0
2435	155	0	1.0
2435	1781	0	1.0
2436	2216	0	1.0
2436	1029	0	1.0
2436	1046	0	1.0
2436	2215	0	1.0
2436	1037	0	1.0
2437	397	0	1.0
2437	1577	0	1.0
2437	158	0	1.0
2438	870	0	1.0
2438	1780	0	1.0
2438	157	0	1.0
2438	1578	0	1.0
2438	397	0	1.0
2438	167	0	1.0
2439	1584	0	1.0
2439	970	0	1.0
2439	160	0	1.0
2439	161	0	1.0
2439	1580	0	1.0
2439	153	0	1.0
2441	617	0	1.0
2441	872	0	1.0
2441	553	0	1.0
2443	1997	0	1.0
2444	1966	0	1.0
2444	1294	0	1.0
2444	1062	0	1.0
2444	2017	0	1.0
2444	1317	0	1.0
2444	1265	0	1.0
2445	2446	0	1.0
2447	677	0	1.0
2447	671	0	1.0
2448	683	0	1.0
2448	1559	0	1.0
2449	203	0	1.0
2449	1559	0	1.0
2451	2454	0	1.0
2451	2452	0	1.0
2451	2453	0	1.0
2453	2454	0	1.0
2453	2452	0	1.0
2454	2455	0	1.0
2454	2452	0	1.0
2455	2454	0	1.0
2455	2452	0	1.0
2456	1405	0	1.0
2458	773	0	1.0
2460	1765	0	1.0
2461	258	0	1.0
2461	2097	0	1.0
2461	257	0	1.0
2462	1873	0	1.0
2462	267	0	1.0
2463	586	0	1.0
2463	593	0	1.0
2463	1712	0	1.0
2463	589	0	1.0
2463	590	0	1.0
2464	586	0	1.0
2464	1709	0	1.0
2464	593	0	1.0
2464	589	0	1.0
2464	1705	0	1.0
2464	588	0	1.0
2464	590	0	1.0
2465	1707	0	1.0
2465	1704	0	1.0
2465	1709	0	1.0
2465	1712	0	1.0
2465	589	0	1.0
2465	1705	0	1.0
2465	585	0	1.0
2465	1703	0	1.0
2466	1129	0	1.0
2467	692	0	1.0
2467	1846	0	1.0
2467	1119	0	1.0
2467	883	0	1.0
2468	1117	0	1.0
2468	330	0	1.0
2469	441	0	1.0
2470	1249	0	1.0
2470	441	0	1.0
2471	446	0	1.0
2472	433	0	1.0
2472	1596	0	1.0
2472	428	0	1.0
2474	2474	0	1.0
2475	1242	0	1.0
2475	358	0	1.0
2476	435	0	1.0
2477	1232	0	1.0
2477	1242	0	1.0
2477	804	0	1.0
2477	1244	0	1.0
2477	1700	0	1.0
2478	128	0	1.0
2479	815	0	1.0
2479	1840	0	1.0
2481	40	0	1.0
2481	39	0	1.0
2481	1148	0	1.0
2482	24	0	1.0
2483	24	0	1.0
2484	24	0	1.0
2485	2483	0	1.0
2485	2482	0	1.0
2485	2484	0	1.0
2485	24	0	1.0
2485	189	0	1.0
2486	92	0	1.0
2486	1420	0	1.0
2486	257	0	1.0
2486	1855	0	1.0
2486	1843	0	1.0
2488	2487	0	1.0
2488	2489	0	1.0
2490	2487	0	1.0
2490	2489	0	1.0
2491	1383	0	1.0
2491	1504	0	1.0
2491	320	0	1.0
2491	1484	0	1.0
2492	1800	0	1.0
2493	2387	0	1.0
2493	1487	0	1.0
2493	696	0	1.0
2493	1523	0	1.0
2493	688	0	1.0
2494	1799	0	1.0
2494	582	0	1.0
2495	308	0	1.0
2497	1797	0	1.0
2497	298	0	1.0
2498	2416	0	1.0
2498	1487	0	1.0
2498	1488	0	1.0
2498	696	0	1.0
2499	1801	0	1.0
2499	2417	0	1.0
2499	332	0	1.0
2499	1521	0	1.0
2500	1029	0	1.0
2500	2215	0	1.0
2500	2220	0	1.0
2500	1037	0	1.0
2500	411	0	1.0
2501	160	0	1.0
2501	2439	0	1.0
2501	1574	0	1.0
2502	2459	0	1.0
2502	2480	0	1.0
2502	768	0	1.0
2503	771	0	1.0
2504	634	0	1.0
2504	1753	0	1.0
2505	386	0	1.0
2506	1551	0	1.0
2506	1138	0	1.0
2506	2888	0	1.0
2506	388	0	1.0
2506	2187	0	1.0
2507	1551	0	1.0
2507	1138	0	1.0
2507	388	0	1.0
2507	987	0	1.0
2508	1551	0	1.0
2508	1138	0	1.0
2508	386	0	1.0
2508	2187	0	1.0
2508	1506	0	1.0
2509	353	0	1.0
2510	828	0	1.0
2512	672	0	1.0
2512	1774	0	1.0
2512	1837	0	1.0
2513	681	0	1.0
2513	202	0	1.0
2513	1793	0	1.0
2513	1772	0	1.0
2514	561	0	1.0
2514	620	0	1.0
2516	1813	0	1.0
2516	2130	0	1.0
2517	1576	0	1.0
2517	412	0	1.0
2518	789	0	1.0
2518	367	0	1.0
2518	171	0	1.0
2519	150	0	1.0
2519	133	0	1.0
2519	1808	0	1.0
2520	1584	0	1.0
2520	1580	0	1.0
2521	412	0	1.0
2521	149	0	1.0
2522	1688	0	1.0
2522	178	0	1.0
2522	1470	0	1.0
2522	133	0	1.0
2522	1808	0	1.0
2523	407	0	1.0
2523	1579	0	1.0
2523	415	0	1.0
2523	404	0	1.0
2524	551	0	1.0
2524	540	0	1.0
2525	1473	0	1.0
2525	1474	0	1.0
2526	1472	0	1.0
2527	1774	0	1.0
2527	681	0	1.0
2527	202	0	1.0
2527	1793	0	1.0
2528	1462	0	1.0
2529	1578	0	1.0
2529	374	0	1.0
2529	2438	0	1.0
2529	870	0	1.0
2529	157	0	1.0
2529	167	0	1.0
2529	1780	0	1.0
2530	965	0	1.0
2531	1461	0	1.0
2531	1468	0	1.0
2532	412	0	1.0
2532	253	0	1.0
2532	149	0	1.0
2534	632	0	1.0
2535	17	0	1.0
2538	211	0	1.0
2538	796	0	1.0
2538	889	0	1.0
2540	2313	0	1.0
2540	1291	0	1.0
2540	1268	0	1.0
2540	1964	0	1.0
2540	2296	0	1.0
2542	684	0	1.0
2544	1031	0	1.0
2544	175	0	1.0
2545	139	0	1.0
2545	136	0	1.0
2546	1766	0	1.0
2546	291	0	1.0
2547	131	0	1.0
2547	291	0	1.0
2548	1038	0	1.0
2548	1699	0	1.0
2548	584	0	1.0
2549	160	0	1.0
2549	2215	0	1.0
2549	1691	0	1.0
2549	1919	0	1.0
2549	1914	0	1.0
2549	198	0	1.0
2549	1920	0	1.0
2549	1591	0	1.0
2549	1695	0	1.0
2549	2666	0	1.0
2550	1042	0	1.0
2550	1560	0	1.0
2550	1005	0	1.0
2550	181	0	1.0
2550	1032	0	1.0
2550	1157	0	1.0
2551	1004	0	1.0
2551	1006	0	1.0
2551	1814	0	1.0
2551	1035	0	1.0
2551	1032	0	1.0
2551	180	0	1.0
2552	1303	0	1.0
2552	1459	0	1.0
2552	1957	0	1.0
2552	1961	0	1.0
2553	939	0	1.0
2553	932	0	1.0
2554	840	0	1.0
2554	1595	0	1.0
2555	23	0	1.0
2556	2860	0	1.0
2556	2851	0	1.0
2557	840	0	1.0
2557	73	0	1.0
2557	2554	0	1.0
2557	844	0	1.0
2557	1595	0	1.0
2558	215	0	1.0
2558	183	0	1.0
2558	284	0	1.0
2558	1883	0	1.0
2559	1888	0	1.0
2559	2082	0	1.0
2559	931	0	1.0
2560	266	0	1.0
2560	1909	0	1.0
2560	934	0	1.0
2560	279	0	1.0
2561	1888	0	1.0
2561	278	0	1.0
2561	280	0	1.0
2562	286	0	1.0
2562	926	0	1.0
2562	1142	0	1.0
2563	823	0	1.0
2564	1881	0	1.0
2565	1889	0	1.0
2565	259	0	1.0
2565	935	0	1.0
2565	943	0	1.0
2565	1886	0	1.0
2566	935	0	1.0
2566	1889	0	1.0
2566	1880	0	1.0
2566	1886	0	1.0
2566	1877	0	1.0
2567	1868	0	1.0
2567	944	0	1.0
2568	1904	0	1.0
2568	962	0	1.0
2569	802	0	1.0
2569	1404	0	1.0
2570	2216	0	1.0
2570	1029	0	1.0
2570	1809	0	1.0
2570	2215	0	1.0
2570	1052	0	1.0
2570	1037	0	1.0
2570	1120	0	1.0
2571	1774	0	1.0
2571	670	0	1.0
2572	1534	0	1.0
2573	2216	0	1.0
2573	1029	0	1.0
2573	1809	0	1.0
2573	1555	0	1.0
2573	2215	0	1.0
2573	2220	0	1.0
2573	1691	0	1.0
2573	1052	0	1.0
2573	1120	0	1.0
2574	170	0	1.0
2576	676	0	1.0
2576	2048	0	1.0
2578	1827	0	1.0
2579	1831	0	1.0
2582	1417	0	1.0
2583	1827	0	1.0
2584	796	0	1.0
2584	889	0	1.0
2586	1718	0	1.0
2587	1833	0	1.0
2587	975	0	1.0
2587	1722	0	1.0
2588	786	0	1.0
2589	986	0	1.0
2589	789	0	1.0
2590	798	0	1.0
2591	796	0	1.0
2591	889	0	1.0
2592	200	0	1.0
2593	1417	0	1.0
2594	1902	0	1.0
2595	801	0	1.0
2595	1219	0	1.0
2596	171	0	1.0
2597	782	0	1.0
2598	1569	0	1.0
2598	2155	0	1.0
2598	1455	0	1.0
2598	2148	0	1.0
2599	1693	0	1.0
2599	1042	0	1.0
2599	174	0	1.0
2599	1035	0	1.0
2599	1560	0	1.0
2599	1005	0	1.0
2600	1029	0	1.0
2600	2215	0	1.0
2600	1052	0	1.0
2600	2110	0	1.0
2600	1120	0	1.0
2600	411	0	1.0
2601	2134	0	1.0
2601	1566	0	1.0
2602	1106	0	1.0
2602	1558	0	1.0
2603	1447	0	1.0
2603	2138	0	1.0
2604	138	0	1.0
2604	1045	0	1.0
2604	1108	0	1.0
2605	239	0	1.0
2605	1438	0	1.0
2605	2147	0	1.0
2608	2142	0	1.0
2609	343	0	1.0
2610	1966	0	1.0
2610	1062	0	1.0
2610	1317	0	1.0
2610	1522	0	1.0
2610	44	0	1.0
2610	1954	0	1.0
2612	2218	0	1.0
2612	540	0	1.0
2612	561	0	1.0
2613	973	0	1.0
2613	1536	0	1.0
2614	1001	0	1.0
2614	2216	0	1.0
2614	1029	0	1.0
2614	1809	0	1.0
2614	2215	0	1.0
2614	2220	0	1.0
2614	1919	0	1.0
2614	625	0	1.0
2614	1037	0	1.0
2614	562	0	1.0
2615	559	0	1.0
2615	227	0	1.0
2615	611	0	1.0
2616	1544	0	1.0
2616	971	0	1.0
2617	1891	0	1.0
2618	1891	0	1.0
2618	335	0	1.0
2618	1217	0	1.0
2618	1892	0	1.0
2618	337	0	1.0
2618	336	0	1.0
2619	1891	0	1.0
2619	335	0	1.0
2619	1892	0	1.0
2619	337	0	1.0
2619	336	0	1.0
2619	2618	0	1.0
2619	2620	0	1.0
2620	1891	0	1.0
2620	335	0	1.0
2620	1892	0	1.0
2620	337	0	1.0
2620	336	0	1.0
2621	1945	0	1.0
2621	715	0	1.0
2622	753	0	1.0
2623	1418	0	1.0
2623	1566	0	1.0
2623	1938	0	1.0
2625	913	0	1.0
2625	918	0	1.0
2625	901	0	1.0
2625	999	0	1.0
2626	1947	0	1.0
2627	900	0	1.0
2627	902	0	1.0
2629	2649	0	1.0
2629	2031	0	1.0
2630	730	0	1.0
2631	1940	0	1.0
2631	1564	0	1.0
2632	921	0	1.0
2633	1431	0	1.0
2633	2633	0	1.0
2634	2143	0	1.0
2635	81	0	1.0
2635	395	0	1.0
2635	389	0	1.0
2636	1589	0	1.0
2636	546	0	1.0
2637	2224	0	1.0
2638	758	0	1.0
2639	1949	0	1.0
2639	715	0	1.0
2640	1418	0	1.0
2640	1938	0	1.0
2641	2219	0	1.0
2643	1437	0	1.0
2644	730	0	1.0
2645	349	0	1.0
2645	2031	0	1.0
2647	1941	0	1.0
2648	553	0	1.0
2648	620	0	1.0
2649	349	0	1.0
2649	2629	0	1.0
2651	1749	0	1.0
2651	1505	0	1.0
2653	1365	0	1.0
2653	1019	0	1.0
2654	924	0	1.0
2654	1739	0	1.0
2656	643	0	1.0
2657	2063	0	1.0
2657	1811	0	1.0
2658	1035	0	1.0
2658	2601	0	1.0
2658	2155	0	1.0
2658	1558	0	1.0
2659	1584	0	1.0
2659	404	0	1.0
2659	405	0	1.0
2660	1050	0	1.0
2660	1379	0	1.0
2661	1690	0	1.0
2662	996	0	1.0
2662	965	0	1.0
2662	618	0	1.0
2662	2223	0	1.0
2662	161	0	1.0
2662	1769	0	1.0
2663	1724	0	1.0
2663	612	0	1.0
2664	624	0	1.0
2664	1525	0	1.0
2665	1001	0	1.0
2665	1029	0	1.0
2665	2220	0	1.0
2665	1691	0	1.0
2665	995	0	1.0
2665	290	0	1.0
2665	1689	0	1.0
2665	1591	0	1.0
2666	2215	0	1.0
2666	1919	0	1.0
2666	1920	0	1.0
2666	1591	0	1.0
2666	1695	0	1.0
2667	1016	0	1.0
2667	1479	0	1.0
2668	2124	0	1.0
2669	1123	0	1.0
2671	1929	0	1.0
2671	1781	0	1.0
2671	1466	0	1.0
2672	2615	0	1.0
2672	548	0	1.0
2672	2217	0	1.0
2672	1556	0	1.0
2672	611	0	1.0
2672	1922	0	1.0
2673	281	0	1.0
2673	2094	0	1.0
2673	928	0	1.0
2673	936	0	1.0
2674	285	0	1.0
2674	930	0	1.0
2674	2086	0	1.0
2674	936	0	1.0
2675	1408	0	1.0
2675	1406	0	1.0
2675	285	0	1.0
2676	288	0	1.0
2676	1874	0	1.0
2676	1897	0	1.0
2676	280	0	1.0
2676	273	0	1.0
2676	2083	0	1.0
2676	269	0	1.0
2677	1870	0	1.0
2677	818	0	1.0
2677	1875	0	1.0
2678	258	0	1.0
2678	1414	0	1.0
2679	2091	0	1.0
2679	1888	0	1.0
2679	261	0	1.0
2679	1412	0	1.0
2679	1912	0	1.0
2680	1875	0	1.0
2680	1866	0	1.0
2681	946	0	1.0
2681	1865	0	1.0
2681	279	0	1.0
2681	266	0	1.0
2681	1909	0	1.0
2681	934	0	1.0
2682	934	0	1.0
2683	1889	0	1.0
2683	265	0	1.0
2683	943	0	1.0
2683	1886	0	1.0
2683	285	0	1.0
2683	1184	0	1.0
2683	930	0	1.0
2683	935	0	1.0
2683	1872	0	1.0
2684	2216	0	1.0
2684	980	0	1.0
2684	994	0	1.0
2684	2215	0	1.0
2684	1919	0	1.0
2684	1920	0	1.0
2684	1120	0	1.0
2684	1591	0	1.0
2684	1695	0	1.0
2684	2666	0	1.0
2685	1920	0	1.0
2685	2216	0	1.0
2685	1120	0	1.0
2685	1591	0	1.0
2685	2215	0	1.0
2685	1805	0	1.0
2685	1919	0	1.0
2686	628	0	1.0
2686	1717	0	1.0
2686	967	0	1.0
2686	561	0	1.0
2686	795	0	1.0
2686	620	0	1.0
2687	2615	0	1.0
2687	559	0	1.0
2687	982	0	1.0
2688	341	0	1.0
2690	295	0	1.0
2690	1490	0	1.0
2690	1497	0	1.0
2691	1132	0	1.0
2691	1517	0	1.0
2691	334	0	1.0
2691	1513	0	1.0
2691	303	0	1.0
2691	1479	0	1.0
2692	1501	0	1.0
2692	2136	0	1.0
2692	2123	0	1.0
2692	305	0	1.0
2692	2414	0	1.0
2692	1014	0	1.0
2692	1516	0	1.0
2695	2171	0	1.0
2695	1144	0	1.0
2696	2316	0	1.0
2696	1286	0	1.0
2696	2008	0	1.0
2696	1346	0	1.0
2696	566	0	1.0
2696	230	0	1.0
2697	2283	0	1.0
2697	2325	0	1.0
2698	2306	0	1.0
2698	1974	0	1.0
2698	1896	0	1.0
2698	1066	0	1.0
2699	2322	0	1.0
2699	2014	0	1.0
2699	1335	0	1.0
2700	1278	0	1.0
2700	2310	0	1.0
2700	1995	0	1.0
2700	1054	0	1.0
2701	1363	0	1.0
2702	1284	0	1.0
2702	1314	0	1.0
2702	1268	0	1.0
2703	1259	0	1.0
2703	1085	0	1.0
2703	1261	0	1.0
2704	482	0	1.0
2704	1629	0	1.0
2705	1360	0	1.0
2705	1070	0	1.0
2706	1352	0	1.0
2706	2011	0	1.0
2706	2003	0	1.0
2707	2337	0	1.0
2708	1442	0	1.0
2709	1676	0	1.0
2709	2229	0	1.0
2709	2238	0	1.0
2710	1965	0	1.0
2710	1259	0	1.0
2710	1067	0	1.0
2712	1315	0	1.0
2712	2011	0	1.0
2712	1980	0	1.0
2712	1343	0	1.0
2713	1074	0	1.0
2714	2344	0	1.0
2715	1271	0	1.0
2716	1059	0	1.0
2716	1296	0	1.0
2716	1322	0	1.0
2717	2305	0	1.0
2717	1070	0	1.0
2718	1978	0	1.0
2718	1357	0	1.0
2719	1458	0	1.0
2719	1457	0	1.0
2719	2318	0	1.0
2720	1956	0	1.0
2720	1063	0	1.0
2720	1980	0	1.0
2720	1285	0	1.0
2721	1076	0	1.0
2721	1361	0	1.0
2721	2313	0	1.0
2722	1388	0	1.0
2722	67	0	1.0
2722	636	0	1.0
2723	1066	0	1.0
2724	2007	0	1.0
2726	1388	0	1.0
2726	2345	0	1.0
2727	1085	0	1.0
2728	1527	0	1.0
2729	1456	0	1.0
2729	1332	0	1.0
2729	1984	0	1.0
2730	1276	0	1.0
2732	1435	0	1.0
2732	1059	0	1.0
2732	1322	0	1.0
2733	2305	0	1.0
2733	1070	0	1.0
2734	1994	0	1.0
2734	2234	0	1.0
2734	2290	0	1.0
2735	1435	0	1.0
2735	1059	0	1.0
2735	1320	0	1.0
2735	1322	0	1.0
2736	1022	0	1.0
2736	1011	0	1.0
2736	1500	0	1.0
2736	2123	0	1.0
2736	659	0	1.0
2737	658	0	1.0
2737	1115	0	1.0
2737	1485	0	1.0
2737	654	0	1.0
2738	1509	0	1.0
2738	1494	0	1.0
2738	64	0	1.0
2738	1012	0	1.0
2740	1022	0	1.0
2740	1845	0	1.0
2742	2747	0	1.0
2742	2743	0	1.0
2742	2744	0	1.0
2743	2747	0	1.0
2743	2742	0	1.0
2743	2744	0	1.0
2744	2747	0	1.0
2744	2743	0	1.0
2744	2742	0	1.0
2745	920	0	1.0
2747	2743	0	1.0
2747	2742	0	1.0
2747	2744	0	1.0
2748	1545	0	1.0
2748	342	0	1.0
2749	1186	0	1.0
2749	2755	0	1.0
2749	2754	0	1.0
2754	1186	0	1.0
2754	1655	0	1.0
2754	1197	0	1.0
2754	2755	0	1.0
2755	1186	0	1.0
2755	1655	0	1.0
2755	1197	0	1.0
2755	2754	0	1.0
2756	623	0	1.0
2756	980	0	1.0
2756	1029	0	1.0
2756	160	0	1.0
2756	617	0	1.0
2756	1810	0	1.0
2756	2223	0	1.0
2756	1805	0	1.0
2757	396	0	1.0
2760	879	0	1.0
2760	1564	0	1.0
2761	1557	0	1.0
2761	1553	0	1.0
2761	2148	0	1.0
2761	1569	0	1.0
2761	1390	0	1.0
2762	1423	0	1.0
2762	1935	0	1.0
2762	219	0	1.0
2762	879	0	1.0
2763	1809	0	1.0
2763	1931	0	1.0
2763	28	0	1.0
2764	2156	0	1.0
2764	243	0	1.0
2765	1124	0	1.0
2765	1767	0	1.0
2765	1104	0	1.0
2766	2027	0	1.0
2766	1430	0	1.0
2766	1544	0	1.0
2766	1918	0	1.0
2767	1111	0	1.0
2767	895	0	1.0
2768	1124	0	1.0
2768	1104	0	1.0
2769	1569	0	1.0
2769	2460	0	1.0
2771	856	0	1.0
2771	1561	0	1.0
2771	2159	0	1.0
2772	100	0	1.0
2772	2217	0	1.0
2772	611	0	1.0
2772	992	0	1.0
2773	968	0	1.0
2774	2044	0	1.0
2775	1240	0	1.0
2776	2040	0	1.0
2776	2046	0	1.0
2776	2043	0	1.0
2777	2044	0	1.0
2777	2040	0	1.0
2777	2041	0	1.0
2777	2043	0	1.0
2778	2042	0	1.0
2778	1158	0	1.0
2779	2044	0	1.0
2779	1240	0	1.0
2779	951	0	1.0
2779	2043	0	1.0
2779	948	0	1.0
2779	369	0	1.0
2780	2040	0	1.0
2780	1728	0	1.0
2780	2043	0	1.0
2780	2045	0	1.0
2782	2783	0	1.0
2783	2782	0	1.0
2784	1242	0	1.0
2784	358	0	1.0
2784	1893	0	1.0
2785	130	0	1.0
2787	815	0	1.0
2787	2204	0	1.0
2788	265	0	1.0
2791	1878	0	1.0
2791	501	0	1.0
2791	362	0	1.0
2792	1205	0	1.0
2792	2269	0	1.0
2793	257	0	1.0
2793	2081	0	1.0
2793	808	0	1.0
2794	945	0	1.0
2794	1151	0	1.0
2795	2080	0	1.0
2795	928	0	1.0
2796	2561	0	1.0
2796	1406	0	1.0
2796	1888	0	1.0
2796	278	0	1.0
2796	280	0	1.0
2797	1451	0	1.0
2797	944	0	1.0
2797	1878	0	1.0
2797	2089	0	1.0
2797	1868	0	1.0
2798	285	0	1.0
2798	930	0	1.0
2798	2674	0	1.0
2798	2086	0	1.0
2798	1872	0	1.0
2799	2080	0	1.0
2799	273	0	1.0
2799	2083	0	1.0
2800	2094	0	1.0
2800	262	0	1.0
2800	273	0	1.0
2801	2014	0	1.0
2801	2322	0	1.0
2802	1299	0	1.0
2802	1378	0	1.0
2802	1956	0	1.0
2802	1977	0	1.0
2803	2821	0	1.0
2803	2901	0	1.0
2803	1991	0	1.0
2803	1968	0	1.0
2804	1070	0	1.0
2804	2343	0	1.0
2804	2305	0	1.0
2805	1966	0	1.0
2805	1993	0	1.0
2805	2010	0	1.0
2805	1294	0	1.0
2805	1062	0	1.0
2805	2017	0	1.0
2805	1317	0	1.0
2805	1982	0	1.0
2806	1339	0	1.0
2806	1994	0	1.0
2806	1304	0	1.0
2806	1291	0	1.0
2807	1312	0	1.0
2807	1066	0	1.0
2807	1323	0	1.0
2807	1291	0	1.0
2808	2020	0	1.0
2808	2282	0	1.0
2808	1283	0	1.0
2808	1342	0	1.0
2808	1072	0	1.0
2809	1278	0	1.0
2809	2014	0	1.0
2809	1963	0	1.0
2809	1976	0	1.0
2809	1265	0	1.0
2809	1986	0	1.0
2811	2014	0	1.0
2811	1976	0	1.0
2811	1265	0	1.0
2811	2010	0	1.0
2811	1963	0	1.0
2811	2017	0	1.0
2811	1263	0	1.0
2812	1069	0	1.0
2812	2006	0	1.0
2812	1972	0	1.0
2812	1261	0	1.0
2812	1295	0	1.0
2813	1998	0	1.0
2813	1283	0	1.0
2813	1344	0	1.0
2813	2020	0	1.0
2813	1072	0	1.0
2814	229	0	1.0
2814	1323	0	1.0
2814	1291	0	1.0
2815	1059	0	1.0
2815	1322	0	1.0
2815	1435	0	1.0
2815	1989	0	1.0
2816	1333	0	1.0
2816	2300	0	1.0
2816	1331	0	1.0
2816	2290	0	1.0
2817	2311	0	1.0
2817	2893	0	1.0
2817	2283	0	1.0
2817	1313	0	1.0
2817	1986	0	1.0
2818	1329	0	1.0
2818	2316	0	1.0
2818	2007	0	1.0
2818	2901	0	1.0
2818	2821	0	1.0
2818	2896	0	1.0
2818	2294	0	1.0
2818	2803	0	1.0
2818	1092	0	1.0
2818	1979	0	1.0
2819	2313	0	1.0
2819	2540	0	1.0
2819	1076	0	1.0
2819	1291	0	1.0
2819	1268	0	1.0
2819	2296	0	1.0
2819	2902	0	1.0
2820	1278	0	1.0
2820	2014	0	1.0
2820	1280	0	1.0
2820	1963	0	1.0
2820	1265	0	1.0
2821	2901	0	1.0
2821	1991	0	1.0
2821	2803	0	1.0
2822	1458	0	1.0
2822	1457	0	1.0
2822	2309	0	1.0
2822	1056	0	1.0
2822	2318	0	1.0
2822	1969	0	1.0
2823	2232	0	1.0
2823	2285	0	1.0
2823	1283	0	1.0
2823	1990	0	1.0
2824	1335	0	1.0
2824	1324	0	1.0
2824	1078	0	1.0
2824	1990	0	1.0
2825	44	0	1.0
2825	1254	0	1.0
2826	1074	0	1.0
2826	2288	0	1.0
2827	1994	0	1.0
2827	1339	0	1.0
2827	1058	0	1.0
2827	1331	0	1.0
2828	1348	0	1.0
2828	1063	0	1.0
2828	1315	0	1.0
2828	2304	0	1.0
2828	1990	0	1.0
2828	1980	0	1.0
2828	2003	0	1.0
2829	1319	0	1.0
2829	1320	0	1.0
2829	1059	0	1.0
2829	1322	0	1.0
2829	1435	0	1.0
2829	1989	0	1.0
2829	1954	0	1.0
2830	1065	0	1.0
2830	231	0	1.0
2831	1315	0	1.0
2831	1285	0	1.0
2831	2304	0	1.0
2832	1274	0	1.0
2832	1974	0	1.0
2832	1317	0	1.0
2834	1299	0	1.0
2835	2323	0	1.0
2835	2017	0	1.0
2835	1962	0	1.0
2836	1441	0	1.0
2836	2350	0	1.0
2836	1986	0	1.0
2836	2311	0	1.0
2836	1974	0	1.0
2837	1061	0	1.0
2837	1309	0	1.0
2837	2022	0	1.0
2838	1055	0	1.0
2839	1297	0	1.0
2840	2323	0	1.0
2840	1976	0	1.0
2840	1265	0	1.0
2840	1062	0	1.0
2840	2017	0	1.0
2840	2889	0	1.0
2840	1317	0	1.0
2840	1064	0	1.0
2841	377	0	1.0
2842	1281	0	1.0
2844	2285	0	1.0
2844	2297	0	1.0
2844	1069	0	1.0
2844	2006	0	1.0
2844	1990	0	1.0
2844	1972	0	1.0
2844	1085	0	1.0
2844	1295	0	1.0
2846	1171	0	1.0
2846	1201	0	1.0
2846	515	0	1.0
2846	1616	0	1.0
2848	424	0	1.0
2848	440	0	1.0
2849	421	0	1.0
2849	419	0	1.0
2851	2860	0	1.0
2852	449	0	1.0
2853	75	0	1.0
2853	1220	0	1.0
2854	428	0	1.0
2855	82	0	1.0
2855	428	0	1.0
2856	2857	0	1.0
2856	425	0	1.0
2857	2856	0	1.0
2857	425	0	1.0
2858	436	0	1.0
2858	433	0	1.0
2859	438	0	1.0
2859	1604	0	1.0
2859	441	0	1.0
2859	2204	0	1.0
2860	2851	0	1.0
2861	607	0	1.0
2861	437	0	1.0
2861	578	0	1.0
2863	435	0	1.0
2863	441	0	1.0
2863	815	0	1.0
2864	1808	0	1.0
2864	1732	0	1.0
2864	133	0	1.0
2865	2865	0	1.0
2866	1698	0	1.0
2866	578	0	1.0
2866	579	0	1.0
2866	1030	0	1.0
2866	1038	0	1.0
2866	1806	0	1.0
2867	1005	0	1.0
2867	1690	0	1.0
2867	1045	0	1.0
2867	1007	0	1.0
2868	994	0	1.0
2868	2220	0	1.0
2868	1691	0	1.0
2868	151	0	1.0
2868	1591	0	1.0
2869	996	0	1.0
2869	965	0	1.0
2869	2662	0	1.0
2869	618	0	1.0
2869	998	0	1.0
2870	1043	0	1.0
2870	1030	0	1.0
2872	133	0	1.0
2872	1697	0	1.0
2872	1732	0	1.0
2873	2055	0	1.0
2874	2209	0	1.0
2874	2211	0	1.0
2875	2044	0	1.0
2875	1161	0	1.0
2875	2541	0	1.0
2876	397	0	1.0
2876	159	0	1.0
2877	1813	0	1.0
2877	2130	0	1.0
2878	159	0	1.0
2878	155	0	1.0
2878	1781	0	1.0
2878	405	0	1.0
2878	398	0	1.0
2881	929	0	1.0
2881	257	0	1.0
2881	275	0	1.0
2881	1151	0	1.0
2881	1873	0	1.0
2881	2086	0	1.0
2882	2136	0	1.0
2883	1447	0	1.0
2883	1445	0	1.0
2884	2157	0	1.0
2886	22	0	1.0
2886	859	0	1.0
2887	2171	0	1.0
2887	1144	0	1.0
2887	2695	0	1.0
2888	1138	0	1.0
2888	2187	0	1.0
2888	987	0	1.0
2889	1279	0	1.0
2889	2323	0	1.0
2889	2010	0	1.0
2889	1062	0	1.0
2889	2017	0	1.0
2889	1317	0	1.0
2890	1311	0	1.0
2890	566	0	1.0
2890	1286	0	1.0
2890	1675	0	1.0
2890	2008	0	1.0
2890	1343	0	1.0
2891	1322	0	1.0
2891	1315	0	1.0
2891	1286	0	1.0
2891	2284	0	1.0
2891	1435	0	1.0
2891	1276	0	1.0
2892	1965	0	1.0
2892	1955	0	1.0
2892	2024	0	1.0
2892	1284	0	1.0
2892	2236	0	1.0
2892	1076	0	1.0
2893	1082	0	1.0
2893	1981	0	1.0
2893	1080	0	1.0
2893	1988	0	1.0
2894	1278	0	1.0
2894	2014	0	1.0
2894	1280	0	1.0
2894	1963	0	1.0
2894	1898	0	1.0
2894	1990	0	1.0
2894	1976	0	1.0
2894	1265	0	1.0
2894	1988	0	1.0
2895	1284	0	1.0
2895	2236	0	1.0
2895	1304	0	1.0
2895	1291	0	1.0
2895	1965	0	1.0
2895	1314	0	1.0
2896	2007	0	1.0
2896	1286	0	1.0
2896	2008	0	1.0
2896	2307	0	1.0
2896	1343	0	1.0
2896	2291	0	1.0
2896	1337	0	1.0
2896	1979	0	1.0
2897	1328	0	1.0
2898	1964	0	1.0
2898	2024	0	1.0
2898	1284	0	1.0
2898	1304	0	1.0
2898	1314	0	1.0
2899	1074	0	1.0
2899	2288	0	1.0
2900	1966	0	1.0
2900	2308	0	1.0
2900	1062	0	1.0
2900	2323	0	1.0
2900	1317	0	1.0
2900	1896	0	1.0
2900	1064	0	1.0
2901	1311	0	1.0
2901	1991	0	1.0
2902	1955	0	1.0
2902	2296	0	1.0
2902	1076	0	1.0
2903	1615	0	1.0
2903	1324	0	1.0
2903	44	0	1.0
2903	1363	0	1.0
2904	1311	0	1.0
2904	2237	0	1.0
2904	2229	0	1.0
2904	2241	0	1.0
2904	1679	0	1.0
2905	1319	0	1.0
2905	1053	0	1.0
2905	1337	0	1.0
2905	1435	0	1.0
2905	2008	0	1.0
2905	1316	0	1.0
2906	1063	0	1.0
2906	2285	0	1.0
2906	1092	0	1.0
2906	1990	0	1.0
2906	210	0	1.0
2907	2023	0	1.0
2907	1965	0	1.0
2907	1964	0	1.0
2907	2015	0	1.0
2907	1075	0	1.0
2907	2024	0	1.0
2907	2285	0	1.0
2907	1323	0	1.0
2908	2014	0	1.0
2908	1280	0	1.0
2908	1976	0	1.0
2908	1265	0	1.0
2908	1278	0	1.0
2908	2010	0	1.0
2908	2310	0	1.0
2908	1963	0	1.0
2908	2908	0	1.0
2909	2309	0	1.0
2909	44	0	1.0
2910	2007	0	1.0
2910	1092	0	1.0
2910	1980	0	1.0
2910	1063	0	1.0
2910	1979	0	1.0
2911	1444	0	1.0
2911	1279	0	1.0
2911	1057	0	1.0
2911	1317	0	1.0
2911	1894	0	1.0
2911	1448	0	1.0
2911	1443	0	1.0
2912	2113	0	1.0
2912	370	0	1.0
2913	2145	0	1.0
2914	1043	0	1.0
2914	402	0	1.0
2915	2052	0	1.0
2916	2151	0	1.0
2916	2152	0	1.0
2917	1693	0	1.0
2917	1035	0	1.0
2917	853	0	1.0
2917	1379	0	1.0
2917	1157	0	1.0
2918	2425	0	1.0
2918	651	0	1.0
2918	1539	0	1.0
2919	1535	0	1.0
2919	1742	0	1.0
2921	2358	0	1.0
2921	2047	0	1.0
2921	790	0	1.0
2922	1747	0	1.0
2922	1112	0	1.0
2922	1750	0	1.0
2923	653	0	1.0
2923	1117	0	1.0
2923	1019	0	1.0
2924	1509	0	1.0
2924	232	0	1.0
2924	2160	0	1.0
2924	1021	0	1.0
2924	1515	0	1.0
2926	64	0	1.0
2926	2928	0	1.0
2926	1021	0	1.0
2927	1749	0	1.0
2927	1505	0	1.0
2927	2651	0	1.0
2928	874	0	1.0
2928	2926	0	1.0
2928	64	0	1.0
2928	1021	0	1.0
2928	1012	0	1.0
2929	2285	0	1.0
2929	1303	0	1.0
2929	1459	0	1.0
2929	1957	0	1.0
2929	1961	0	1.0
2930	864	0	1.0
2930	865	0	1.0
2930	1150	0	1.0
2930	1433	0	1.0
2930	1952	0	1.0
2932	40	0	1.0
2932	2168	0	1.0
2932	1953	0	1.0
2932	1148	0	1.0
2932	208	0	1.0
2933	40	0	1.0
2933	2168	0	1.0
2933	38	0	1.0
2933	208	0	1.0
2934	40	0	1.0
2934	2168	0	1.0
2934	1953	0	1.0
2934	38	0	1.0
2934	208	0	1.0
2935	40	0	1.0
2935	2168	0	1.0
2935	38	0	1.0
2935	865	0	1.0
2935	1953	0	1.0
2935	1149	0	1.0
2935	208	0	1.0
2936	1148	0	1.0
2936	864	0	1.0
2936	865	0	1.0
2936	1150	0	1.0
2936	1433	0	1.0
2936	37	0	1.0
2936	1952	0	1.0
2937	2481	0	1.0
2937	39	0	1.0
2937	1433	0	1.0
2939	350	0	1.0
2941	606	0	1.0
2942	563	0	1.0
2942	614	0	1.0
2943	988	0	1.0
2943	778	0	1.0
2943	1717	0	1.0
2943	967	0	1.0
2943	2218	0	1.0
2943	993	0	1.0
2943	1721	0	1.0
2943	620	0	1.0
2944	628	0	1.0
2944	967	0	1.0
2944	561	0	1.0
2944	1721	0	1.0
2944	620	0	1.0
2945	1140	0	1.0
2945	2222	0	1.0
2945	991	0	1.0
2945	979	0	1.0
2945	2218	0	1.0
2945	1807	0	1.0
2945	1805	0	1.0
2946	1242	0	1.0
2946	1893	0	1.0
2946	1097	0	1.0
2946	1736	0	1.0
2946	263	0	1.0
2946	358	0	1.0
2947	350	0	1.0
2947	268	0	1.0
2947	360	0	1.0
2948	1810	0	1.0
2948	411	0	1.0
2949	2615	0	1.0
2949	992	0	1.0
2949	121	0	1.0
2949	2217	0	1.0
2949	611	0	1.0
2951	1284	0	1.0
2951	2024	0	1.0
2951	1314	0	1.0
2953	1735	0	1.0
2953	1242	0	1.0
2953	426	0	1.0
2953	1893	0	1.0
2953	1097	0	1.0
2953	361	0	1.0
2954	1812	0	1.0
2954	622	0	1.0
2954	988	0	1.0
2954	1726	0	1.0
2954	543	0	1.0
2954	2214	0	1.0
2954	418	0	1.0
2955	985	0	1.0
2955	968	0	1.0
2955	1000	0	1.0
2956	1723	0	1.0
2956	346	0	1.0
2956	977	0	1.0
2956	1507	0	1.0
2957	1075	0	1.0
2957	2024	0	1.0
2957	1304	0	1.0
2957	1291	0	1.0
2958	2267	0	1.0
2959	1682	0	1.0
2959	1324	0	1.0
2960	1388	0	1.0
2960	2345	0	1.0
2960	636	0	1.0
2961	1435	0	1.0
2961	1059	0	1.0
2961	2008	0	1.0
2961	1320	0	1.0
2961	1315	0	1.0
2961	1316	0	1.0
2961	1319	0	1.0
2962	1075	0	1.0
2962	2293	0	1.0
2962	1323	0	1.0
2963	1960	0	1.0
2964	1059	0	1.0
2964	1296	0	1.0
2964	566	0	1.0
2964	2008	0	1.0
2965	1925	0	1.0
2965	826	0	1.0
2967	1226	0	1.0
2967	1230	0	1.0
2967	837	0	1.0
2968	1840	0	1.0
2972	1927	0	1.0
2972	2202	0	1.0
2972	2976	0	1.0
2972	1225	0	1.0
2974	1242	0	1.0
2974	1893	0	1.0
2974	1231	0	1.0
2974	358	0	1.0
2975	356	0	1.0
2976	2202	0	1.0
2976	511	0	1.0
2977	939	0	1.0
2977	928	0	1.0
2978	1561	0	1.0
2979	352	0	1.0
2980	1587	0	1.0
2980	981	0	1.0
2982	1756	0	1.0
2982	632	0	1.0
2982	647	0	1.0
2982	563	0	1.0
2983	2217	0	1.0
2983	611	0	1.0
2983	992	0	1.0
2983	120	0	1.0
2984	2232	0	1.0
2984	1290	0	1.0
2984	1283	0	1.0
2984	1440	0	1.0
2984	1081	0	1.0
2984	1342	0	1.0
2984	2240	0	1.0
2985	2986	0	1.0
2987	200	0	1.0
2988	2879	0	1.0
2989	2879	0	1.0
2989	2543	0	1.0
2990	737	0	1.0
2990	1531	0	1.0
2990	751	0	1.0
2992	1472	0	1.0
2992	1673	0	1.0
2992	2992	0	1.0
2993	1461	0	1.0
2993	2523	0	1.0
2993	415	0	1.0
2993	404	0	1.0
2993	247	0	1.0
2994	2531	0	1.0
2994	1461	0	1.0
2994	1468	0	1.0
2994	1460	0	1.0
2994	404	0	1.0
2994	247	0	1.0
2995	2528	0	1.0
2995	412	0	1.0
2995	253	0	1.0
2996	681	0	1.0
2996	1432	0	1.0
2996	202	0	1.0
2996	1793	0	1.0
2996	1770	0	1.0
2997	2526	0	1.0
2997	1472	0	1.0
2998	1929	0	1.0
2998	2671	0	1.0
2998	1466	0	1.0
2998	415	0	1.0
3000	2235	0	1.0
3000	1056	0	1.0
3000	1272	0	1.0
0	3001	1	1.0
0	3002	1	1.0
721	3002	1	1.0
743	3002	1	1.0
0	3003	1	1.0
721	3003	1	1.0
743	3003	1	1.0
1422	3003	1	1.0
1937	3003	1	1.0
1943	3003	1	1.0
1951	3003	1	1.0
1	3004	1	1.0
1	3005	1	1.0
1	3006	1	1.0
2	3007	1	1.0
2	3008	1	1.0
2963	3008	1	1.0
3	3009	1	1.0
3	3010	1	1.0
757	3010	1	1.0
3	3011	1	1.0
3	3012	1	1.0
757	3012	1	1.0
4	3013	1	1.0
4	3014	1	1.0
4	3015	1	1.0
5	3016	1	1.0
5	3017	1	1.0
5	3018	1	1.0
6	3019	1	1.0
6	3020	1	1.0
6	3021	1	1.0
6	3022	1	1.0
6	3023	1	1.0
7	3024	1	1.0
8	3025	1	1.0
8	3026	1	1.0
8	3027	1	1.0
8	3028	1	1.0
9	3029	1	1.0
9	3030	1	1.0
9	3031	1	1.0
9	3032	1	1.0
9	3033	1	1.0
10	3034	1	1.0
10	3035	1	1.0
11	3036	1	1.0
11	3037	1	1.0
11	3038	1	1.0
12	3039	1	1.0
12	3040	1	1.0
13	3041	1	1.0
14	3042	1	1.0
14	3043	1	1.0
14	3044	1	1.0
15	3045	1	1.0
15	3046	1	1.0
15	3047	1	1.0
16	3048	1	1.0
215	3048	1	1.0
16	3049	1	1.0
183	3049	1	1.0
17	3050	1	1.0
17	3051	1	1.0
17	3052	1	1.0
18	3053	1	1.0
19	3054	1	1.0
19	3055	1	1.0
20	3056	1	1.0
20	3057	1	1.0
757	3057	1	1.0
2339	3057	1	1.0
20	3058	1	1.0
698	3058	1	1.0
2863	3058	1	1.0
20	3059	1	1.0
714	3059	1	1.0
717	3059	1	1.0
21	3060	1	1.0
21	3061	1	1.0
21	3062	1	1.0
22	3063	1	1.0
2886	3063	1	1.0
22	3064	1	1.0
2886	3064	1	1.0
22	3065	1	1.0
22	3066	1	1.0
23	3067	1	1.0
23	3068	1	1.0
2485	3068	1	1.0
23	3069	1	1.0
23	3070	1	1.0
24	3071	1	1.0
2485	3071	1	1.0
24	3072	1	1.0
24	3073	1	1.0
24	3074	1	1.0
24	3075	1	1.0
25	3076	1	1.0
25	3077	1	1.0
25	3078	1	1.0
26	3079	1	1.0
26	3080	1	1.0
26	3081	1	1.0
29	3081	1	1.0
160	3081	1	1.0
2684	3081	1	1.0
27	3082	1	1.0
30	3082	1	1.0
32	3082	1	1.0
27	3083	1	1.0
542	3083	1	1.0
1235	3083	1	1.0
28	3084	1	1.0
1431	3084	1	1.0
28	3085	1	1.0
626	3085	1	1.0
28	3086	1	1.0
29	3087	1	1.0
2684	3087	1	1.0
29	3088	1	1.0
29	3089	1	1.0
29	3090	1	1.0
1921	3090	1	1.0
30	3091	1	1.0
32	3091	1	1.0
1430	3091	1	1.0
31	3092	1	1.0
170	3092	1	1.0
544	3092	1	1.0
861	3092	1	1.0
31	3093	1	1.0
31	3094	1	1.0
170	3094	1	1.0
1001	3094	1	1.0
1718	3094	1	1.0
31	3095	1	1.0
31	3096	1	1.0
170	3096	1	1.0
1718	3096	1	1.0
31	3097	1	1.0
170	3097	1	1.0
1718	3097	1	1.0
32	3098	1	1.0
33	3099	1	1.0
33	3100	1	1.0
34	3101	1	1.0
741	3101	1	1.0
34	3102	1	1.0
741	3102	1	1.0
34	3103	1	1.0
34	3104	1	1.0
35	3105	1	1.0
36	3106	1	1.0
1746	3106	1	1.0
2923	3106	1	1.0
36	3107	1	1.0
37	3108	1	1.0
37	3109	1	1.0
37	3110	1	1.0
37	3111	1	1.0
37	3112	1	1.0
37	3113	1	1.0
38	3114	1	1.0
38	3115	1	1.0
38	3116	1	1.0
38	3117	1	1.0
38	3118	1	1.0
38	3119	1	1.0
38	3120	1	1.0
39	3121	1	1.0
39	3122	1	1.0
39	3123	1	1.0
40	3124	1	1.0
40	3125	1	1.0
40	3126	1	1.0
40	3127	1	1.0
40	3128	1	1.0
2168	3128	1	1.0
41	3129	1	1.0
41	3130	1	1.0
41	3131	1	1.0
41	3132	1	1.0
41	3133	1	1.0
42	3134	1	1.0
42	3135	1	1.0
42	3136	1	1.0
43	3137	1	1.0
43	3138	1	1.0
43	3139	1	1.0
43	3140	1	1.0
1325	3140	1	1.0
43	3141	1	1.0
1081	3141	1	1.0
1325	3141	1	1.0
1683	3141	1	1.0
2011	3141	1	1.0
2895	3141	1	1.0
44	3142	1	1.0
44	3143	1	1.0
2827	3143	1	1.0
45	3144	1	1.0
46	3145	1	1.0
46	3146	1	1.0
47	3147	1	1.0
47	3148	1	1.0
47	3149	1	1.0
50	3149	1	1.0
48	3150	1	1.0
55	3150	1	1.0
48	3151	1	1.0
55	3151	1	1.0
48	3152	1	1.0
49	3153	1	1.0
49	3154	1	1.0
50	3155	1	1.0
50	3156	1	1.0
50	3157	1	1.0
51	3158	1	1.0
51	3159	1	1.0
51	3160	1	1.0
52	3161	1	1.0
53	3162	1	1.0
53	3163	1	1.0
53	3164	1	1.0
53	3165	1	1.0
54	3166	1	1.0
54	3167	1	1.0
55	3168	1	1.0
55	3169	1	1.0
55	3170	1	1.0
55	3171	1	1.0
56	3172	1	1.0
56	3173	1	1.0
57	3174	1	1.0
2474	3174	1	1.0
2475	3174	1	1.0
57	3175	1	1.0
1063	3175	1	1.0
2475	3175	1	1.0
57	3176	1	1.0
127	3176	1	1.0
1244	3176	1	1.0
58	3177	1	1.0
2973	3177	1	1.0
58	3178	1	1.0
58	3179	1	1.0
58	3180	1	1.0
58	3181	1	1.0
1245	3181	1	1.0
1248	3181	1	1.0
58	3182	1	1.0
59	3183	1	1.0
59	3184	1	1.0
59	3185	1	1.0
59	3186	1	1.0
60	3187	1	1.0
60	3188	1	1.0
60	3189	1	1.0
60	3190	1	1.0
61	3191	1	1.0
2360	3191	1	1.0
61	3192	1	1.0
61	3193	1	1.0
62	3194	1	1.0
63	3195	1	1.0
63	3196	1	1.0
64	3197	1	1.0
64	3198	1	1.0
64	3199	1	1.0
64	3200	1	1.0
65	3201	1	1.0
65	3202	1	1.0
65	3203	1	1.0
66	3204	1	1.0
66	3205	1	1.0
66	3206	1	1.0
66	3207	1	1.0
66	3208	1	1.0
66	3209	1	1.0
66	3210	1	1.0
67	3211	1	1.0
470	3211	1	1.0
2722	3211	1	1.0
67	3212	1	1.0
2722	3212	1	1.0
67	3213	1	1.0
470	3213	1	1.0
67	3214	1	1.0
470	3214	1	1.0
2722	3214	1	1.0
68	3215	1	1.0
68	3216	1	1.0
68	3217	1	1.0
356	3217	1	1.0
1255	3217	1	1.0
69	3218	1	1.0
69	3219	1	1.0
1932	3219	1	1.0
69	3220	1	1.0
69	3221	1	1.0
69	3222	1	1.0
69	3223	1	1.0
70	3224	1	1.0
71	3225	1	1.0
71	3226	1	1.0
71	3227	1	1.0
72	3228	1	1.0
2179	3228	1	1.0
72	3229	1	1.0
2179	3229	1	1.0
72	3230	1	1.0
2179	3230	1	1.0
73	3231	1	1.0
73	3232	1	1.0
73	3233	1	1.0
73	3234	1	1.0
73	3235	1	1.0
74	3236	1	1.0
74	3237	1	1.0
74	3238	1	1.0
75	3239	1	1.0
75	3240	1	1.0
75	3241	1	1.0
1220	3241	1	1.0
75	3242	1	1.0
2853	3242	1	1.0
75	3243	1	1.0
75	3244	1	1.0
75	3245	1	1.0
2853	3245	1	1.0
75	3246	1	1.0
1220	3246	1	1.0
2850	3246	1	1.0
75	3247	1	1.0
76	3248	1	1.0
379	3248	1	1.0
76	3249	1	1.0
379	3249	1	1.0
76	3250	1	1.0
379	3250	1	1.0
76	3251	1	1.0
77	3252	1	1.0
77	3253	1	1.0
1599	3253	1	1.0
2947	3253	1	1.0
77	3254	1	1.0
78	3255	1	1.0
79	3256	1	1.0
601	3256	1	1.0
80	3257	1	1.0
80	3258	1	1.0
80	3259	1	1.0
223	3259	1	1.0
80	3260	1	1.0
885	3260	1	1.0
80	3261	1	1.0
80	3262	1	1.0
81	3263	1	1.0
81	3264	1	1.0
395	3264	1	1.0
1437	3264	1	1.0
81	3265	1	1.0
82	3266	1	1.0
2854	3266	1	1.0
82	3267	1	1.0
82	3268	1	1.0
82	3269	1	1.0
2195	3269	1	1.0
2854	3269	1	1.0
83	3270	1	1.0
1847	3270	1	1.0
1854	3270	1	1.0
83	3271	1	1.0
1847	3271	1	1.0
1854	3271	1	1.0
83	3272	1	1.0
1847	3272	1	1.0
84	3273	1	1.0
84	3274	1	1.0
84	3275	1	1.0
85	3276	1	1.0
113	3276	1	1.0
85	3277	1	1.0
113	3277	1	1.0
85	3278	1	1.0
113	3278	1	1.0
814	3278	1	1.0
1250	3278	1	1.0
1851	3278	1	1.0
86	3279	1	1.0
807	3279	1	1.0
86	3280	1	1.0
807	3280	1	1.0
832	3280	1	1.0
86	3281	1	1.0
807	3281	1	1.0
817	3281	1	1.0
832	3281	1	1.0
87	3282	1	1.0
87	3283	1	1.0
87	3284	1	1.0
88	3285	1	1.0
88	3286	1	1.0
112	3286	1	1.0
89	3287	1	1.0
817	3287	1	1.0
832	3287	1	1.0
1862	3287	1	1.0
2125	3287	1	1.0
90	3288	1	1.0
90	3289	1	1.0
90	3290	1	1.0
90	3291	1	1.0
91	3292	1	1.0
91	3293	1	1.0
92	3293	1	1.0
91	3294	1	1.0
205	3294	1	1.0
851	3294	1	1.0
1243	3294	1	1.0
1859	3294	1	1.0
2758	3294	1	1.0
91	3295	1	1.0
205	3295	1	1.0
851	3295	1	1.0
1859	3295	1	1.0
92	3296	1	1.0
1243	3296	1	1.0
1855	3296	1	1.0
1862	3296	1	1.0
92	3297	1	1.0
1243	3297	1	1.0
1862	3297	1	1.0
2486	3297	1	1.0
92	3298	1	1.0
1243	3298	1	1.0
1851	3298	1	1.0
92	3299	1	1.0
92	3300	1	1.0
811	3300	1	1.0
92	3301	1	1.0
92	3302	1	1.0
93	3303	1	1.0
93	3304	1	1.0
94	3305	1	1.0
94	3306	1	1.0
94	3307	1	1.0
95	3308	1	1.0
1852	3308	1	1.0
95	3309	1	1.0
811	3309	1	1.0
1852	3309	1	1.0
96	3310	1	1.0
838	3310	1	1.0
1858	3310	1	1.0
97	3311	1	1.0
97	3312	1	1.0
824	3312	1	1.0
1860	3312	1	1.0
97	3313	1	1.0
97	3314	1	1.0
1843	3314	1	1.0
97	3315	1	1.0
97	3316	1	1.0
824	3316	1	1.0
835	3316	1	1.0
1843	3316	1	1.0
97	3317	1	1.0
824	3317	1	1.0
97	3318	1	1.0
98	3319	1	1.0
805	3319	1	1.0
98	3320	1	1.0
98	3321	1	1.0
98	3322	1	1.0
805	3322	1	1.0
99	3323	1	1.0
252	3323	1	1.0
99	3324	1	1.0
252	3324	1	1.0
99	3325	1	1.0
250	3325	1	1.0
252	3325	1	1.0
100	3326	1	1.0
100	3327	1	1.0
243	3327	1	1.0
543	3327	1	1.0
580	3327	1	1.0
981	3327	1	1.0
1556	3327	1	1.0
2214	3327	1	1.0
2530	3327	1	1.0
2612	3327	1	1.0
2685	3327	1	1.0
100	3328	1	1.0
235	3328	1	1.0
1768	3328	1	1.0
1770	3328	1	1.0
1793	3328	1	1.0
2072	3328	1	1.0
101	3329	1	1.0
101	3330	1	1.0
1472	3330	1	1.0
2526	3330	1	1.0
102	3331	1	1.0
103	3331	1	1.0
2354	3331	1	1.0
102	3332	1	1.0
103	3332	1	1.0
2354	3332	1	1.0
102	3333	1	1.0
103	3333	1	1.0
103	3334	1	1.0
104	3335	1	1.0
104	3336	1	1.0
114	3336	1	1.0
104	3337	1	1.0
107	3337	1	1.0
888	3337	1	1.0
104	3338	1	1.0
312	3338	1	1.0
105	3339	1	1.0
105	3340	1	1.0
1887	3340	1	1.0
105	3341	1	1.0
105	3342	1	1.0
105	3343	1	1.0
106	3344	1	1.0
106	3345	1	1.0
106	3346	1	1.0
107	3347	1	1.0
107	3348	1	1.0
833	3348	1	1.0
107	3349	1	1.0
107	3350	1	1.0
2797	3350	1	1.0
107	3351	1	1.0
833	3351	1	1.0
108	3352	1	1.0
108	3353	1	1.0
108	3354	1	1.0
108	3355	1	1.0
108	3356	1	1.0
109	3357	1	1.0
109	3358	1	1.0
566	3358	1	1.0
109	3359	1	1.0
1335	3359	1	1.0
1744	3359	1	1.0
2815	3359	1	1.0
109	3360	1	1.0
110	3361	1	1.0
110	3362	1	1.0
110	3363	1	1.0
186	3363	1	1.0
111	3364	1	1.0
111	3365	1	1.0
111	3366	1	1.0
111	3367	1	1.0
1865	3367	1	1.0
2097	3367	1	1.0
111	3368	1	1.0
383	3368	1	1.0
112	3369	1	1.0
112	3370	1	1.0
112	3371	1	1.0
443	3371	1	1.0
1421	3371	1	1.0
113	3372	1	1.0
114	3373	1	1.0
449	3373	1	1.0
114	3374	1	1.0
115	3375	1	1.0
839	3375	1	1.0
115	3376	1	1.0
115	3377	1	1.0
115	3378	1	1.0
839	3378	1	1.0
116	3379	1	1.0
116	3380	1	1.0
813	3380	1	1.0
117	3381	1	1.0
117	3382	1	1.0
117	3383	1	1.0
118	3384	1	1.0
1687	3384	1	1.0
118	3385	1	1.0
1687	3385	1	1.0
118	3386	1	1.0
118	3387	1	1.0
1687	3387	1	1.0
118	3388	1	1.0
118	3389	1	1.0
118	3390	1	1.0
118	3391	1	1.0
1863	3391	1	1.0
1864	3391	1	1.0
119	3392	1	1.0
119	3393	1	1.0
119	3394	1	1.0
120	3395	1	1.0
120	3396	1	1.0
226	3396	1	1.0
120	3397	1	1.0
120	3398	1	1.0
226	3398	1	1.0
2136	3398	1	1.0
121	3399	1	1.0
121	3400	1	1.0
121	3401	1	1.0
121	3402	1	1.0
122	3403	1	1.0
122	3404	1	1.0
2664	3404	1	1.0
122	3405	1	1.0
977	3405	1	1.0
2664	3405	1	1.0
123	3406	1	1.0
123	3407	1	1.0
123	3408	1	1.0
123	3409	1	1.0
124	3409	1	1.0
126	3409	1	1.0
2095	3409	1	1.0
2096	3409	1	1.0
2860	3409	1	1.0
124	3410	1	1.0
124	3411	1	1.0
126	3411	1	1.0
2860	3411	1	1.0
125	3412	1	1.0
125	3413	1	1.0
125	3414	1	1.0
2473	3414	1	1.0
127	3415	1	1.0
127	3416	1	1.0
128	3417	1	1.0
128	3418	1	1.0
128	3419	1	1.0
129	3420	1	1.0
289	3420	1	1.0
608	3420	1	1.0
610	3420	1	1.0
129	3421	1	1.0
289	3421	1	1.0
610	3421	1	1.0
130	3422	1	1.0
130	3423	1	1.0
130	3424	1	1.0
2785	3424	1	1.0
130	3425	1	1.0
131	3426	1	1.0
291	3426	1	1.0
2546	3426	1	1.0
131	3427	1	1.0
131	3428	1	1.0
291	3428	1	1.0
1811	3428	1	1.0
2546	3428	1	1.0
131	3429	1	1.0
291	3429	1	1.0
1811	3429	1	1.0
2546	3429	1	1.0
132	3430	1	1.0
134	3430	1	1.0
132	3431	1	1.0
132	3432	1	1.0
132	3433	1	1.0
132	3434	1	1.0
133	3435	1	1.0
133	3436	1	1.0
1808	3436	1	1.0
134	3437	1	1.0
134	3438	1	1.0
135	3439	1	1.0
136	3440	1	1.0
2359	3440	1	1.0
136	3441	1	1.0
136	3442	1	1.0
136	3443	1	1.0
136	3444	1	1.0
2359	3444	1	1.0
137	3445	1	1.0
137	3446	1	1.0
137	3447	1	1.0
137	3448	1	1.0
138	3449	1	1.0
138	3450	1	1.0
1038	3450	1	1.0
1784	3450	1	1.0
2436	3450	1	1.0
2866	3450	1	1.0
139	3451	1	1.0
139	3452	1	1.0
140	3453	1	1.0
140	3454	1	1.0
140	3455	1	1.0
140	3456	1	1.0
140	3457	1	1.0
140	3458	1	1.0
141	3459	1	1.0
141	3460	1	1.0
142	3461	1	1.0
143	3462	1	1.0
143	3463	1	1.0
144	3464	1	1.0
144	3465	1	1.0
144	3466	1	1.0
144	3467	1	1.0
145	3468	1	1.0
145	3469	1	1.0
145	3470	1	1.0
145	3471	1	1.0
145	3472	1	1.0
146	3473	1	1.0
146	3474	1	1.0
146	3475	1	1.0
146	3476	1	1.0
147	3477	1	1.0
147	3478	1	1.0
147	3479	1	1.0
147	3480	1	1.0
1726	3480	1	1.0
148	3481	1	1.0
148	3482	1	1.0
149	3483	1	1.0
149	3484	1	1.0
1402	3484	1	1.0
149	3485	1	1.0
150	3486	1	1.0
150	3487	1	1.0
150	3488	1	1.0
151	3489	1	1.0
151	3490	1	1.0
151	3491	1	1.0
157	3491	1	1.0
2129	3491	1	1.0
151	3492	1	1.0
157	3492	1	1.0
1782	3492	1	1.0
2129	3492	1	1.0
2432	3492	1	1.0
151	3493	1	1.0
409	3493	1	1.0
152	3494	1	1.0
2767	3494	1	1.0
152	3495	1	1.0
2767	3495	1	1.0
152	3496	1	1.0
152	3497	1	1.0
153	3498	1	1.0
153	3499	1	1.0
153	3500	1	1.0
153	3501	1	1.0
153	3502	1	1.0
154	3503	1	1.0
154	3504	1	1.0
154	3505	1	1.0
155	3506	1	1.0
2435	3506	1	1.0
155	3507	1	1.0
412	3507	1	1.0
2435	3507	1	1.0
2517	3507	1	1.0
156	3508	1	1.0
156	3509	1	1.0
156	3510	1	1.0
2878	3510	1	1.0
156	3511	1	1.0
2878	3511	1	1.0
157	3512	1	1.0
2129	3512	1	1.0
157	3513	1	1.0
1782	3513	1	1.0
2129	3513	1	1.0
158	3514	1	1.0
158	3515	1	1.0
397	3515	1	1.0
2437	3515	1	1.0
158	3516	1	1.0
399	3516	1	1.0
159	3517	1	1.0
374	3517	1	1.0
952	3517	1	1.0
1780	3517	1	1.0
159	3518	1	1.0
397	3518	1	1.0
2431	3518	1	1.0
159	3519	1	1.0
167	3519	1	1.0
374	3519	1	1.0
870	3519	1	1.0
1780	3519	1	1.0
159	3520	1	1.0
374	3520	1	1.0
952	3520	1	1.0
1780	3520	1	1.0
2060	3520	1	1.0
159	3521	1	1.0
397	3521	1	1.0
1730	3521	1	1.0
2431	3521	1	1.0
159	3522	1	1.0
166	3522	1	1.0
167	3522	1	1.0
242	3522	1	1.0
374	3522	1	1.0
405	3522	1	1.0
416	3522	1	1.0
870	3522	1	1.0
952	3522	1	1.0
1110	3522	1	1.0
1578	3522	1	1.0
1780	3522	1	1.0
2060	3522	1	1.0
2438	3522	1	1.0
2529	3522	1	1.0
160	3523	1	1.0
160	3524	1	1.0
160	3525	1	1.0
411	3525	1	1.0
160	3526	1	1.0
411	3526	1	1.0
160	3527	1	1.0
160	3528	1	1.0
1095	3528	1	1.0
161	3529	1	1.0
1769	3529	1	1.0
161	3530	1	1.0
162	3531	1	1.0
162	3532	1	1.0
162	3533	1	1.0
162	3534	1	1.0
163	3535	1	1.0
1779	3535	1	1.0
163	3536	1	1.0
1779	3536	1	1.0
164	3537	1	1.0
164	3538	1	1.0
164	3539	1	1.0
164	3540	1	1.0
1790	3540	1	1.0
164	3541	1	1.0
1790	3541	1	1.0
165	3542	1	1.0
165	3543	1	1.0
2876	3543	1	1.0
2878	3543	1	1.0
165	3544	1	1.0
168	3544	1	1.0
402	3544	1	1.0
406	3544	1	1.0
408	3544	1	1.0
1583	3544	1	1.0
166	3545	1	1.0
167	3545	1	1.0
374	3545	1	1.0
1780	3545	1	1.0
166	3546	1	1.0
1582	3546	1	1.0
166	3547	1	1.0
167	3547	1	1.0
405	3547	1	1.0
952	3547	1	1.0
1780	3547	1	1.0
166	3548	1	1.0
166	3549	1	1.0
405	3549	1	1.0
1774	3549	1	1.0
167	3550	1	1.0
374	3550	1	1.0
1780	3550	1	1.0
167	3551	1	1.0
167	3552	1	1.0
1780	3552	1	1.0
168	3553	1	1.0
408	3553	1	1.0
168	3554	1	1.0
402	3554	1	1.0
406	3554	1	1.0
408	3554	1	1.0
1583	3554	1	1.0
2428	3554	1	1.0
168	3555	1	1.0
402	3555	1	1.0
406	3555	1	1.0
408	3555	1	1.0
2428	3555	1	1.0
168	3556	1	1.0
1583	3556	1	1.0
168	3557	1	1.0
406	3557	1	1.0
408	3557	1	1.0
169	3558	1	1.0
170	3559	1	1.0
1718	3559	1	1.0
170	3560	1	1.0
170	3561	1	1.0
1718	3561	1	1.0
170	3562	1	1.0
1718	3562	1	1.0
170	3563	1	1.0
986	3563	1	1.0
171	3564	1	1.0
171	3565	1	1.0
1049	3565	1	1.0
171	3566	1	1.0
172	3567	1	1.0
1577	3567	1	1.0
1811	3567	1	1.0
172	3568	1	1.0
1577	3568	1	1.0
172	3569	1	1.0
1577	3569	1	1.0
173	3570	1	1.0
1006	3570	1	1.0
173	3571	1	1.0
173	3572	1	1.0
181	3572	1	1.0
1006	3572	1	1.0
1814	3572	1	1.0
2550	3572	1	1.0
173	3573	1	1.0
1006	3573	1	1.0
1814	3573	1	1.0
173	3574	1	1.0
258	3574	1	1.0
1006	3574	1	1.0
2299	3574	1	1.0
2461	3574	1	1.0
2551	3574	1	1.0
174	3575	1	1.0
174	3576	1	1.0
174	3577	1	1.0
1035	3577	1	1.0
1050	3577	1	1.0
174	3578	1	1.0
174	3579	1	1.0
174	3580	1	1.0
1035	3580	1	1.0
175	3581	1	1.0
175	3582	1	1.0
175	3583	1	1.0
175	3584	1	1.0
175	3585	1	1.0
175	3586	1	1.0
176	3587	1	1.0
1805	3587	1	1.0
176	3588	1	1.0
176	3589	1	1.0
1805	3589	1	1.0
2547	3589	1	1.0
176	3590	1	1.0
1805	3590	1	1.0
2573	3590	1	1.0
2600	3590	1	1.0
176	3591	1	1.0
2549	3591	1	1.0
177	3592	1	1.0
177	3593	1	1.0
177	3594	1	1.0
178	3595	1	1.0
178	3596	1	1.0
1688	3596	1	1.0
1698	3596	1	1.0
178	3597	1	1.0
1698	3597	1	1.0
179	3598	1	1.0
179	3599	1	1.0
180	3600	1	1.0
2030	3600	1	1.0
180	3601	1	1.0
180	3602	1	1.0
180	3603	1	1.0
180	3604	1	1.0
2030	3604	1	1.0
181	3605	1	1.0
1814	3605	1	1.0
181	3606	1	1.0
1007	3606	1	1.0
2867	3606	1	1.0
181	3607	1	1.0
2550	3607	1	1.0
181	3608	1	1.0
181	3609	1	1.0
1007	3609	1	1.0
2867	3609	1	1.0
182	3610	1	1.0
182	3611	1	1.0
783	3611	1	1.0
1246	3611	1	1.0
182	3612	1	1.0
1246	3612	1	1.0
183	3613	1	1.0
183	3614	1	1.0
215	3614	1	1.0
183	3615	1	1.0
184	3616	1	1.0
184	3617	1	1.0
184	3618	1	1.0
184	3619	1	1.0
184	3620	1	1.0
184	3621	1	1.0
185	3622	1	1.0
186	3622	1	1.0
185	3623	1	1.0
185	3624	1	1.0
185	3625	1	1.0
185	3626	1	1.0
186	3627	1	1.0
852	3627	1	1.0
1853	3627	1	1.0
1856	3627	1	1.0
186	3628	1	1.0
286	3628	1	1.0
2759	3628	1	1.0
186	3629	1	1.0
186	3630	1	1.0
186	3631	1	1.0
186	3632	1	1.0
186	3633	1	1.0
186	3634	1	1.0
186	3635	1	1.0
186	3636	1	1.0
186	3637	1	1.0
186	3638	1	1.0
186	3639	1	1.0
186	3640	1	1.0
1221	3640	1	1.0
187	3641	1	1.0
188	3642	1	1.0
189	3643	1	1.0
192	3643	1	1.0
2170	3643	1	1.0
2172	3643	1	1.0
189	3644	1	1.0
189	3645	1	1.0
190	3646	1	1.0
190	3647	1	1.0
190	3648	1	1.0
191	3649	1	1.0
191	3650	1	1.0
192	3651	1	1.0
2170	3651	1	1.0
2172	3651	1	1.0
192	3652	1	1.0
2172	3652	1	1.0
193	3653	1	1.0
194	3654	1	1.0
194	3655	1	1.0
195	3656	1	1.0
196	3657	1	1.0
1429	3657	1	1.0
196	3658	1	1.0
1429	3658	1	1.0
196	3659	1	1.0
1429	3659	1	1.0
197	3660	1	1.0
197	3661	1	1.0
197	3662	1	1.0
198	3663	1	1.0
198	3664	1	1.0
198	3665	1	1.0
198	3666	1	1.0
199	3667	1	1.0
199	3668	1	1.0
200	3669	1	1.0
971	3669	1	1.0
1918	3669	1	1.0
200	3670	1	1.0
784	3670	1	1.0
1828	3670	1	1.0
200	3671	1	1.0
617	3671	1	1.0
971	3671	1	1.0
1918	3671	1	1.0
2220	3671	1	1.0
2500	3671	1	1.0
200	3672	1	1.0
201	3673	1	1.0
201	3674	1	1.0
201	3675	1	1.0
201	3676	1	1.0
201	3677	1	1.0
201	3678	1	1.0
201	3679	1	1.0
201	3680	1	1.0
202	3681	1	1.0
2527	3681	1	1.0
203	3682	1	1.0
203	3683	1	1.0
203	3684	1	1.0
203	3685	1	1.0
204	3686	1	1.0
204	3687	1	1.0
204	3688	1	1.0
204	3689	1	1.0
204	3690	1	1.0
204	3691	1	1.0
205	3692	1	1.0
851	3692	1	1.0
1859	3692	1	1.0
206	3693	1	1.0
206	3694	1	1.0
206	3695	1	1.0
207	3696	1	1.0
207	3697	1	1.0
207	3698	1	1.0
207	3699	1	1.0
208	3700	1	1.0
208	3701	1	1.0
208	3702	1	1.0
209	3703	1	1.0
209	3704	1	1.0
209	3705	1	1.0
209	3706	1	1.0
210	3707	1	1.0
1983	3707	1	1.0
210	3708	1	1.0
2696	3708	1	1.0
210	3709	1	1.0
1068	3709	1	1.0
2891	3709	1	1.0
211	3710	1	1.0
1826	3710	1	1.0
211	3711	1	1.0
211	3712	1	1.0
1826	3712	1	1.0
211	3713	1	1.0
211	3714	1	1.0
212	3715	1	1.0
212	3716	1	1.0
1155	3716	1	1.0
213	3717	1	1.0
213	3718	1	1.0
2539	3718	1	1.0
213	3719	1	1.0
213	3720	1	1.0
2539	3720	1	1.0
214	3721	1	1.0
1305	3721	1	1.0
214	3722	1	1.0
1305	3722	1	1.0
214	3723	1	1.0
214	3724	1	1.0
1081	3724	1	1.0
1325	3724	1	1.0
214	3725	1	1.0
1305	3725	1	1.0
1378	3725	1	1.0
2834	3725	1	1.0
215	3726	1	1.0
215	3727	1	1.0
215	3728	1	1.0
216	3729	1	1.0
216	3730	1	1.0
216	3731	1	1.0
216	3732	1	1.0
216	3733	1	1.0
217	3734	1	1.0
217	3735	1	1.0
217	3736	1	1.0
218	3737	1	1.0
218	3738	1	1.0
218	3739	1	1.0
219	3740	1	1.0
221	3740	1	1.0
219	3741	1	1.0
219	3742	1	1.0
221	3742	1	1.0
220	3743	1	1.0
221	3744	1	1.0
221	3745	1	1.0
221	3746	1	1.0
221	3747	1	1.0
1569	3747	1	1.0
222	3748	1	1.0
222	3749	1	1.0
222	3750	1	1.0
2605	3750	1	1.0
2976	3750	1	1.0
222	3751	1	1.0
222	3752	1	1.0
222	3753	1	1.0
222	3754	1	1.0
222	3755	1	1.0
222	3756	1	1.0
222	3757	1	1.0
426	3757	1	1.0
445	3757	1	1.0
821	3757	1	1.0
834	3757	1	1.0
1097	3757	1	1.0
1100	3757	1	1.0
1926	3757	1	1.0
222	3758	1	1.0
223	3759	1	1.0
223	3760	1	1.0
223	3761	1	1.0
223	3762	1	1.0
223	3763	1	1.0
223	3764	1	1.0
224	3765	1	1.0
224	3766	1	1.0
225	3767	1	1.0
225	3768	1	1.0
225	3769	1	1.0
226	3770	1	1.0
227	3771	1	1.0
228	3772	1	1.0
228	3773	1	1.0
228	3774	1	1.0
542	3774	1	1.0
972	3774	1	1.0
228	3775	1	1.0
229	3776	1	1.0
2814	3776	1	1.0
229	3777	1	1.0
229	3778	1	1.0
2814	3778	1	1.0
229	3779	1	1.0
2814	3779	1	1.0
229	3780	1	1.0
229	3781	1	1.0
230	3782	1	1.0
1286	3782	1	1.0
1346	3782	1	1.0
2831	3782	1	1.0
230	3783	1	1.0
1286	3783	1	1.0
1346	3783	1	1.0
231	3784	1	1.0
231	3785	1	1.0
231	3786	1	1.0
231	3787	1	1.0
231	3788	1	1.0
232	3789	1	1.0
232	3790	1	1.0
1515	3790	1	1.0
2123	3790	1	1.0
233	3791	1	1.0
234	3792	1	1.0
234	3793	1	1.0
234	3794	1	1.0
970	3794	1	1.0
234	3795	1	1.0
1582	3795	1	1.0
235	3796	1	1.0
235	3797	1	1.0
1771	3797	1	1.0
235	3798	1	1.0
1771	3798	1	1.0
236	3799	1	1.0
251	3799	1	1.0
236	3800	1	1.0
251	3800	1	1.0
236	3801	1	1.0
236	3802	1	1.0
251	3802	1	1.0
2940	3802	1	1.0
237	3803	1	1.0
237	3804	1	1.0
237	3805	1	1.0
238	3806	1	1.0
238	3807	1	1.0
249	3807	1	1.0
238	3808	1	1.0
249	3808	1	1.0
238	3809	1	1.0
244	3809	1	1.0
249	3809	1	1.0
239	3810	1	1.0
1438	3810	1	1.0
240	3811	1	1.0
2104	3811	1	1.0
240	3812	1	1.0
240	3813	1	1.0
240	3814	1	1.0
2104	3814	1	1.0
241	3815	1	1.0
241	3816	1	1.0
242	3817	1	1.0
242	3818	1	1.0
243	3819	1	1.0
1556	3819	1	1.0
243	3820	1	1.0
543	3820	1	1.0
580	3820	1	1.0
2214	3820	1	1.0
2612	3820	1	1.0
2685	3820	1	1.0
243	3821	1	1.0
243	3822	1	1.0
243	3823	1	1.0
1587	3823	1	1.0
244	3824	1	1.0
244	3825	1	1.0
244	3826	1	1.0
245	3827	1	1.0
245	3828	1	1.0
1786	3828	1	1.0
2447	3828	1	1.0
245	3829	1	1.0
1786	3829	1	1.0
245	3830	1	1.0
246	3831	1	1.0
667	3831	1	1.0
246	3832	1	1.0
404	3832	1	1.0
246	3833	1	1.0
246	3834	1	1.0
404	3834	1	1.0
246	3835	1	1.0
404	3835	1	1.0
410	3835	1	1.0
667	3835	1	1.0
1468	3835	1	1.0
2523	3835	1	1.0
2993	3835	1	1.0
247	3836	1	1.0
1461	3836	1	1.0
1468	3836	1	1.0
2531	3836	1	1.0
2994	3836	1	1.0
247	3837	1	1.0
247	3838	1	1.0
247	3839	1	1.0
404	3839	1	1.0
1461	3839	1	1.0
1468	3839	1	1.0
2531	3839	1	1.0
2993	3839	1	1.0
2994	3839	1	1.0
247	3840	1	1.0
1468	3840	1	1.0
2531	3840	1	1.0
248	3841	1	1.0
415	3841	1	1.0
1460	3841	1	1.0
248	3842	1	1.0
415	3842	1	1.0
1460	3842	1	1.0
248	3843	1	1.0
248	3844	1	1.0
248	3845	1	1.0
248	3846	1	1.0
248	3847	1	1.0
415	3847	1	1.0
249	3848	1	1.0
251	3849	1	1.0
252	3850	1	1.0
252	3851	1	1.0
252	3852	1	1.0
253	3853	1	1.0
253	3854	1	1.0
253	3855	1	1.0
1473	3855	1	1.0
2525	3855	1	1.0
253	3856	1	1.0
253	3857	1	1.0
254	3858	1	1.0
254	3859	1	1.0
254	3860	1	1.0
1576	3860	1	1.0
2101	3860	1	1.0
254	3861	1	1.0
1576	3861	1	1.0
254	3862	1	1.0
255	3863	1	1.0
274	3863	1	1.0
927	3863	1	1.0
255	3864	1	1.0
274	3864	1	1.0
927	3864	1	1.0
1877	3864	1	1.0
255	3865	1	1.0
927	3865	1	1.0
1877	3865	1	1.0
256	3866	1	1.0
256	3867	1	1.0
256	3868	1	1.0
257	3869	1	1.0
257	3870	1	1.0
1867	3870	1	1.0
1875	3870	1	1.0
1880	3870	1	1.0
1886	3870	1	1.0
1889	3870	1	1.0
2572	3870	1	1.0
257	3871	1	1.0
1867	3871	1	1.0
1875	3871	1	1.0
1880	3871	1	1.0
1886	3871	1	1.0
1889	3871	1	1.0
258	3872	1	1.0
2461	3872	1	1.0
259	3873	1	1.0
285	3873	1	1.0
259	3874	1	1.0
285	3874	1	1.0
259	3875	1	1.0
285	3875	1	1.0
804	3875	1	1.0
259	3876	1	1.0
285	3876	1	1.0
804	3876	1	1.0
828	3876	1	1.0
2681	3876	1	1.0
260	3877	1	1.0
260	3878	1	1.0
260	3879	1	1.0
260	3880	1	1.0
261	3881	1	1.0
261	3882	1	1.0
1876	3882	1	1.0
1912	3882	1	1.0
2091	3882	1	1.0
2093	3882	1	1.0
262	3883	1	1.0
1865	3883	1	1.0
262	3884	1	1.0
936	3884	1	1.0
1407	3884	1	1.0
1865	3884	1	1.0
263	3885	1	1.0
263	3886	1	1.0
929	3886	1	1.0
263	3887	1	1.0
929	3887	1	1.0
264	3888	1	1.0
286	3888	1	1.0
264	3889	1	1.0
265	3890	1	1.0
2892	3890	1	1.0
265	3891	1	1.0
265	3892	1	1.0
265	3893	1	1.0
265	3894	1	1.0
1212	3894	1	1.0
266	3895	1	1.0
934	3895	1	1.0
1869	3895	1	1.0
266	3896	1	1.0
934	3896	1	1.0
1869	3896	1	1.0
267	3897	1	1.0
267	3898	1	1.0
268	3899	1	1.0
268	3900	1	1.0
268	3901	1	1.0
268	3902	1	1.0
268	3903	1	1.0
1911	3903	1	1.0
269	3904	1	1.0
269	3905	1	1.0
269	3906	1	1.0
273	3906	1	1.0
361	3906	1	1.0
928	3906	1	1.0
1870	3906	1	1.0
1874	3906	1	1.0
1895	3906	1	1.0
2799	3906	1	1.0
270	3907	1	1.0
270	3908	1	1.0
270	3909	1	1.0
271	3910	1	1.0
271	3911	1	1.0
272	3912	1	1.0
272	3913	1	1.0
455	3913	1	1.0
272	3914	1	1.0
273	3915	1	1.0
928	3915	1	1.0
1874	3915	1	1.0
273	3916	1	1.0
273	3917	1	1.0
1878	3917	1	1.0
2089	3917	1	1.0
273	3918	1	1.0
361	3918	1	1.0
928	3918	1	1.0
1870	3918	1	1.0
1874	3918	1	1.0
1878	3918	1	1.0
1895	3918	1	1.0
2089	3918	1	1.0
2799	3918	1	1.0
275	3919	1	1.0
275	3920	1	1.0
276	3921	1	1.0
1411	3921	1	1.0
1885	3921	1	1.0
276	3922	1	1.0
1411	3922	1	1.0
1885	3922	1	1.0
276	3923	1	1.0
1411	3923	1	1.0
277	3924	1	1.0
277	3925	1	1.0
277	3926	1	1.0
277	3927	1	1.0
278	3928	1	1.0
282	3928	1	1.0
940	3928	1	1.0
278	3929	1	1.0
278	3930	1	1.0
278	3931	1	1.0
940	3931	1	1.0
278	3932	1	1.0
279	3933	1	1.0
2681	3933	1	1.0
279	3934	1	1.0
280	3935	1	1.0
930	3935	1	1.0
1406	3935	1	1.0
2561	3935	1	1.0
2796	3935	1	1.0
280	3936	1	1.0
930	3936	1	1.0
1406	3936	1	1.0
281	3937	1	1.0
1734	3937	1	1.0
2094	3937	1	1.0
2673	3937	1	1.0
281	3938	1	1.0
939	3938	1	1.0
1910	3938	1	1.0
2094	3938	1	1.0
281	3939	1	1.0
1734	3939	1	1.0
2094	3939	1	1.0
2673	3939	1	1.0
282	3940	1	1.0
282	3941	1	1.0
282	3942	1	1.0
282	3943	1	1.0
283	3944	1	1.0
283	3945	1	1.0
283	3946	1	1.0
283	3947	1	1.0
283	3948	1	1.0
1249	3948	1	1.0
2978	3948	1	1.0
283	3949	1	1.0
284	3950	1	1.0
284	3951	1	1.0
943	3951	1	1.0
2098	3951	1	1.0
285	3952	1	1.0
360	3952	1	1.0
804	3952	1	1.0
828	3952	1	1.0
2681	3952	1	1.0
286	3953	1	1.0
926	3953	1	1.0
1142	3953	1	1.0
286	3954	1	1.0
926	3954	1	1.0
287	3955	1	1.0
287	3956	1	1.0
287	3957	1	1.0
287	3958	1	1.0
287	3959	1	1.0
288	3960	1	1.0
288	3961	1	1.0
362	3961	1	1.0
289	3962	1	1.0
289	3963	1	1.0
290	3964	1	1.0
290	3965	1	1.0
1001	3965	1	1.0
1920	3965	1	1.0
2665	3965	1	1.0
290	3966	1	1.0
290	3967	1	1.0
290	3968	1	1.0
290	3969	1	1.0
290	3970	1	1.0
1001	3970	1	1.0
2665	3970	1	1.0
2868	3970	1	1.0
291	3971	1	1.0
292	3972	1	1.0
325	3972	1	1.0
1484	3972	1	1.0
2413	3972	1	1.0
292	3973	1	1.0
1484	3973	1	1.0
2413	3973	1	1.0
293	3974	1	1.0
1486	3974	1	1.0
293	3975	1	1.0
2378	3975	1	1.0
293	3976	1	1.0
293	3977	1	1.0
293	3978	1	1.0
293	3979	1	1.0
294	3980	1	1.0
294	3981	1	1.0
691	3981	1	1.0
294	3982	1	1.0
691	3982	1	1.0
294	3983	1	1.0
294	3984	1	1.0
294	3985	1	1.0
294	3986	1	1.0
691	3986	1	1.0
951	3986	1	1.0
294	3987	1	1.0
691	3987	1	1.0
295	3988	1	1.0
1480	3988	1	1.0
1501	3988	1	1.0
1804	3988	1	1.0
2391	3988	1	1.0
295	3989	1	1.0
295	3990	1	1.0
1009	3990	1	1.0
295	3991	1	1.0
1804	3991	1	1.0
296	3992	1	1.0
1016	3992	1	1.0
296	3993	1	1.0
296	3994	1	1.0
296	3995	1	1.0
1016	3995	1	1.0
296	3996	1	1.0
296	3997	1	1.0
1016	3997	1	1.0
297	3998	1	1.0
297	3999	1	1.0
297	4000	1	1.0
298	4001	1	1.0
298	4002	1	1.0
298	4003	1	1.0
299	4004	1	1.0
299	4005	1	1.0
301	4005	1	1.0
300	4006	1	1.0
300	4007	1	1.0
301	4008	1	1.0
302	4009	1	1.0
303	4010	1	1.0
1139	4010	1	1.0
303	4011	1	1.0
1139	4011	1	1.0
303	4012	1	1.0
2324	4012	1	1.0
303	4013	1	1.0
1139	4013	1	1.0
2324	4013	1	1.0
304	4014	1	1.0
1436	4014	1	1.0
1490	4014	1	1.0
1497	4014	1	1.0
2690	4014	1	1.0
304	4015	1	1.0
2422	4015	1	1.0
305	4016	1	1.0
305	4017	1	1.0
305	4018	1	1.0
306	4019	1	1.0
306	4020	1	1.0
306	4021	1	1.0
2066	4021	1	1.0
2388	4021	1	1.0
306	4022	1	1.0
2066	4022	1	1.0
2388	4022	1	1.0
306	4023	1	1.0
307	4024	1	1.0
307	4025	1	1.0
307	4026	1	1.0
308	4027	1	1.0
308	4028	1	1.0
308	4029	1	1.0
308	4030	1	1.0
309	4031	1	1.0
310	4032	1	1.0
686	4032	1	1.0
310	4033	1	1.0
310	4034	1	1.0
311	4035	1	1.0
311	4036	1	1.0
311	4037	1	1.0
311	4038	1	1.0
2390	4038	1	1.0
311	4039	1	1.0
311	4040	1	1.0
311	4041	1	1.0
312	4042	1	1.0
312	4043	1	1.0
346	4043	1	1.0
313	4044	1	1.0
2411	4044	1	1.0
313	4045	1	1.0
2411	4045	1	1.0
314	4046	1	1.0
2404	4046	1	1.0
314	4047	1	1.0
689	4047	1	1.0
314	4048	1	1.0
314	4049	1	1.0
314	4050	1	1.0
1018	4050	1	1.0
314	4051	1	1.0
689	4051	1	1.0
2395	4051	1	1.0
2403	4051	1	1.0
314	4052	1	1.0
315	4053	1	1.0
315	4054	1	1.0
321	4054	1	1.0
1510	4054	1	1.0
2375	4054	1	1.0
316	4055	1	1.0
316	4056	1	1.0
316	4057	1	1.0
317	4058	1	1.0
317	4059	1	1.0
2418	4059	1	1.0
317	4060	1	1.0
317	4061	1	1.0
318	4062	1	1.0
1499	4062	1	1.0
318	4063	1	1.0
1499	4063	1	1.0
319	4064	1	1.0
319	4065	1	1.0
319	4066	1	1.0
319	4067	1	1.0
319	4068	1	1.0
320	4069	1	1.0
1477	4069	1	1.0
320	4070	1	1.0
1477	4070	1	1.0
321	4071	1	1.0
322	4072	1	1.0
322	4073	1	1.0
323	4074	1	1.0
323	4075	1	1.0
1023	4075	1	1.0
2420	4075	1	1.0
323	4076	1	1.0
324	4077	1	1.0
324	4078	1	1.0
324	4079	1	1.0
324	4080	1	1.0
324	4081	1	1.0
324	4082	1	1.0
325	4083	1	1.0
2413	4083	1	1.0
325	4084	1	1.0
325	4085	1	1.0
325	4086	1	1.0
326	4087	1	1.0
326	4088	1	1.0
326	4089	1	1.0
1009	4089	1	1.0
1010	4089	1	1.0
2378	4089	1	1.0
326	4090	1	1.0
884	4090	1	1.0
327	4091	1	1.0
1498	4091	1	1.0
2371	4091	1	1.0
2420	4091	1	1.0
328	4092	1	1.0
2407	4092	1	1.0
328	4093	1	1.0
328	4094	1	1.0
328	4095	1	1.0
328	4096	1	1.0
2407	4096	1	1.0
328	4097	1	1.0
2407	4097	1	1.0
328	4098	1	1.0
1153	4098	1	1.0
2407	4098	1	1.0
329	4099	1	1.0
329	4100	1	1.0
329	4101	1	1.0
330	4102	1	1.0
330	4103	1	1.0
331	4104	1	1.0
331	4105	1	1.0
1491	4105	1	1.0
2420	4105	1	1.0
331	4106	1	1.0
332	4107	1	1.0
2379	4107	1	1.0
2386	4107	1	1.0
332	4108	1	1.0
333	4108	1	1.0
1521	4108	1	1.0
1801	4108	1	1.0
2379	4108	1	1.0
2417	4108	1	1.0
2499	4108	1	1.0
332	4109	1	1.0
332	4110	1	1.0
333	4110	1	1.0
332	4111	1	1.0
332	4112	1	1.0
334	4113	1	1.0
1015	4113	1	1.0
1020	4113	1	1.0
334	4114	1	1.0
1015	4114	1	1.0
1024	4114	1	1.0
1482	4114	1	1.0
334	4115	1	1.0
1015	4115	1	1.0
1020	4115	1	1.0
1024	4115	1	1.0
1482	4115	1	1.0
2402	4115	1	1.0
335	4116	1	1.0
337	4116	1	1.0
1217	4116	1	1.0
1891	4116	1	1.0
1892	4116	1	1.0
2618	4116	1	1.0
336	4117	1	1.0
336	4118	1	1.0
336	4119	1	1.0
338	4120	1	1.0
338	4121	1	1.0
339	4122	1	1.0
339	4123	1	1.0
1827	4123	1	1.0
339	4124	1	1.0
339	4125	1	1.0
340	4126	1	1.0
341	4127	1	1.0
341	4128	1	1.0
353	4128	1	1.0
2509	4128	1	1.0
341	4129	1	1.0
353	4129	1	1.0
2509	4129	1	1.0
341	4130	1	1.0
341	4131	1	1.0
353	4131	1	1.0
342	4132	1	1.0
342	4133	1	1.0
342	4134	1	1.0
343	4135	1	1.0
1454	4135	1	1.0
2609	4135	1	1.0
344	4136	1	1.0
698	4136	1	1.0
344	4137	1	1.0
698	4137	1	1.0
345	4138	1	1.0
345	4139	1	1.0
1455	4139	1	1.0
2146	4139	1	1.0
346	4140	1	1.0
346	4141	1	1.0
346	4142	1	1.0
346	4143	1	1.0
346	4144	1	1.0
346	4145	1	1.0
347	4146	1	1.0
347	4147	1	1.0
348	4147	1	1.0
806	4147	1	1.0
856	4147	1	1.0
1561	4147	1	1.0
2159	4147	1	1.0
2225	4147	1	1.0
2771	4147	1	1.0
348	4148	1	1.0
806	4148	1	1.0
856	4148	1	1.0
1561	4148	1	1.0
2159	4148	1	1.0
2225	4148	1	1.0
349	4149	1	1.0
349	4150	1	1.0
349	4151	1	1.0
1544	4151	1	1.0
350	4152	1	1.0
350	4153	1	1.0
350	4154	1	1.0
350	4155	1	1.0
350	4156	1	1.0
350	4157	1	1.0
350	4158	1	1.0
351	4159	1	1.0
351	4160	1	1.0
1072	4160	1	1.0
1975	4160	1	1.0
2282	4160	1	1.0
2893	4160	1	1.0
351	4161	1	1.0
351	4162	1	1.0
352	4163	1	1.0
1232	4163	1	1.0
352	4164	1	1.0
1096	4164	1	1.0
1232	4164	1	1.0
1242	4164	1	1.0
1899	4164	1	1.0
1924	4164	1	1.0
352	4165	1	1.0
352	4166	1	1.0
821	4166	1	1.0
822	4166	1	1.0
1096	4166	1	1.0
1097	4166	1	1.0
1227	4166	1	1.0
1232	4166	1	1.0
1899	4166	1	1.0
1924	4166	1	1.0
353	4167	1	1.0
2509	4167	1	1.0
353	4168	1	1.0
353	4169	1	1.0
354	4170	1	1.0
355	4171	1	1.0
355	4172	1	1.0
356	4173	1	1.0
356	4174	1	1.0
357	4175	1	1.0
357	4176	1	1.0
1887	4176	1	1.0
2473	4176	1	1.0
358	4177	1	1.0
358	4178	1	1.0
1101	4178	1	1.0
1764	4178	1	1.0
358	4179	1	1.0
1231	4179	1	1.0
1893	4179	1	1.0
358	4180	1	1.0
1231	4180	1	1.0
1893	4180	1	1.0
358	4181	1	1.0
1737	4181	1	1.0
2204	4181	1	1.0
359	4182	1	1.0
1227	4182	1	1.0
359	4183	1	1.0
1101	4183	1	1.0
1227	4183	1	1.0
359	4184	1	1.0
1227	4184	1	1.0
361	4185	1	1.0
928	4185	1	1.0
1870	4185	1	1.0
1895	4185	1	1.0
363	4186	1	1.0
363	4187	1	1.0
363	4188	1	1.0
363	4189	1	1.0
364	4190	1	1.0
2883	4190	1	1.0
364	4191	1	1.0
1844	4191	1	1.0
2883	4191	1	1.0
364	4192	1	1.0
1844	4192	1	1.0
365	4193	1	1.0
365	4194	1	1.0
365	4195	1	1.0
365	4196	1	1.0
366	4197	1	1.0
539	4197	1	1.0
1538	4197	1	1.0
366	4198	1	1.0
539	4198	1	1.0
367	4199	1	1.0
367	4200	1	1.0
633	4200	1	1.0
967	4200	1	1.0
368	4201	1	1.0
368	4202	1	1.0
368	4203	1	1.0
368	4204	1	1.0
368	4205	1	1.0
368	4206	1	1.0
368	4207	1	1.0
369	4208	1	1.0
951	4208	1	1.0
369	4209	1	1.0
649	4209	1	1.0
651	4209	1	1.0
951	4209	1	1.0
1539	4209	1	1.0
2779	4209	1	1.0
2918	4209	1	1.0
370	4210	1	1.0
370	4211	1	1.0
370	4212	1	1.0
371	4213	1	1.0
371	4214	1	1.0
371	4215	1	1.0
371	4216	1	1.0
371	4217	1	1.0
371	4218	1	1.0
372	4219	1	1.0
372	4220	1	1.0
372	4221	1	1.0
373	4222	1	1.0
374	4223	1	1.0
374	4224	1	1.0
405	4224	1	1.0
952	4224	1	1.0
374	4225	1	1.0
870	4225	1	1.0
952	4225	1	1.0
1780	4225	1	1.0
375	4226	1	1.0
375	4227	1	1.0
376	4228	1	1.0
376	4229	1	1.0
376	4230	1	1.0
376	4231	1	1.0
377	4232	1	1.0
1441	4232	1	1.0
377	4233	1	1.0
377	4234	1	1.0
377	4235	1	1.0
1441	4235	1	1.0
1863	4235	1	1.0
1864	4235	1	1.0
378	4236	1	1.0
378	4237	1	1.0
378	4238	1	1.0
380	4239	1	1.0
1166	4239	1	1.0
1594	4239	1	1.0
1597	4239	1	1.0
380	4240	1	1.0
1597	4240	1	1.0
380	4241	1	1.0
380	4242	1	1.0
1597	4242	1	1.0
380	4243	1	1.0
381	4244	1	1.0
381	4245	1	1.0
382	4246	1	1.0
438	4246	1	1.0
382	4247	1	1.0
383	4248	1	1.0
2553	4248	1	1.0
383	4249	1	1.0
1925	4249	1	1.0
383	4250	1	1.0
383	4251	1	1.0
384	4252	1	1.0
1547	4252	1	1.0
384	4253	1	1.0
384	4254	1	1.0
1547	4254	1	1.0
385	4255	1	1.0
386	4256	1	1.0
987	4256	1	1.0
1138	4256	1	1.0
2187	4256	1	1.0
2506	4256	1	1.0
2508	4256	1	1.0
2888	4256	1	1.0
386	4257	1	1.0
987	4257	1	1.0
1138	4257	1	1.0
2187	4257	1	1.0
2508	4257	1	1.0
2888	4257	1	1.0
387	4258	1	1.0
387	4259	1	1.0
387	4260	1	1.0
388	4261	1	1.0
388	4262	1	1.0
389	4263	1	1.0
2635	4263	1	1.0
389	4264	1	1.0
389	4265	1	1.0
389	4266	1	1.0
390	4267	1	1.0
390	4268	1	1.0
390	4269	1	1.0
390	4270	1	1.0
714	4270	1	1.0
391	4271	1	1.0
391	4272	1	1.0
391	4273	1	1.0
392	4274	1	1.0
2440	4274	1	1.0
392	4275	1	1.0
2440	4275	1	1.0
392	4276	1	1.0
393	4277	1	1.0
393	4278	1	1.0
393	4279	1	1.0
1562	4279	1	1.0
393	4280	1	1.0
1562	4280	1	1.0
394	4281	1	1.0
394	4282	1	1.0
394	4283	1	1.0
394	4284	1	1.0
394	4285	1	1.0
394	4286	1	1.0
394	4287	1	1.0
395	4288	1	1.0
1437	4288	1	1.0
395	4289	1	1.0
395	4290	1	1.0
395	4291	1	1.0
396	4292	1	1.0
783	4292	1	1.0
396	4293	1	1.0
396	4294	1	1.0
398	4295	1	1.0
398	4296	1	1.0
398	4297	1	1.0
398	4298	1	1.0
398	4299	1	1.0
663	4299	1	1.0
1474	4299	1	1.0
399	4300	1	1.0
400	4301	1	1.0
400	4302	1	1.0
401	4303	1	1.0
401	4304	1	1.0
401	4305	1	1.0
401	4306	1	1.0
401	4307	1	1.0
401	4308	1	1.0
402	4309	1	1.0
402	4310	1	1.0
403	4311	1	1.0
403	4312	1	1.0
403	4313	1	1.0
403	4314	1	1.0
403	4315	1	1.0
403	4316	1	1.0
403	4317	1	1.0
404	4318	1	1.0
404	4319	1	1.0
404	4320	1	1.0
405	4321	1	1.0
416	4321	1	1.0
1582	4321	1	1.0
405	4322	1	1.0
405	4323	1	1.0
405	4324	1	1.0
406	4325	1	1.0
1583	4325	1	1.0
406	4326	1	1.0
406	4327	1	1.0
407	4328	1	1.0
407	4329	1	1.0
407	4330	1	1.0
407	4331	1	1.0
407	4332	1	1.0
407	4333	1	1.0
409	4334	1	1.0
409	4335	1	1.0
409	4336	1	1.0
409	4337	1	1.0
410	4338	1	1.0
410	4339	1	1.0
410	4340	1	1.0
410	4341	1	1.0
411	4342	1	1.0
411	4343	1	1.0
412	4344	1	1.0
412	4345	1	1.0
2517	4345	1	1.0
413	4346	1	1.0
413	4347	1	1.0
413	4348	1	1.0
413	4349	1	1.0
413	4350	1	1.0
413	4351	1	1.0
2101	4351	1	1.0
413	4352	1	1.0
2101	4352	1	1.0
2425	4352	1	1.0
414	4353	1	1.0
415	4354	1	1.0
2427	4354	1	1.0
415	4355	1	1.0
415	4356	1	1.0
2427	4356	1	1.0
415	4357	1	1.0
416	4358	1	1.0
416	4359	1	1.0
416	4360	1	1.0
417	4361	1	1.0
417	4362	1	1.0
417	4363	1	1.0
417	4364	1	1.0
995	4364	1	1.0
1919	4364	1	1.0
2684	4364	1	1.0
418	4365	1	1.0
418	4366	1	1.0
622	4366	1	1.0
418	4367	1	1.0
622	4367	1	1.0
418	4368	1	1.0
622	4368	1	1.0
1812	4368	1	1.0
2954	4368	1	1.0
419	4369	1	1.0
419	4370	1	1.0
425	4370	1	1.0
2472	4370	1	1.0
419	4371	1	1.0
419	4372	1	1.0
420	4373	1	1.0
420	4374	1	1.0
421	4375	1	1.0
421	4376	1	1.0
1233	4376	1	1.0
422	4377	1	1.0
444	4377	1	1.0
1221	4377	1	1.0
422	4378	1	1.0
423	4379	1	1.0
450	4379	1	1.0
423	4380	1	1.0
450	4380	1	1.0
1838	4380	1	1.0
2850	4380	1	1.0
423	4381	1	1.0
450	4381	1	1.0
423	4382	1	1.0
450	4382	1	1.0
424	4383	1	1.0
2848	4383	1	1.0
424	4384	1	1.0
424	4385	1	1.0
424	4386	1	1.0
2848	4386	1	1.0
425	4387	1	1.0
425	4388	1	1.0
426	4389	1	1.0
1602	4389	1	1.0
426	4390	1	1.0
1602	4390	1	1.0
426	4391	1	1.0
1602	4391	1	1.0
427	4392	1	1.0
427	4393	1	1.0
427	4394	1	1.0
427	4395	1	1.0
427	4396	1	1.0
428	4397	1	1.0
428	4398	1	1.0
428	4399	1	1.0
428	4400	1	1.0
1596	4400	1	1.0
429	4401	1	1.0
429	4402	1	1.0
1162	4402	1	1.0
1595	4402	1	1.0
2554	4402	1	1.0
430	4403	1	1.0
430	4404	1	1.0
431	4405	1	1.0
2859	4405	1	1.0
431	4406	1	1.0
2051	4406	1	1.0
431	4407	1	1.0
2858	4407	1	1.0
431	4408	1	1.0
431	4409	1	1.0
435	4409	1	1.0
441	4409	1	1.0
815	4409	1	1.0
892	4409	1	1.0
1604	4409	1	1.0
1701	4409	1	1.0
2204	4409	1	1.0
2469	4409	1	1.0
2476	4409	1	1.0
2787	4409	1	1.0
2859	4409	1	1.0
2863	4409	1	1.0
431	4410	1	1.0
435	4410	1	1.0
441	4410	1	1.0
892	4410	1	1.0
1604	4410	1	1.0
1701	4410	1	1.0
2469	4410	1	1.0
2849	4410	1	1.0
2863	4410	1	1.0
431	4411	1	1.0
432	4412	1	1.0
1605	4412	1	1.0
432	4413	1	1.0
1605	4413	1	1.0
432	4414	1	1.0
1605	4414	1	1.0
433	4415	1	1.0
433	4416	1	1.0
433	4417	1	1.0
433	4418	1	1.0
434	4419	1	1.0
434	4420	1	1.0
435	4421	1	1.0
1604	4421	1	1.0
2476	4421	1	1.0
2863	4421	1	1.0
435	4422	1	1.0
441	4422	1	1.0
435	4423	1	1.0
436	4424	1	1.0
436	4425	1	1.0
436	4426	1	1.0
436	4427	1	1.0
437	4428	1	1.0
437	4429	1	1.0
437	4430	1	1.0
607	4430	1	1.0
2861	4430	1	1.0
437	4431	1	1.0
437	4432	1	1.0
607	4432	1	1.0
2861	4432	1	1.0
438	4433	1	1.0
438	4434	1	1.0
439	4435	1	1.0
439	4436	1	1.0
439	4437	1	1.0
440	4438	1	1.0
850	4438	1	1.0
440	4439	1	1.0
440	4440	1	1.0
440	4441	1	1.0
850	4441	1	1.0
1593	4441	1	1.0
441	4442	1	1.0
815	4442	1	1.0
892	4442	1	1.0
2204	4442	1	1.0
441	4443	1	1.0
2077	4443	1	1.0
2859	4443	1	1.0
441	4444	1	1.0
2204	4444	1	1.0
2859	4444	1	1.0
442	4445	1	1.0
443	4446	1	1.0
443	4447	1	1.0
443	4448	1	1.0
444	4449	1	1.0
444	4450	1	1.0
445	4451	1	1.0
445	4452	1	1.0
834	4452	1	1.0
1931	4452	1	1.0
445	4453	1	1.0
445	4454	1	1.0
446	4455	1	1.0
446	4456	1	1.0
446	4457	1	1.0
2471	4457	1	1.0
446	4458	1	1.0
2088	4458	1	1.0
447	4459	1	1.0
447	4460	1	1.0
447	4461	1	1.0
447	4462	1	1.0
1603	4462	1	1.0
2556	4462	1	1.0
2851	4462	1	1.0
447	4463	1	1.0
448	4464	1	1.0
448	4465	1	1.0
449	4466	1	1.0
450	4467	1	1.0
1838	4467	1	1.0
450	4468	1	1.0
1838	4468	1	1.0
2856	4468	1	1.0
2857	4468	1	1.0
451	4469	1	1.0
451	4470	1	1.0
451	4471	1	1.0
452	4472	1	1.0
488	4472	1	1.0
1666	4472	1	1.0
452	4473	1	1.0
488	4473	1	1.0
510	4473	1	1.0
524	4473	1	1.0
531	4473	1	1.0
1666	4473	1	1.0
453	4474	1	1.0
496	4474	1	1.0
1194	4474	1	1.0
2251	4474	1	1.0
454	4475	1	1.0
454	4476	1	1.0
454	4477	1	1.0
455	4478	1	1.0
455	4479	1	1.0
455	4480	1	1.0
456	4481	1	1.0
456	4482	1	1.0
456	4483	1	1.0
456	4484	1	1.0
456	4485	1	1.0
457	4486	1	1.0
457	4487	1	1.0
458	4488	1	1.0
1172	4488	1	1.0
1667	4488	1	1.0
458	4489	1	1.0
1172	4489	1	1.0
458	4490	1	1.0
1172	4490	1	1.0
1667	4490	1	1.0
458	4491	1	1.0
1172	4491	1	1.0
1667	4491	1	1.0
459	4492	1	1.0
463	4492	1	1.0
595	4492	1	1.0
702	4492	1	1.0
709	4492	1	1.0
1632	4492	1	1.0
459	4493	1	1.0
463	4493	1	1.0
595	4493	1	1.0
702	4493	1	1.0
709	4493	1	1.0
1632	4493	1	1.0
460	4494	1	1.0
1173	4494	1	1.0
460	4495	1	1.0
1186	4495	1	1.0
460	4496	1	1.0
478	4496	1	1.0
1623	4496	1	1.0
461	4497	1	1.0
953	4497	1	1.0
461	4498	1	1.0
462	4499	1	1.0
462	4500	1	1.0
502	4500	1	1.0
506	4500	1	1.0
1665	4500	1	1.0
462	4501	1	1.0
462	4502	1	1.0
462	4503	1	1.0
2260	4503	1	1.0
462	4504	1	1.0
2260	4504	1	1.0
462	4505	1	1.0
462	4506	1	1.0
464	4507	1	1.0
478	4507	1	1.0
496	4507	1	1.0
464	4508	1	1.0
1198	4508	1	1.0
465	4509	1	1.0
465	4510	1	1.0
491	4510	1	1.0
465	4511	1	1.0
1645	4511	1	1.0
466	4512	1	1.0
1367	4512	1	1.0
2331	4512	1	1.0
466	4513	1	1.0
530	4513	1	1.0
1367	4513	1	1.0
1372	4513	1	1.0
1637	4513	1	1.0
1646	4513	1	1.0
2331	4513	1	1.0
2349	4513	1	1.0
466	4514	1	1.0
1367	4514	1	1.0
467	4515	1	1.0
467	4516	1	1.0
475	4516	1	1.0
467	4517	1	1.0
467	4518	1	1.0
467	4519	1	1.0
468	4520	1	1.0
468	4521	1	1.0
468	4522	1	1.0
469	4523	1	1.0
497	4523	1	1.0
2247	4523	1	1.0
469	4524	1	1.0
471	4525	1	1.0
535	4525	1	1.0
471	4526	1	1.0
471	4527	1	1.0
535	4527	1	1.0
471	4528	1	1.0
471	4529	1	1.0
535	4529	1	1.0
471	4530	1	1.0
472	4531	1	1.0
512	4531	1	1.0
1185	4531	1	1.0
1195	4531	1	1.0
472	4532	1	1.0
472	4533	1	1.0
473	4534	1	1.0
473	4535	1	1.0
473	4536	1	1.0
1210	4536	1	1.0
1648	4536	1	1.0
473	4537	1	1.0
473	4538	1	1.0
485	4538	1	1.0
518	4538	1	1.0
1210	4538	1	1.0
1648	4538	1	1.0
1669	4538	1	1.0
2246	4538	1	1.0
474	4539	1	1.0
474	4540	1	1.0
475	4541	1	1.0
1215	4541	1	1.0
1624	4541	1	1.0
1638	4541	1	1.0
2256	4541	1	1.0
2274	4541	1	1.0
475	4542	1	1.0
1616	4542	1	1.0
1624	4542	1	1.0
1647	4542	1	1.0
2256	4542	1	1.0
2274	4542	1	1.0
475	4543	1	1.0
492	4543	1	1.0
1215	4543	1	1.0
1624	4543	1	1.0
475	4544	1	1.0
509	4544	1	1.0
515	4544	1	1.0
1213	4544	1	1.0
1215	4544	1	1.0
1647	4544	1	1.0
475	4545	1	1.0
492	4545	1	1.0
509	4545	1	1.0
515	4545	1	1.0
1213	4545	1	1.0
1215	4545	1	1.0
1616	4545	1	1.0
1624	4545	1	1.0
1638	4545	1	1.0
1647	4545	1	1.0
2256	4545	1	1.0
2274	4545	1	1.0
476	4546	1	1.0
476	4547	1	1.0
491	4547	1	1.0
1641	4547	1	1.0
477	4548	1	1.0
477	4549	1	1.0
477	4550	1	1.0
480	4550	1	1.0
478	4551	1	1.0
485	4551	1	1.0
496	4551	1	1.0
518	4551	1	1.0
1210	4551	1	1.0
1669	4551	1	1.0
2246	4551	1	1.0
478	4552	1	1.0
1171	4552	1	1.0
1655	4552	1	1.0
478	4553	1	1.0
1171	4553	1	1.0
478	4554	1	1.0
1171	4554	1	1.0
1655	4554	1	1.0
478	4555	1	1.0
478	4556	1	1.0
496	4556	1	1.0
1405	4556	1	1.0
478	4557	1	1.0
1171	4557	1	1.0
478	4558	1	1.0
496	4558	1	1.0
1186	4558	1	1.0
2749	4558	1	1.0
2754	4558	1	1.0
2755	4558	1	1.0
479	4559	1	1.0
504	4559	1	1.0
1633	4559	1	1.0
479	4560	1	1.0
479	4561	1	1.0
480	4562	1	1.0
524	4562	1	1.0
480	4563	1	1.0
480	4564	1	1.0
1173	4564	1	1.0
480	4565	1	1.0
1623	4565	1	1.0
480	4566	1	1.0
1658	4566	1	1.0
481	4567	1	1.0
481	4568	1	1.0
482	4569	1	1.0
482	4570	1	1.0
1629	4570	1	1.0
2704	4570	1	1.0
483	4571	1	1.0
2186	4571	1	1.0
2342	4571	1	1.0
483	4572	1	1.0
2186	4572	1	1.0
2342	4572	1	1.0
483	4573	1	1.0
483	4574	1	1.0
484	4575	1	1.0
484	4576	1	1.0
484	4577	1	1.0
485	4578	1	1.0
518	4578	1	1.0
533	4578	1	1.0
1617	4578	1	1.0
485	4579	1	1.0
485	4580	1	1.0
485	4581	1	1.0
485	4582	1	1.0
485	4583	1	1.0
485	4584	1	1.0
533	4584	1	1.0
485	4585	1	1.0
518	4585	1	1.0
1210	4585	1	1.0
1669	4585	1	1.0
2246	4585	1	1.0
485	4586	1	1.0
486	4587	1	1.0
1618	4587	1	1.0
486	4588	1	1.0
1618	4588	1	1.0
486	4589	1	1.0
1618	4589	1	1.0
486	4590	1	1.0
1618	4590	1	1.0
487	4591	1	1.0
487	4592	1	1.0
487	4593	1	1.0
488	4594	1	1.0
524	4594	1	1.0
489	4595	1	1.0
489	4596	1	1.0
1075	4596	1	1.0
489	4597	1	1.0
1075	4597	1	1.0
2660	4597	1	1.0
489	4598	1	1.0
490	4599	1	1.0
490	4600	1	1.0
490	4601	1	1.0
490	4602	1	1.0
491	4603	1	1.0
491	4604	1	1.0
1641	4604	1	1.0
492	4605	1	1.0
1616	4605	1	1.0
1638	4605	1	1.0
492	4606	1	1.0
515	4606	1	1.0
1213	4606	1	1.0
1616	4606	1	1.0
1647	4606	1	1.0
2256	4606	1	1.0
493	4607	1	1.0
1175	4607	1	1.0
2248	4607	1	1.0
493	4608	1	1.0
1175	4608	1	1.0
493	4609	1	1.0
1175	4609	1	1.0
2248	4609	1	1.0
2273	4609	1	1.0
493	4610	1	1.0
1175	4610	1	1.0
1303	4610	1	1.0
1459	4610	1	1.0
1961	4610	1	1.0
2248	4610	1	1.0
2273	4610	1	1.0
2929	4610	1	1.0
494	4611	1	1.0
494	4612	1	1.0
494	4613	1	1.0
495	4614	1	1.0
2352	4614	1	1.0
496	4615	1	1.0
2754	4615	1	1.0
496	4616	1	1.0
525	4616	1	1.0
2749	4616	1	1.0
2754	4616	1	1.0
2755	4616	1	1.0
498	4617	1	1.0
498	4618	1	1.0
499	4619	1	1.0
499	4620	1	1.0
500	4621	1	1.0
1639	4621	1	1.0
1652	4621	1	1.0
500	4622	1	1.0
1199	4622	1	1.0
1639	4622	1	1.0
1652	4622	1	1.0
2254	4622	1	1.0
500	4623	1	1.0
1199	4623	1	1.0
1639	4623	1	1.0
1652	4623	1	1.0
2183	4623	1	1.0
2254	4623	1	1.0
501	4624	1	1.0
501	4625	1	1.0
1186	4625	1	1.0
502	4626	1	1.0
503	4627	1	1.0
503	4628	1	1.0
1180	4628	1	1.0
504	4629	1	1.0
504	4630	1	1.0
505	4631	1	1.0
1206	4631	1	1.0
1630	4631	1	1.0
1650	4631	1	1.0
2277	4631	1	1.0
505	4632	1	1.0
1206	4632	1	1.0
1630	4632	1	1.0
1650	4632	1	1.0
2255	4632	1	1.0
2257	4632	1	1.0
2261	4632	1	1.0
2277	4632	1	1.0
507	4633	1	1.0
507	4634	1	1.0
507	4635	1	1.0
508	4636	1	1.0
522	4636	1	1.0
1189	4636	1	1.0
1190	4636	1	1.0
508	4637	1	1.0
508	4638	1	1.0
510	4639	1	1.0
524	4639	1	1.0
531	4639	1	1.0
1186	4639	1	1.0
1666	4639	1	1.0
510	4640	1	1.0
510	4641	1	1.0
1186	4641	1	1.0
511	4642	1	1.0
2562	4642	1	1.0
511	4643	1	1.0
511	4644	1	1.0
511	4645	1	1.0
512	4646	1	1.0
1185	4646	1	1.0
1195	4646	1	1.0
512	4647	1	1.0
1185	4647	1	1.0
1195	4647	1	1.0
513	4648	1	1.0
1174	4648	1	1.0
1176	4648	1	1.0
1201	4648	1	1.0
1202	4648	1	1.0
2249	4648	1	1.0
2265	4648	1	1.0
2846	4648	1	1.0
513	4649	1	1.0
1202	4649	1	1.0
513	4650	1	1.0
1202	4650	1	1.0
513	4651	1	1.0
2249	4651	1	1.0
2846	4651	1	1.0
513	4652	1	1.0
1201	4652	1	1.0
1202	4652	1	1.0
2846	4652	1	1.0
514	4653	1	1.0
514	4654	1	1.0
514	4655	1	1.0
515	4656	1	1.0
1616	4656	1	1.0
1638	4656	1	1.0
516	4657	1	1.0
516	4658	1	1.0
516	4659	1	1.0
516	4660	1	1.0
516	4661	1	1.0
517	4662	1	1.0
526	4662	1	1.0
1650	4662	1	1.0
2257	4662	1	1.0
2261	4662	1	1.0
517	4663	1	1.0
526	4663	1	1.0
517	4664	1	1.0
517	4665	1	1.0
526	4665	1	1.0
517	4666	1	1.0
526	4666	1	1.0
2264	4666	1	1.0
518	4667	1	1.0
1210	4667	1	1.0
518	4668	1	1.0
1210	4668	1	1.0
519	4669	1	1.0
1187	4669	1	1.0
1631	4669	1	1.0
519	4670	1	1.0
532	4670	1	1.0
1187	4670	1	1.0
1203	4670	1	1.0
1631	4670	1	1.0
519	4671	1	1.0
1182	4671	1	1.0
519	4672	1	1.0
532	4672	1	1.0
1187	4672	1	1.0
519	4673	1	1.0
532	4673	1	1.0
1182	4673	1	1.0
1187	4673	1	1.0
1203	4673	1	1.0
1415	4673	1	1.0
1631	4673	1	1.0
1673	4673	1	1.0
2275	4673	1	1.0
520	4674	1	1.0
520	4675	1	1.0
520	4676	1	1.0
521	4677	1	1.0
522	4678	1	1.0
522	4679	1	1.0
522	4680	1	1.0
523	4681	1	1.0
523	4682	1	1.0
523	4683	1	1.0
523	4684	1	1.0
524	4685	1	1.0
525	4686	1	1.0
525	4687	1	1.0
525	4688	1	1.0
1183	4688	1	1.0
1194	4688	1	1.0
2266	4688	1	1.0
525	4689	1	1.0
529	4689	1	1.0
526	4690	1	1.0
527	4691	1	1.0
680	4691	1	1.0
527	4692	1	1.0
527	4693	1	1.0
528	4694	1	1.0
528	4695	1	1.0
2037	4695	1	1.0
528	4696	1	1.0
528	4697	1	1.0
1626	4697	1	1.0
529	4698	1	1.0
530	4699	1	1.0
531	4700	1	1.0
1666	4700	1	1.0
532	4701	1	1.0
1283	4701	1	1.0
2232	4701	1	1.0
2275	4701	1	1.0
532	4702	1	1.0
532	4703	1	1.0
1283	4703	1	1.0
532	4704	1	1.0
1283	4704	1	1.0
1290	4704	1	1.0
2232	4704	1	1.0
2275	4704	1	1.0
2984	4704	1	1.0
533	4705	1	1.0
534	4706	1	1.0
1374	4706	1	1.0
534	4707	1	1.0
1374	4707	1	1.0
535	4708	1	1.0
1640	4708	1	1.0
536	4709	1	1.0
1956	4709	1	1.0
2340	4709	1	1.0
536	4710	1	1.0
536	4711	1	1.0
537	4712	1	1.0
537	4713	1	1.0
537	4714	1	1.0
538	4715	1	1.0
1206	4715	1	1.0
2255	4715	1	1.0
2267	4715	1	1.0
538	4716	1	1.0
2255	4716	1	1.0
538	4717	1	1.0
1206	4717	1	1.0
538	4718	1	1.0
1206	4718	1	1.0
2255	4718	1	1.0
2267	4718	1	1.0
2885	4718	1	1.0
539	4719	1	1.0
1538	4719	1	1.0
540	4720	1	1.0
1726	4720	1	1.0
540	4721	1	1.0
540	4722	1	1.0
540	4723	1	1.0
1726	4723	1	1.0
540	4724	1	1.0
541	4725	1	1.0
541	4726	1	1.0
541	4727	1	1.0
541	4728	1	1.0
541	4729	1	1.0
989	4729	1	1.0
541	4730	1	1.0
912	4730	1	1.0
985	4730	1	1.0
989	4730	1	1.0
541	4731	1	1.0
542	4732	1	1.0
542	4733	1	1.0
542	4734	1	1.0
542	4735	1	1.0
542	4736	1	1.0
551	4736	1	1.0
623	4736	1	1.0
979	4736	1	1.0
2956	4736	1	1.0
543	4737	1	1.0
2214	4737	1	1.0
543	4738	1	1.0
2214	4738	1	1.0
543	4739	1	1.0
580	4739	1	1.0
583	4739	1	1.0
2214	4739	1	1.0
543	4740	1	1.0
580	4740	1	1.0
583	4740	1	1.0
2214	4740	1	1.0
544	4741	1	1.0
861	4741	1	1.0
545	4742	1	1.0
551	4742	1	1.0
979	4742	1	1.0
1694	4742	1	1.0
2218	4742	1	1.0
545	4743	1	1.0
551	4743	1	1.0
623	4743	1	1.0
979	4743	1	1.0
1694	4743	1	1.0
1723	4743	1	1.0
2218	4743	1	1.0
2687	4743	1	1.0
2942	4743	1	1.0
545	4744	1	1.0
545	4745	1	1.0
612	4745	1	1.0
973	4745	1	1.0
990	4745	1	1.0
1724	4745	1	1.0
2218	4745	1	1.0
546	4746	1	1.0
546	4747	1	1.0
626	4747	1	1.0
547	4748	1	1.0
554	4748	1	1.0
547	4749	1	1.0
547	4750	1	1.0
2216	4750	1	1.0
547	4751	1	1.0
551	4751	1	1.0
562	4751	1	1.0
581	4751	1	1.0
623	4751	1	1.0
969	4751	1	1.0
979	4751	1	1.0
1694	4751	1	1.0
1813	4751	1	1.0
1913	4751	1	1.0
2215	4751	1	1.0
2216	4751	1	1.0
2686	4751	1	1.0
2687	4751	1	1.0
548	4752	1	1.0
548	4753	1	1.0
548	4754	1	1.0
548	4755	1	1.0
548	4756	1	1.0
2672	4756	1	1.0
548	4757	1	1.0
753	4757	1	1.0
2672	4757	1	1.0
549	4758	1	1.0
549	4759	1	1.0
2774	4759	1	1.0
549	4760	1	1.0
549	4761	1	1.0
2615	4761	1	1.0
550	4762	1	1.0
550	4763	1	1.0
550	4764	1	1.0
551	4765	1	1.0
623	4765	1	1.0
2216	4765	1	1.0
2614	4765	1	1.0
551	4766	1	1.0
552	4767	1	1.0
993	4767	1	1.0
2943	4767	1	1.0
552	4768	1	1.0
580	4768	1	1.0
993	4768	1	1.0
552	4769	1	1.0
2943	4769	1	1.0
552	4770	1	1.0
2943	4770	1	1.0
552	4771	1	1.0
580	4771	1	1.0
621	4771	1	1.0
2222	4771	1	1.0
2943	4771	1	1.0
553	4772	1	1.0
553	4773	1	1.0
1717	4773	1	1.0
553	4774	1	1.0
1586	4774	1	1.0
554	4775	1	1.0
554	4776	1	1.0
863	4776	1	1.0
1921	4776	1	1.0
555	4777	1	1.0
555	4778	1	1.0
555	4779	1	1.0
978	4779	1	1.0
556	4780	1	1.0
556	4781	1	1.0
619	4781	1	1.0
556	4782	1	1.0
619	4782	1	1.0
965	4782	1	1.0
1723	4782	1	1.0
2219	4782	1	1.0
556	4783	1	1.0
561	4783	1	1.0
619	4783	1	1.0
620	4783	1	1.0
2219	4783	1	1.0
556	4784	1	1.0
561	4784	1	1.0
619	4784	1	1.0
620	4784	1	1.0
965	4784	1	1.0
2219	4784	1	1.0
556	4785	1	1.0
556	4786	1	1.0
620	4786	1	1.0
557	4787	1	1.0
2500	4787	1	1.0
557	4788	1	1.0
557	4789	1	1.0
558	4790	1	1.0
559	4791	1	1.0
559	4792	1	1.0
559	4793	1	1.0
560	4794	1	1.0
560	4795	1	1.0
902	4795	1	1.0
2217	4795	1	1.0
560	4796	1	1.0
902	4796	1	1.0
560	4797	1	1.0
2053	4797	1	1.0
561	4798	1	1.0
620	4798	1	1.0
1717	4798	1	1.0
561	4799	1	1.0
561	4800	1	1.0
620	4800	1	1.0
1717	4800	1	1.0
562	4801	1	1.0
2215	4801	1	1.0
2216	4801	1	1.0
562	4802	1	1.0
2216	4802	1	1.0
562	4803	1	1.0
562	4804	1	1.0
1913	4804	1	1.0
562	4805	1	1.0
1913	4805	1	1.0
2524	4805	1	1.0
562	4806	1	1.0
2216	4806	1	1.0
563	4807	1	1.0
564	4808	1	1.0
564	4809	1	1.0
565	4810	1	1.0
1114	4810	1	1.0
565	4811	1	1.0
565	4812	1	1.0
566	4813	1	1.0
566	4814	1	1.0
566	4815	1	1.0
1296	4815	1	1.0
566	4816	1	1.0
1075	4816	1	1.0
1296	4816	1	1.0
2023	4816	1	1.0
566	4817	1	1.0
1296	4817	1	1.0
567	4818	1	1.0
1761	4818	1	1.0
567	4819	1	1.0
1761	4819	1	1.0
567	4820	1	1.0
1761	4820	1	1.0
568	4821	1	1.0
569	4822	1	1.0
569	4823	1	1.0
569	4824	1	1.0
569	4825	1	1.0
1307	4825	1	1.0
570	4826	1	1.0
570	4827	1	1.0
570	4828	1	1.0
570	4829	1	1.0
571	4830	1	1.0
1860	4830	1	1.0
571	4831	1	1.0
571	4832	1	1.0
571	4833	1	1.0
571	4834	1	1.0
571	4835	1	1.0
1276	4835	1	1.0
1320	4835	1	1.0
1999	4835	1	1.0
2004	4835	1	1.0
2827	4835	1	1.0
572	4836	1	1.0
572	4837	1	1.0
572	4838	1	1.0
572	4839	1	1.0
573	4840	1	1.0
573	4841	1	1.0
574	4842	1	1.0
669	4842	1	1.0
2071	4842	1	1.0
574	4843	1	1.0
574	4844	1	1.0
668	4844	1	1.0
669	4844	1	1.0
2071	4844	1	1.0
2995	4844	1	1.0
575	4845	1	1.0
575	4846	1	1.0
575	4847	1	1.0
575	4848	1	1.0
576	4849	1	1.0
576	4850	1	1.0
577	4851	1	1.0
577	4852	1	1.0
577	4853	1	1.0
578	4854	1	1.0
578	4855	1	1.0
1690	4855	1	1.0
2867	4855	1	1.0
578	4856	1	1.0
579	4857	1	1.0
1030	4857	1	1.0
579	4858	1	1.0
1030	4858	1	1.0
579	4859	1	1.0
1030	4859	1	1.0
580	4860	1	1.0
583	4860	1	1.0
580	4861	1	1.0
1001	4861	1	1.0
1920	4861	1	1.0
581	4862	1	1.0
1813	4862	1	1.0
581	4863	1	1.0
1813	4863	1	1.0
582	4864	1	1.0
582	4865	1	1.0
582	4866	1	1.0
1690	4866	1	1.0
583	4867	1	1.0
583	4868	1	1.0
583	4869	1	1.0
583	4870	1	1.0
584	4871	1	1.0
584	4872	1	1.0
584	4873	1	1.0
585	4874	1	1.0
1703	4874	1	1.0
1708	4874	1	1.0
585	4875	1	1.0
1703	4875	1	1.0
586	4876	1	1.0
588	4876	1	1.0
1704	4876	1	1.0
1705	4876	1	1.0
1712	4876	1	1.0
2463	4876	1	1.0
586	4877	1	1.0
588	4877	1	1.0
2463	4877	1	1.0
2465	4877	1	1.0
586	4878	1	1.0
587	4879	1	1.0
589	4879	1	1.0
2464	4879	1	1.0
587	4880	1	1.0
588	4881	1	1.0
1705	4881	1	1.0
1707	4881	1	1.0
589	4882	1	1.0
590	4882	1	1.0
1704	4882	1	1.0
1707	4882	1	1.0
1710	4882	1	1.0
2465	4882	1	1.0
589	4883	1	1.0
590	4884	1	1.0
590	4885	1	1.0
1704	4885	1	1.0
1710	4885	1	1.0
591	4886	1	1.0
593	4886	1	1.0
2464	4886	1	1.0
591	4887	1	1.0
593	4887	1	1.0
592	4888	1	1.0
1706	4888	1	1.0
592	4889	1	1.0
1706	4889	1	1.0
594	4890	1	1.0
594	4891	1	1.0
2813	4891	1	1.0
594	4892	1	1.0
594	4893	1	1.0
594	4894	1	1.0
594	4895	1	1.0
596	4896	1	1.0
596	4897	1	1.0
596	4898	1	1.0
597	4899	1	1.0
597	4900	1	1.0
597	4901	1	1.0
597	4902	1	1.0
598	4903	1	1.0
599	4904	1	1.0
600	4905	1	1.0
602	4906	1	1.0
602	4907	1	1.0
602	4908	1	1.0
602	4909	1	1.0
603	4910	1	1.0
603	4911	1	1.0
603	4912	1	1.0
604	4913	1	1.0
604	4914	1	1.0
604	4915	1	1.0
605	4916	1	1.0
960	4916	1	1.0
1900	4916	1	1.0
605	4917	1	1.0
960	4917	1	1.0
606	4918	1	1.0
608	4919	1	1.0
608	4920	1	1.0
609	4921	1	1.0
1716	4921	1	1.0
609	4922	1	1.0
1716	4922	1	1.0
609	4923	1	1.0
1716	4923	1	1.0
611	4924	1	1.0
992	4924	1	1.0
2217	4924	1	1.0
611	4925	1	1.0
611	4926	1	1.0
992	4926	1	1.0
2217	4926	1	1.0
612	4927	1	1.0
1724	4927	1	1.0
612	4928	1	1.0
1724	4928	1	1.0
612	4929	1	1.0
624	4929	1	1.0
1507	4929	1	1.0
1724	4929	1	1.0
2663	4929	1	1.0
613	4930	1	1.0
613	4931	1	1.0
613	4932	1	1.0
613	4933	1	1.0
614	4934	1	1.0
1756	4934	1	1.0
614	4935	1	1.0
1756	4935	1	1.0
614	4936	1	1.0
614	4937	1	1.0
614	4938	1	1.0
1756	4938	1	1.0
615	4939	1	1.0
916	4939	1	1.0
918	4939	1	1.0
989	4939	1	1.0
1922	4939	1	1.0
615	4940	1	1.0
1922	4940	1	1.0
615	4941	1	1.0
916	4941	1	1.0
989	4941	1	1.0
616	4942	1	1.0
616	4943	1	1.0
617	4944	1	1.0
617	4945	1	1.0
2220	4945	1	1.0
617	4946	1	1.0
617	4947	1	1.0
2983	4947	1	1.0
618	4948	1	1.0
996	4948	1	1.0
2223	4948	1	1.0
618	4949	1	1.0
965	4949	1	1.0
996	4949	1	1.0
1449	4949	1	1.0
2223	4949	1	1.0
2662	4949	1	1.0
2869	4949	1	1.0
618	4950	1	1.0
621	4950	1	1.0
871	4950	1	1.0
965	4950	1	1.0
972	4950	1	1.0
988	4950	1	1.0
991	4950	1	1.0
993	4950	1	1.0
996	4950	1	1.0
1449	4950	1	1.0
1810	4950	1	1.0
2222	4950	1	1.0
2223	4950	1	1.0
2662	4950	1	1.0
2869	4950	1	1.0
2944	4950	1	1.0
2945	4950	1	1.0
618	4951	1	1.0
621	4951	1	1.0
871	4951	1	1.0
965	4951	1	1.0
972	4951	1	1.0
991	4951	1	1.0
993	4951	1	1.0
996	4951	1	1.0
1140	4951	1	1.0
1449	4951	1	1.0
1807	4951	1	1.0
1810	4951	1	1.0
2222	4951	1	1.0
2223	4951	1	1.0
2662	4951	1	1.0
2869	4951	1	1.0
2944	4951	1	1.0
2945	4951	1	1.0
619	4952	1	1.0
628	4952	1	1.0
901	4952	1	1.0
997	4952	1	1.0
619	4953	1	1.0
628	4953	1	1.0
901	4953	1	1.0
997	4953	1	1.0
2109	4953	1	1.0
620	4954	1	1.0
621	4955	1	1.0
965	4955	1	1.0
988	4955	1	1.0
2222	4955	1	1.0
621	4956	1	1.0
993	4956	1	1.0
621	4957	1	1.0
2222	4957	1	1.0
621	4958	1	1.0
988	4958	1	1.0
1810	4958	1	1.0
621	4959	1	1.0
2944	4959	1	1.0
621	4960	1	1.0
991	4960	1	1.0
993	4960	1	1.0
1140	4960	1	1.0
1810	4960	1	1.0
2222	4960	1	1.0
623	4961	1	1.0
623	4962	1	1.0
2686	4962	1	1.0
623	4963	1	1.0
1464	4963	1	1.0
2524	4963	1	1.0
624	4964	1	1.0
2663	4964	1	1.0
624	4965	1	1.0
625	4966	1	1.0
1530	4966	1	1.0
625	4967	1	1.0
625	4968	1	1.0
1530	4968	1	1.0
625	4969	1	1.0
2281	4969	1	1.0
625	4970	1	1.0
2281	4970	1	1.0
626	4971	1	1.0
626	4972	1	1.0
626	4973	1	1.0
626	4974	1	1.0
1817	4974	1	1.0
627	4975	1	1.0
627	4976	1	1.0
627	4977	1	1.0
627	4978	1	1.0
627	4979	1	1.0
978	4979	1	1.0
2666	4979	1	1.0
627	4980	1	1.0
627	4981	1	1.0
628	4982	1	1.0
628	4983	1	1.0
628	4984	1	1.0
629	4985	1	1.0
629	4986	1	1.0
949	4986	1	1.0
1537	4986	1	1.0
629	4987	1	1.0
650	4987	1	1.0
948	4987	1	1.0
1393	4987	1	1.0
2114	4987	1	1.0
629	4988	1	1.0
629	4989	1	1.0
650	4989	1	1.0
630	4990	1	1.0
630	4991	1	1.0
630	4992	1	1.0
631	4993	1	1.0
632	4994	1	1.0
632	4995	1	1.0
633	4996	1	1.0
967	4996	1	1.0
633	4997	1	1.0
967	4997	1	1.0
634	4998	1	1.0
634	4999	1	1.0
2541	4999	1	1.0
634	5000	1	1.0
635	5001	1	1.0
636	5002	1	1.0
636	5003	1	1.0
2345	5003	1	1.0
2726	5003	1	1.0
637	5004	1	1.0
637	5005	1	1.0
637	5006	1	1.0
638	5007	1	1.0
1758	5007	1	1.0
638	5008	1	1.0
1758	5008	1	1.0
2429	5008	1	1.0
638	5009	1	1.0
1758	5009	1	1.0
2101	5009	1	1.0
2429	5009	1	1.0
639	5010	1	1.0
640	5011	1	1.0
640	5012	1	1.0
1740	5012	1	1.0
640	5013	1	1.0
1740	5013	1	1.0
641	5014	1	1.0
1738	5014	1	1.0
641	5015	1	1.0
644	5015	1	1.0
1738	5015	1	1.0
641	5016	1	1.0
1738	5016	1	1.0
641	5017	1	1.0
642	5018	1	1.0
1739	5018	1	1.0
2654	5018	1	1.0
642	5019	1	1.0
1545	5019	1	1.0
1739	5019	1	1.0
2647	5019	1	1.0
2654	5019	1	1.0
2748	5019	1	1.0
642	5020	1	1.0
1739	5020	1	1.0
2654	5020	1	1.0
643	5021	1	1.0
2656	5021	1	1.0
643	5022	1	1.0
645	5023	1	1.0
645	5024	1	1.0
645	5025	1	1.0
2977	5025	1	1.0
645	5026	1	1.0
645	5027	1	1.0
645	5028	1	1.0
645	5029	1	1.0
645	5030	1	1.0
645	5031	1	1.0
645	5032	1	1.0
645	5033	1	1.0
645	5034	1	1.0
645	5035	1	1.0
646	5035	1	1.0
645	5036	1	1.0
645	5037	1	1.0
646	5037	1	1.0
646	5038	1	1.0
646	5039	1	1.0
646	5040	1	1.0
647	5041	1	1.0
647	5042	1	1.0
1756	5042	1	1.0
647	5043	1	1.0
990	5043	1	1.0
647	5044	1	1.0
1756	5044	1	1.0
648	5045	1	1.0
2982	5045	1	1.0
648	5046	1	1.0
650	5046	1	1.0
948	5046	1	1.0
1393	5046	1	1.0
2114	5046	1	1.0
2982	5046	1	1.0
648	5047	1	1.0
648	5048	1	1.0
649	5049	1	1.0
1539	5049	1	1.0
649	5050	1	1.0
649	5051	1	1.0
651	5051	1	1.0
951	5051	1	1.0
2779	5051	1	1.0
649	5052	1	1.0
1539	5052	1	1.0
1756	5052	1	1.0
650	5053	1	1.0
651	5054	1	1.0
652	5055	1	1.0
652	5056	1	1.0
653	5057	1	1.0
1746	5057	1	1.0
2923	5057	1	1.0
653	5058	1	1.0
653	5059	1	1.0
653	5060	1	1.0
653	5061	1	1.0
654	5062	1	1.0
661	5062	1	1.0
1113	5062	1	1.0
1115	5062	1	1.0
1485	5062	1	1.0
2165	5062	1	1.0
654	5063	1	1.0
661	5063	1	1.0
1113	5063	1	1.0
1115	5063	1	1.0
1485	5063	1	1.0
2737	5063	1	1.0
654	5064	1	1.0
661	5064	1	1.0
654	5065	1	1.0
661	5065	1	1.0
654	5066	1	1.0
661	5066	1	1.0
1113	5066	1	1.0
1115	5066	1	1.0
1485	5066	1	1.0
2162	5066	1	1.0
2165	5066	1	1.0
2737	5066	1	1.0
655	5067	1	1.0
655	5068	1	1.0
655	5069	1	1.0
656	5070	1	1.0
1750	5070	1	1.0
2739	5070	1	1.0
656	5071	1	1.0
656	5072	1	1.0
657	5073	1	1.0
658	5074	1	1.0
2161	5074	1	1.0
658	5075	1	1.0
658	5076	1	1.0
659	5077	1	1.0
660	5078	1	1.0
2066	5078	1	1.0
660	5079	1	1.0
660	5080	1	1.0
2066	5080	1	1.0
662	5081	1	1.0
662	5082	1	1.0
662	5083	1	1.0
662	5084	1	1.0
662	5085	1	1.0
662	5086	1	1.0
663	5087	1	1.0
663	5088	1	1.0
663	5089	1	1.0
663	5090	1	1.0
663	5091	1	1.0
664	5092	1	1.0
664	5093	1	1.0
664	5094	1	1.0
664	5095	1	1.0
664	5096	1	1.0
665	5097	1	1.0
2998	5097	1	1.0
665	5098	1	1.0
665	5099	1	1.0
1466	5099	1	1.0
1467	5099	1	1.0
1929	5099	1	1.0
2671	5099	1	1.0
2998	5099	1	1.0
666	5100	1	1.0
666	5101	1	1.0
666	5102	1	1.0
1759	5102	1	1.0
2280	5102	1	1.0
666	5103	1	1.0
1759	5103	1	1.0
2280	5103	1	1.0
667	5104	1	1.0
667	5105	1	1.0
668	5106	1	1.0
668	5107	1	1.0
668	5108	1	1.0
1462	5108	1	1.0
2528	5108	1	1.0
2995	5108	1	1.0
669	5109	1	1.0
670	5110	1	1.0
672	5110	1	1.0
1837	5110	1	1.0
671	5111	1	1.0
672	5112	1	1.0
1837	5112	1	1.0
2512	5112	1	1.0
673	5113	1	1.0
673	5114	1	1.0
673	5115	1	1.0
673	5116	1	1.0
674	5117	1	1.0
674	5118	1	1.0
675	5119	1	1.0
675	5120	1	1.0
1818	5120	1	1.0
675	5121	1	1.0
675	5122	1	1.0
1817	5122	1	1.0
676	5123	1	1.0
2048	5123	1	1.0
2576	5123	1	1.0
676	5124	1	1.0
2048	5124	1	1.0
2576	5124	1	1.0
677	5125	1	1.0
677	5126	1	1.0
677	5127	1	1.0
677	5128	1	1.0
677	5129	1	1.0
678	5130	1	1.0
678	5131	1	1.0
679	5132	1	1.0
679	5133	1	1.0
679	5134	1	1.0
680	5135	1	1.0
680	5136	1	1.0
681	5137	1	1.0
1772	5137	1	1.0
2513	5137	1	1.0
681	5138	1	1.0
681	5139	1	1.0
1772	5139	1	1.0
681	5140	1	1.0
1772	5140	1	1.0
2513	5140	1	1.0
682	5141	1	1.0
682	5142	1	1.0
683	5143	1	1.0
2448	5143	1	1.0
683	5144	1	1.0
2448	5144	1	1.0
684	5145	1	1.0
684	5146	1	1.0
684	5147	1	1.0
685	5148	1	1.0
685	5149	1	1.0
1481	5149	1	1.0
2369	5149	1	1.0
686	5150	1	1.0
686	5151	1	1.0
687	5152	1	1.0
2392	5152	1	1.0
687	5153	1	1.0
2392	5153	1	1.0
688	5154	1	1.0
1523	5154	1	1.0
2387	5154	1	1.0
2408	5154	1	1.0
689	5155	1	1.0
690	5156	1	1.0
690	5157	1	1.0
690	5158	1	1.0
692	5159	1	1.0
692	5160	1	1.0
692	5161	1	1.0
692	5162	1	1.0
693	5163	1	1.0
693	5164	1	1.0
1493	5164	1	1.0
693	5165	1	1.0
694	5166	1	1.0
1483	5166	1	1.0
694	5167	1	1.0
1483	5167	1	1.0
694	5168	1	1.0
694	5169	1	1.0
694	5170	1	1.0
1493	5170	1	1.0
695	5171	1	1.0
695	5172	1	1.0
696	5173	1	1.0
1487	5173	1	1.0
696	5174	1	1.0
1488	5174	1	1.0
696	5175	1	1.0
2424	5175	1	1.0
697	5176	1	1.0
697	5177	1	1.0
699	5178	1	1.0
699	5179	1	1.0
1933	5179	1	1.0
699	5180	1	1.0
1941	5180	1	1.0
700	5181	1	1.0
700	5182	1	1.0
700	5183	1	1.0
722	5183	1	1.0
1941	5183	1	1.0
2633	5183	1	1.0
2644	5183	1	1.0
701	5184	1	1.0
701	5185	1	1.0
760	5185	1	1.0
703	5186	1	1.0
703	5187	1	1.0
703	5188	1	1.0
703	5189	1	1.0
703	5190	1	1.0
703	5191	1	1.0
704	5192	1	1.0
704	5193	1	1.0
704	5194	1	1.0
704	5195	1	1.0
704	5196	1	1.0
705	5197	1	1.0
705	5198	1	1.0
705	5199	1	1.0
705	5200	1	1.0
705	5201	1	1.0
705	5202	1	1.0
706	5203	1	1.0
707	5204	1	1.0
707	5205	1	1.0
707	5206	1	1.0
707	5207	1	1.0
708	5208	1	1.0
708	5209	1	1.0
708	5210	1	1.0
710	5211	1	1.0
710	5212	1	1.0
1942	5212	1	1.0
710	5213	1	1.0
711	5214	1	1.0
711	5215	1	1.0
711	5216	1	1.0
711	5217	1	1.0
712	5218	1	1.0
722	5218	1	1.0
712	5219	1	1.0
722	5219	1	1.0
712	5220	1	1.0
713	5221	1	1.0
713	5222	1	1.0
713	5223	1	1.0
713	5224	1	1.0
714	5225	1	1.0
714	5226	1	1.0
714	5227	1	1.0
714	5228	1	1.0
717	5228	1	1.0
715	5229	1	1.0
1945	5229	1	1.0
1949	5229	1	1.0
2621	5229	1	1.0
715	5230	1	1.0
1949	5230	1	1.0
715	5231	1	1.0
716	5232	1	1.0
716	5233	1	1.0
716	5234	1	1.0
759	5234	1	1.0
717	5235	1	1.0
717	5236	1	1.0
717	5237	1	1.0
718	5238	1	1.0
719	5239	1	1.0
719	5240	1	1.0
719	5241	1	1.0
719	5242	1	1.0
720	5243	1	1.0
720	5244	1	1.0
1546	5244	1	1.0
720	5245	1	1.0
755	5245	1	1.0
721	5246	1	1.0
723	5247	1	1.0
2639	5247	1	1.0
723	5248	1	1.0
2639	5248	1	1.0
724	5249	1	1.0
724	5250	1	1.0
724	5251	1	1.0
724	5252	1	1.0
725	5253	1	1.0
725	5254	1	1.0
725	5255	1	1.0
726	5256	1	1.0
726	5257	1	1.0
726	5258	1	1.0
726	5259	1	1.0
726	5260	1	1.0
727	5261	1	1.0
727	5262	1	1.0
727	5263	1	1.0
728	5264	1	1.0
746	5264	1	1.0
728	5265	1	1.0
746	5265	1	1.0
728	5266	1	1.0
746	5266	1	1.0
729	5267	1	1.0
761	5267	1	1.0
729	5268	1	1.0
761	5268	1	1.0
729	5269	1	1.0
729	5270	1	1.0
761	5270	1	1.0
729	5271	1	1.0
761	5271	1	1.0
730	5272	1	1.0
730	5273	1	1.0
731	5274	1	1.0
731	5275	1	1.0
731	5276	1	1.0
731	5277	1	1.0
732	5278	1	1.0
1105	5278	1	1.0
1557	5278	1	1.0
732	5279	1	1.0
1105	5279	1	1.0
1557	5279	1	1.0
732	5280	1	1.0
1105	5280	1	1.0
733	5281	1	1.0
733	5282	1	1.0
733	5283	1	1.0
733	5284	1	1.0
733	5285	1	1.0
734	5286	1	1.0
734	5287	1	1.0
735	5288	1	1.0
735	5289	1	1.0
735	5290	1	1.0
736	5291	1	1.0
736	5292	1	1.0
736	5293	1	1.0
1569	5293	1	1.0
1765	5293	1	1.0
2029	5293	1	1.0
2032	5293	1	1.0
2460	5293	1	1.0
2769	5293	1	1.0
736	5294	1	1.0
737	5295	1	1.0
737	5296	1	1.0
738	5297	1	1.0
738	5298	1	1.0
738	5299	1	1.0
738	5300	1	1.0
739	5301	1	1.0
739	5302	1	1.0
740	5303	1	1.0
1572	5303	1	1.0
740	5304	1	1.0
740	5305	1	1.0
818	5305	1	1.0
1572	5305	1	1.0
742	5306	1	1.0
742	5307	1	1.0
742	5308	1	1.0
2155	5308	1	1.0
744	5309	1	1.0
744	5310	1	1.0
2634	5310	1	1.0
744	5311	1	1.0
745	5312	1	1.0
745	5313	1	1.0
745	5314	1	1.0
745	5315	1	1.0
745	5316	1	1.0
745	5317	1	1.0
746	5318	1	1.0
746	5319	1	1.0
747	5320	1	1.0
747	5321	1	1.0
747	5322	1	1.0
747	5323	1	1.0
747	5324	1	1.0
748	5325	1	1.0
748	5326	1	1.0
749	5327	1	1.0
749	5328	1	1.0
749	5329	1	1.0
749	5330	1	1.0
750	5331	1	1.0
750	5332	1	1.0
750	5333	1	1.0
751	5334	1	1.0
1531	5334	1	1.0
2990	5334	1	1.0
751	5335	1	1.0
1531	5335	1	1.0
2990	5335	1	1.0
751	5336	1	1.0
1531	5336	1	1.0
2990	5336	1	1.0
752	5337	1	1.0
752	5338	1	1.0
752	5339	1	1.0
752	5340	1	1.0
753	5341	1	1.0
753	5342	1	1.0
754	5343	1	1.0
754	5344	1	1.0
754	5345	1	1.0
755	5346	1	1.0
756	5347	1	1.0
756	5348	1	1.0
2140	5348	1	1.0
756	5349	1	1.0
756	5350	1	1.0
756	5351	1	1.0
757	5352	1	1.0
758	5353	1	1.0
758	5354	1	1.0
758	5355	1	1.0
758	5356	1	1.0
758	5357	1	1.0
758	5358	1	1.0
759	5359	1	1.0
759	5360	1	1.0
759	5361	1	1.0
760	5362	1	1.0
760	5363	1	1.0
762	5364	1	1.0
762	5365	1	1.0
763	5366	1	1.0
763	5367	1	1.0
763	5368	1	1.0
764	5369	1	1.0
764	5370	1	1.0
764	5371	1	1.0
1448	5371	1	1.0
765	5372	1	1.0
765	5373	1	1.0
765	5374	1	1.0
766	5375	1	1.0
772	5375	1	1.0
766	5376	1	1.0
766	5377	1	1.0
772	5377	1	1.0
767	5378	1	1.0
769	5378	1	1.0
768	5379	1	1.0
2502	5379	1	1.0
768	5380	1	1.0
769	5381	1	1.0
770	5382	1	1.0
770	5383	1	1.0
770	5384	1	1.0
770	5385	1	1.0
770	5386	1	1.0
770	5387	1	1.0
770	5388	1	1.0
770	5389	1	1.0
2480	5389	1	1.0
771	5390	1	1.0
771	5391	1	1.0
771	5392	1	1.0
772	5393	1	1.0
773	5394	1	1.0
2458	5394	1	1.0
774	5395	1	1.0
774	5396	1	1.0
774	5397	1	1.0
2480	5397	1	1.0
775	5398	1	1.0
1002	5398	1	1.0
775	5399	1	1.0
1002	5399	1	1.0
775	5400	1	1.0
1002	5400	1	1.0
775	5401	1	1.0
1002	5401	1	1.0
1430	5401	1	1.0
775	5402	1	1.0
1002	5402	1	1.0
776	5403	1	1.0
777	5404	1	1.0
792	5404	1	1.0
1829	5404	1	1.0
777	5405	1	1.0
792	5405	1	1.0
1902	5405	1	1.0
2585	5405	1	1.0
2594	5405	1	1.0
778	5406	1	1.0
778	5407	1	1.0
778	5408	1	1.0
779	5409	1	1.0
779	5410	1	1.0
1417	5410	1	1.0
1835	5410	1	1.0
2582	5410	1	1.0
780	5411	1	1.0
1816	5411	1	1.0
780	5412	1	1.0
780	5413	1	1.0
781	5414	1	1.0
781	5415	1	1.0
781	5416	1	1.0
782	5417	1	1.0
782	5418	1	1.0
785	5418	1	1.0
782	5419	1	1.0
782	5420	1	1.0
783	5421	1	1.0
784	5422	1	1.0
1828	5422	1	1.0
784	5423	1	1.0
1828	5423	1	1.0
785	5424	1	1.0
786	5425	1	1.0
786	5426	1	1.0
786	5427	1	1.0
787	5428	1	1.0
787	5429	1	1.0
787	5430	1	1.0
787	5431	1	1.0
787	5432	1	1.0
788	5433	1	1.0
959	5433	1	1.0
1823	5433	1	1.0
1833	5433	1	1.0
2587	5433	1	1.0
788	5434	1	1.0
788	5435	1	1.0
789	5436	1	1.0
789	5437	1	1.0
2589	5437	1	1.0
790	5438	1	1.0
790	5439	1	1.0
790	5440	1	1.0
791	5441	1	1.0
1821	5441	1	1.0
2518	5441	1	1.0
791	5442	1	1.0
791	5443	1	1.0
792	5444	1	1.0
2585	5444	1	1.0
792	5445	1	1.0
2585	5445	1	1.0
793	5446	1	1.0
793	5447	1	1.0
794	5448	1	1.0
794	5449	1	1.0
794	5450	1	1.0
795	5451	1	1.0
796	5452	1	1.0
2538	5452	1	1.0
2584	5452	1	1.0
2591	5452	1	1.0
796	5453	1	1.0
796	5454	1	1.0
2538	5454	1	1.0
2584	5454	1	1.0
797	5455	1	1.0
797	5456	1	1.0
798	5457	1	1.0
2590	5457	1	1.0
798	5458	1	1.0
2590	5458	1	1.0
798	5459	1	1.0
2590	5459	1	1.0
799	5460	1	1.0
799	5461	1	1.0
800	5462	1	1.0
800	5463	1	1.0
801	5464	1	1.0
2595	5464	1	1.0
801	5465	1	1.0
801	5466	1	1.0
802	5467	1	1.0
802	5468	1	1.0
802	5469	1	1.0
802	5470	1	1.0
1772	5470	1	1.0
803	5471	1	1.0
803	5472	1	1.0
803	5473	1	1.0
803	5474	1	1.0
805	5475	1	1.0
806	5476	1	1.0
807	5477	1	1.0
808	5478	1	1.0
2793	5478	1	1.0
808	5479	1	1.0
808	5480	1	1.0
847	5480	1	1.0
1405	5480	1	1.0
2793	5480	1	1.0
809	5481	1	1.0
809	5482	1	1.0
809	5483	1	1.0
810	5484	1	1.0
829	5484	1	1.0
810	5485	1	1.0
810	5486	1	1.0
829	5486	1	1.0
811	5487	1	1.0
811	5488	1	1.0
812	5489	1	1.0
812	5490	1	1.0
812	5491	1	1.0
812	5492	1	1.0
812	5493	1	1.0
813	5494	1	1.0
813	5495	1	1.0
813	5496	1	1.0
814	5497	1	1.0
1250	5497	1	1.0
814	5498	1	1.0
814	5499	1	1.0
815	5500	1	1.0
892	5500	1	1.0
815	5501	1	1.0
815	5502	1	1.0
816	5503	1	1.0
816	5504	1	1.0
816	5505	1	1.0
817	5506	1	1.0
818	5507	1	1.0
818	5508	1	1.0
818	5509	1	1.0
1096	5509	1	1.0
1232	5509	1	1.0
1242	5509	1	1.0
1899	5509	1	1.0
818	5510	1	1.0
818	5511	1	1.0
819	5512	1	1.0
819	5513	1	1.0
819	5514	1	1.0
819	5515	1	1.0
2476	5515	1	1.0
2478	5515	1	1.0
820	5516	1	1.0
820	5517	1	1.0
820	5518	1	1.0
821	5519	1	1.0
822	5519	1	1.0
821	5520	1	1.0
822	5520	1	1.0
833	5520	1	1.0
1097	5520	1	1.0
1251	5520	1	1.0
822	5521	1	1.0
823	5522	1	1.0
894	5522	1	1.0
2563	5522	1	1.0
823	5523	1	1.0
894	5523	1	1.0
823	5524	1	1.0
894	5524	1	1.0
2563	5524	1	1.0
823	5525	1	1.0
894	5525	1	1.0
823	5526	1	1.0
843	5526	1	1.0
894	5526	1	1.0
824	5527	1	1.0
825	5528	1	1.0
825	5529	1	1.0
1849	5529	1	1.0
2191	5529	1	1.0
826	5530	1	1.0
826	5531	1	1.0
831	5531	1	1.0
826	5532	1	1.0
831	5532	1	1.0
827	5533	1	1.0
827	5534	1	1.0
827	5535	1	1.0
827	5536	1	1.0
2330	5536	1	1.0
827	5537	1	1.0
828	5538	1	1.0
828	5539	1	1.0
829	5540	1	1.0
829	5541	1	1.0
829	5542	1	1.0
830	5543	1	1.0
830	5544	1	1.0
831	5545	1	1.0
896	5545	1	1.0
2135	5545	1	1.0
831	5546	1	1.0
831	5547	1	1.0
832	5548	1	1.0
833	5549	1	1.0
833	5550	1	1.0
833	5551	1	1.0
834	5552	1	1.0
1931	5552	1	1.0
834	5553	1	1.0
835	5554	1	1.0
835	5555	1	1.0
835	5556	1	1.0
836	5557	1	1.0
836	5558	1	1.0
836	5559	1	1.0
836	5560	1	1.0
836	5561	1	1.0
837	5562	1	1.0
1230	5562	1	1.0
837	5563	1	1.0
1230	5563	1	1.0
837	5564	1	1.0
1226	5564	1	1.0
1230	5564	1	1.0
2192	5564	1	1.0
2967	5564	1	1.0
838	5565	1	1.0
839	5566	1	1.0
839	5567	1	1.0
839	5568	1	1.0
839	5569	1	1.0
839	5570	1	1.0
840	5571	1	1.0
840	5572	1	1.0
1849	5572	1	1.0
2191	5572	1	1.0
840	5573	1	1.0
840	5574	1	1.0
840	5575	1	1.0
1849	5575	1	1.0
2191	5575	1	1.0
841	5576	1	1.0
2794	5576	1	1.0
841	5577	1	1.0
841	5578	1	1.0
1880	5578	1	1.0
842	5579	1	1.0
842	5580	1	1.0
842	5581	1	1.0
842	5582	1	1.0
843	5583	1	1.0
843	5584	1	1.0
843	5585	1	1.0
2470	5585	1	1.0
844	5586	1	1.0
2551	5586	1	1.0
844	5587	1	1.0
844	5588	1	1.0
844	5589	1	1.0
844	5590	1	1.0
844	5591	1	1.0
844	5592	1	1.0
844	5593	1	1.0
845	5594	1	1.0
845	5595	1	1.0
846	5596	1	1.0
1855	5596	1	1.0
847	5597	1	1.0
847	5598	1	1.0
847	5599	1	1.0
848	5600	1	1.0
848	5601	1	1.0
848	5602	1	1.0
848	5603	1	1.0
848	5604	1	1.0
848	5605	1	1.0
1041	5605	1	1.0
2939	5605	1	1.0
848	5606	1	1.0
849	5607	1	1.0
849	5608	1	1.0
849	5609	1	1.0
849	5610	1	1.0
849	5611	1	1.0
850	5612	1	1.0
1593	5612	1	1.0
850	5613	1	1.0
852	5614	1	1.0
1853	5614	1	1.0
1856	5614	1	1.0
852	5615	1	1.0
1856	5615	1	1.0
853	5616	1	1.0
855	5616	1	1.0
1157	5616	1	1.0
1379	5616	1	1.0
2917	5616	1	1.0
853	5617	1	1.0
855	5617	1	1.0
896	5617	1	1.0
1156	5617	1	1.0
1157	5617	1	1.0
1379	5617	1	1.0
1380	5617	1	1.0
1399	5617	1	1.0
1568	5617	1	1.0
2135	5617	1	1.0
2917	5617	1	1.0
853	5618	1	1.0
854	5619	1	1.0
854	5620	1	1.0
854	5621	1	1.0
854	5622	1	1.0
854	5623	1	1.0
857	5624	1	1.0
857	5625	1	1.0
857	5626	1	1.0
857	5627	1	1.0
857	5628	1	1.0
858	5629	1	1.0
858	5630	1	1.0
859	5631	1	1.0
859	5632	1	1.0
860	5633	1	1.0
2139	5633	1	1.0
2141	5633	1	1.0
860	5634	1	1.0
2139	5634	1	1.0
2141	5634	1	1.0
860	5635	1	1.0
860	5636	1	1.0
860	5637	1	1.0
2139	5637	1	1.0
2141	5637	1	1.0
860	5638	1	1.0
2139	5638	1	1.0
2141	5638	1	1.0
862	5639	1	1.0
862	5640	1	1.0
863	5641	1	1.0
863	5642	1	1.0
863	5643	1	1.0
863	5644	1	1.0
864	5645	1	1.0
2936	5645	1	1.0
864	5646	1	1.0
865	5646	1	1.0
1150	5646	1	1.0
864	5647	1	1.0
865	5647	1	1.0
1150	5647	1	1.0
2936	5647	1	1.0
864	5648	1	1.0
865	5648	1	1.0
2936	5648	1	1.0
865	5649	1	1.0
2936	5649	1	1.0
866	5650	1	1.0
866	5651	1	1.0
866	5652	1	1.0
866	5653	1	1.0
867	5654	1	1.0
867	5655	1	1.0
867	5656	1	1.0
867	5657	1	1.0
868	5658	1	1.0
868	5659	1	1.0
868	5660	1	1.0
869	5661	1	1.0
869	5662	1	1.0
869	5663	1	1.0
869	5664	1	1.0
869	5665	1	1.0
872	5666	1	1.0
872	5667	1	1.0
1590	5667	1	1.0
1915	5667	1	1.0
2441	5667	1	1.0
872	5668	1	1.0
873	5669	1	1.0
873	5670	1	1.0
873	5671	1	1.0
873	5672	1	1.0
873	5673	1	1.0
874	5674	1	1.0
874	5675	1	1.0
876	5675	1	1.0
874	5676	1	1.0
874	5677	1	1.0
876	5677	1	1.0
1752	5677	1	1.0
1845	5677	1	1.0
2738	5677	1	1.0
875	5678	1	1.0
875	5679	1	1.0
875	5680	1	1.0
875	5681	1	1.0
875	5682	1	1.0
875	5683	1	1.0
876	5684	1	1.0
1752	5684	1	1.0
2738	5684	1	1.0
2740	5684	1	1.0
877	5685	1	1.0
1748	5685	1	1.0
877	5686	1	1.0
1748	5686	1	1.0
2160	5686	1	1.0
877	5687	1	1.0
1748	5687	1	1.0
2160	5687	1	1.0
877	5688	1	1.0
2160	5688	1	1.0
878	5689	1	1.0
878	5690	1	1.0
879	5691	1	1.0
2884	5691	1	1.0
879	5692	1	1.0
2053	5692	1	1.0
879	5693	1	1.0
880	5694	1	1.0
880	5695	1	1.0
880	5696	1	1.0
881	5697	1	1.0
881	5698	1	1.0
2884	5698	1	1.0
881	5699	1	1.0
2872	5699	1	1.0
881	5700	1	1.0
2884	5700	1	1.0
882	5701	1	1.0
882	5702	1	1.0
2124	5702	1	1.0
2412	5702	1	1.0
2414	5702	1	1.0
883	5703	1	1.0
1516	5703	1	1.0
2414	5703	1	1.0
2467	5703	1	1.0
2692	5703	1	1.0
883	5704	1	1.0
883	5705	1	1.0
1014	5705	1	1.0
2414	5705	1	1.0
2467	5705	1	1.0
2692	5705	1	1.0
883	5706	1	1.0
1512	5706	1	1.0
1516	5706	1	1.0
1548	5706	1	1.0
2414	5706	1	1.0
2467	5706	1	1.0
2692	5706	1	1.0
884	5707	1	1.0
884	5708	1	1.0
884	5709	1	1.0
884	5710	1	1.0
884	5711	1	1.0
1130	5711	1	1.0
884	5712	1	1.0
885	5713	1	1.0
887	5713	1	1.0
885	5714	1	1.0
887	5714	1	1.0
885	5715	1	1.0
887	5715	1	1.0
885	5716	1	1.0
887	5716	1	1.0
886	5717	1	1.0
886	5718	1	1.0
886	5719	1	1.0
1382	5719	1	1.0
1383	5719	1	1.0
1504	5719	1	1.0
2491	5719	1	1.0
886	5720	1	1.0
887	5721	1	1.0
887	5722	1	1.0
887	5723	1	1.0
888	5724	1	1.0
888	5725	1	1.0
888	5726	1	1.0
888	5727	1	1.0
889	5728	1	1.0
889	5729	1	1.0
890	5730	1	1.0
891	5731	1	1.0
891	5732	1	1.0
893	5733	1	1.0
893	5734	1	1.0
893	5735	1	1.0
893	5736	1	1.0
893	5737	1	1.0
895	5738	1	1.0
2058	5738	1	1.0
2062	5738	1	1.0
895	5739	1	1.0
2058	5739	1	1.0
2062	5739	1	1.0
896	5740	1	1.0
1156	5740	1	1.0
1568	5740	1	1.0
2917	5740	1	1.0
896	5741	1	1.0
896	5742	1	1.0
896	5743	1	1.0
897	5744	1	1.0
897	5745	1	1.0
897	5746	1	1.0
897	5747	1	1.0
897	5748	1	1.0
898	5749	1	1.0
898	5750	1	1.0
1692	5750	1	1.0
898	5751	1	1.0
1034	5751	1	1.0
1041	5751	1	1.0
1699	5751	1	1.0
899	5752	1	1.0
899	5753	1	1.0
899	5754	1	1.0
2872	5754	1	1.0
900	5755	1	1.0
900	5756	1	1.0
900	5757	1	1.0
900	5758	1	1.0
901	5759	1	1.0
901	5760	1	1.0
901	5761	1	1.0
902	5762	1	1.0
902	5763	1	1.0
902	5764	1	1.0
903	5765	1	1.0
904	5766	1	1.0
1389	5766	1	1.0
1586	5766	1	1.0
905	5767	1	1.0
905	5768	1	1.0
905	5769	1	1.0
912	5769	1	1.0
905	5770	1	1.0
905	5771	1	1.0
905	5772	1	1.0
905	5773	1	1.0
906	5774	1	1.0
907	5775	1	1.0
907	5776	1	1.0
907	5777	1	1.0
1590	5777	1	1.0
1915	5777	1	1.0
907	5778	1	1.0
907	5779	1	1.0
908	5780	1	1.0
908	5781	1	1.0
908	5782	1	1.0
2118	5782	1	1.0
908	5783	1	1.0
909	5784	1	1.0
909	5785	1	1.0
909	5786	1	1.0
910	5786	1	1.0
914	5786	1	1.0
1725	5786	1	1.0
909	5787	1	1.0
910	5788	1	1.0
914	5788	1	1.0
910	5789	1	1.0
1725	5789	1	1.0
910	5790	1	1.0
1725	5790	1	1.0
910	5791	1	1.0
914	5791	1	1.0
1725	5791	1	1.0
910	5792	1	1.0
1725	5792	1	1.0
911	5793	1	1.0
911	5794	1	1.0
911	5795	1	1.0
911	5796	1	1.0
912	5797	1	1.0
912	5798	1	1.0
913	5799	1	1.0
913	5800	1	1.0
913	5801	1	1.0
913	5802	1	1.0
915	5803	1	1.0
915	5804	1	1.0
915	5805	1	1.0
915	5806	1	1.0
916	5807	1	1.0
916	5808	1	1.0
916	5809	1	1.0
918	5809	1	1.0
1922	5809	1	1.0
917	5810	1	1.0
917	5811	1	1.0
917	5812	1	1.0
918	5813	1	1.0
919	5814	1	1.0
919	5815	1	1.0
920	5816	1	1.0
2745	5816	1	1.0
920	5817	1	1.0
921	5818	1	1.0
2746	5818	1	1.0
922	5819	1	1.0
922	5820	1	1.0
922	5821	1	1.0
923	5822	1	1.0
923	5823	1	1.0
923	5824	1	1.0
924	5825	1	1.0
924	5826	1	1.0
925	5827	1	1.0
2082	5827	1	1.0
925	5828	1	1.0
925	5829	1	1.0
925	5830	1	1.0
928	5831	1	1.0
929	5832	1	1.0
929	5833	1	1.0
931	5834	1	1.0
931	5835	1	1.0
931	5836	1	1.0
931	5837	1	1.0
931	5838	1	1.0
932	5839	1	1.0
932	5840	1	1.0
933	5841	1	1.0
933	5842	1	1.0
935	5843	1	1.0
937	5844	1	1.0
937	5845	1	1.0
938	5846	1	1.0
1410	5846	1	1.0
938	5847	1	1.0
1410	5847	1	1.0
939	5848	1	1.0
940	5849	1	1.0
940	5850	1	1.0
941	5851	1	1.0
941	5852	1	1.0
941	5853	1	1.0
941	5854	1	1.0
941	5855	1	1.0
942	5856	1	1.0
942	5857	1	1.0
943	5858	1	1.0
944	5859	1	1.0
1868	5859	1	1.0
944	5860	1	1.0
1868	5860	1	1.0
945	5861	1	1.0
945	5862	1	1.0
945	5863	1	1.0
946	5864	1	1.0
946	5865	1	1.0
947	5866	1	1.0
1753	5866	1	1.0
947	5867	1	1.0
947	5868	1	1.0
947	5869	1	1.0
1753	5869	1	1.0
948	5870	1	1.0
948	5871	1	1.0
948	5872	1	1.0
950	5873	1	1.0
950	5874	1	1.0
950	5875	1	1.0
2541	5875	1	1.0
950	5876	1	1.0
950	5877	1	1.0
951	5878	1	1.0
951	5879	1	1.0
951	5880	1	1.0
952	5881	1	1.0
953	5882	1	1.0
953	5883	1	1.0
953	5884	1	1.0
953	5885	1	1.0
954	5886	1	1.0
954	5887	1	1.0
1905	5887	1	1.0
954	5888	1	1.0
955	5889	1	1.0
956	5890	1	1.0
1901	5890	1	1.0
957	5891	1	1.0
1904	5891	1	1.0
2568	5891	1	1.0
957	5892	1	1.0
1903	5892	1	1.0
1904	5892	1	1.0
2568	5892	1	1.0
958	5893	1	1.0
958	5894	1	1.0
959	5895	1	1.0
1833	5895	1	1.0
960	5896	1	1.0
2941	5896	1	1.0
960	5897	1	1.0
961	5898	1	1.0
961	5899	1	1.0
1907	5899	1	1.0
961	5900	1	1.0
1907	5900	1	1.0
962	5901	1	1.0
963	5902	1	1.0
963	5903	1	1.0
963	5904	1	1.0
964	5905	1	1.0
965	5906	1	1.0
2219	5906	1	1.0
965	5907	1	1.0
980	5907	1	1.0
1930	5907	1	1.0
2221	5907	1	1.0
966	5908	1	1.0
966	5909	1	1.0
968	5910	1	1.0
968	5911	1	1.0
968	5912	1	1.0
968	5913	1	1.0
1591	5913	1	1.0
969	5914	1	1.0
1913	5914	1	1.0
2368	5914	1	1.0
2686	5914	1	1.0
969	5915	1	1.0
2686	5915	1	1.0
2687	5915	1	1.0
970	5916	1	1.0
971	5917	1	1.0
971	5918	1	1.0
972	5919	1	1.0
972	5920	1	1.0
1807	5920	1	1.0
2945	5920	1	1.0
973	5921	1	1.0
990	5921	1	1.0
974	5922	1	1.0
974	5923	1	1.0
974	5924	1	1.0
974	5925	1	1.0
975	5926	1	1.0
975	5927	1	1.0
1722	5927	1	1.0
975	5928	1	1.0
1722	5928	1	1.0
1812	5928	1	1.0
975	5929	1	1.0
976	5930	1	1.0
976	5931	1	1.0
976	5932	1	1.0
977	5933	1	1.0
978	5934	1	1.0
978	5935	1	1.0
978	5936	1	1.0
2955	5936	1	1.0
978	5937	1	1.0
980	5938	1	1.0
1930	5938	1	1.0
2221	5938	1	1.0
981	5939	1	1.0
981	5940	1	1.0
2685	5940	1	1.0
981	5941	1	1.0
981	5942	1	1.0
982	5943	1	1.0
1094	5943	1	1.0
982	5944	1	1.0
983	5945	1	1.0
984	5946	1	1.0
984	5947	1	1.0
984	5948	1	1.0
984	5949	1	1.0
985	5950	1	1.0
985	5951	1	1.0
985	5952	1	1.0
985	5953	1	1.0
1048	5953	1	1.0
986	5954	1	1.0
986	5955	1	1.0
986	5956	1	1.0
986	5957	1	1.0
987	5958	1	1.0
2187	5958	1	1.0
2508	5958	1	1.0
2888	5958	1	1.0
988	5959	1	1.0
2869	5959	1	1.0
988	5960	1	1.0
989	5961	1	1.0
989	5962	1	1.0
989	5963	1	1.0
989	5964	1	1.0
990	5965	1	1.0
1589	5965	1	1.0
991	5966	1	1.0
992	5967	1	1.0
992	5968	1	1.0
2217	5968	1	1.0
992	5969	1	1.0
993	5970	1	1.0
994	5971	1	1.0
994	5972	1	1.0
994	5973	1	1.0
995	5974	1	1.0
1919	5974	1	1.0
2684	5974	1	1.0
996	5975	1	1.0
1449	5975	1	1.0
2223	5975	1	1.0
996	5976	1	1.0
997	5977	1	1.0
2109	5977	1	1.0
997	5978	1	1.0
997	5979	1	1.0
998	5980	1	1.0
1095	5980	1	1.0
1591	5980	1	1.0
2666	5980	1	1.0
998	5981	1	1.0
999	5982	1	1.0
999	5983	1	1.0
999	5984	1	1.0
1000	5985	1	1.0
1093	5985	1	1.0
1720	5985	1	1.0
1000	5986	1	1.0
1000	5987	1	1.0
1093	5987	1	1.0
1720	5987	1	1.0
1001	5988	1	1.0
1920	5988	1	1.0
1001	5989	1	1.0
1003	5990	1	1.0
1003	5991	1	1.0
1003	5992	1	1.0
1003	5993	1	1.0
1004	5994	1	1.0
1004	5995	1	1.0
1688	5995	1	1.0
1005	5996	1	1.0
1005	5997	1	1.0
1696	5997	1	1.0
1005	5998	1	1.0
1005	5999	1	1.0
1696	5999	1	1.0
1006	6000	1	1.0
1006	6001	1	1.0
1006	6002	1	1.0
2550	6002	1	1.0
2551	6002	1	1.0
1007	6003	1	1.0
2867	6003	1	1.0
1008	6004	1	1.0
1517	6004	1	1.0
1008	6005	1	1.0
1009	6006	1	1.0
1132	6006	1	1.0
1009	6007	1	1.0
1009	6008	1	1.0
1133	6008	1	1.0
1010	6009	1	1.0
1518	6009	1	1.0
1010	6010	1	1.0
1010	6011	1	1.0
1508	6011	1	1.0
1010	6012	1	1.0
1010	6013	1	1.0
1011	6014	1	1.0
1022	6014	1	1.0
1500	6014	1	1.0
2384	6014	1	1.0
2736	6014	1	1.0
1011	6015	1	1.0
1011	6016	1	1.0
1011	6017	1	1.0
1011	6018	1	1.0
1022	6018	1	1.0
1500	6018	1	1.0
2384	6018	1	1.0
2736	6018	1	1.0
1012	6019	1	1.0
1509	6019	1	1.0
1012	6020	1	1.0
1012	6021	1	1.0
1509	6021	1	1.0
1013	6022	1	1.0
1013	6023	1	1.0
1013	6024	1	1.0
1014	6025	1	1.0
1014	6026	1	1.0
1016	6027	1	1.0
1016	6028	1	1.0
1017	6029	1	1.0
1017	6030	1	1.0
1018	6031	1	1.0
1018	6032	1	1.0
1019	6033	1	1.0
1102	6033	1	1.0
1327	6033	1	1.0
1019	6034	1	1.0
1327	6034	1	1.0
2001	6034	1	1.0
1019	6035	1	1.0
1327	6035	1	1.0
2001	6035	1	1.0
1019	6036	1	1.0
1327	6036	1	1.0
2001	6036	1	1.0
1019	6037	1	1.0
1019	6038	1	1.0
1327	6038	1	1.0
1019	6039	1	1.0
1019	6040	1	1.0
1019	6041	1	1.0
1019	6042	1	1.0
1019	6043	1	1.0
1019	6044	1	1.0
1258	6044	1	1.0
1019	6045	1	1.0
1019	6046	1	1.0
1019	6047	1	1.0
1019	6048	1	1.0
1019	6049	1	1.0
1327	6049	1	1.0
2001	6049	1	1.0
1020	6050	1	1.0
1024	6050	1	1.0
1021	6051	1	1.0
2389	6051	1	1.0
1021	6052	1	1.0
1526	6052	1	1.0
2389	6052	1	1.0
1021	6053	1	1.0
2389	6053	1	1.0
1021	6054	1	1.0
2389	6054	1	1.0
1022	6055	1	1.0
2163	6055	1	1.0
1023	6056	1	1.0
1023	6057	1	1.0
1023	6058	1	1.0
1025	6059	1	1.0
1025	6060	1	1.0
1026	6061	1	1.0
1026	6062	1	1.0
1026	6063	1	1.0
1026	6064	1	1.0
1027	6065	1	1.0
1729	6065	1	1.0
1027	6066	1	1.0
1729	6066	1	1.0
1027	6067	1	1.0
1028	6068	1	1.0
1028	6069	1	1.0
1032	6069	1	1.0
1028	6070	1	1.0
1032	6070	1	1.0
1035	6070	1	1.0
1029	6071	1	1.0
1805	6071	1	1.0
1029	6072	1	1.0
1029	6073	1	1.0
1029	6074	1	1.0
1689	6074	1	1.0
2665	6074	1	1.0
1029	6075	1	1.0
1689	6075	1	1.0
1029	6076	1	1.0
1689	6076	1	1.0
1029	6077	1	1.0
1029	6078	1	1.0
1052	6078	1	1.0
1120	6078	1	1.0
1689	6078	1	1.0
1919	6078	1	1.0
2570	6078	1	1.0
2600	6078	1	1.0
1029	6079	1	1.0
1052	6079	1	1.0
1120	6079	1	1.0
1689	6079	1	1.0
2573	6079	1	1.0
1029	6080	1	1.0
1052	6080	1	1.0
1689	6080	1	1.0
1805	6080	1	1.0
2573	6080	1	1.0
1031	6081	1	1.0
1031	6082	1	1.0
1031	6083	1	1.0
1031	6084	1	1.0
1031	6085	1	1.0
1032	6086	1	1.0
1035	6086	1	1.0
1032	6087	1	1.0
1045	6087	1	1.0
1033	6088	1	1.0
1033	6089	1	1.0
1033	6090	1	1.0
1033	6091	1	1.0
1034	6092	1	1.0
1034	6093	1	1.0
1402	6093	1	1.0
1034	6094	1	1.0
1035	6095	1	1.0
1036	6096	1	1.0
1036	6097	1	1.0
1037	6097	1	1.0
1036	6098	1	1.0
1036	6099	1	1.0
1037	6099	1	1.0
1037	6100	1	1.0
1037	6101	1	1.0
1038	6102	1	1.0
1038	6103	1	1.0
2866	6103	1	1.0
1038	6104	1	1.0
2427	6104	1	1.0
1039	6105	1	1.0
1039	6106	1	1.0
1040	6107	1	1.0
2063	6107	1	1.0
2657	6107	1	1.0
1041	6108	1	1.0
1699	6108	1	1.0
1806	6108	1	1.0
2435	6108	1	1.0
1041	6109	1	1.0
1699	6109	1	1.0
1806	6109	1	1.0
2435	6109	1	1.0
1041	6110	1	1.0
1699	6110	1	1.0
1806	6110	1	1.0
2435	6110	1	1.0
1041	6111	1	1.0
1699	6111	1	1.0
2435	6111	1	1.0
1042	6112	1	1.0
1042	6113	1	1.0
1042	6114	1	1.0
1042	6115	1	1.0
1043	6116	1	1.0
1043	6117	1	1.0
1043	6118	1	1.0
1043	6119	1	1.0
1043	6120	1	1.0
1044	6121	1	1.0
2578	6121	1	1.0
1044	6122	1	1.0
1044	6123	1	1.0
1140	6123	1	1.0
1812	6123	1	1.0
1044	6124	1	1.0
2578	6124	1	1.0
1044	6125	1	1.0
1045	6126	1	1.0
1045	6127	1	1.0
1045	6128	1	1.0
1046	6129	1	1.0
2578	6129	1	1.0
1046	6130	1	1.0
1836	6130	1	1.0
1046	6131	1	1.0
1046	6132	1	1.0
1046	6133	1	1.0
1047	6134	1	1.0
1047	6135	1	1.0
1047	6136	1	1.0
1048	6137	1	1.0
1048	6138	1	1.0
1048	6139	1	1.0
1049	6140	1	1.0
1049	6141	1	1.0
1049	6142	1	1.0
1050	6142	1	1.0
1049	6143	1	1.0
1049	6144	1	1.0
1049	6145	1	1.0
1050	6146	1	1.0
1050	6147	1	1.0
1051	6148	1	1.0
1051	6149	1	1.0
1051	6150	1	1.0
1051	6151	1	1.0
1051	6152	1	1.0
1051	6153	1	1.0
1689	6153	1	1.0
1052	6154	1	1.0
1052	6155	1	1.0
1053	6156	1	1.0
1053	6157	1	1.0
1968	6157	1	1.0
1054	6158	1	1.0
1054	6159	1	1.0
1070	6159	1	1.0
1078	6159	1	1.0
1083	6159	1	1.0
1281	6159	1	1.0
1288	6159	1	1.0
1295	6159	1	1.0
1300	6159	1	1.0
1339	6159	1	1.0
1994	6159	1	1.0
2824	6159	1	1.0
2827	6159	1	1.0
1055	6160	1	1.0
1959	6160	1	1.0
2838	6160	1	1.0
2975	6160	1	1.0
1055	6161	1	1.0
1229	6161	1	1.0
1316	6161	1	1.0
1959	6161	1	1.0
2838	6161	1	1.0
1055	6162	1	1.0
1229	6162	1	1.0
1959	6162	1	1.0
1980	6162	1	1.0
2838	6162	1	1.0
2975	6162	1	1.0
1056	6163	1	1.0
2235	6163	1	1.0
1056	6164	1	1.0
2235	6164	1	1.0
2335	6164	1	1.0
3000	6164	1	1.0
1056	6165	1	1.0
1457	6165	1	1.0
1969	6165	1	1.0
2309	6165	1	1.0
2318	6165	1	1.0
2822	6165	1	1.0
1057	6166	1	1.0
2024	6166	1	1.0
2293	6166	1	1.0
1057	6167	1	1.0
2293	6167	1	1.0
2895	6167	1	1.0
1057	6168	1	1.0
1312	6168	1	1.0
1331	6168	1	1.0
2024	6168	1	1.0
2293	6168	1	1.0
2895	6168	1	1.0
1058	6169	1	1.0
1059	6169	1	1.0
1071	6169	1	1.0
1322	6169	1	1.0
1989	6169	1	1.0
2815	6169	1	1.0
1059	6170	1	1.0
1989	6170	1	1.0
1059	6171	1	1.0
1322	6171	1	1.0
1989	6171	1	1.0
2815	6171	1	1.0
1059	6172	1	1.0
1322	6172	1	1.0
1060	6173	1	1.0
1060	6174	1	1.0
1302	6174	1	1.0
1060	6175	1	1.0
1302	6175	1	1.0
1061	6176	1	1.0
1328	6176	1	1.0
1984	6176	1	1.0
2841	6176	1	1.0
1061	6177	1	1.0
1061	6178	1	1.0
1328	6178	1	1.0
2833	6178	1	1.0
1061	6179	1	1.0
1297	6179	1	1.0
1458	6179	1	1.0
1984	6179	1	1.0
2839	6179	1	1.0
2841	6179	1	1.0
2897	6179	1	1.0
1062	6180	1	1.0
1331	6180	1	1.0
1062	6181	1	1.0
1064	6181	1	1.0
1314	6181	1	1.0
1331	6181	1	1.0
1966	6181	1	1.0
2296	6181	1	1.0
2323	6181	1	1.0
2816	6181	1	1.0
2900	6181	1	1.0
1062	6182	1	1.0
2323	6182	1	1.0
1062	6183	1	1.0
1314	6183	1	1.0
1966	6183	1	1.0
2900	6183	1	1.0
1063	6184	1	1.0
1063	6185	1	1.0
2709	6185	1	1.0
2720	6185	1	1.0
1063	6186	1	1.0
2007	6186	1	1.0
2010	6186	1	1.0
1064	6187	1	1.0
2323	6187	1	1.0
2900	6187	1	1.0
1064	6188	1	1.0
1064	6189	1	1.0
2816	6189	1	1.0
1065	6190	1	1.0
2830	6190	1	1.0
1065	6191	1	1.0
2909	6191	1	1.0
1066	6192	1	1.0
1269	6192	1	1.0
1066	6193	1	1.0
1066	6194	1	1.0
1269	6194	1	1.0
1343	6194	1	1.0
2291	6194	1	1.0
1067	6195	1	1.0
1067	6196	1	1.0
1067	6197	1	1.0
1259	6197	1	1.0
1067	6198	1	1.0
1259	6198	1	1.0
1068	6199	1	1.0
1996	6199	1	1.0
1069	6200	1	1.0
1069	6201	1	1.0
1069	6202	1	1.0
1069	6203	1	1.0
1070	6204	1	1.0
1070	6205	1	1.0
1340	6205	1	1.0
1070	6206	1	1.0
1070	6207	1	1.0
1078	6207	1	1.0
1281	6207	1	1.0
1070	6208	1	1.0
1340	6208	1	1.0
2229	6208	1	1.0
1072	6209	1	1.0
2282	6209	1	1.0
1072	6210	1	1.0
2020	6210	1	1.0
2290	6210	1	1.0
1072	6211	1	1.0
1072	6212	1	1.0
1896	6212	1	1.0
1974	6212	1	1.0
1975	6212	1	1.0
2282	6212	1	1.0
2306	6212	1	1.0
1072	6213	1	1.0
1320	6213	1	1.0
2282	6213	1	1.0
1073	6214	1	1.0
1073	6215	1	1.0
1293	6215	1	1.0
1074	6216	1	1.0
1074	6217	1	1.0
1075	6218	1	1.0
1076	6219	1	1.0
1076	6220	1	1.0
1076	6221	1	1.0
2317	6221	1	1.0
1076	6222	1	1.0
1076	6223	1	1.0
1300	6223	1	1.0
2293	6223	1	1.0
2723	6223	1	1.0
1076	6224	1	1.0
2317	6224	1	1.0
2844	6224	1	1.0
1077	6225	1	1.0
2314	6225	1	1.0
1077	6226	1	1.0
2314	6226	1	1.0
1078	6227	1	1.0
1079	6228	1	1.0
1079	6229	1	1.0
1079	6230	1	1.0
1079	6231	1	1.0
1080	6232	1	1.0
2283	6232	1	1.0
1080	6233	1	1.0
1080	6234	1	1.0
1080	6235	1	1.0
2283	6235	1	1.0
1081	6236	1	1.0
1081	6237	1	1.0
1325	6237	1	1.0
1081	6238	1	1.0
1325	6238	1	1.0
1082	6239	1	1.0
1083	6240	1	1.0
1083	6241	1	1.0
1288	6241	1	1.0
1300	6241	1	1.0
1083	6242	1	1.0
1288	6242	1	1.0
1084	6243	1	1.0
1084	6244	1	1.0
1089	6244	1	1.0
1299	6244	1	1.0
1342	6244	1	1.0
1084	6245	1	1.0
1089	6245	1	1.0
1312	6245	1	1.0
1342	6245	1	1.0
1435	6245	1	1.0
2024	6245	1	1.0
1085	6246	1	1.0
1085	6247	1	1.0
1085	6248	1	1.0
2230	6248	1	1.0
2239	6248	1	1.0
2729	6248	1	1.0
1086	6249	1	1.0
1086	6250	1	1.0
1086	6251	1	1.0
1087	6252	1	1.0
1679	6252	1	1.0
1087	6253	1	1.0
1253	6253	1	1.0
1087	6254	1	1.0
1679	6254	1	1.0
1087	6255	1	1.0
1253	6255	1	1.0
1679	6255	1	1.0
1763	6255	1	1.0
2233	6255	1	1.0
2238	6255	1	1.0
1087	6256	1	1.0
1253	6256	1	1.0
1679	6256	1	1.0
1763	6256	1	1.0
2233	6256	1	1.0
2238	6256	1	1.0
1087	6257	1	1.0
1253	6257	1	1.0
1679	6257	1	1.0
1763	6257	1	1.0
2233	6257	1	1.0
2238	6257	1	1.0
1087	6258	1	1.0
1253	6258	1	1.0
1679	6258	1	1.0
1763	6258	1	1.0
2233	6258	1	1.0
2238	6258	1	1.0
1088	6259	1	1.0
1088	6260	1	1.0
1090	6261	1	1.0
1293	6261	1	1.0
1090	6262	1	1.0
1090	6263	1	1.0
2012	6263	1	1.0
1090	6264	1	1.0
1293	6264	1	1.0
2012	6264	1	1.0
1091	6265	1	1.0
1091	6266	1	1.0
1092	6267	1	1.0
1092	6268	1	1.0
1092	6269	1	1.0
1092	6270	1	1.0
1092	6271	1	1.0
1094	6272	1	1.0
1917	6272	1	1.0
1095	6273	1	1.0
1096	6274	1	1.0
1924	6274	1	1.0
1098	6275	1	1.0
1098	6276	1	1.0
1098	6277	1	1.0
1099	6278	1	1.0
1099	6279	1	1.0
1927	6279	1	1.0
1099	6280	1	1.0
1099	6281	1	1.0
1100	6282	1	1.0
1926	6282	1	1.0
1101	6283	1	1.0
1101	6284	1	1.0
1101	6285	1	1.0
1101	6286	1	1.0
1102	6287	1	1.0
1102	6288	1	1.0
1102	6289	1	1.0
1102	6290	1	1.0
1103	6291	1	1.0
1103	6292	1	1.0
1103	6293	1	1.0
1104	6294	1	1.0
1124	6294	1	1.0
1767	6294	1	1.0
2765	6294	1	1.0
2768	6294	1	1.0
1104	6295	1	1.0
1124	6295	1	1.0
1767	6295	1	1.0
2765	6295	1	1.0
2768	6295	1	1.0
1104	6296	1	1.0
1124	6296	1	1.0
1104	6297	1	1.0
1124	6297	1	1.0
1767	6297	1	1.0
1104	6298	1	1.0
1767	6298	1	1.0
2765	6298	1	1.0
2768	6298	1	1.0
1105	6299	1	1.0
1105	6300	1	1.0
1105	6301	1	1.0
1107	6301	1	1.0
1396	6301	1	1.0
2052	6301	1	1.0
2548	6301	1	1.0
2915	6301	1	1.0
1106	6302	1	1.0
1558	6302	1	1.0
2602	6302	1	1.0
1106	6303	1	1.0
1397	6303	1	1.0
2602	6303	1	1.0
1107	6304	1	1.0
1396	6304	1	1.0
2052	6304	1	1.0
2915	6304	1	1.0
1107	6305	1	1.0
2603	6305	1	1.0
2761	6305	1	1.0
1108	6306	1	1.0
1108	6307	1	1.0
1109	6308	1	1.0
1109	6309	1	1.0
1109	6310	1	1.0
1109	6311	1	1.0
1109	6312	1	1.0
1110	6313	1	1.0
1783	6313	1	1.0
2433	6313	1	1.0
1110	6314	1	1.0
1783	6314	1	1.0
2433	6314	1	1.0
1110	6315	1	1.0
1110	6316	1	1.0
1560	6316	1	1.0
1783	6316	1	1.0
1110	6317	1	1.0
1560	6317	1	1.0
1783	6317	1	1.0
1111	6318	1	1.0
1111	6319	1	1.0
1112	6320	1	1.0
1112	6321	1	1.0
2167	6321	1	1.0
2925	6321	1	1.0
1112	6322	1	1.0
2167	6322	1	1.0
2925	6322	1	1.0
1116	6323	1	1.0
1116	6324	1	1.0
1116	6325	1	1.0
1117	6326	1	1.0
2163	6326	1	1.0
1117	6327	1	1.0
1117	6328	1	1.0
1118	6329	1	1.0
2162	6329	1	1.0
2165	6329	1	1.0
1118	6330	1	1.0
1118	6331	1	1.0
1118	6332	1	1.0
1118	6333	1	1.0
1118	6334	1	1.0
1118	6335	1	1.0
2162	6335	1	1.0
2165	6335	1	1.0
1119	6336	1	1.0
1119	6337	1	1.0
1119	6338	1	1.0
1119	6339	1	1.0
1119	6340	1	1.0
1120	6341	1	1.0
1121	6342	1	1.0
1121	6343	1	1.0
2279	6343	1	1.0
1122	6344	1	1.0
1122	6345	1	1.0
1123	6346	1	1.0
1123	6347	1	1.0
1123	6348	1	1.0
1123	6349	1	1.0
1124	6350	1	1.0
1125	6351	1	1.0
1125	6352	1	1.0
1125	6353	1	1.0
1125	6354	1	1.0
1917	6354	1	1.0
1126	6355	1	1.0
1126	6356	1	1.0
1126	6357	1	1.0
1127	6358	1	1.0
1127	6359	1	1.0
1127	6360	1	1.0
1127	6361	1	1.0
1128	6362	1	1.0
1775	6362	1	1.0
1128	6363	1	1.0
1775	6363	1	1.0
1128	6364	1	1.0
1775	6364	1	1.0
1128	6365	1	1.0
1129	6366	1	1.0
2466	6366	1	1.0
1129	6367	1	1.0
1129	6368	1	1.0
1129	6369	1	1.0
2466	6369	1	1.0
1130	6370	1	1.0
1130	6371	1	1.0
1130	6372	1	1.0
1130	6373	1	1.0
1130	6374	1	1.0
1131	6375	1	1.0
1131	6376	1	1.0
1132	6377	1	1.0
1133	6378	1	1.0
1133	6379	1	1.0
1273	6379	1	1.0
1133	6380	1	1.0
1134	6381	1	1.0
1134	6382	1	1.0
1134	6383	1	1.0
2035	6383	1	1.0
1135	6384	1	1.0
1620	6384	1	1.0
2035	6384	1	1.0
1135	6385	1	1.0
1620	6385	1	1.0
2035	6385	1	1.0
1136	6386	1	1.0
1137	6387	1	1.0
1137	6388	1	1.0
1141	6389	1	1.0
1141	6390	1	1.0
1143	6391	1	1.0
1143	6392	1	1.0
2024	6392	1	1.0
2293	6392	1	1.0
1143	6393	1	1.0
1143	6394	1	1.0
1144	6395	1	1.0
2171	6395	1	1.0
2695	6395	1	1.0
1144	6396	1	1.0
2171	6396	1	1.0
1144	6397	1	1.0
1145	6398	1	1.0
1425	6398	1	1.0
1145	6399	1	1.0
1146	6400	1	1.0
1146	6401	1	1.0
1147	6402	1	1.0
2367	6402	1	1.0
1147	6403	1	1.0
2281	6403	1	1.0
1147	6404	1	1.0
1147	6405	1	1.0
1148	6406	1	1.0
1148	6407	1	1.0
1148	6408	1	1.0
1148	6409	1	1.0
1149	6410	1	1.0
1433	6410	1	1.0
1149	6411	1	1.0
1149	6412	1	1.0
1433	6412	1	1.0
1149	6413	1	1.0
1149	6414	1	1.0
1149	6415	1	1.0
1149	6416	1	1.0
1149	6417	1	1.0
1149	6418	1	1.0
1149	6419	1	1.0
1149	6420	1	1.0
1149	6421	1	1.0
1149	6422	1	1.0
1149	6423	1	1.0
1149	6424	1	1.0
1149	6425	1	1.0
1150	6426	1	1.0
1150	6427	1	1.0
1150	6428	1	1.0
1151	6429	1	1.0
1151	6430	1	1.0
1151	6431	1	1.0
1151	6432	1	1.0
1151	6433	1	1.0
1882	6433	1	1.0
1152	6434	1	1.0
1228	6434	1	1.0
1152	6435	1	1.0
1153	6436	1	1.0
1153	6437	1	1.0
1153	6438	1	1.0
1154	6439	1	1.0
1154	6440	1	1.0
1154	6441	1	1.0
1154	6442	1	1.0
1155	6443	1	1.0
1155	6444	1	1.0
1156	6445	1	1.0
1157	6446	1	1.0
1380	6446	1	1.0
1399	6446	1	1.0
1158	6447	1	1.0
1158	6448	1	1.0
1158	6449	1	1.0
1158	6450	1	1.0
1158	6451	1	1.0
1159	6452	1	1.0
1159	6453	1	1.0
1159	6454	1	1.0
1159	6455	1	1.0
1159	6456	1	1.0
1159	6457	1	1.0
1159	6458	1	1.0
2750	6458	1	1.0
1159	6459	1	1.0
1160	6460	1	1.0
1160	6461	1	1.0
1160	6462	1	1.0
1160	6463	1	1.0
1161	6464	1	1.0
1161	6465	1	1.0
2043	6465	1	1.0
1162	6466	1	1.0
1162	6467	1	1.0
1162	6468	1	1.0
2544	6468	1	1.0
1162	6469	1	1.0
1162	6470	1	1.0
1730	6470	1	1.0
1162	6471	1	1.0
1163	6472	1	1.0
1163	6473	1	1.0
1164	6473	1	1.0
1165	6473	1	1.0
1607	6473	1	1.0
2190	6473	1	1.0
1163	6474	1	1.0
1164	6475	1	1.0
1164	6476	1	1.0
2190	6476	1	1.0
1164	6477	1	1.0
1165	6478	1	1.0
1165	6479	1	1.0
1607	6479	1	1.0
2190	6479	1	1.0
1165	6480	1	1.0
1165	6481	1	1.0
2190	6481	1	1.0
1165	6482	1	1.0
1166	6483	1	1.0
1166	6484	1	1.0
1594	6484	1	1.0
1597	6484	1	1.0
1166	6485	1	1.0
1597	6485	1	1.0
1167	6486	1	1.0
1167	6487	1	1.0
1167	6488	1	1.0
1168	6489	1	1.0
1365	6489	1	1.0
1168	6490	1	1.0
1365	6490	1	1.0
1168	6491	1	1.0
1365	6491	1	1.0
1169	6492	1	1.0
1169	6493	1	1.0
1169	6494	1	1.0
1169	6495	1	1.0
1170	6496	1	1.0
1171	6497	1	1.0
1655	6497	1	1.0
1172	6498	1	1.0
1667	6498	1	1.0
1173	6499	1	1.0
1623	6499	1	1.0
1662	6499	1	1.0
1173	6500	1	1.0
1623	6500	1	1.0
2249	6500	1	1.0
1173	6501	1	1.0
1173	6502	1	1.0
1173	6503	1	1.0
1623	6503	1	1.0
1175	6504	1	1.0
1176	6505	1	1.0
1180	6505	1	1.0
1202	6505	1	1.0
1177	6506	1	1.0
1177	6507	1	1.0
1211	6507	1	1.0
2227	6507	1	1.0
2278	6507	1	1.0
1177	6508	1	1.0
1211	6508	1	1.0
2278	6508	1	1.0
1177	6509	1	1.0
1177	6510	1	1.0
1211	6510	1	1.0
2227	6510	1	1.0
2278	6510	1	1.0
1178	6511	1	1.0
1178	6512	1	1.0
1179	6513	1	1.0
1179	6514	1	1.0
1181	6515	1	1.0
1181	6516	1	1.0
1216	6516	1	1.0
1660	6516	1	1.0
1182	6517	1	1.0
1182	6518	1	1.0
2275	6518	1	1.0
1182	6519	1	1.0
2250	6519	1	1.0
1182	6520	1	1.0
1182	6521	1	1.0
1182	6522	1	1.0
1673	6522	1	1.0
2275	6522	1	1.0
1182	6523	1	1.0
1184	6524	1	1.0
1184	6525	1	1.0
1185	6526	1	1.0
1195	6526	1	1.0
1187	6527	1	1.0
1188	6528	1	1.0
1191	6528	1	1.0
1634	6528	1	1.0
1649	6528	1	1.0
1653	6528	1	1.0
2252	6528	1	1.0
1188	6529	1	1.0
1649	6529	1	1.0
1653	6529	1	1.0
2953	6529	1	1.0
1188	6530	1	1.0
1191	6530	1	1.0
1634	6530	1	1.0
1649	6530	1	1.0
1653	6530	1	1.0
1670	6530	1	1.0
2252	6530	1	1.0
1188	6531	1	1.0
1191	6531	1	1.0
1204	6531	1	1.0
1634	6531	1	1.0
1649	6531	1	1.0
1653	6531	1	1.0
1188	6532	1	1.0
1191	6532	1	1.0
1204	6532	1	1.0
1649	6532	1	1.0
1653	6532	1	1.0
1656	6532	1	1.0
1189	6533	1	1.0
1190	6533	1	1.0
1189	6534	1	1.0
1190	6534	1	1.0
1189	6535	1	1.0
1190	6535	1	1.0
1189	6536	1	1.0
1190	6536	1	1.0
1190	6537	1	1.0
1190	6538	1	1.0
1191	6539	1	1.0
1670	6539	1	1.0
2252	6539	1	1.0
2272	6539	1	1.0
1192	6540	1	1.0
1192	6541	1	1.0
1192	6542	1	1.0
1192	6543	1	1.0
1192	6544	1	1.0
1192	6545	1	1.0
1192	6546	1	1.0
1192	6547	1	1.0
1193	6548	1	1.0
1193	6549	1	1.0
1204	6549	1	1.0
1649	6549	1	1.0
1653	6549	1	1.0
1194	6550	1	1.0
1196	6551	1	1.0
1196	6552	1	1.0
1196	6553	1	1.0
1196	6554	1	1.0
1197	6555	1	1.0
1198	6556	1	1.0
1198	6557	1	1.0
1198	6558	1	1.0
1199	6559	1	1.0
1200	6560	1	1.0
1200	6561	1	1.0
1208	6561	1	1.0
1200	6562	1	1.0
1201	6563	1	1.0
1201	6564	1	1.0
1205	6565	1	1.0
1205	6566	1	1.0
2269	6566	1	1.0
1205	6567	1	1.0
2269	6567	1	1.0
1205	6568	1	1.0
1205	6569	1	1.0
2269	6569	1	1.0
1205	6570	1	1.0
2269	6570	1	1.0
1205	6571	1	1.0
2268	6571	1	1.0
2269	6571	1	1.0
1206	6572	1	1.0
2261	6572	1	1.0
1207	6573	1	1.0
1612	6573	1	1.0
1207	6574	1	1.0
1612	6574	1	1.0
1207	6575	1	1.0
1208	6576	1	1.0
1208	6577	1	1.0
2263	6577	1	1.0
1209	6578	1	1.0
1209	6579	1	1.0
1210	6580	1	1.0
1617	6580	1	1.0
1648	6580	1	1.0
1210	6581	1	1.0
1210	6582	1	1.0
1210	6583	1	1.0
1617	6583	1	1.0
1210	6584	1	1.0
1617	6584	1	1.0
1648	6584	1	1.0
1211	6585	1	1.0
1211	6586	1	1.0
2227	6586	1	1.0
2278	6586	1	1.0
1211	6587	1	1.0
1211	6588	1	1.0
1214	6589	1	1.0
1214	6590	1	1.0
1215	6591	1	1.0
1215	6592	1	1.0
1218	6593	1	1.0
1218	6594	1	1.0
1218	6595	1	1.0
1218	6596	1	1.0
1832	6596	1	1.0
1219	6597	1	1.0
1219	6598	1	1.0
1220	6599	1	1.0
1220	6600	1	1.0
1220	6601	1	1.0
1220	6602	1	1.0
1220	6603	1	1.0
1220	6604	1	1.0
1220	6605	1	1.0
1220	6606	1	1.0
1221	6607	1	1.0
1221	6608	1	1.0
2852	6608	1	1.0
1222	6609	1	1.0
1222	6610	1	1.0
1222	6611	1	1.0
1223	6612	1	1.0
1224	6613	1	1.0
2201	6613	1	1.0
1224	6614	1	1.0
2201	6614	1	1.0
1225	6615	1	1.0
2196	6615	1	1.0
2198	6615	1	1.0
1225	6616	1	1.0
1226	6617	1	1.0
1230	6617	1	1.0
1226	6618	1	1.0
1230	6618	1	1.0
2192	6618	1	1.0
1226	6619	1	1.0
1226	6620	1	1.0
1230	6620	1	1.0
1226	6621	1	1.0
1228	6622	1	1.0
1228	6623	1	1.0
1229	6624	1	1.0
1230	6625	1	1.0
1230	6626	1	1.0
1231	6627	1	1.0
1893	6627	1	1.0
1233	6628	1	1.0
1233	6629	1	1.0
2856	6629	1	1.0
2857	6629	1	1.0
1233	6630	1	1.0
1234	6631	1	1.0
1234	6632	1	1.0
1234	6633	1	1.0
1234	6634	1	1.0
1234	6635	1	1.0
1235	6636	1	1.0
1235	6637	1	1.0
1236	6638	1	1.0
1677	6638	1	1.0
2193	6638	1	1.0
1236	6639	1	1.0
1677	6639	1	1.0
2193	6639	1	1.0
1236	6640	1	1.0
1677	6640	1	1.0
2193	6640	1	1.0
1236	6641	1	1.0
1236	6642	1	1.0
1677	6642	1	1.0
2193	6642	1	1.0
1237	6643	1	1.0
1237	6644	1	1.0
1238	6645	1	1.0
1238	6646	1	1.0
1239	6647	1	1.0
1239	6648	1	1.0
2541	6648	1	1.0
1240	6649	1	1.0
2353	6649	1	1.0
1240	6650	1	1.0
1240	6651	1	1.0
2353	6651	1	1.0
1240	6652	1	1.0
1241	6653	1	1.0
1241	6654	1	1.0
1242	6655	1	1.0
1243	6656	1	1.0
1244	6657	1	1.0
1925	6657	1	1.0
1244	6658	1	1.0
2153	6658	1	1.0
2760	6658	1	1.0
1245	6659	1	1.0
1245	6660	1	1.0
1248	6660	1	1.0
1245	6661	1	1.0
1245	6662	1	1.0
1247	6663	1	1.0
1247	6664	1	1.0
1247	6665	1	1.0
1247	6666	1	1.0
1897	6666	1	1.0
1247	6667	1	1.0
1897	6667	1	1.0
2082	6667	1	1.0
1247	6668	1	1.0
1247	6669	1	1.0
2774	6669	1	1.0
1248	6670	1	1.0
1248	6671	1	1.0
1249	6672	1	1.0
1249	6673	1	1.0
2470	6673	1	1.0
1249	6674	1	1.0
1249	6675	1	1.0
2856	6675	1	1.0
2857	6675	1	1.0
1250	6676	1	1.0
1250	6677	1	1.0
1250	6678	1	1.0
1251	6679	1	1.0
1251	6680	1	1.0
1510	6680	1	1.0
1251	6681	1	1.0
1251	6682	1	1.0
1251	6683	1	1.0
1898	6683	1	1.0
1252	6684	1	1.0
1252	6685	1	1.0
2700	6685	1	1.0
1252	6686	1	1.0
1252	6687	1	1.0
2700	6687	1	1.0
1253	6688	1	1.0
1253	6689	1	1.0
1253	6690	1	1.0
1253	6691	1	1.0
1253	6692	1	1.0
1254	6693	1	1.0
1254	6694	1	1.0
1254	6695	1	1.0
1255	6696	1	1.0
1255	6697	1	1.0
1256	6698	1	1.0
1256	6699	1	1.0
1257	6700	1	1.0
1257	6701	1	1.0
1257	6702	1	1.0
1257	6703	1	1.0
1258	6704	1	1.0
1277	6704	1	1.0
1970	6704	1	1.0
2283	6704	1	1.0
1258	6705	1	1.0
1272	6705	1	1.0
1277	6705	1	1.0
2283	6705	1	1.0
1259	6706	1	1.0
1259	6707	1	1.0
1260	6708	1	1.0
1260	6709	1	1.0
2289	6709	1	1.0
1260	6710	1	1.0
1261	6711	1	1.0
1261	6712	1	1.0
1261	6713	1	1.0
1262	6714	1	1.0
1262	6715	1	1.0
1262	6716	1	1.0
1262	6717	1	1.0
1263	6718	1	1.0
2014	6718	1	1.0
1263	6719	1	1.0
1364	6719	1	1.0
1976	6719	1	1.0
2014	6719	1	1.0
2295	6719	1	1.0
2322	6719	1	1.0
2699	6719	1	1.0
2801	6719	1	1.0
2811	6719	1	1.0
1264	6720	1	1.0
1264	6721	1	1.0
1627	6721	1	1.0
1265	6722	1	1.0
1278	6722	1	1.0
1963	6722	1	1.0
1265	6723	1	1.0
1265	6724	1	1.0
1265	6725	1	1.0
2802	6725	1	1.0
2897	6725	1	1.0
1265	6726	1	1.0
2016	6726	1	1.0
1265	6727	1	1.0
1963	6727	1	1.0
1266	6728	1	1.0
1266	6729	1	1.0
1266	6730	1	1.0
1266	6731	1	1.0
1266	6732	1	1.0
1267	6733	1	1.0
1268	6734	1	1.0
1268	6735	1	1.0
1299	6735	1	1.0
2834	6735	1	1.0
1268	6736	1	1.0
1323	6736	1	1.0
1268	6737	1	1.0
1268	6738	1	1.0
2236	6738	1	1.0
1268	6739	1	1.0
1323	6739	1	1.0
1352	6739	1	1.0
2333	6739	1	1.0
1268	6740	1	1.0
1323	6740	1	1.0
1269	6741	1	1.0
1270	6742	1	1.0
1270	6743	1	1.0
1270	6744	1	1.0
1271	6745	1	1.0
1271	6746	1	1.0
1271	6747	1	1.0
1988	6747	1	1.0
1271	6748	1	1.0
1271	6749	1	1.0
1271	6750	1	1.0
1304	6750	1	1.0
1271	6751	1	1.0
1304	6751	1	1.0
1339	6751	1	1.0
1272	6752	1	1.0
1272	6753	1	1.0
1273	6754	1	1.0
1489	6754	1	1.0
1273	6755	1	1.0
1489	6755	1	1.0
2288	6755	1	1.0
1274	6756	1	1.0
2298	6756	1	1.0
1274	6757	1	1.0
1274	6758	1	1.0
1275	6759	1	1.0
1275	6760	1	1.0
1276	6761	1	1.0
1320	6761	1	1.0
1956	6761	1	1.0
1999	6761	1	1.0
2004	6761	1	1.0
2827	6761	1	1.0
2892	6761	1	1.0
1276	6762	1	1.0
1287	6762	1	1.0
2911	6762	1	1.0
1277	6763	1	1.0
1277	6764	1	1.0
1277	6765	1	1.0
1277	6766	1	1.0
1278	6767	1	1.0
1278	6768	1	1.0
1278	6769	1	1.0
1747	6769	1	1.0
1279	6770	1	1.0
1280	6771	1	1.0
1280	6772	1	1.0
1281	6773	1	1.0
1281	6774	1	1.0
1282	6775	1	1.0
1282	6776	1	1.0
1282	6777	1	1.0
1282	6778	1	1.0
1283	6779	1	1.0
1283	6780	1	1.0
1284	6781	1	1.0
2895	6781	1	1.0
1284	6782	1	1.0
1284	6783	1	1.0
1284	6784	1	1.0
1291	6784	1	1.0
1898	6784	1	1.0
1965	6784	1	1.0
2700	6784	1	1.0
1285	6785	1	1.0
1992	6785	1	1.0
1285	6786	1	1.0
1285	6787	1	1.0
1970	6787	1	1.0
1992	6787	1	1.0
1286	6788	1	1.0
1286	6789	1	1.0
1286	6790	1	1.0
1287	6791	1	1.0
1288	6792	1	1.0
1288	6793	1	1.0
1289	6794	1	1.0
1289	6795	1	1.0
1289	6796	1	1.0
1290	6797	1	1.0
1290	6798	1	1.0
2232	6798	1	1.0
2984	6798	1	1.0
1290	6799	1	1.0
1291	6800	1	1.0
1898	6800	1	1.0
1291	6801	1	1.0
1898	6801	1	1.0
1965	6801	1	1.0
1291	6802	1	1.0
1292	6803	1	1.0
1292	6804	1	1.0
1293	6805	1	1.0
1293	6806	1	1.0
1294	6807	1	1.0
2824	6807	1	1.0
1294	6808	1	1.0
1315	6808	1	1.0
1294	6809	1	1.0
2824	6809	1	1.0
1294	6810	1	1.0
1434	6810	1	1.0
2824	6810	1	1.0
1294	6811	1	1.0
1294	6812	1	1.0
1295	6813	1	1.0
1295	6814	1	1.0
1295	6815	1	1.0
1297	6816	1	1.0
1984	6816	1	1.0
2839	6816	1	1.0
2841	6816	1	1.0
1297	6817	1	1.0
1297	6818	1	1.0
1330	6818	1	1.0
1298	6819	1	1.0
1298	6820	1	1.0
1298	6821	1	1.0
1298	6822	1	1.0
1298	6823	1	1.0
1299	6824	1	1.0
1299	6825	1	1.0
1378	6825	1	1.0
2834	6825	1	1.0
1300	6826	1	1.0
2723	6826	1	1.0
1301	6827	1	1.0
1442	6827	1	1.0
1301	6828	1	1.0
1442	6828	1	1.0
1985	6828	1	1.0
2837	6828	1	1.0
1303	6829	1	1.0
1459	6829	1	1.0
1675	6829	1	1.0
1961	6829	1	1.0
2929	6829	1	1.0
1303	6830	1	1.0
1459	6830	1	1.0
1675	6830	1	1.0
2929	6830	1	1.0
1304	6831	1	1.0
1304	6832	1	1.0
1434	6832	1	1.0
1304	6833	1	1.0
1306	6834	1	1.0
2005	6834	1	1.0
1306	6835	1	1.0
2005	6835	1	1.0
1306	6836	1	1.0
2005	6836	1	1.0
1306	6837	1	1.0
1306	6838	1	1.0
2005	6838	1	1.0
1307	6839	1	1.0
1307	6840	1	1.0
1307	6841	1	1.0
1315	6841	1	1.0
1308	6842	1	1.0
1308	6843	1	1.0
1309	6844	1	1.0
2022	6844	1	1.0
1309	6845	1	1.0
2022	6845	1	1.0
1309	6846	1	1.0
2022	6846	1	1.0
1310	6847	1	1.0
1357	6847	1	1.0
2329	6847	1	1.0
1310	6848	1	1.0
1310	6849	1	1.0
1310	6850	1	1.0
1310	6851	1	1.0
1311	6852	1	1.0
1311	6853	1	1.0
1311	6854	1	1.0
1311	6855	1	1.0
1311	6856	1	1.0
1311	6857	1	1.0
1312	6858	1	1.0
1312	6859	1	1.0
1312	6860	1	1.0
1313	6861	1	1.0
1981	6861	1	1.0
1313	6862	1	1.0
1318	6862	1	1.0
1960	6862	1	1.0
1981	6862	1	1.0
2905	6862	1	1.0
1315	6863	1	1.0
1316	6864	1	1.0
1316	6865	1	1.0
1316	6866	1	1.0
1316	6867	1	1.0
1317	6868	1	1.0
1317	6869	1	1.0
1988	6869	1	1.0
2894	6869	1	1.0
1318	6870	1	1.0
1960	6870	1	1.0
1319	6871	1	1.0
1320	6872	1	1.0
1321	6873	1	1.0
1321	6874	1	1.0
1347	6874	1	1.0
1321	6875	1	1.0
1321	6876	1	1.0
1347	6876	1	1.0
1323	6877	1	1.0
1324	6878	1	1.0
1324	6879	1	1.0
1325	6880	1	1.0
1326	6881	1	1.0
1326	6882	1	1.0
1330	6882	1	1.0
1328	6883	1	1.0
1328	6884	1	1.0
1328	6885	1	1.0
1329	6886	1	1.0
1329	6887	1	1.0
1330	6888	1	1.0
1330	6889	1	1.0
1331	6890	1	1.0
2229	6890	1	1.0
2902	6890	1	1.0
1332	6891	1	1.0
1964	6891	1	1.0
2285	6891	1	1.0
2823	6891	1	1.0
2828	6891	1	1.0
2844	6891	1	1.0
2906	6891	1	1.0
1332	6892	1	1.0
1636	6892	1	1.0
1332	6893	1	1.0
1964	6893	1	1.0
2285	6893	1	1.0
2823	6893	1	1.0
2828	6893	1	1.0
2844	6893	1	1.0
2906	6893	1	1.0
1333	6894	1	1.0
1333	6895	1	1.0
1333	6896	1	1.0
1333	6897	1	1.0
1333	6898	1	1.0
1990	6898	1	1.0
1334	6899	1	1.0
1335	6900	1	1.0
1335	6901	1	1.0
1336	6902	1	1.0
1336	6903	1	1.0
1336	6904	1	1.0
1337	6905	1	1.0
1337	6906	1	1.0
1337	6907	1	1.0
1338	6908	1	1.0
1338	6909	1	1.0
1338	6910	1	1.0
1339	6911	1	1.0
1339	6912	1	1.0
1340	6913	1	1.0
1994	6913	1	1.0
1340	6914	1	1.0
1994	6914	1	1.0
1341	6915	1	1.0
1341	6916	1	1.0
1958	6916	1	1.0
1962	6916	1	1.0
1342	6917	1	1.0
1342	6918	1	1.0
1343	6919	1	1.0
1344	6920	1	1.0
1344	6921	1	1.0
1345	6922	1	1.0
1954	6922	1	1.0
1345	6923	1	1.0
1373	6923	1	1.0
1954	6923	1	1.0
1346	6924	1	1.0
1346	6925	1	1.0
1347	6926	1	1.0
1348	6927	1	1.0
1348	6928	1	1.0
1349	6929	1	1.0
1349	6930	1	1.0
1349	6931	1	1.0
1349	6932	1	1.0
1349	6933	1	1.0
1350	6934	1	1.0
1350	6935	1	1.0
1350	6936	1	1.0
1350	6937	1	1.0
1351	6938	1	1.0
1351	6939	1	1.0
2648	6939	1	1.0
1352	6940	1	1.0
2007	6940	1	1.0
2333	6940	1	1.0
2910	6940	1	1.0
1352	6941	1	1.0
1353	6942	1	1.0
1353	6943	1	1.0
1354	6944	1	1.0
1676	6944	1	1.0
2237	6944	1	1.0
1354	6945	1	1.0
1676	6945	1	1.0
1354	6946	1	1.0
1676	6946	1	1.0
2237	6946	1	1.0
1354	6947	1	1.0
1676	6947	1	1.0
2237	6947	1	1.0
1355	6948	1	1.0
1355	6949	1	1.0
2327	6949	1	1.0
1356	6950	1	1.0
1356	6951	1	1.0
1356	6952	1	1.0
1356	6953	1	1.0
1356	6954	1	1.0
1356	6955	1	1.0
1356	6956	1	1.0
1356	6957	1	1.0
1357	6958	1	1.0
1357	6959	1	1.0
2007	6959	1	1.0
2329	6959	1	1.0
2910	6959	1	1.0
1358	6960	1	1.0
1358	6961	1	1.0
1358	6962	1	1.0
1358	6963	1	1.0
1358	6964	1	1.0
1359	6965	1	1.0
1359	6966	1	1.0
1359	6967	1	1.0
1360	6968	1	1.0
2705	6968	1	1.0
1360	6969	1	1.0
2705	6969	1	1.0
1360	6970	1	1.0
2705	6970	1	1.0
1360	6971	1	1.0
1361	6972	1	1.0
1361	6973	1	1.0
1361	6974	1	1.0
1362	6975	1	1.0
1362	6976	1	1.0
1362	6977	1	1.0
1363	6978	1	1.0
1363	6979	1	1.0
2701	6979	1	1.0
2903	6979	1	1.0
1364	6980	1	1.0
2801	6980	1	1.0
1366	6981	1	1.0
1366	6982	1	1.0
2021	6982	1	1.0
1366	6983	1	1.0
1367	6984	1	1.0
1367	6985	1	1.0
1368	6986	1	1.0
1368	6987	1	1.0
1369	6988	1	1.0
1369	6989	1	1.0
1369	6990	1	1.0
2727	6990	1	1.0
1370	6991	1	1.0
2339	6991	1	1.0
1371	6992	1	1.0
1372	6993	1	1.0
2331	6993	1	1.0
2348	6993	1	1.0
1374	6994	1	1.0
2719	6994	1	1.0
1375	6995	1	1.0
1661	6995	1	1.0
2292	6995	1	1.0
1375	6996	1	1.0
1375	6997	1	1.0
1661	6997	1	1.0
2292	6997	1	1.0
1376	6998	1	1.0
1376	6999	1	1.0
1377	7000	1	1.0
1377	7001	1	1.0
1377	7002	1	1.0
1377	7003	1	1.0
1378	7004	1	1.0
1380	7005	1	1.0
1568	7005	1	1.0
1381	7006	1	1.0
1382	7007	1	1.0
1476	7007	1	1.0
1382	7008	1	1.0
1382	7009	1	1.0
1476	7009	1	1.0
1519	7009	1	1.0
1550	7009	1	1.0
1382	7010	1	1.0
1383	7010	1	1.0
1504	7010	1	1.0
2491	7010	1	1.0
1382	7011	1	1.0
1519	7011	1	1.0
1550	7011	1	1.0
1383	7012	1	1.0
1504	7012	1	1.0
2491	7012	1	1.0
1383	7013	1	1.0
1504	7013	1	1.0
2491	7013	1	1.0
1383	7014	1	1.0
1384	7015	1	1.0
1552	7015	1	1.0
2372	7015	1	1.0
2923	7015	1	1.0
1384	7016	1	1.0
1552	7016	1	1.0
1384	7017	1	1.0
1552	7017	1	1.0
1384	7018	1	1.0
1552	7018	1	1.0
1385	7019	1	1.0
1386	7020	1	1.0
1386	7021	1	1.0
1386	7022	1	1.0
1387	7023	1	1.0
1388	7024	1	1.0
1388	7025	1	1.0
1389	7026	1	1.0
1389	7027	1	1.0
1727	7027	1	1.0
1390	7028	1	1.0
1390	7029	1	1.0
1455	7029	1	1.0
1390	7030	1	1.0
1390	7031	1	1.0
1391	7032	1	1.0
1391	7033	1	1.0
1392	7034	1	1.0
1392	7035	1	1.0
1392	7036	1	1.0
1392	7037	1	1.0
1849	7037	1	1.0
2191	7037	1	1.0
1393	7038	1	1.0
2982	7038	1	1.0
1393	7039	1	1.0
1394	7040	1	1.0
2113	7040	1	1.0
1394	7041	1	1.0
1394	7042	1	1.0
1395	7043	1	1.0
1395	7044	1	1.0
1395	7045	1	1.0
1396	7046	1	1.0
2052	7046	1	1.0
1397	7047	1	1.0
1397	7048	1	1.0
1397	7049	1	1.0
1398	7050	1	1.0
1398	7051	1	1.0
1398	7052	1	1.0
2148	7052	1	1.0
1398	7053	1	1.0
1398	7054	1	1.0
1398	7055	1	1.0
1400	7056	1	1.0
2153	7056	1	1.0
1400	7057	1	1.0
1400	7058	1	1.0
1934	7058	1	1.0
1400	7059	1	1.0
2153	7059	1	1.0
1401	7060	1	1.0
1401	7061	1	1.0
1401	7062	1	1.0
1401	7063	1	1.0
2033	7063	1	1.0
1402	7064	1	1.0
1402	7065	1	1.0
2130	7065	1	1.0
2877	7065	1	1.0
1402	7066	1	1.0
1403	7067	1	1.0
1404	7068	1	1.0
1404	7069	1	1.0
1404	7070	1	1.0
1404	7071	1	1.0
1404	7072	1	1.0
1405	7073	1	1.0
1405	7074	1	1.0
1405	7075	1	1.0
1405	7076	1	1.0
1405	7077	1	1.0
1405	7078	1	1.0
1405	7079	1	1.0
1407	7080	1	1.0
1407	7081	1	1.0
1407	7082	1	1.0
1408	7083	1	1.0
1408	7084	1	1.0
1408	7085	1	1.0
2560	7085	1	1.0
1409	7086	1	1.0
1879	7086	1	1.0
2194	7086	1	1.0
2199	7086	1	1.0
1412	7087	1	1.0
1412	7088	1	1.0
1413	7089	1	1.0
1413	7090	1	1.0
1413	7091	1	1.0
1413	7092	1	1.0
2794	7092	1	1.0
1414	7093	1	1.0
1414	7094	1	1.0
1415	7095	1	1.0
1415	7096	1	1.0
1879	7096	1	1.0
2199	7096	1	1.0
1415	7097	1	1.0
1416	7098	1	1.0
1416	7099	1	1.0
1416	7100	1	1.0
1416	7101	1	1.0
1834	7101	1	1.0
1416	7102	1	1.0
1417	7103	1	1.0
2582	7103	1	1.0
1418	7104	1	1.0
1566	7104	1	1.0
1938	7104	1	1.0
2623	7104	1	1.0
2640	7104	1	1.0
1418	7105	1	1.0
1566	7105	1	1.0
1938	7105	1	1.0
2623	7105	1	1.0
2640	7105	1	1.0
1418	7106	1	1.0
1566	7106	1	1.0
2646	7106	1	1.0
1419	7107	1	1.0
1950	7107	1	1.0
1420	7108	1	1.0
1420	7109	1	1.0
1420	7110	1	1.0
1420	7111	1	1.0
1420	7112	1	1.0
1421	7113	1	1.0
1421	7114	1	1.0
1422	7115	1	1.0
1943	7115	1	1.0
1422	7116	1	1.0
1422	7117	1	1.0
1943	7117	1	1.0
1951	7117	1	1.0
1423	7118	1	1.0
1935	7118	1	1.0
2762	7118	1	1.0
1423	7119	1	1.0
1935	7119	1	1.0
2762	7119	1	1.0
1423	7120	1	1.0
1935	7120	1	1.0
2762	7120	1	1.0
1423	7121	1	1.0
1935	7121	1	1.0
2762	7121	1	1.0
1423	7122	1	1.0
1424	7123	1	1.0
1424	7124	1	1.0
1424	7125	1	1.0
1424	7126	1	1.0
1425	7127	1	1.0
1426	7128	1	1.0
1426	7129	1	1.0
1427	7130	1	1.0
1427	7131	1	1.0
1428	7132	1	1.0
1428	7133	1	1.0
1428	7134	1	1.0
1429	7135	1	1.0
1430	7136	1	1.0
1431	7137	1	1.0
1432	7138	1	1.0
2996	7138	1	1.0
1433	7139	1	1.0
1433	7140	1	1.0
1433	7141	1	1.0
1433	7142	1	1.0
1433	7143	1	1.0
1434	7144	1	1.0
1434	7145	1	1.0
2894	7145	1	1.0
1435	7146	1	1.0
1435	7147	1	1.0
1435	7148	1	1.0
1435	7149	1	1.0
1439	7150	1	1.0
1439	7151	1	1.0
1439	7152	1	1.0
1439	7153	1	1.0
1440	7154	1	1.0
1440	7155	1	1.0
1441	7156	1	1.0
1441	7157	1	1.0
1442	7158	1	1.0
1442	7159	1	1.0
1443	7160	1	1.0
1839	7160	1	1.0
1443	7161	1	1.0
1839	7161	1	1.0
1443	7162	1	1.0
1839	7162	1	1.0
1444	7163	1	1.0
1444	7164	1	1.0
1445	7165	1	1.0
1445	7166	1	1.0
1446	7167	1	1.0
1446	7168	1	1.0
1446	7169	1	1.0
1447	7170	1	1.0
2883	7170	1	1.0
1447	7171	1	1.0
1447	7172	1	1.0
1448	7173	1	1.0
1450	7174	1	1.0
1450	7175	1	1.0
1451	7176	1	1.0
2425	7176	1	1.0
1451	7177	1	1.0
1452	7178	1	1.0
1452	7179	1	1.0
1452	7180	1	1.0
1453	7181	1	1.0
2884	7181	1	1.0
1453	7182	1	1.0
2884	7182	1	1.0
1453	7183	1	1.0
2884	7183	1	1.0
1455	7184	1	1.0
2146	7184	1	1.0
1455	7185	1	1.0
1455	7186	1	1.0
1456	7187	1	1.0
1456	7188	1	1.0
1457	7189	1	1.0
1969	7189	1	1.0
2309	7189	1	1.0
2318	7189	1	1.0
2822	7189	1	1.0
1458	7190	1	1.0
1460	7191	1	1.0
1460	7192	1	1.0
1461	7193	1	1.0
1461	7194	1	1.0
2994	7194	1	1.0
1462	7195	1	1.0
2528	7195	1	1.0
2995	7195	1	1.0
1463	7196	1	1.0
1463	7197	1	1.0
2104	7197	1	1.0
1464	7198	1	1.0
2524	7198	1	1.0
1464	7199	1	1.0
2524	7199	1	1.0
1465	7200	1	1.0
1465	7201	1	1.0
1465	7202	1	1.0
1468	7203	1	1.0
2531	7203	1	1.0
2788	7203	1	1.0
1469	7204	1	1.0
1469	7205	1	1.0
1540	7205	1	1.0
1768	7205	1	1.0
1770	7205	1	1.0
1793	7205	1	1.0
2072	7205	1	1.0
2105	7205	1	1.0
2992	7205	1	1.0
1470	7206	1	1.0
1470	7207	1	1.0
1470	7208	1	1.0
1470	7209	1	1.0
1470	7210	1	1.0
1471	7211	1	1.0
1471	7212	1	1.0
1472	7213	1	1.0
1472	7214	1	1.0
1472	7215	1	1.0
1540	7215	1	1.0
2997	7215	1	1.0
1473	7216	1	1.0
2521	7216	1	1.0
2532	7216	1	1.0
1473	7217	1	1.0
1473	7218	1	1.0
1473	7219	1	1.0
1786	7219	1	1.0
2447	7219	1	1.0
2521	7219	1	1.0
1474	7220	1	1.0
1475	7221	1	1.0
1475	7222	1	1.0
1476	7223	1	1.0
1519	7223	1	1.0
1550	7223	1	1.0
1477	7224	1	1.0
1477	7225	1	1.0
1477	7226	1	1.0
1477	7227	1	1.0
1478	7228	1	1.0
1478	7229	1	1.0
1478	7230	1	1.0
1478	7231	1	1.0
1478	7232	1	1.0
1478	7233	1	1.0
1479	7234	1	1.0
1479	7235	1	1.0
1513	7235	1	1.0
1479	7236	1	1.0
1479	7237	1	1.0
1513	7237	1	1.0
1480	7238	1	1.0
1480	7239	1	1.0
2391	7239	1	1.0
2398	7239	1	1.0
1480	7240	1	1.0
2391	7240	1	1.0
2398	7240	1	1.0
1481	7241	1	1.0
1482	7242	1	1.0
2402	7242	1	1.0
1484	7243	1	1.0
1486	7244	1	1.0
2378	7244	1	1.0
1486	7245	1	1.0
1486	7246	1	1.0
1486	7247	1	1.0
1488	7248	1	1.0
1489	7249	1	1.0
1490	7250	1	1.0
2690	7250	1	1.0
1490	7251	1	1.0
1491	7252	1	1.0
1492	7253	1	1.0
1492	7254	1	1.0
1492	7255	1	1.0
1493	7256	1	1.0
1494	7257	1	1.0
1494	7258	1	1.0
1494	7259	1	1.0
1511	7259	1	1.0
1495	7260	1	1.0
1495	7261	1	1.0
1495	7262	1	1.0
1496	7263	1	1.0
1498	7264	1	1.0
1498	7265	1	1.0
2371	7265	1	1.0
1498	7266	1	1.0
1499	7267	1	1.0
1499	7268	1	1.0
1500	7269	1	1.0
1501	7270	1	1.0
1502	7271	1	1.0
1502	7272	1	1.0
1503	7273	1	1.0
1504	7274	1	1.0
1505	7275	1	1.0
1749	7275	1	1.0
2651	7275	1	1.0
2927	7275	1	1.0
1506	7276	1	1.0
1506	7277	1	1.0
1507	7278	1	1.0
1507	7279	1	1.0
2663	7279	1	1.0
1507	7280	1	1.0
1508	7281	1	1.0
1508	7282	1	1.0
1508	7283	1	1.0
1508	7284	1	1.0
1508	7285	1	1.0
1509	7286	1	1.0
1509	7287	1	1.0
1510	7288	1	1.0
1510	7289	1	1.0
1511	7290	1	1.0
1512	7291	1	1.0
1512	7292	1	1.0
1512	7293	1	1.0
1513	7294	1	1.0
1513	7295	1	1.0
1514	7296	1	1.0
1515	7297	1	1.0
1515	7298	1	1.0
1515	7299	1	1.0
2123	7299	1	1.0
1516	7300	1	1.0
1516	7301	1	1.0
1517	7302	1	1.0
1517	7303	1	1.0
2410	7303	1	1.0
1518	7304	1	1.0
1518	7305	1	1.0
1518	7306	1	1.0
1518	7307	1	1.0
2419	7307	1	1.0
1519	7308	1	1.0
1519	7309	1	1.0
1520	7310	1	1.0
1520	7311	1	1.0
1522	7312	1	1.0
1522	7313	1	1.0
1522	7314	1	1.0
1522	7315	1	1.0
2610	7315	1	1.0
1522	7316	1	1.0
2610	7316	1	1.0
1524	7317	1	1.0
1524	7318	1	1.0
1525	7319	1	1.0
1525	7320	1	1.0
1526	7321	1	1.0
1526	7322	1	1.0
1526	7323	1	1.0
1526	7324	1	1.0
1526	7325	1	1.0
1527	7326	1	1.0
1527	7327	1	1.0
1527	7328	1	1.0
1527	7329	1	1.0
1528	7330	1	1.0
1529	7331	1	1.0
1529	7332	1	1.0
1592	7332	1	1.0
1532	7333	1	1.0
1532	7334	1	1.0
1533	7335	1	1.0
1533	7336	1	1.0
2064	7336	1	1.0
2912	7336	1	1.0
1533	7337	1	1.0
1534	7338	1	1.0
1917	7338	1	1.0
1534	7339	1	1.0
1917	7339	1	1.0
2572	7339	1	1.0
1534	7340	1	1.0
2572	7340	1	1.0
1534	7341	1	1.0
1536	7341	1	1.0
1916	7341	1	1.0
1535	7342	1	1.0
1535	7343	1	1.0
1535	7344	1	1.0
1535	7345	1	1.0
1536	7346	1	1.0
1536	7347	1	1.0
1536	7348	1	1.0
1536	7349	1	1.0
1536	7350	1	1.0
1536	7351	1	1.0
1536	7352	1	1.0
1537	7353	1	1.0
1538	7354	1	1.0
2613	7354	1	1.0
1540	7355	1	1.0
2105	7355	1	1.0
1540	7356	1	1.0
2105	7356	1	1.0
1540	7357	1	1.0
1540	7358	1	1.0
2992	7358	1	1.0
1541	7359	1	1.0
1541	7360	1	1.0
1541	7361	1	1.0
1541	7362	1	1.0
1542	7363	1	1.0
1543	7363	1	1.0
1542	7364	1	1.0
1543	7365	1	1.0
1543	7366	1	1.0
1543	7367	1	1.0
1543	7368	1	1.0
1543	7369	1	1.0
1543	7370	1	1.0
1544	7371	1	1.0
1544	7372	1	1.0
1544	7373	1	1.0
1545	7374	1	1.0
1546	7375	1	1.0
2632	7375	1	1.0
1549	7376	1	1.0
1549	7377	1	1.0
1549	7378	1	1.0
1550	7379	1	1.0
2505	7379	1	1.0
1550	7380	1	1.0
1551	7381	1	1.0
1551	7382	1	1.0
1551	7383	1	1.0
1553	7384	1	1.0
1553	7385	1	1.0
1553	7386	1	1.0
1553	7387	1	1.0
1553	7388	1	1.0
1554	7389	1	1.0
2150	7389	1	1.0
1555	7390	1	1.0
1555	7391	1	1.0
1556	7392	1	1.0
1556	7393	1	1.0
1556	7394	1	1.0
1556	7395	1	1.0
1557	7396	1	1.0
1557	7397	1	1.0
1557	7398	1	1.0
1558	7399	1	1.0
1558	7400	1	1.0
1559	7401	1	1.0
2449	7401	1	1.0
1559	7402	1	1.0
2449	7402	1	1.0
1559	7403	1	1.0
1560	7404	1	1.0
1560	7405	1	1.0
1560	7406	1	1.0
1730	7406	1	1.0
1561	7407	1	1.0
1561	7408	1	1.0
1561	7409	1	1.0
1561	7410	1	1.0
1562	7411	1	1.0
1562	7412	1	1.0
1562	7413	1	1.0
1563	7414	1	1.0
1563	7415	1	1.0
1563	7416	1	1.0
1564	7417	1	1.0
1940	7417	1	1.0
2631	7417	1	1.0
1564	7418	1	1.0
1564	7419	1	1.0
1940	7419	1	1.0
1565	7420	1	1.0
1565	7421	1	1.0
1565	7422	1	1.0
1566	7423	1	1.0
1938	7423	1	1.0
2640	7423	1	1.0
1567	7424	1	1.0
1567	7425	1	1.0
1567	7426	1	1.0
1568	7427	1	1.0
1569	7428	1	1.0
1765	7428	1	1.0
2769	7428	1	1.0
1569	7429	1	1.0
1570	7430	1	1.0
1570	7431	1	1.0
1570	7432	1	1.0
1570	7433	1	1.0
1571	7434	1	1.0
1571	7435	1	1.0
2948	7435	1	1.0
1572	7436	1	1.0
1572	7437	1	1.0
1573	7438	1	1.0
1573	7439	1	1.0
2459	7439	1	1.0
2480	7439	1	1.0
1573	7440	1	1.0
2459	7440	1	1.0
1574	7441	1	1.0
1574	7442	1	1.0
1574	7443	1	1.0
1574	7444	1	1.0
1575	7445	1	1.0
1575	7446	1	1.0
1576	7447	1	1.0
1576	7448	1	1.0
1576	7449	1	1.0
1576	7450	1	1.0
1576	7451	1	1.0
1577	7452	1	1.0
1579	7453	1	1.0
1579	7454	1	1.0
1579	7455	1	1.0
1579	7456	1	1.0
1579	7457	1	1.0
1580	7458	1	1.0
1580	7459	1	1.0
1580	7460	1	1.0
1581	7461	1	1.0
1581	7462	1	1.0
1582	7463	1	1.0
1582	7464	1	1.0
1582	7465	1	1.0
1582	7466	1	1.0
1584	7467	1	1.0
1584	7468	1	1.0
2519	7468	1	1.0
1585	7469	1	1.0
1585	7470	1	1.0
1585	7471	1	1.0
1587	7472	1	1.0
1587	7473	1	1.0
1588	7474	1	1.0
1588	7475	1	1.0
1588	7476	1	1.0
1589	7477	1	1.0
1589	7478	1	1.0
1589	7479	1	1.0
1589	7480	1	1.0
1589	7481	1	1.0
1590	7482	1	1.0
1915	7482	1	1.0
1592	7483	1	1.0
1595	7484	1	1.0
2554	7484	1	1.0
2557	7484	1	1.0
1595	7485	1	1.0
1595	7486	1	1.0
2554	7486	1	1.0
2557	7486	1	1.0
1596	7487	1	1.0
1596	7488	1	1.0
2472	7488	1	1.0
1596	7489	1	1.0
1596	7490	1	1.0
2472	7490	1	1.0
1597	7491	1	1.0
1598	7492	1	1.0
1598	7493	1	1.0
1599	7494	1	1.0
1599	7495	1	1.0
2947	7495	1	1.0
1600	7496	1	1.0
1600	7497	1	1.0
1600	7498	1	1.0
1601	7499	1	1.0
1601	7500	1	1.0
1603	7501	1	1.0
1603	7502	1	1.0
1603	7503	1	1.0
1603	7504	1	1.0
1603	7505	1	1.0
1604	7506	1	1.0
1604	7507	1	1.0
1604	7508	1	1.0
2476	7508	1	1.0
1605	7509	1	1.0
1606	7510	1	1.0
1607	7511	1	1.0
2189	7511	1	1.0
2190	7511	1	1.0
1607	7512	1	1.0
2189	7512	1	1.0
1608	7513	1	1.0
1608	7514	1	1.0
1608	7515	1	1.0
1608	7516	1	1.0
1608	7517	1	1.0
1608	7518	1	1.0
1609	7519	1	1.0
1609	7520	1	1.0
1609	7521	1	1.0
1610	7522	1	1.0
1610	7523	1	1.0
1610	7524	1	1.0
1611	7525	1	1.0
1612	7526	1	1.0
1612	7527	1	1.0
2277	7527	1	1.0
1612	7528	1	1.0
1612	7529	1	1.0
1613	7530	1	1.0
1624	7530	1	1.0
1659	7530	1	1.0
1613	7531	1	1.0
1659	7531	1	1.0
2791	7531	1	1.0
1613	7532	1	1.0
1613	7533	1	1.0
1659	7533	1	1.0
1614	7534	1	1.0
1614	7535	1	1.0
1614	7536	1	1.0
1614	7537	1	1.0
1615	7538	1	1.0
2343	7538	1	1.0
1617	7539	1	1.0
1619	7540	1	1.0
1619	7541	1	1.0
1619	7542	1	1.0
1619	7543	1	1.0
1621	7544	1	1.0
1621	7545	1	1.0
1622	7546	1	1.0
1622	7547	1	1.0
1622	7548	1	1.0
1624	7549	1	1.0
1624	7550	1	1.0
1625	7551	1	1.0
1625	7552	1	1.0
1625	7553	1	1.0
1626	7554	1	1.0
1626	7555	1	1.0
1628	7556	1	1.0
1644	7556	1	1.0
1628	7557	1	1.0
1644	7557	1	1.0
1629	7558	1	1.0
1631	7559	1	1.0
1633	7560	1	1.0
1635	7561	1	1.0
1635	7562	1	1.0
1635	7563	1	1.0
1635	7564	1	1.0
1635	7565	1	1.0
1635	7566	1	1.0
1643	7566	1	1.0
1636	7567	1	1.0
1636	7568	1	1.0
2321	7568	1	1.0
2832	7568	1	1.0
1636	7569	1	1.0
2924	7569	1	1.0
1637	7570	1	1.0
1641	7571	1	1.0
1641	7572	1	1.0
1642	7573	1	1.0
1642	7574	1	1.0
1642	7575	1	1.0
1643	7576	1	1.0
1643	7577	1	1.0
1643	7578	1	1.0
1643	7579	1	1.0
1645	7580	1	1.0
1645	7581	1	1.0
1648	7582	1	1.0
1649	7583	1	1.0
1653	7583	1	1.0
1656	7583	1	1.0
1651	7584	1	1.0
1651	7585	1	1.0
1651	7586	1	1.0
1653	7587	1	1.0
1654	7588	1	1.0
1654	7589	1	1.0
1654	7590	1	1.0
1655	7591	1	1.0
1656	7592	1	1.0
1656	7593	1	1.0
1656	7594	1	1.0
1657	7595	1	1.0
1657	7596	1	1.0
1658	7597	1	1.0
1658	7598	1	1.0
1660	7599	1	1.0
1661	7600	1	1.0
2292	7600	1	1.0
1662	7601	1	1.0
1662	7602	1	1.0
1662	7603	1	1.0
1663	7604	1	1.0
1663	7605	1	1.0
1663	7606	1	1.0
1664	7607	1	1.0
1664	7608	1	1.0
1667	7609	1	1.0
1667	7610	1	1.0
1668	7611	1	1.0
1668	7612	1	1.0
1669	7613	1	1.0
1669	7614	1	1.0
1670	7615	1	1.0
2252	7615	1	1.0
2272	7615	1	1.0
1671	7616	1	1.0
1672	7617	1	1.0
1672	7618	1	1.0
1673	7619	1	1.0
1674	7620	1	1.0
1674	7621	1	1.0
1674	7622	1	1.0
1675	7623	1	1.0
1675	7624	1	1.0
1676	7625	1	1.0
1676	7626	1	1.0
1678	7627	1	1.0
2229	7627	1	1.0
1678	7628	1	1.0
2229	7628	1	1.0
1678	7629	1	1.0
1678	7630	1	1.0
2229	7630	1	1.0
1678	7631	1	1.0
1678	7632	1	1.0
1679	7633	1	1.0
2238	7633	1	1.0
1679	7634	1	1.0
1679	7635	1	1.0
1679	7636	1	1.0
1679	7637	1	1.0
1680	7638	1	1.0
1680	7639	1	1.0
1681	7640	1	1.0
1686	7640	1	1.0
1681	7641	1	1.0
1686	7641	1	1.0
1681	7642	1	1.0
1686	7642	1	1.0
1681	7643	1	1.0
1686	7643	1	1.0
1682	7644	1	1.0
1683	7645	1	1.0
2011	7645	1	1.0
1683	7646	1	1.0
2011	7646	1	1.0
1683	7647	1	1.0
2011	7647	1	1.0
1684	7648	1	1.0
1684	7649	1	1.0
1684	7650	1	1.0
1685	7651	1	1.0
1685	7652	1	1.0
1971	7652	1	1.0
1688	7653	1	1.0
1688	7654	1	1.0
1688	7655	1	1.0
1730	7655	1	1.0
1808	7655	1	1.0
1689	7656	1	1.0
1690	7657	1	1.0
1691	7658	1	1.0
1691	7659	1	1.0
1691	7660	1	1.0
1693	7661	1	1.0
1693	7662	1	1.0
1693	7663	1	1.0
1694	7664	1	1.0
2686	7664	1	1.0
1695	7665	1	1.0
1695	7666	1	1.0
1695	7667	1	1.0
1913	7667	1	1.0
2215	7667	1	1.0
1696	7668	1	1.0
1696	7669	1	1.0
1697	7670	1	1.0
1697	7671	1	1.0
1697	7672	1	1.0
1697	7673	1	1.0
1698	7674	1	1.0
1700	7675	1	1.0
1700	7676	1	1.0
1701	7677	1	1.0
1701	7678	1	1.0
1702	7679	1	1.0
1702	7680	1	1.0
1704	7681	1	1.0
1705	7681	1	1.0
1707	7681	1	1.0
1710	7681	1	1.0
1712	7681	1	1.0
1708	7682	1	1.0
1709	7683	1	1.0
1709	7684	1	1.0
1709	7685	1	1.0
1710	7686	1	1.0
1711	7686	1	1.0
2465	7686	1	1.0
1711	7687	1	1.0
1712	7687	1	1.0
1713	7688	1	1.0
1713	7689	1	1.0
1714	7690	1	1.0
1715	7691	1	1.0
2670	7691	1	1.0
1715	7692	1	1.0
1717	7693	1	1.0
1718	7694	1	1.0
1718	7695	1	1.0
1719	7695	1	1.0
1719	7696	1	1.0
1720	7697	1	1.0
1720	7698	1	1.0
1922	7698	1	1.0
1721	7699	1	1.0
1721	7700	1	1.0
1721	7701	1	1.0
1721	7702	1	1.0
1722	7703	1	1.0
1722	7704	1	1.0
1723	7705	1	1.0
1723	7706	1	1.0
2942	7706	1	1.0
1724	7707	1	1.0
1724	7708	1	1.0
1726	7709	1	1.0
2122	7709	1	1.0
1727	7710	1	1.0
1727	7711	1	1.0
1727	7712	1	1.0
1728	7713	1	1.0
1729	7714	1	1.0
1730	7715	1	1.0
1730	7716	1	1.0
1731	7717	1	1.0
2359	7717	1	1.0
1731	7718	1	1.0
1731	7719	1	1.0
1732	7720	1	1.0
1732	7721	1	1.0
1733	7722	1	1.0
1733	7723	1	1.0
1733	7724	1	1.0
1734	7725	1	1.0
1734	7726	1	1.0
1735	7727	1	1.0
1736	7727	1	1.0
1735	7728	1	1.0
1735	7729	1	1.0
1736	7729	1	1.0
1735	7730	1	1.0
1736	7730	1	1.0
1736	7731	1	1.0
1736	7732	1	1.0
1737	7733	1	1.0
1737	7734	1	1.0
1737	7735	1	1.0
1737	7736	1	1.0
1737	7737	1	1.0
1737	7738	1	1.0
1740	7739	1	1.0
1741	7740	1	1.0
1741	7741	1	1.0
1741	7742	1	1.0
2112	7742	1	1.0
1742	7743	1	1.0
1742	7744	1	1.0
1743	7745	1	1.0
1743	7746	1	1.0
1743	7747	1	1.0
1744	7748	1	1.0
1744	7749	1	1.0
1744	7750	1	1.0
1745	7751	1	1.0
1745	7752	1	1.0
1746	7753	1	1.0
2923	7753	1	1.0
1747	7754	1	1.0
1747	7755	1	1.0
1747	7756	1	1.0
1747	7757	1	1.0
1747	7758	1	1.0
1749	7759	1	1.0
2651	7759	1	1.0
2927	7759	1	1.0
1749	7760	1	1.0
1749	7761	1	1.0
1749	7762	1	1.0
2651	7762	1	1.0
2927	7762	1	1.0
1751	7763	1	1.0
1751	7764	1	1.0
1753	7765	1	1.0
2504	7765	1	1.0
1753	7766	1	1.0
2504	7766	1	1.0
1753	7767	1	1.0
1753	7768	1	1.0
1753	7769	1	1.0
2504	7769	1	1.0
1754	7770	1	1.0
2078	7770	1	1.0
1754	7771	1	1.0
1754	7772	1	1.0
1754	7773	1	1.0
1754	7774	1	1.0
2074	7774	1	1.0
1755	7775	1	1.0
1755	7776	1	1.0
1755	7777	1	1.0
1757	7778	1	1.0
1757	7779	1	1.0
1759	7780	1	1.0
1759	7781	1	1.0
2280	7781	1	1.0
1760	7782	1	1.0
1760	7783	1	1.0
1760	7784	1	1.0
1762	7785	1	1.0
1763	7786	1	1.0
2233	7786	1	1.0
2238	7786	1	1.0
1763	7787	1	1.0
1763	7788	1	1.0
1763	7789	1	1.0
2233	7789	1	1.0
1763	7790	1	1.0
2233	7790	1	1.0
1763	7791	1	1.0
2233	7791	1	1.0
1763	7792	1	1.0
1764	7793	1	1.0
1764	7794	1	1.0
1764	7795	1	1.0
1765	7796	1	1.0
2460	7796	1	1.0
2769	7796	1	1.0
1766	7797	1	1.0
1766	7798	1	1.0
1768	7799	1	1.0
1770	7799	1	1.0
1793	7799	1	1.0
1768	7800	1	1.0
1770	7800	1	1.0
1793	7800	1	1.0
2072	7800	1	1.0
1769	7801	1	1.0
1771	7802	1	1.0
1772	7803	1	1.0
2513	7803	1	1.0
1772	7804	1	1.0
1773	7805	1	1.0
1773	7806	1	1.0
1773	7807	1	1.0
1773	7808	1	1.0
1773	7809	1	1.0
1773	7810	1	1.0
1774	7811	1	1.0
1774	7812	1	1.0
1774	7813	1	1.0
1774	7814	1	1.0
1776	7815	1	1.0
1776	7816	1	1.0
1776	7817	1	1.0
1777	7818	1	1.0
1777	7819	1	1.0
1777	7820	1	1.0
1777	7821	1	1.0
1777	7822	1	1.0
1777	7823	1	1.0
1777	7824	1	1.0
1778	7825	1	1.0
1778	7826	1	1.0
1778	7827	1	1.0
1778	7828	1	1.0
1781	7829	1	1.0
1781	7830	1	1.0
1781	7831	1	1.0
1781	7832	1	1.0
1781	7833	1	1.0
1782	7834	1	1.0
2432	7834	1	1.0
1783	7835	1	1.0
1783	7836	1	1.0
2043	7836	1	1.0
2433	7836	1	1.0
1784	7837	1	1.0
1784	7838	1	1.0
2436	7838	1	1.0
1784	7839	1	1.0
1785	7840	1	1.0
1785	7841	1	1.0
1785	7842	1	1.0
1787	7843	1	1.0
1788	7843	1	1.0
1788	7844	1	1.0
1788	7845	1	1.0
1788	7846	1	1.0
1789	7847	1	1.0
1789	7848	1	1.0
1789	7849	1	1.0
1790	7850	1	1.0
1790	7851	1	1.0
1791	7852	1	1.0
1792	7853	1	1.0
1792	7854	1	1.0
1794	7855	1	1.0
1794	7856	1	1.0
1794	7857	1	1.0
1795	7858	1	1.0
1795	7859	1	1.0
2381	7859	1	1.0
1795	7860	1	1.0
2381	7860	1	1.0
1795	7861	1	1.0
2381	7861	1	1.0
1796	7862	1	1.0
2494	7862	1	1.0
1797	7863	1	1.0
1797	7864	1	1.0
1797	7865	1	1.0
1797	7866	1	1.0
1798	7867	1	1.0
1798	7868	1	1.0
1798	7869	1	1.0
1799	7870	1	1.0
1799	7871	1	1.0
1799	7872	1	1.0
1800	7873	1	1.0
1800	7874	1	1.0
1801	7875	1	1.0
2417	7875	1	1.0
2499	7875	1	1.0
1801	7876	1	1.0
2379	7876	1	1.0
2417	7876	1	1.0
1801	7877	1	1.0
1802	7878	1	1.0
1802	7879	1	1.0
1803	7879	1	1.0
1806	7880	1	1.0
1806	7881	1	1.0
1808	7882	1	1.0
1808	7883	1	1.0
1808	7884	1	1.0
2426	7884	1	1.0
1808	7885	1	1.0
1808	7886	1	1.0
1809	7887	1	1.0
2549	7887	1	1.0
2684	7887	1	1.0
1811	7888	1	1.0
1812	7889	1	1.0
1812	7890	1	1.0
1813	7891	1	1.0
1813	7892	1	1.0
1815	7893	1	1.0
1815	7894	1	1.0
1815	7895	1	1.0
1815	7896	1	1.0
1816	7897	1	1.0
1817	7898	1	1.0
2585	7898	1	1.0
1818	7899	1	1.0
1818	7900	1	1.0
1818	7901	1	1.0
1818	7902	1	1.0
1818	7903	1	1.0
1819	7904	1	1.0
2693	7904	1	1.0
1820	7905	1	1.0
1820	7906	1	1.0
1820	7907	1	1.0
1820	7908	1	1.0
1821	7909	1	1.0
1822	7910	1	1.0
1822	7911	1	1.0
1822	7912	1	1.0
1823	7913	1	1.0
1824	7914	1	1.0
1825	7915	1	1.0
1825	7916	1	1.0
1826	7917	1	1.0
1826	7918	1	1.0
1826	7919	1	1.0
1827	7920	1	1.0
1827	7921	1	1.0
1827	7922	1	1.0
1827	7923	1	1.0
2583	7923	1	1.0
1829	7924	1	1.0
1830	7925	1	1.0
1830	7926	1	1.0
1830	7927	1	1.0
1830	7928	1	1.0
1831	7929	1	1.0
1831	7930	1	1.0
2575	7930	1	1.0
1831	7931	1	1.0
1831	7932	1	1.0
1831	7933	1	1.0
1831	7934	1	1.0
1832	7935	1	1.0
1835	7936	1	1.0
1835	7937	1	1.0
1835	7938	1	1.0
1835	7939	1	1.0
1836	7940	1	1.0
1836	7941	1	1.0
1836	7942	1	1.0
1837	7943	1	1.0
1840	7944	1	1.0
1840	7945	1	1.0
1842	7945	1	1.0
2563	7945	1	1.0
1840	7946	1	1.0
1842	7946	1	1.0
1840	7947	1	1.0
1841	7947	1	1.0
1840	7948	1	1.0
1842	7948	1	1.0
1841	7949	1	1.0
1956	7949	1	1.0
1977	7949	1	1.0
2478	7949	1	1.0
2802	7949	1	1.0
2813	7949	1	1.0
1841	7950	1	1.0
1841	7951	1	1.0
2478	7951	1	1.0
2969	7951	1	1.0
1841	7952	1	1.0
1841	7953	1	1.0
1841	7954	1	1.0
2802	7954	1	1.0
1842	7955	1	1.0
2503	7955	1	1.0
1842	7956	1	1.0
1842	7957	1	1.0
1843	7958	1	1.0
1843	7959	1	1.0
1844	7960	1	1.0
1845	7961	1	1.0
2740	7961	1	1.0
1846	7962	1	1.0
1846	7963	1	1.0
1846	7964	1	1.0
1846	7965	1	1.0
1848	7966	1	1.0
1848	7967	1	1.0
1848	7968	1	1.0
1849	7969	1	1.0
2191	7969	1	1.0
1850	7970	1	1.0
1850	7971	1	1.0
1851	7972	1	1.0
1851	7973	1	1.0
1851	7974	1	1.0
2796	7974	1	1.0
1852	7975	1	1.0
1854	7976	1	1.0
1855	7977	1	1.0
1857	7978	1	1.0
1857	7979	1	1.0
1857	7980	1	1.0
1857	7981	1	1.0
1860	7982	1	1.0
2126	7982	1	1.0
1860	7983	1	1.0
2126	7983	1	1.0
1860	7984	1	1.0
1860	7985	1	1.0
1861	7986	1	1.0
1861	7987	1	1.0
1862	7988	1	1.0
1862	7989	1	1.0
1862	7990	1	1.0
1862	7991	1	1.0
2125	7991	1	1.0
1862	7992	1	1.0
1863	7993	1	1.0
1864	7993	1	1.0
1863	7994	1	1.0
1864	7994	1	1.0
1863	7995	1	1.0
1864	7995	1	1.0
1863	7996	1	1.0
1864	7997	1	1.0
1864	7998	1	1.0
1865	7999	1	1.0
1865	8000	1	1.0
1866	8001	1	1.0
1866	8002	1	1.0
1866	8003	1	1.0
2559	8003	1	1.0
2675	8003	1	1.0
1867	8004	1	1.0
1880	8004	1	1.0
1868	8005	1	1.0
1869	8006	1	1.0
1908	8006	1	1.0
1909	8006	1	1.0
2682	8006	1	1.0
1869	8007	1	1.0
1909	8007	1	1.0
1869	8008	1	1.0
1909	8008	1	1.0
1869	8009	1	1.0
1909	8009	1	1.0
1869	8010	1	1.0
1908	8010	1	1.0
1909	8010	1	1.0
1870	8011	1	1.0
1871	8012	1	1.0
1871	8013	1	1.0
1871	8014	1	1.0
1871	8015	1	1.0
1871	8016	1	1.0
1872	8017	1	1.0
1872	8018	1	1.0
1872	8019	1	1.0
1873	8020	1	1.0
1873	8021	1	1.0
1876	8022	1	1.0
1876	8023	1	1.0
1912	8023	1	1.0
2091	8023	1	1.0
1877	8024	1	1.0
1878	8025	1	1.0
2089	8025	1	1.0
1878	8026	1	1.0
2089	8026	1	1.0
1879	8027	1	1.0
1879	8028	1	1.0
2199	8028	1	1.0
2240	8028	1	1.0
1880	8029	1	1.0
1880	8030	1	1.0
1881	8031	1	1.0
1882	8032	1	1.0
1882	8033	1	1.0
1883	8034	1	1.0
1883	8035	1	1.0
1883	8036	1	1.0
1884	8037	1	1.0
1884	8038	1	1.0
1884	8039	1	1.0
1886	8040	1	1.0
1889	8040	1	1.0
1886	8041	1	1.0
1889	8041	1	1.0
1887	8042	1	1.0
1887	8043	1	1.0
1888	8044	1	1.0
1888	8045	1	1.0
1888	8046	1	1.0
1888	8047	1	1.0
1890	8048	1	1.0
1890	8049	1	1.0
1894	8050	1	1.0
1894	8051	1	1.0
1894	8052	1	1.0
1894	8053	1	1.0
1895	8054	1	1.0
1896	8055	1	1.0
2306	8055	1	1.0
2958	8055	1	1.0
1896	8056	1	1.0
2306	8056	1	1.0
1896	8057	1	1.0
1896	8058	1	1.0
2306	8058	1	1.0
1897	8059	1	1.0
1897	8060	1	1.0
1898	8061	1	1.0
2894	8061	1	1.0
1898	8062	1	1.0
1902	8063	1	1.0
2594	8063	1	1.0
1902	8064	1	1.0
2594	8064	1	1.0
1904	8065	1	1.0
2568	8065	1	1.0
1905	8066	1	1.0
1906	8067	1	1.0
1909	8068	1	1.0
1909	8069	1	1.0
1911	8070	1	1.0
1911	8071	1	1.0
1913	8072	1	1.0
1914	8073	1	1.0
1914	8074	1	1.0
1914	8075	1	1.0
1914	8076	1	1.0
2437	8076	1	1.0
1915	8077	1	1.0
1916	8078	1	1.0
1916	8079	1	1.0
1916	8080	1	1.0
1917	8081	1	1.0
1918	8082	1	1.0
1918	8083	1	1.0
1920	8084	1	1.0
1921	8085	1	1.0
1922	8086	1	1.0
1922	8087	1	1.0
1922	8088	1	1.0
1922	8089	1	1.0
1922	8090	1	1.0
1922	8091	1	1.0
1923	8092	1	1.0
1923	8093	1	1.0
1923	8094	1	1.0
1923	8095	1	1.0
1923	8096	1	1.0
1923	8097	1	1.0
1923	8098	1	1.0
1923	8099	1	1.0
1924	8100	1	1.0
1925	8101	1	1.0
1925	8102	1	1.0
1925	8103	1	1.0
1926	8104	1	1.0
1926	8105	1	1.0
1927	8106	1	1.0
1927	8107	1	1.0
1927	8108	1	1.0
2977	8108	1	1.0
1927	8109	1	1.0
1928	8110	1	1.0
1928	8111	1	1.0
1928	8112	1	1.0
1928	8113	1	1.0
1931	8114	1	1.0
2110	8114	1	1.0
1931	8115	1	1.0
1931	8116	1	1.0
1933	8117	1	1.0
1933	8118	1	1.0
1934	8119	1	1.0
1934	8120	1	1.0
1934	8121	1	1.0
1934	8122	1	1.0
2157	8122	1	1.0
1935	8123	1	1.0
2762	8123	1	1.0
1936	8124	1	1.0
1936	8125	1	1.0
1936	8126	1	1.0
1936	8127	1	1.0
1937	8128	1	1.0
1943	8128	1	1.0
1951	8128	1	1.0
1938	8129	1	1.0
2623	8129	1	1.0
1939	8130	1	1.0
2137	8130	1	1.0
1940	8131	1	1.0
1941	8132	1	1.0
2647	8132	1	1.0
1941	8133	1	1.0
1944	8134	1	1.0
1944	8135	1	1.0
1944	8136	1	1.0
1945	8137	1	1.0
2621	8137	1	1.0
1945	8138	1	1.0
2621	8138	1	1.0
1945	8139	1	1.0
2621	8139	1	1.0
1945	8140	1	1.0
2621	8140	1	1.0
1946	8141	1	1.0
1946	8142	1	1.0
1947	8143	1	1.0
1947	8144	1	1.0
1947	8145	1	1.0
1947	8146	1	1.0
1948	8147	1	1.0
1949	8148	1	1.0
1950	8149	1	1.0
1950	8150	1	1.0
1952	8151	1	1.0
1952	8152	1	1.0
1952	8153	1	1.0
1952	8154	1	1.0
1953	8155	1	1.0
1953	8156	1	1.0
1953	8157	1	1.0
1953	8158	1	1.0
1953	8159	1	1.0
1955	8160	1	1.0
1955	8161	1	1.0
1955	8162	1	1.0
1955	8163	1	1.0
1955	8164	1	1.0
2325	8164	1	1.0
1956	8165	1	1.0
2015	8165	1	1.0
1956	8166	1	1.0
1977	8166	1	1.0
2015	8166	1	1.0
1956	8167	1	1.0
1977	8167	1	1.0
2015	8167	1	1.0
2802	8167	1	1.0
2813	8167	1	1.0
2907	8167	1	1.0
1956	8168	1	1.0
2015	8168	1	1.0
1957	8169	1	1.0
1957	8170	1	1.0
1957	8171	1	1.0
2207	8171	1	1.0
1958	8172	1	1.0
1960	8173	1	1.0
1962	8174	1	1.0
1962	8175	1	1.0
2706	8175	1	1.0
2817	8175	1	1.0
1963	8176	1	1.0
1963	8177	1	1.0
1963	8178	1	1.0
1972	8178	1	1.0
1964	8179	1	1.0
1964	8180	1	1.0
2844	8180	1	1.0
1964	8181	1	1.0
1965	8182	1	1.0
1965	8183	1	1.0
1965	8184	1	1.0
1966	8185	1	1.0
2816	8185	1	1.0
1966	8186	1	1.0
2296	8186	1	1.0
2816	8186	1	1.0
1966	8187	1	1.0
1967	8188	1	1.0
1967	8189	1	1.0
1967	8190	1	1.0
1968	8191	1	1.0
1968	8192	1	1.0
1970	8193	1	1.0
1970	8194	1	1.0
1970	8195	1	1.0
1971	8196	1	1.0
1972	8197	1	1.0
1972	8198	1	1.0
1972	8199	1	1.0
1973	8200	1	1.0
2006	8200	1	1.0
1973	8201	1	1.0
1973	8202	1	1.0
1974	8203	1	1.0
1975	8204	1	1.0
1975	8205	1	1.0
1976	8206	1	1.0
2295	8206	1	1.0
2811	8206	1	1.0
1977	8207	1	1.0
2802	8207	1	1.0
1978	8208	1	1.0
1978	8209	1	1.0
1978	8210	1	1.0
1982	8210	1	1.0
1979	8211	1	1.0
1979	8212	1	1.0
1991	8212	1	1.0
2009	8212	1	1.0
2018	8212	1	1.0
2301	8212	1	1.0
2315	8212	1	1.0
2712	8212	1	1.0
2803	8212	1	1.0
2818	8212	1	1.0
2821	8212	1	1.0
2896	8212	1	1.0
2901	8212	1	1.0
1980	8213	1	1.0
1980	8214	1	1.0
2975	8214	1	1.0
1983	8215	1	1.0
1996	8215	1	1.0
1985	8216	1	1.0
1986	8217	1	1.0
1986	8218	1	1.0
1986	8219	1	1.0
1986	8220	1	1.0
1987	8221	1	1.0
1987	8222	1	1.0
2316	8222	1	1.0
1988	8223	1	1.0
2894	8223	1	1.0
1988	8224	1	1.0
2894	8224	1	1.0
1988	8225	1	1.0
1990	8226	1	1.0
1990	8227	1	1.0
1990	8228	1	1.0
1990	8229	1	1.0
1991	8230	1	1.0
2901	8230	1	1.0
1991	8231	1	1.0
1991	8232	1	1.0
1993	8233	1	1.0
2698	8233	1	1.0
2805	8233	1	1.0
2978	8233	1	1.0
1993	8234	1	1.0
1993	8235	1	1.0
2805	8235	1	1.0
1993	8236	1	1.0
1993	8237	1	1.0
1995	8238	1	1.0
1997	8239	1	1.0
2443	8239	1	1.0
1997	8240	1	1.0
2443	8240	1	1.0
1997	8241	1	1.0
2443	8241	1	1.0
1998	8242	1	1.0
1998	8243	1	1.0
1999	8244	1	1.0
1999	8245	1	1.0
2827	8245	1	1.0
1999	8246	1	1.0
2000	8247	1	1.0
2000	8248	1	1.0
2000	8249	1	1.0
2001	8250	1	1.0
2002	8251	1	1.0
2002	8252	1	1.0
2002	8253	1	1.0
2003	8254	1	1.0
2003	8255	1	1.0
2005	8256	1	1.0
2006	8257	1	1.0
2006	8258	1	1.0
2007	8259	1	1.0
2010	8259	1	1.0
2007	8260	1	1.0
2010	8260	1	1.0
2908	8260	1	1.0
2008	8261	1	1.0
2008	8262	1	1.0
2008	8263	1	1.0
2009	8264	1	1.0
2009	8265	1	1.0
2010	8266	1	1.0
2012	8267	1	1.0
2012	8268	1	1.0
2012	8269	1	1.0
2012	8270	1	1.0
2013	8271	1	1.0
2013	8272	1	1.0
2013	8273	1	1.0
2013	8274	1	1.0
2015	8275	1	1.0
2016	8276	1	1.0
2016	8277	1	1.0
2017	8278	1	1.0
2017	8279	1	1.0
2017	8280	1	1.0
2017	8281	1	1.0
2017	8282	1	1.0
2018	8283	1	1.0
2019	8284	1	1.0
2019	8285	1	1.0
2019	8286	1	1.0
2019	8287	1	1.0
2019	8288	1	1.0
2019	8289	1	1.0
2019	8290	1	1.0
2019	8291	1	1.0
2019	8292	1	1.0
2019	8293	1	1.0
2019	8294	1	1.0
2019	8295	1	1.0
2019	8296	1	1.0
2020	8297	1	1.0
2020	8298	1	1.0
2021	8299	1	1.0
2021	8300	1	1.0
2021	8301	1	1.0
2021	8302	1	1.0
2021	8303	1	1.0
2023	8304	1	1.0
2023	8305	1	1.0
2024	8306	1	1.0
2024	8307	1	1.0
2293	8307	1	1.0
2025	8308	1	1.0
2025	8309	1	1.0
2025	8310	1	1.0
2026	8311	1	1.0
2026	8312	1	1.0
2027	8313	1	1.0
2028	8314	1	1.0
2028	8315	1	1.0
2028	8316	1	1.0
2029	8317	1	1.0
2032	8317	1	1.0
2029	8318	1	1.0
2030	8319	1	1.0
2031	8320	1	1.0
2645	8320	1	1.0
2031	8321	1	1.0
2032	8322	1	1.0
2033	8323	1	1.0
2033	8324	1	1.0
2033	8325	1	1.0
2033	8326	1	1.0
2033	8327	1	1.0
2034	8328	1	1.0
2034	8329	1	1.0
2034	8330	1	1.0
2034	8331	1	1.0
2034	8332	1	1.0
2034	8333	1	1.0
2034	8334	1	1.0
2034	8335	1	1.0
2036	8336	1	1.0
2037	8337	1	1.0
2037	8338	1	1.0
2037	8339	1	1.0
2037	8340	1	1.0
2038	8341	1	1.0
2038	8342	1	1.0
2039	8343	1	1.0
2039	8344	1	1.0
2040	8345	1	1.0
2875	8345	1	1.0
2040	8346	1	1.0
2044	8346	1	1.0
2875	8346	1	1.0
2041	8347	1	1.0
2041	8348	1	1.0
2041	8349	1	1.0
2041	8350	1	1.0
2041	8351	1	1.0
2042	8352	1	1.0
2778	8352	1	1.0
2042	8353	1	1.0
2043	8354	1	1.0
2044	8355	1	1.0
2045	8356	1	1.0
2541	8356	1	1.0
2045	8357	1	1.0
2045	8358	1	1.0
2046	8359	1	1.0
2780	8359	1	1.0
2046	8360	1	1.0
2047	8361	1	1.0
2047	8362	1	1.0
2589	8362	1	1.0
2047	8363	1	1.0
2049	8364	1	1.0
2049	8365	1	1.0
2049	8366	1	1.0
2049	8367	1	1.0
2050	8368	1	1.0
2133	8368	1	1.0
2050	8369	1	1.0
2133	8369	1	1.0
2050	8370	1	1.0
2133	8370	1	1.0
2051	8371	1	1.0
2051	8372	1	1.0
2761	8372	1	1.0
2051	8373	1	1.0
2051	8374	1	1.0
2051	8375	1	1.0
2053	8376	1	1.0
2053	8377	1	1.0
2053	8378	1	1.0
2054	8379	1	1.0
2054	8380	1	1.0
2054	8381	1	1.0
2055	8382	1	1.0
2873	8382	1	1.0
2055	8383	1	1.0
2055	8384	1	1.0
2873	8384	1	1.0
2056	8385	1	1.0
2057	8386	1	1.0
2057	8387	1	1.0
2057	8388	1	1.0
2058	8389	1	1.0
2062	8389	1	1.0
2059	8390	1	1.0
2059	8391	1	1.0
2059	8392	1	1.0
2059	8393	1	1.0
2060	8394	1	1.0
2060	8395	1	1.0
2060	8396	1	1.0
2060	8397	1	1.0
2061	8398	1	1.0
2061	8399	1	1.0
2063	8400	1	1.0
2063	8401	1	1.0
2657	8401	1	1.0
2064	8402	1	1.0
2065	8403	1	1.0
2065	8404	1	1.0
2065	8405	1	1.0
2065	8406	1	1.0
2066	8407	1	1.0
2067	8408	1	1.0
2068	8409	1	1.0
2068	8410	1	1.0
2069	8411	1	1.0
2069	8412	1	1.0
2069	8413	1	1.0
2070	8414	1	1.0
2070	8415	1	1.0
2070	8416	1	1.0
2072	8417	1	1.0
2073	8418	1	1.0
2073	8419	1	1.0
2073	8420	1	1.0
2073	8421	1	1.0
2074	8422	1	1.0
2075	8423	1	1.0
2076	8424	1	1.0
2076	8425	1	1.0
2077	8426	1	1.0
2077	8427	1	1.0
2077	8428	1	1.0
2787	8428	1	1.0
2077	8429	1	1.0
2849	8429	1	1.0
2077	8430	1	1.0
2787	8430	1	1.0
2863	8430	1	1.0
2078	8431	1	1.0
2078	8432	1	1.0
2078	8433	1	1.0
2079	8434	1	1.0
2079	8435	1	1.0
2079	8436	1	1.0
2079	8437	1	1.0
2079	8438	1	1.0
2079	8439	1	1.0
2080	8440	1	1.0
2080	8441	1	1.0
2080	8442	1	1.0
2081	8443	1	1.0
2081	8444	1	1.0
2082	8445	1	1.0
2083	8446	1	1.0
2083	8447	1	1.0
2083	8448	1	1.0
2084	8449	1	1.0
2097	8449	1	1.0
2084	8450	1	1.0
2085	8451	1	1.0
2085	8452	1	1.0
2085	8453	1	1.0
2085	8454	1	1.0
2085	8455	1	1.0
2086	8456	1	1.0
2800	8456	1	1.0
2881	8456	1	1.0
2086	8457	1	1.0
2800	8457	1	1.0
2086	8458	1	1.0
2086	8459	1	1.0
2087	8460	1	1.0
2087	8461	1	1.0
2087	8462	1	1.0
2088	8463	1	1.0
2088	8464	1	1.0
2090	8465	1	1.0
2090	8466	1	1.0
2092	8467	1	1.0
2794	8467	1	1.0
2092	8468	1	1.0
2092	8469	1	1.0
2095	8470	1	1.0
2096	8470	1	1.0
2095	8471	1	1.0
2096	8471	1	1.0
2096	8472	1	1.0
2097	8473	1	1.0
2097	8474	1	1.0
2098	8475	1	1.0
2098	8476	1	1.0
2099	8477	1	1.0
2100	8478	1	1.0
2100	8479	1	1.0
2100	8480	1	1.0
2101	8481	1	1.0
2101	8482	1	1.0
2101	8483	1	1.0
2101	8484	1	1.0
2101	8485	1	1.0
2101	8486	1	1.0
2101	8487	1	1.0
2101	8488	1	1.0
2101	8489	1	1.0
2101	8490	1	1.0
2101	8491	1	1.0
2101	8492	1	1.0
2101	8493	1	1.0
2101	8494	1	1.0
2101	8495	1	1.0
2101	8496	1	1.0
2101	8497	1	1.0
2102	8498	1	1.0
2102	8499	1	1.0
2102	8500	1	1.0
2103	8501	1	1.0
2105	8502	1	1.0
2105	8503	1	1.0
2106	8504	1	1.0
2106	8505	1	1.0
2106	8506	1	1.0
2106	8507	1	1.0
2107	8508	1	1.0
2107	8509	1	1.0
2107	8510	1	1.0
2107	8511	1	1.0
2108	8512	1	1.0
2108	8513	1	1.0
2110	8514	1	1.0
2110	8515	1	1.0
2111	8516	1	1.0
2111	8517	1	1.0
2112	8518	1	1.0
2112	8519	1	1.0
2112	8520	1	1.0
2113	8521	1	1.0
2113	8522	1	1.0
2114	8523	1	1.0
2115	8524	1	1.0
2116	8525	1	1.0
2116	8526	1	1.0
2117	8527	1	1.0
2117	8528	1	1.0
2117	8529	1	1.0
2117	8530	1	1.0
2118	8531	1	1.0
2118	8532	1	1.0
2118	8533	1	1.0
2118	8534	1	1.0
2119	8535	1	1.0
2119	8536	1	1.0
2119	8537	1	1.0
2120	8538	1	1.0
2120	8539	1	1.0
2121	8540	1	1.0
2122	8541	1	1.0
2124	8542	1	1.0
2412	8542	1	1.0
2124	8543	1	1.0
2412	8543	1	1.0
2124	8544	1	1.0
2412	8544	1	1.0
2126	8545	1	1.0
2126	8546	1	1.0
2127	8547	1	1.0
2127	8548	1	1.0
2127	8549	1	1.0
2128	8550	1	1.0
2128	8551	1	1.0
2128	8552	1	1.0
2138	8552	1	1.0
2128	8553	1	1.0
2130	8554	1	1.0
2131	8555	1	1.0
2131	8556	1	1.0
2131	8557	1	1.0
2131	8558	1	1.0
2131	8559	1	1.0
2132	8560	1	1.0
2134	8561	1	1.0
2134	8562	1	1.0
2134	8563	1	1.0
2135	8564	1	1.0
2135	8565	1	1.0
2135	8566	1	1.0
2135	8567	1	1.0
2136	8568	1	1.0
2882	8568	1	1.0
2136	8569	1	1.0
2136	8570	1	1.0
2138	8571	1	1.0
2138	8572	1	1.0
2138	8573	1	1.0
2139	8574	1	1.0
2141	8574	1	1.0
2139	8575	1	1.0
2141	8575	1	1.0
2139	8576	1	1.0
2141	8576	1	1.0
2140	8577	1	1.0
2140	8578	1	1.0
2142	8579	1	1.0
2143	8580	1	1.0
2634	8580	1	1.0
2143	8581	1	1.0
2634	8581	1	1.0
2143	8582	1	1.0
2144	8583	1	1.0
2144	8584	1	1.0
2145	8585	1	1.0
2145	8586	1	1.0
2147	8587	1	1.0
2147	8588	1	1.0
2148	8589	1	1.0
2148	8590	1	1.0
2149	8591	1	1.0
2149	8592	1	1.0
2149	8593	1	1.0
2150	8594	1	1.0
2150	8595	1	1.0
2150	8596	1	1.0
2151	8597	1	1.0
2151	8598	1	1.0
2151	8599	1	1.0
2151	8600	1	1.0
2152	8601	1	1.0
2152	8602	1	1.0
2152	8603	1	1.0
2152	8604	1	1.0
2152	8605	1	1.0
2153	8606	1	1.0
2154	8607	1	1.0
2154	8608	1	1.0
2154	8609	1	1.0
2154	8610	1	1.0
2155	8611	1	1.0
2155	8612	1	1.0
2155	8613	1	1.0
2155	8614	1	1.0
2156	8615	1	1.0
2156	8616	1	1.0
2156	8617	1	1.0
2157	8618	1	1.0
2157	8619	1	1.0
2157	8620	1	1.0
2158	8621	1	1.0
2158	8622	1	1.0
2158	8623	1	1.0
2158	8624	1	1.0
2158	8625	1	1.0
2159	8626	1	1.0
2160	8627	1	1.0
2160	8628	1	1.0
2161	8629	1	1.0
2161	8630	1	1.0
2161	8631	1	1.0
2163	8632	1	1.0
2164	8633	1	1.0
2164	8634	1	1.0
2394	8634	1	1.0
2164	8635	1	1.0
2165	8636	1	1.0
2166	8637	1	1.0
2166	8638	1	1.0
2167	8639	1	1.0
2925	8639	1	1.0
2169	8640	1	1.0
2169	8641	1	1.0
2169	8642	1	1.0
2169	8643	1	1.0
2170	8644	1	1.0
2170	8645	1	1.0
2170	8646	1	1.0
2170	8647	1	1.0
2170	8648	1	1.0
2171	8649	1	1.0
2172	8650	1	1.0
2173	8651	1	1.0
2174	8652	1	1.0
2213	8652	1	1.0
2362	8652	1	1.0
2537	8652	1	1.0
2985	8652	1	1.0
2175	8653	1	1.0
2176	8654	1	1.0
2176	8655	1	1.0
2176	8656	1	1.0
2176	8657	1	1.0
2176	8658	1	1.0
2176	8659	1	1.0
2176	8660	1	1.0
2177	8661	1	1.0
2177	8662	1	1.0
2178	8663	1	1.0
2178	8664	1	1.0
2178	8665	1	1.0
2178	8666	1	1.0
2180	8667	1	1.0
2180	8668	1	1.0
2180	8669	1	1.0
2181	8670	1	1.0
2181	8671	1	1.0
2181	8672	1	1.0
2181	8673	1	1.0
2182	8674	1	1.0
2950	8674	1	1.0
2182	8675	1	1.0
2182	8676	1	1.0
2184	8677	1	1.0
2184	8678	1	1.0
2184	8679	1	1.0
2185	8680	1	1.0
2185	8681	1	1.0
2185	8682	1	1.0
2185	8683	1	1.0
2186	8684	1	1.0
2187	8685	1	1.0
2188	8686	1	1.0
2188	8687	1	1.0
2188	8688	1	1.0
2188	8689	1	1.0
2188	8690	1	1.0
2189	8691	1	1.0
2189	8692	1	1.0
2190	8693	1	1.0
2191	8694	1	1.0
2191	8695	1	1.0
2192	8696	1	1.0
2193	8697	1	1.0
2194	8698	1	1.0
2195	8699	1	1.0
2195	8700	1	1.0
2195	8701	1	1.0
2196	8702	1	1.0
2198	8702	1	1.0
2196	8703	1	1.0
2198	8703	1	1.0
2196	8704	1	1.0
2198	8704	1	1.0
2197	8705	1	1.0
2200	8706	1	1.0
2202	8706	1	1.0
2976	8706	1	1.0
2200	8707	1	1.0
2200	8708	1	1.0
2200	8709	1	1.0
2200	8710	1	1.0
2202	8710	1	1.0
2972	8710	1	1.0
2976	8710	1	1.0
2202	8711	1	1.0
2972	8711	1	1.0
2202	8712	1	1.0
2976	8712	1	1.0
2203	8713	1	1.0
2203	8714	1	1.0
2203	8715	1	1.0
2203	8716	1	1.0
2204	8717	1	1.0
2939	8717	1	1.0
2204	8718	1	1.0
2476	8718	1	1.0
2205	8719	1	1.0
2206	8720	1	1.0
2206	8721	1	1.0
2207	8722	1	1.0
2207	8723	1	1.0
2208	8724	1	1.0
2208	8725	1	1.0
2208	8726	1	1.0
2209	8727	1	1.0
2211	8727	1	1.0
2209	8728	1	1.0
2209	8729	1	1.0
2209	8730	1	1.0
2211	8730	1	1.0
2210	8731	1	1.0
2210	8732	1	1.0
2210	8733	1	1.0
2210	8734	1	1.0
2212	8735	1	1.0
2212	8736	1	1.0
2212	8737	1	1.0
2212	8738	1	1.0
2214	8739	1	1.0
2214	8740	1	1.0
2214	8741	1	1.0
2214	8742	1	1.0
2215	8743	1	1.0
2217	8744	1	1.0
2217	8745	1	1.0
2217	8746	1	1.0
2218	8747	1	1.0
2219	8748	1	1.0
2219	8749	1	1.0
2220	8750	1	1.0
2500	8750	1	1.0
2221	8751	1	1.0
2221	8752	1	1.0
2224	8753	1	1.0
2224	8754	1	1.0
2224	8755	1	1.0
2226	8756	1	1.0
2226	8757	1	1.0
2226	8758	1	1.0
2226	8759	1	1.0
2226	8760	1	1.0
2226	8761	1	1.0
2227	8762	1	1.0
2227	8763	1	1.0
2227	8764	1	1.0
2278	8764	1	1.0
2228	8765	1	1.0
2228	8766	1	1.0
2231	8767	1	1.0
2231	8768	1	1.0
2897	8768	1	1.0
2231	8769	1	1.0
2231	8770	1	1.0
2231	8771	1	1.0
2231	8772	1	1.0
2231	8773	1	1.0
2232	8774	1	1.0
2984	8774	1	1.0
2233	8775	1	1.0
2233	8776	1	1.0
2233	8777	1	1.0
2234	8778	1	1.0
2234	8779	1	1.0
2234	8780	1	1.0
2236	8781	1	1.0
2237	8782	1	1.0
2238	8783	1	1.0
2238	8784	1	1.0
2238	8785	1	1.0
2240	8786	1	1.0
2241	8787	1	1.0
2242	8787	1	1.0
2241	8788	1	1.0
2242	8788	1	1.0
2828	8788	1	1.0
2241	8789	1	1.0
2242	8789	1	1.0
2243	8790	1	1.0
2243	8791	1	1.0
2243	8792	1	1.0
2244	8793	1	1.0
2244	8794	1	1.0
2244	8795	1	1.0
2245	8796	1	1.0
2246	8797	1	1.0
2246	8798	1	1.0
2247	8799	1	1.0
2247	8800	1	1.0
2247	8801	1	1.0
2249	8802	1	1.0
2250	8803	1	1.0
2252	8804	1	1.0
2272	8804	1	1.0
2253	8805	1	1.0
2253	8806	1	1.0
2253	8807	1	1.0
2253	8808	1	1.0
2257	8809	1	1.0
2261	8809	1	1.0
2257	8810	1	1.0
2264	8810	1	1.0
2258	8811	1	1.0
2258	8812	1	1.0
2258	8813	1	1.0
2259	8814	1	1.0
2259	8815	1	1.0
2259	8816	1	1.0
2259	8817	1	1.0
2260	8818	1	1.0
2260	8819	1	1.0
2260	8820	1	1.0
2262	8821	1	1.0
2263	8822	1	1.0
2263	8823	1	1.0
2263	8824	1	1.0
2263	8825	1	1.0
2263	8826	1	1.0
2264	8827	1	1.0
2267	8828	1	1.0
2885	8828	1	1.0
2268	8829	1	1.0
2270	8830	1	1.0
2270	8831	1	1.0
2270	8832	1	1.0
2271	8833	1	1.0
2272	8834	1	1.0
2273	8835	1	1.0
2275	8836	1	1.0
2275	8837	1	1.0
2275	8838	1	1.0
2275	8839	1	1.0
2275	8840	1	1.0
2275	8841	1	1.0
2275	8842	1	1.0
2275	8843	1	1.0
2275	8844	1	1.0
2275	8845	1	1.0
2276	8846	1	1.0
2278	8847	1	1.0
2279	8848	1	1.0
2280	8849	1	1.0
2281	8850	1	1.0
2281	8851	1	1.0
2282	8852	1	1.0
2282	8853	1	1.0
2282	8854	1	1.0
2283	8855	1	1.0
2284	8856	1	1.0
2284	8857	1	1.0
2285	8858	1	1.0
2286	8859	1	1.0
2286	8860	1	1.0
2286	8861	1	1.0
2287	8862	1	1.0
2287	8863	1	1.0
2287	8864	1	1.0
2287	8865	1	1.0
2287	8866	1	1.0
2302	8866	1	1.0
2304	8866	1	1.0
2288	8867	1	1.0
2826	8867	1	1.0
2899	8867	1	1.0
2288	8868	1	1.0
2548	8868	1	1.0
2899	8868	1	1.0
2288	8869	1	1.0
2288	8870	1	1.0
2899	8870	1	1.0
2288	8871	1	1.0
2899	8871	1	1.0
2290	8872	1	1.0
2290	8873	1	1.0
2290	8874	1	1.0
2290	8875	1	1.0
2290	8876	1	1.0
2291	8877	1	1.0
2293	8878	1	1.0
2293	8879	1	1.0
2293	8880	1	1.0
2294	8881	1	1.0
2294	8882	1	1.0
2294	8883	1	1.0
2294	8884	1	1.0
2294	8885	1	1.0
2296	8886	1	1.0
2297	8887	1	1.0
2297	8888	1	1.0
2303	8888	1	1.0
2297	8889	1	1.0
2298	8890	1	1.0
2298	8891	1	1.0
2298	8892	1	1.0
2298	8893	1	1.0
2299	8894	1	1.0
2299	8895	1	1.0
2299	8896	1	1.0
2300	8897	1	1.0
2300	8898	1	1.0
2300	8899	1	1.0
2300	8900	1	1.0
2300	8901	1	1.0
2301	8902	1	1.0
2302	8903	1	1.0
2302	8904	1	1.0
2303	8905	1	1.0
2304	8906	1	1.0
2305	8907	1	1.0
2305	8908	1	1.0
2305	8909	1	1.0
2305	8910	1	1.0
2305	8911	1	1.0
2306	8912	1	1.0
2307	8913	1	1.0
2307	8914	1	1.0
2308	8915	1	1.0
2310	8915	1	1.0
2308	8916	1	1.0
2310	8916	1	1.0
2308	8917	1	1.0
2309	8918	1	1.0
2310	8919	1	1.0
2311	8920	1	1.0
2836	8920	1	1.0
2311	8921	1	1.0
2311	8922	1	1.0
2836	8922	1	1.0
2311	8923	1	1.0
2835	8923	1	1.0
2311	8924	1	1.0
2836	8924	1	1.0
2312	8925	1	1.0
2313	8926	1	1.0
2313	8927	1	1.0
2315	8928	1	1.0
2316	8929	1	1.0
2316	8930	1	1.0
2317	8931	1	1.0
2317	8932	1	1.0
2317	8933	1	1.0
2318	8934	1	1.0
2822	8934	1	1.0
2319	8935	1	1.0
2320	8936	1	1.0
2320	8937	1	1.0
2320	8938	1	1.0
2321	8939	1	1.0
2321	8940	1	1.0
2832	8940	1	1.0
2322	8941	1	1.0
2699	8941	1	1.0
2322	8942	1	1.0
2801	8942	1	1.0
2323	8943	1	1.0
2444	8943	1	1.0
2889	8943	1	1.0
2900	8943	1	1.0
2324	8944	1	1.0
2324	8945	1	1.0
2325	8946	1	1.0
2325	8947	1	1.0
2325	8948	1	1.0
2326	8949	1	1.0
2326	8950	1	1.0
2326	8951	1	1.0
2328	8951	1	1.0
2327	8952	1	1.0
2328	8953	1	1.0
2328	8954	1	1.0
2328	8955	1	1.0
2330	8956	1	1.0
2330	8957	1	1.0
2330	8958	1	1.0
2331	8959	1	1.0
2331	8960	1	1.0
2331	8961	1	1.0
2332	8962	1	1.0
2332	8963	1	1.0
2332	8964	1	1.0
2333	8965	1	1.0
2333	8966	1	1.0
2333	8967	1	1.0
2334	8968	1	1.0
2334	8969	1	1.0
2334	8970	1	1.0
2336	8971	1	1.0
2337	8972	1	1.0
2337	8973	1	1.0
2338	8974	1	1.0
2339	8975	1	1.0
2339	8976	1	1.0
2340	8977	1	1.0
2340	8978	1	1.0
2958	8978	1	1.0
2341	8979	1	1.0
2342	8980	1	1.0
2343	8981	1	1.0
2344	8982	1	1.0
2344	8983	1	1.0
2345	8984	1	1.0
2726	8984	1	1.0
2346	8985	1	1.0
2346	8986	1	1.0
2347	8987	1	1.0
2347	8988	1	1.0
2348	8989	1	1.0
2348	8990	1	1.0
2348	8991	1	1.0
2348	8992	1	1.0
2350	8993	1	1.0
2350	8994	1	1.0
2350	8995	1	1.0
2350	8996	1	1.0
2351	8997	1	1.0
2351	8998	1	1.0
2351	8999	1	1.0
2352	9000	1	1.0
2353	9001	1	1.0
2353	9002	1	1.0
2353	9003	1	1.0
2355	9004	1	1.0
2356	9004	1	1.0
2357	9004	1	1.0
2355	9005	1	1.0
2356	9005	1	1.0
2357	9005	1	1.0
2356	9006	1	1.0
2357	9006	1	1.0
2356	9007	1	1.0
2357	9007	1	1.0
2356	9008	1	1.0
2357	9008	1	1.0
2358	9009	1	1.0
2358	9010	1	1.0
2358	9011	1	1.0
2359	9012	1	1.0
2360	9013	1	1.0
2360	9014	1	1.0
2361	9015	1	1.0
2887	9015	1	1.0
2361	9016	1	1.0
2361	9017	1	1.0
2361	9018	1	1.0
2361	9019	1	1.0
2363	9020	1	1.0
2363	9021	1	1.0
2363	9022	1	1.0
2364	9023	1	1.0
2364	9024	1	1.0
2364	9025	1	1.0
2364	9026	1	1.0
2364	9027	1	1.0
2364	9028	1	1.0
2365	9029	1	1.0
2365	9030	1	1.0
2365	9031	1	1.0
2365	9032	1	1.0
2366	9033	1	1.0
2366	9034	1	1.0
2366	9035	1	1.0
2366	9036	1	1.0
2366	9037	1	1.0
2368	9038	1	1.0
2368	9039	1	1.0
2369	9040	1	1.0
2370	9041	1	1.0
2370	9042	1	1.0
2492	9042	1	1.0
2370	9043	1	1.0
2370	9044	1	1.0
2371	9045	1	1.0
2372	9046	1	1.0
2372	9047	1	1.0
2372	9048	1	1.0
2373	9049	1	1.0
2373	9050	1	1.0
2374	9051	1	1.0
2374	9052	1	1.0
2374	9053	1	1.0
2374	9054	1	1.0
2422	9054	1	1.0
2376	9055	1	1.0
2376	9056	1	1.0
2376	9057	1	1.0
2376	9058	1	1.0
2377	9059	1	1.0
2377	9060	1	1.0
2377	9061	1	1.0
2377	9062	1	1.0
2378	9063	1	1.0
2378	9064	1	1.0
2378	9065	1	1.0
2378	9066	1	1.0
2641	9066	1	1.0
2378	9067	1	1.0
2378	9068	1	1.0
2378	9069	1	1.0
2378	9070	1	1.0
2379	9071	1	1.0
2379	9072	1	1.0
2380	9073	1	1.0
2380	9074	1	1.0
2380	9075	1	1.0
2381	9076	1	1.0
2381	9077	1	1.0
2382	9078	1	1.0
2382	9079	1	1.0
2382	9080	1	1.0
2402	9080	1	1.0
2382	9081	1	1.0
2382	9082	1	1.0
2402	9082	1	1.0
2383	9083	1	1.0
2383	9084	1	1.0
2385	9085	1	1.0
2385	9086	1	1.0
2385	9087	1	1.0
2385	9088	1	1.0
2385	9089	1	1.0
2385	9090	1	1.0
2388	9091	1	1.0
2388	9092	1	1.0
2388	9093	1	1.0
2389	9094	1	1.0
2390	9095	1	1.0
2391	9096	1	1.0
2393	9097	1	1.0
2408	9097	1	1.0
2393	9098	1	1.0
2394	9099	1	1.0
2396	9099	1	1.0
2394	9100	1	1.0
2396	9100	1	1.0
2394	9101	1	1.0
2396	9101	1	1.0
2394	9102	1	1.0
2394	9103	1	1.0
2396	9103	1	1.0
2395	9104	1	1.0
2396	9105	1	1.0
2397	9106	1	1.0
2398	9107	1	1.0
2398	9108	1	1.0
2398	9109	1	1.0
2399	9110	1	1.0
2399	9111	1	1.0
2399	9112	1	1.0
2400	9113	1	1.0
2400	9114	1	1.0
2400	9115	1	1.0
2400	9116	1	1.0
2400	9117	1	1.0
2400	9118	1	1.0
2401	9119	1	1.0
2401	9120	1	1.0
2401	9121	1	1.0
2402	9122	1	1.0
2403	9123	1	1.0
2404	9124	1	1.0
2405	9125	1	1.0
2405	9126	1	1.0
2405	9127	1	1.0
2406	9128	1	1.0
2406	9129	1	1.0
2406	9130	1	1.0
2406	9131	1	1.0
2406	9132	1	1.0
2407	9133	1	1.0
2407	9134	1	1.0
2407	9135	1	1.0
2407	9136	1	1.0
2409	9137	1	1.0
2409	9138	1	1.0
2409	9139	1	1.0
2409	9140	1	1.0
2410	9141	1	1.0
2410	9142	1	1.0
2411	9143	1	1.0
2415	9144	1	1.0
2415	9145	1	1.0
2416	9146	1	1.0
2498	9146	1	1.0
2418	9147	1	1.0
2419	9148	1	1.0
2419	9149	1	1.0
2420	9150	1	1.0
2420	9151	1	1.0
2420	9152	1	1.0
2420	9153	1	1.0
2421	9154	1	1.0
2421	9155	1	1.0
2421	9156	1	1.0
2421	9157	1	1.0
2422	9158	1	1.0
2422	9159	1	1.0
2423	9160	1	1.0
2423	9161	1	1.0
2423	9162	1	1.0
2424	9163	1	1.0
2425	9164	1	1.0
2425	9165	1	1.0
2425	9166	1	1.0
2425	9167	1	1.0
2425	9168	1	1.0
2425	9169	1	1.0
2425	9170	1	1.0
2426	9171	1	1.0
2426	9172	1	1.0
2426	9173	1	1.0
2426	9174	1	1.0
2426	9175	1	1.0
2427	9176	1	1.0
2429	9177	1	1.0
2430	9178	1	1.0
2430	9179	1	1.0
2432	9180	1	1.0
2433	9181	1	1.0
2434	9182	1	1.0
2434	9183	1	1.0
2435	9184	1	1.0
2436	9185	1	1.0
2437	9186	1	1.0
2437	9187	1	1.0
2437	9188	1	1.0
2437	9189	1	1.0
2437	9190	1	1.0
2439	9191	1	1.0
2501	9191	1	1.0
2439	9192	1	1.0
2501	9192	1	1.0
2439	9193	1	1.0
2501	9193	1	1.0
2440	9194	1	1.0
2440	9195	1	1.0
2441	9196	1	1.0
2441	9197	1	1.0
2441	9198	1	1.0
2442	9199	1	1.0
2442	9200	1	1.0
2443	9201	1	1.0
2444	9202	1	1.0
2444	9203	1	1.0
2444	9204	1	1.0
2444	9205	1	1.0
2445	9206	1	1.0
2445	9207	1	1.0
2445	9208	1	1.0
2445	9209	1	1.0
2445	9210	1	1.0
2446	9211	1	1.0
2446	9212	1	1.0
2446	9213	1	1.0
2446	9214	1	1.0
2447	9215	1	1.0
2448	9216	1	1.0
2448	9217	1	1.0
2448	9218	1	1.0
2449	9219	1	1.0
2449	9220	1	1.0
2450	9221	1	1.0
2632	9221	1	1.0
2450	9222	1	1.0
2450	9223	1	1.0
2451	9224	1	1.0
2451	9225	1	1.0
2453	9225	1	1.0
2452	9226	1	1.0
2452	9227	1	1.0
2454	9228	1	1.0
2455	9228	1	1.0
2456	9229	1	1.0
2456	9230	1	1.0
2456	9231	1	1.0
2456	9232	1	1.0
2457	9233	1	1.0
2459	9234	1	1.0
2459	9235	1	1.0
2462	9236	1	1.0
2466	9237	1	1.0
2468	9238	1	1.0
2468	9239	1	1.0
2469	9240	1	1.0
2469	9241	1	1.0
2469	9242	1	1.0
2469	9243	1	1.0
2469	9244	1	1.0
2470	9245	1	1.0
2471	9246	1	1.0
2471	9247	1	1.0
2472	9248	1	1.0
2472	9249	1	1.0
2472	9250	1	1.0
2473	9251	1	1.0
2473	9252	1	1.0
2473	9253	1	1.0
2473	9254	1	1.0
2475	9255	1	1.0
2475	9256	1	1.0
2475	9257	1	1.0
2477	9258	1	1.0
2477	9259	1	1.0
2477	9260	1	1.0
2477	9261	1	1.0
2477	9262	1	1.0
2478	9263	1	1.0
2478	9264	1	1.0
2479	9265	1	1.0
2480	9266	1	1.0
2481	9267	1	1.0
2481	9268	1	1.0
2481	9269	1	1.0
2481	9270	1	1.0
2482	9271	1	1.0
2482	9272	1	1.0
2482	9273	1	1.0
2482	9274	1	1.0
2482	9275	1	1.0
2483	9276	1	1.0
2484	9277	1	1.0
2484	9278	1	1.0
2484	9279	1	1.0
2484	9280	1	1.0
2484	9281	1	1.0
2485	9282	1	1.0
2485	9283	1	1.0
2487	9284	1	1.0
2488	9285	1	1.0
2488	9286	1	1.0
2489	9287	1	1.0
2489	9288	1	1.0
2489	9289	1	1.0
2490	9289	1	1.0
2489	9290	1	1.0
2490	9291	1	1.0
2490	9292	1	1.0
2490	9293	1	1.0
2491	9294	1	1.0
2491	9295	1	1.0
2491	9296	1	1.0
2492	9297	1	1.0
2493	9298	1	1.0
2494	9299	1	1.0
2494	9300	1	1.0
2495	9301	1	1.0
2495	9302	1	1.0
2496	9303	1	1.0
2496	9304	1	1.0
2497	9305	1	1.0
2497	9306	1	1.0
2497	9307	1	1.0
2497	9308	1	1.0
2498	9309	1	1.0
2499	9310	1	1.0
2500	9311	1	1.0
2502	9312	1	1.0
2502	9313	1	1.0
2502	9314	1	1.0
2502	9315	1	1.0
2503	9316	1	1.0
2503	9317	1	1.0
2503	9318	1	1.0
2505	9319	1	1.0
2505	9320	1	1.0
2505	9321	1	1.0
2505	9322	1	1.0
2505	9323	1	1.0
2506	9324	1	1.0
2507	9325	1	1.0
2507	9326	1	1.0
2507	9327	1	1.0
2509	9328	1	1.0
2510	9329	1	1.0
2510	9330	1	1.0
2510	9331	1	1.0
2511	9332	1	1.0
2512	9333	1	1.0
2512	9334	1	1.0
2514	9335	1	1.0
2514	9336	1	1.0
2514	9337	1	1.0
2514	9338	1	1.0
2515	9339	1	1.0
2515	9340	1	1.0
2515	9341	1	1.0
2516	9342	1	1.0
2516	9343	1	1.0
2516	9344	1	1.0
2516	9345	1	1.0
2516	9346	1	1.0
2516	9347	1	1.0
2516	9348	1	1.0
2517	9349	1	1.0
2517	9350	1	1.0
2517	9351	1	1.0
2518	9352	1	1.0
2518	9353	1	1.0
2518	9354	1	1.0
2519	9355	1	1.0
2519	9356	1	1.0
2519	9357	1	1.0
2519	9358	1	1.0
2684	9358	1	1.0
2520	9359	1	1.0
2520	9360	1	1.0
2521	9361	1	1.0
2521	9362	1	1.0
2522	9363	1	1.0
2522	9364	1	1.0
2523	9365	1	1.0
2523	9366	1	1.0
2526	9367	1	1.0
2526	9368	1	1.0
2527	9369	1	1.0
2527	9370	1	1.0
2528	9371	1	1.0
2995	9371	1	1.0
2528	9372	1	1.0
2995	9372	1	1.0
2531	9373	1	1.0
2531	9374	1	1.0
2531	9375	1	1.0
2533	9376	1	1.0
2534	9377	1	1.0
2534	9378	1	1.0
2534	9379	1	1.0
2534	9380	1	1.0
2534	9381	1	1.0
2534	9382	1	1.0
2534	9383	1	1.0
2973	9383	1	1.0
2535	9384	1	1.0
2535	9385	1	1.0
2536	9386	1	1.0
2536	9387	1	1.0
2536	9388	1	1.0
2537	9389	1	1.0
2538	9390	1	1.0
2539	9391	1	1.0
2540	9392	1	1.0
2540	9393	1	1.0
2540	9394	1	1.0
2819	9394	1	1.0
2541	9395	1	1.0
2541	9396	1	1.0
2541	9397	1	1.0
2541	9398	1	1.0
2541	9399	1	1.0
2541	9400	1	1.0
2541	9401	1	1.0
2541	9402	1	1.0
2875	9402	1	1.0
2541	9403	1	1.0
2541	9404	1	1.0
2541	9405	1	1.0
2541	9406	1	1.0
2541	9407	1	1.0
2542	9408	1	1.0
2542	9409	1	1.0
2542	9410	1	1.0
2543	9411	1	1.0
2931	9411	1	1.0
2989	9411	1	1.0
2543	9412	1	1.0
2879	9412	1	1.0
2988	9412	1	1.0
2989	9412	1	1.0
2543	9413	1	1.0
2931	9413	1	1.0
2544	9414	1	1.0
2544	9415	1	1.0
2544	9416	1	1.0
2544	9417	1	1.0
2544	9418	1	1.0
2544	9419	1	1.0
2545	9420	1	1.0
2545	9421	1	1.0
2545	9422	1	1.0
2547	9423	1	1.0
2547	9424	1	1.0
2684	9424	1	1.0
2548	9425	1	1.0
2548	9426	1	1.0
2548	9427	1	1.0
2548	9428	1	1.0
2550	9429	1	1.0
2550	9430	1	1.0
2551	9431	1	1.0
2551	9432	1	1.0
2551	9433	1	1.0
2552	9434	1	1.0
2552	9435	1	1.0
2552	9436	1	1.0
2553	9437	1	1.0
2553	9438	1	1.0
2553	9439	1	1.0
2554	9440	1	1.0
2555	9441	1	1.0
2555	9442	1	1.0
2555	9443	1	1.0
2556	9444	1	1.0
2851	9444	1	1.0
2558	9445	1	1.0
2559	9446	1	1.0
2561	9447	1	1.0
2796	9447	1	1.0
2561	9448	1	1.0
2796	9448	1	1.0
2562	9449	1	1.0
2562	9450	1	1.0
2563	9451	1	1.0
2564	9452	1	1.0
2565	9453	1	1.0
2683	9453	1	1.0
2798	9453	1	1.0
2565	9454	1	1.0
2683	9454	1	1.0
2798	9454	1	1.0
2565	9455	1	1.0
2566	9456	1	1.0
2566	9457	1	1.0
2566	9458	1	1.0
2566	9459	1	1.0
2567	9460	1	1.0
2567	9461	1	1.0
2567	9462	1	1.0
2569	9463	1	1.0
2570	9464	1	1.0
2570	9465	1	1.0
2570	9466	1	1.0
2571	9467	1	1.0
2571	9468	1	1.0
2571	9469	1	1.0
2571	9470	1	1.0
2572	9471	1	1.0
2573	9472	1	1.0
2600	9472	1	1.0
2573	9473	1	1.0
2573	9474	1	1.0
2574	9475	1	1.0
2574	9476	1	1.0
2575	9477	1	1.0
2575	9478	1	1.0
2575	9479	1	1.0
2575	9480	1	1.0
2577	9481	1	1.0
2577	9482	1	1.0
2577	9483	1	1.0
2581	9483	1	1.0
2597	9483	1	1.0
2579	9484	1	1.0
2579	9485	1	1.0
2580	9486	1	1.0
2580	9487	1	1.0
2580	9488	1	1.0
2580	9489	1	1.0
2581	9490	1	1.0
2581	9491	1	1.0
2586	9491	1	1.0
2581	9492	1	1.0
2583	9493	1	1.0
2583	9494	1	1.0
2583	9495	1	1.0
2586	9496	1	1.0
2586	9497	1	1.0
2586	9498	1	1.0
2586	9499	1	1.0
2586	9500	1	1.0
2588	9501	1	1.0
2588	9502	1	1.0
2589	9503	1	1.0
2591	9504	1	1.0
2591	9505	1	1.0
2592	9506	1	1.0
2593	9507	1	1.0
2594	9508	1	1.0
2595	9509	1	1.0
2596	9510	1	1.0
2596	9511	1	1.0
2597	9512	1	1.0
2597	9513	1	1.0
2598	9514	1	1.0
2598	9515	1	1.0
2598	9516	1	1.0
2598	9517	1	1.0
2598	9518	1	1.0
2599	9519	1	1.0
2599	9520	1	1.0
2599	9521	1	1.0
2599	9522	1	1.0
2600	9523	1	1.0
2600	9524	1	1.0
2600	9525	1	1.0
2600	9526	1	1.0
2600	9527	1	1.0
2601	9528	1	1.0
2658	9528	1	1.0
2603	9529	1	1.0
2603	9530	1	1.0
2604	9531	1	1.0
2605	9532	1	1.0
2605	9533	1	1.0
2978	9533	1	1.0
2605	9534	1	1.0
2605	9535	1	1.0
2606	9536	1	1.0
2606	9537	1	1.0
2606	9538	1	1.0
2607	9539	1	1.0
2607	9540	1	1.0
2607	9541	1	1.0
2608	9542	1	1.0
2609	9543	1	1.0
2610	9544	1	1.0
2611	9545	1	1.0
2611	9546	1	1.0
2611	9547	1	1.0
2613	9548	1	1.0
2615	9549	1	1.0
2615	9550	1	1.0
2616	9551	1	1.0
2616	9552	1	1.0
2617	9553	1	1.0
2617	9554	1	1.0
2617	9555	1	1.0
2618	9556	1	1.0
2618	9557	1	1.0
2619	9558	1	1.0
2620	9558	1	1.0
2621	9559	1	1.0
2622	9560	1	1.0
2624	9561	1	1.0
2624	9562	1	1.0
2624	9563	1	1.0
2625	9564	1	1.0
2625	9565	1	1.0
2626	9566	1	1.0
2627	9567	1	1.0
2627	9568	1	1.0
2627	9569	1	1.0
2627	9570	1	1.0
2628	9571	1	1.0
2628	9572	1	1.0
2629	9573	1	1.0
2649	9573	1	1.0
2629	9574	1	1.0
2629	9575	1	1.0
2630	9576	1	1.0
2644	9576	1	1.0
2630	9577	1	1.0
2630	9578	1	1.0
2630	9579	1	1.0
2644	9579	1	1.0
2630	9580	1	1.0
2631	9581	1	1.0
2631	9582	1	1.0
2632	9583	1	1.0
2633	9584	1	1.0
2633	9585	1	1.0
2633	9586	1	1.0
2634	9587	1	1.0
2635	9588	1	1.0
2636	9589	1	1.0
2636	9590	1	1.0
2636	9591	1	1.0
2636	9592	1	1.0
2637	9593	1	1.0
2637	9594	1	1.0
2637	9595	1	1.0
2638	9596	1	1.0
2638	9597	1	1.0
2638	9598	1	1.0
2639	9599	1	1.0
2639	9600	1	1.0
2640	9601	1	1.0
2640	9602	1	1.0
2640	9603	1	1.0
2640	9604	1	1.0
2641	9605	1	1.0
2642	9606	1	1.0
2642	9607	1	1.0
2642	9608	1	1.0
2643	9609	1	1.0
2644	9610	1	1.0
2644	9611	1	1.0
2645	9612	1	1.0
2646	9613	1	1.0
2646	9614	1	1.0
2646	9615	1	1.0
2646	9616	1	1.0
2647	9617	1	1.0
2647	9618	1	1.0
2647	9619	1	1.0
2648	9620	1	1.0
2648	9621	1	1.0
2648	9622	1	1.0
2649	9623	1	1.0
2650	9624	1	1.0
2650	9625	1	1.0
2650	9626	1	1.0
2653	9626	1	1.0
2650	9627	1	1.0
2652	9628	1	1.0
2652	9629	1	1.0
2653	9630	1	1.0
2653	9631	1	1.0
2654	9632	1	1.0
2655	9633	1	1.0
2655	9634	1	1.0
2655	9635	1	1.0
2658	9636	1	1.0
2659	9637	1	1.0
2659	9638	1	1.0
2660	9639	1	1.0
2660	9640	1	1.0
2661	9641	1	1.0
2661	9642	1	1.0
2666	9643	1	1.0
2666	9644	1	1.0
2666	9645	1	1.0
2666	9646	1	1.0
2667	9647	1	1.0
2668	9647	1	1.0
2667	9648	1	1.0
2668	9648	1	1.0
2667	9649	1	1.0
2668	9650	1	1.0
2669	9651	1	1.0
2669	9652	1	1.0
2670	9653	1	1.0
2670	9654	1	1.0
2670	9655	1	1.0
2672	9656	1	1.0
2672	9657	1	1.0
2673	9658	1	1.0
2674	9659	1	1.0
2677	9659	1	1.0
2674	9660	1	1.0
2677	9660	1	1.0
2674	9661	1	1.0
2677	9661	1	1.0
2674	9662	1	1.0
2677	9662	1	1.0
2675	9663	1	1.0
2676	9664	1	1.0
2676	9665	1	1.0
2676	9666	1	1.0
2677	9667	1	1.0
2678	9668	1	1.0
2678	9669	1	1.0
2679	9670	1	1.0
2679	9671	1	1.0
2679	9672	1	1.0
2679	9673	1	1.0
2680	9674	1	1.0
2680	9675	1	1.0
2681	9676	1	1.0
2682	9677	1	1.0
2682	9678	1	1.0
2682	9679	1	1.0
2682	9680	1	1.0
2683	9681	1	1.0
2798	9681	1	1.0
2683	9682	1	1.0
2798	9682	1	1.0
2687	9683	1	1.0
2942	9683	1	1.0
2687	9684	1	1.0
2687	9685	1	1.0
2688	9686	1	1.0
2688	9687	1	1.0
2688	9688	1	1.0
2689	9689	1	1.0
2689	9690	1	1.0
2690	9691	1	1.0
2691	9692	1	1.0
2691	9693	1	1.0
2693	9694	1	1.0
2694	9695	1	1.0
2694	9696	1	1.0
2694	9697	1	1.0
2695	9698	1	1.0
2697	9699	1	1.0
2698	9700	1	1.0
2698	9701	1	1.0
2698	9702	1	1.0
2698	9703	1	1.0
2698	9704	1	1.0
2698	9705	1	1.0
2698	9706	1	1.0
2700	9707	1	1.0
2700	9708	1	1.0
2702	9709	1	1.0
2702	9710	1	1.0
2702	9711	1	1.0
2702	9712	1	1.0
2703	9713	1	1.0
2706	9714	1	1.0
2817	9714	1	1.0
2706	9715	1	1.0
2817	9715	1	1.0
2707	9716	1	1.0
2707	9717	1	1.0
2707	9718	1	1.0
2707	9719	1	1.0
2708	9720	1	1.0
2709	9721	1	1.0
2709	9722	1	1.0
2710	9723	1	1.0
2711	9724	1	1.0
2711	9725	1	1.0
2712	9726	1	1.0
2712	9727	1	1.0
2713	9728	1	1.0
2715	9728	1	1.0
2713	9729	1	1.0
2713	9730	1	1.0
2713	9731	1	1.0
2898	9731	1	1.0
2714	9732	1	1.0
2714	9733	1	1.0
2714	9734	1	1.0
2715	9735	1	1.0
2715	9736	1	1.0
2715	9737	1	1.0
2715	9738	1	1.0
2715	9739	1	1.0
2716	9740	1	1.0
2717	9741	1	1.0
2717	9742	1	1.0
2717	9743	1	1.0
2718	9744	1	1.0
2719	9745	1	1.0
2721	9746	1	1.0
2722	9747	1	1.0
2724	9748	1	1.0
2724	9749	1	1.0
2724	9750	1	1.0
2896	9750	1	1.0
2724	9751	1	1.0
2725	9752	1	1.0
2725	9753	1	1.0
2725	9754	1	1.0
2728	9755	1	1.0
2728	9756	1	1.0
2729	9757	1	1.0
2730	9758	1	1.0
2731	9759	1	1.0
2731	9760	1	1.0
2731	9761	1	1.0
2732	9762	1	1.0
2732	9763	1	1.0
2732	9764	1	1.0
2732	9765	1	1.0
2732	9766	1	1.0
2733	9767	1	1.0
2734	9768	1	1.0
2734	9769	1	1.0
2734	9770	1	1.0
2734	9771	1	1.0
2735	9772	1	1.0
2735	9773	1	1.0
2735	9774	1	1.0
2739	9775	1	1.0
2739	9776	1	1.0
2739	9777	1	1.0
2739	9778	1	1.0
2741	9779	1	1.0
2741	9780	1	1.0
2742	9781	1	1.0
2743	9781	1	1.0
2744	9781	1	1.0
2747	9781	1	1.0
2745	9782	1	1.0
2745	9783	1	1.0
2746	9784	1	1.0
2746	9785	1	1.0
2746	9786	1	1.0
2747	9787	1	1.0
2747	9788	1	1.0
2750	9789	1	1.0
2750	9790	1	1.0
2750	9791	1	1.0
2750	9792	1	1.0
2750	9793	1	1.0
2751	9794	1	1.0
2751	9795	1	1.0
2751	9796	1	1.0
2751	9797	1	1.0
2752	9798	1	1.0
2753	9799	1	1.0
2753	9800	1	1.0
2753	9801	1	1.0
2756	9802	1	1.0
2756	9803	1	1.0
2757	9804	1	1.0
2757	9805	1	1.0
2757	9806	1	1.0
2758	9807	1	1.0
2758	9808	1	1.0
2759	9809	1	1.0
2759	9810	1	1.0
2759	9811	1	1.0
2759	9812	1	1.0
2759	9813	1	1.0
2759	9814	1	1.0
2760	9815	1	1.0
2760	9816	1	1.0
2760	9817	1	1.0
2761	9818	1	1.0
2761	9819	1	1.0
2763	9820	1	1.0
2763	9821	1	1.0
2763	9822	1	1.0
2763	9823	1	1.0
2764	9824	1	1.0
2764	9825	1	1.0
2764	9826	1	1.0
2764	9827	1	1.0
2766	9828	1	1.0
2767	9829	1	1.0
2767	9830	1	1.0
2767	9831	1	1.0
2770	9832	1	1.0
2770	9833	1	1.0
2770	9834	1	1.0
2772	9835	1	1.0
2772	9836	1	1.0
2773	9837	1	1.0
2773	9838	1	1.0
2774	9839	1	1.0
2775	9840	1	1.0
2775	9841	1	1.0
2775	9842	1	1.0
2776	9843	1	1.0
2777	9844	1	1.0
2777	9845	1	1.0
2779	9846	1	1.0
2779	9847	1	1.0
2780	9848	1	1.0
2780	9849	1	1.0
2780	9850	1	1.0
2780	9851	1	1.0
2781	9852	1	1.0
2782	9853	1	1.0
2783	9853	1	1.0
2782	9854	1	1.0
2782	9855	1	1.0
2783	9855	1	1.0
2783	9856	1	1.0
2784	9857	1	1.0
2946	9857	1	1.0
2785	9858	1	1.0
2785	9859	1	1.0
2786	9860	1	1.0
2786	9861	1	1.0
2787	9862	1	1.0
2787	9863	1	1.0
2787	9864	1	1.0
2788	9865	1	1.0
2788	9866	1	1.0
2789	9867	1	1.0
2789	9868	1	1.0
2789	9869	1	1.0
2790	9870	1	1.0
2791	9871	1	1.0
2791	9872	1	1.0
2792	9873	1	1.0
2792	9874	1	1.0
2792	9875	1	1.0
2792	9876	1	1.0
2792	9877	1	1.0
2792	9878	1	1.0
2794	9879	1	1.0
2794	9880	1	1.0
2794	9881	1	1.0
2795	9882	1	1.0
2795	9883	1	1.0
2795	9884	1	1.0
2795	9885	1	1.0
2796	9886	1	1.0
2796	9887	1	1.0
2796	9888	1	1.0
2797	9889	1	1.0
2813	9889	1	1.0
2834	9889	1	1.0
2798	9890	1	1.0
2799	9891	1	1.0
2799	9892	1	1.0
2800	9893	1	1.0
2800	9894	1	1.0
2801	9895	1	1.0
2802	9896	1	1.0
2802	9897	1	1.0
2803	9898	1	1.0
2804	9899	1	1.0
2804	9900	1	1.0
2805	9901	1	1.0
2805	9902	1	1.0
2806	9903	1	1.0
2889	9903	1	1.0
2807	9904	1	1.0
2807	9905	1	1.0
2807	9906	1	1.0
2807	9907	1	1.0
2808	9908	1	1.0
2808	9909	1	1.0
2808	9910	1	1.0
2809	9911	1	1.0
2810	9912	1	1.0
2810	9913	1	1.0
2810	9914	1	1.0
2810	9915	1	1.0
2810	9916	1	1.0
2810	9917	1	1.0
2811	9918	1	1.0
2812	9919	1	1.0
2812	9920	1	1.0
2812	9921	1	1.0
2813	9922	1	1.0
2813	9923	1	1.0
2813	9924	1	1.0
2813	9925	1	1.0
2813	9926	1	1.0
2814	9927	1	1.0
2815	9928	1	1.0
2824	9928	1	1.0
2816	9929	1	1.0
2817	9930	1	1.0
2817	9931	1	1.0
2893	9931	1	1.0
2818	9932	1	1.0
2818	9933	1	1.0
2819	9934	1	1.0
2819	9935	1	1.0
2820	9936	1	1.0
2820	9937	1	1.0
2821	9938	1	1.0
2901	9938	1	1.0
2821	9939	1	1.0
2824	9940	1	1.0
2825	9941	1	1.0
2825	9942	1	1.0
2826	9943	1	1.0
2826	9944	1	1.0
2826	9945	1	1.0
2826	9946	1	1.0
2827	9947	1	1.0
2828	9948	1	1.0
2829	9949	1	1.0
2829	9950	1	1.0
2829	9951	1	1.0
2829	9952	1	1.0
2829	9953	1	1.0
2830	9954	1	1.0
2830	9955	1	1.0
2830	9956	1	1.0
2831	9957	1	1.0
2831	9958	1	1.0
2832	9959	1	1.0
2832	9960	1	1.0
2833	9961	1	1.0
2834	9962	1	1.0
2834	9963	1	1.0
2835	9964	1	1.0
2835	9965	1	1.0
2835	9966	1	1.0
2835	9967	1	1.0
2835	9968	1	1.0
2835	9969	1	1.0
2836	9970	1	1.0
2837	9971	1	1.0
2838	9972	1	1.0
2839	9973	1	1.0
2839	9974	1	1.0
2839	9975	1	1.0
2839	9976	1	1.0
2840	9977	1	1.0
2840	9978	1	1.0
2889	9978	1	1.0
2840	9979	1	1.0
2840	9980	1	1.0
2889	9980	1	1.0
2840	9981	1	1.0
2842	9982	1	1.0
2842	9983	1	1.0
2842	9984	1	1.0
2842	9985	1	1.0
2842	9986	1	1.0
2843	9987	1	1.0
2843	9988	1	1.0
2844	9989	1	1.0
2845	9990	1	1.0
2845	9991	1	1.0
2846	9992	1	1.0
2846	9993	1	1.0
2847	9994	1	1.0
2848	9995	1	1.0
2849	9996	1	1.0
2849	9997	1	1.0
2849	9998	1	1.0
2850	9999	1	1.0
2850	10000	1	1.0
2851	10001	1	1.0
2852	10002	1	1.0
2854	10003	1	1.0
2855	10004	1	1.0
2855	10005	1	1.0
2856	10006	1	1.0
2857	10006	1	1.0
2857	10007	1	1.0
2858	10008	1	1.0
2858	10009	1	1.0
2858	10010	1	1.0
2859	10011	1	1.0
2859	10012	1	1.0
2859	10013	1	1.0
2860	10014	1	1.0
2860	10015	1	1.0
2861	10016	1	1.0
2861	10017	1	1.0
2862	10018	1	1.0
2862	10019	1	1.0
2862	10020	1	1.0
2862	10021	1	1.0
2864	10022	1	1.0
2864	10023	1	1.0
2865	10024	1	1.0
2865	10025	1	1.0
2865	10026	1	1.0
2868	10027	1	1.0
2868	10028	1	1.0
2869	10029	1	1.0
2870	10030	1	1.0
2870	10031	1	1.0
2870	10032	1	1.0
2871	10033	1	1.0
2874	10034	1	1.0
2874	10035	1	1.0
2875	10036	1	1.0
2875	10037	1	1.0
2875	10038	1	1.0
2875	10039	1	1.0
2875	10040	1	1.0
2875	10041	1	1.0
2875	10042	1	1.0
2875	10043	1	1.0
2875	10044	1	1.0
2875	10045	1	1.0
2876	10046	1	1.0
2876	10047	1	1.0
2876	10048	1	1.0
2876	10049	1	1.0
2876	10050	1	1.0
2876	10051	1	1.0
2876	10052	1	1.0
2877	10053	1	1.0
2877	10054	1	1.0
2878	10055	1	1.0
2878	10056	1	1.0
2879	10057	1	1.0
2880	10058	1	1.0
2880	10059	1	1.0
2883	10060	1	1.0
2884	10061	1	1.0
2885	10062	1	1.0
2886	10063	1	1.0
2886	10064	1	1.0
2886	10065	1	1.0
2887	10066	1	1.0
2887	10067	1	1.0
2888	10068	1	1.0
2890	10069	1	1.0
2890	10070	1	1.0
2890	10071	1	1.0
2890	10072	1	1.0
2891	10073	1	1.0
2892	10074	1	1.0
2892	10075	1	1.0
2893	10076	1	1.0
2893	10077	1	1.0
2893	10078	1	1.0
2895	10079	1	1.0
2897	10080	1	1.0
2897	10081	1	1.0
2898	10082	1	1.0
2898	10083	1	1.0
2899	10084	1	1.0
2900	10085	1	1.0
2900	10086	1	1.0
2900	10087	1	1.0
2902	10088	1	1.0
2902	10089	1	1.0
2902	10090	1	1.0
2902	10091	1	1.0
2902	10092	1	1.0
2904	10093	1	1.0
2904	10094	1	1.0
2904	10095	1	1.0
2905	10096	1	1.0
2906	10097	1	1.0
2906	10098	1	1.0
2906	10099	1	1.0
2907	10100	1	1.0
2908	10101	1	1.0
2908	10102	1	1.0
2908	10103	1	1.0
2909	10104	1	1.0
2909	10105	1	1.0
2909	10106	1	1.0
2910	10107	1	1.0
2910	10108	1	1.0
2910	10109	1	1.0
2911	10110	1	1.0
2911	10111	1	1.0
2912	10112	1	1.0
2913	10113	1	1.0
2914	10114	1	1.0
2914	10115	1	1.0
2914	10116	1	1.0
2914	10117	1	1.0
2914	10118	1	1.0
2914	10119	1	1.0
2915	10120	1	1.0
2916	10121	1	1.0
2917	10122	1	1.0
2918	10123	1	1.0
2919	10124	1	1.0
2919	10125	1	1.0
2919	10126	1	1.0
2920	10127	1	1.0
2920	10128	1	1.0
2921	10129	1	1.0
2921	10130	1	1.0
2922	10131	1	1.0
2924	10132	1	1.0
2924	10133	1	1.0
2925	10134	1	1.0
2926	10135	1	1.0
2928	10135	1	1.0
2926	10136	1	1.0
2928	10136	1	1.0
2926	10137	1	1.0
2928	10137	1	1.0
2926	10138	1	1.0
2928	10138	1	1.0
2926	10139	1	1.0
2928	10139	1	1.0
2926	10140	1	1.0
2928	10140	1	1.0
2930	10141	1	1.0
2930	10142	1	1.0
2930	10143	1	1.0
2930	10144	1	1.0
2930	10145	1	1.0
2930	10146	1	1.0
2930	10147	1	1.0
2930	10148	1	1.0
2930	10149	1	1.0
2931	10150	1	1.0
2931	10151	1	1.0
2931	10152	1	1.0
2932	10153	1	1.0
2932	10154	1	1.0
2933	10155	1	1.0
2934	10156	1	1.0
2934	10157	1	1.0
2934	10158	1	1.0
2934	10159	1	1.0
2935	10160	1	1.0
2935	10161	1	1.0
2935	10162	1	1.0
2935	10163	1	1.0
2935	10164	1	1.0
2935	10165	1	1.0
2936	10166	1	1.0
2937	10167	1	1.0
2937	10168	1	1.0
2937	10169	1	1.0
2938	10170	1	1.0
2938	10171	1	1.0
2938	10172	1	1.0
2938	10173	1	1.0
2939	10174	1	1.0
2940	10175	1	1.0
2940	10176	1	1.0
2940	10177	1	1.0
2940	10178	1	1.0
2941	10179	1	1.0
2943	10180	1	1.0
2947	10181	1	1.0
2948	10182	1	1.0
2949	10183	1	1.0
2949	10184	1	1.0
2951	10185	1	1.0
2951	10186	1	1.0
2951	10187	1	1.0
2951	10188	1	1.0
2952	10189	1	1.0
2952	10190	1	1.0
2953	10191	1	1.0
2953	10192	1	1.0
2955	10193	1	1.0
2955	10194	1	1.0
2957	10195	1	1.0
2957	10196	1	1.0
2957	10197	1	1.0
2957	10198	1	1.0
2958	10199	1	1.0
2959	10200	1	1.0
2960	10201	1	1.0
2960	10202	1	1.0
2960	10203	1	1.0
2961	10204	1	1.0
2962	10205	1	1.0
2962	10206	1	1.0
2962	10207	1	1.0
2962	10208	1	1.0
2963	10209	1	1.0
2964	10210	1	1.0
2965	10211	1	1.0
2965	10212	1	1.0
2966	10213	1	1.0
2966	10214	1	1.0
2966	10215	1	1.0
2966	10216	1	1.0
2967	10217	1	1.0
2967	10218	1	1.0
2967	10219	1	1.0
2967	10220	1	1.0
2968	10221	1	1.0
2968	10222	1	1.0
2968	10223	1	1.0
2969	10224	1	1.0
2973	10224	1	1.0
2969	10225	1	1.0
2970	10226	1	1.0
2970	10227	1	1.0
2970	10228	1	1.0
2971	10229	1	1.0
2971	10230	1	1.0
2971	10231	1	1.0
2971	10232	1	1.0
2972	10233	1	1.0
2976	10233	1	1.0
2972	10234	1	1.0
2973	10235	1	1.0
2973	10236	1	1.0
2974	10237	1	1.0
2974	10238	1	1.0
2974	10239	1	1.0
2974	10240	1	1.0
2974	10241	1	1.0
2974	10242	1	1.0
2975	10243	1	1.0
2975	10244	1	1.0
2976	10245	1	1.0
2976	10246	1	1.0
2977	10247	1	1.0
2977	10248	1	1.0
2977	10249	1	1.0
2977	10250	1	1.0
2978	10251	1	1.0
2978	10252	1	1.0
2979	10253	1	1.0
2979	10254	1	1.0
2979	10255	1	1.0
2980	10256	1	1.0
2980	10257	1	1.0
2981	10258	1	1.0
2981	10259	1	1.0
2982	10260	1	1.0
2983	10261	1	1.0
2983	10262	1	1.0
2983	10263	1	1.0
2984	10264	1	1.0
2984	10265	1	1.0
2986	10266	1	1.0
2986	10267	1	1.0
2987	10268	1	1.0
2989	10269	1	1.0
2991	10270	1	1.0
2991	10271	1	1.0
2991	10272	1	1.0
2991	10273	1	1.0
2991	10274	1	1.0
2992	10275	1	1.0
2996	10276	1	1.0
2999	10277	1	1.0
2999	10278	1	1.0
3001	0	2	1.0
3002	0	2	1.0
3002	721	2	1.0
3002	743	2	1.0
3003	0	2	1.0
3003	721	2	1.0
3003	743	2	1.0
3003	1422	2	1.0
3003	1937	2	1.0
3003	1943	2	1.0
3003	1951	2	1.0
3004	1	2	1.0
3005	1	2	1.0
3006	1	2	1.0
3007	2	2	1.0
3008	2	2	1.0
3008	2963	2	1.0
3009	3	2	1.0
3010	3	2	1.0
3010	757	2	1.0
3011	3	2	1.0
3012	3	2	1.0
3012	757	2	1.0
3013	4	2	1.0
3014	4	2	1.0
3015	4	2	1.0
3016	5	2	1.0
3017	5	2	1.0
3018	5	2	1.0
3019	6	2	1.0
3020	6	2	1.0
3021	6	2	1.0
3022	6	2	1.0
3023	6	2	1.0
3024	7	2	1.0
3025	8	2	1.0
3026	8	2	1.0
3027	8	2	1.0
3028	8	2	1.0
3029	9	2	1.0
3030	9	2	1.0
3031	9	2	1.0
3032	9	2	1.0
3033	9	2	1.0
3034	10	2	1.0
3035	10	2	1.0
3036	11	2	1.0
3037	11	2	1.0
3038	11	2	1.0
3039	12	2	1.0
3040	12	2	1.0
3041	13	2	1.0
3042	14	2	1.0
3043	14	2	1.0
3044	14	2	1.0
3045	15	2	1.0
3046	15	2	1.0
3047	15	2	1.0
3048	16	2	1.0
3048	215	2	1.0
3049	16	2	1.0
3049	183	2	1.0
3050	17	2	1.0
3051	17	2	1.0
3052	17	2	1.0
3053	18	2	1.0
3054	19	2	1.0
3055	19	2	1.0
3056	20	2	1.0
3057	20	2	1.0
3057	757	2	1.0
3057	2339	2	1.0
3058	20	2	1.0
3058	698	2	1.0
3058	2863	2	1.0
3059	20	2	1.0
3059	714	2	1.0
3059	717	2	1.0
3060	21	2	1.0
3061	21	2	1.0
3062	21	2	1.0
3063	22	2	1.0
3063	2886	2	1.0
3064	22	2	1.0
3064	2886	2	1.0
3065	22	2	1.0
3066	22	2	1.0
3067	23	2	1.0
3068	23	2	1.0
3068	2485	2	1.0
3069	23	2	1.0
3070	23	2	1.0
3071	24	2	1.0
3071	2485	2	1.0
3072	24	2	1.0
3073	24	2	1.0
3074	24	2	1.0
3075	24	2	1.0
3076	25	2	1.0
3077	25	2	1.0
3078	25	2	1.0
3079	26	2	1.0
3080	26	2	1.0
3081	26	2	1.0
3081	29	2	1.0
3081	160	2	1.0
3081	2684	2	1.0
3082	27	2	1.0
3082	30	2	1.0
3082	32	2	1.0
3083	27	2	1.0
3083	542	2	1.0
3083	1235	2	1.0
3084	28	2	1.0
3084	1431	2	1.0
3085	28	2	1.0
3085	626	2	1.0
3086	28	2	1.0
3087	29	2	1.0
3087	2684	2	1.0
3088	29	2	1.0
3089	29	2	1.0
3090	29	2	1.0
3090	1921	2	1.0
3091	30	2	1.0
3091	32	2	1.0
3091	1430	2	1.0
3092	31	2	1.0
3092	170	2	1.0
3092	544	2	1.0
3092	861	2	1.0
3093	31	2	1.0
3094	31	2	1.0
3094	170	2	1.0
3094	1001	2	1.0
3094	1718	2	1.0
3095	31	2	1.0
3096	31	2	1.0
3096	170	2	1.0
3096	1718	2	1.0
3097	31	2	1.0
3097	170	2	1.0
3097	1718	2	1.0
3098	32	2	1.0
3099	33	2	1.0
3100	33	2	1.0
3101	34	2	1.0
3101	741	2	1.0
3102	34	2	1.0
3102	741	2	1.0
3103	34	2	1.0
3104	34	2	1.0
3105	35	2	1.0
3106	36	2	1.0
3106	1746	2	1.0
3106	2923	2	1.0
3107	36	2	1.0
3108	37	2	1.0
3109	37	2	1.0
3110	37	2	1.0
3111	37	2	1.0
3112	37	2	1.0
3113	37	2	1.0
3114	38	2	1.0
3115	38	2	1.0
3116	38	2	1.0
3117	38	2	1.0
3118	38	2	1.0
3119	38	2	1.0
3120	38	2	1.0
3121	39	2	1.0
3122	39	2	1.0
3123	39	2	1.0
3124	40	2	1.0
3125	40	2	1.0
3126	40	2	1.0
3127	40	2	1.0
3128	40	2	1.0
3128	2168	2	1.0
3129	41	2	1.0
3130	41	2	1.0
3131	41	2	1.0
3132	41	2	1.0
3133	41	2	1.0
3134	42	2	1.0
3135	42	2	1.0
3136	42	2	1.0
3137	43	2	1.0
3138	43	2	1.0
3139	43	2	1.0
3140	43	2	1.0
3140	1325	2	1.0
3141	43	2	1.0
3141	1081	2	1.0
3141	1325	2	1.0
3141	1683	2	1.0
3141	2011	2	1.0
3141	2895	2	1.0
3142	44	2	1.0
3143	44	2	1.0
3143	2827	2	1.0
3144	45	2	1.0
3145	46	2	1.0
3146	46	2	1.0
3147	47	2	1.0
3148	47	2	1.0
3149	47	2	1.0
3149	50	2	1.0
3150	48	2	1.0
3150	55	2	1.0
3151	48	2	1.0
3151	55	2	1.0
3152	48	2	1.0
3153	49	2	1.0
3154	49	2	1.0
3155	50	2	1.0
3156	50	2	1.0
3157	50	2	1.0
3158	51	2	1.0
3159	51	2	1.0
3160	51	2	1.0
3161	52	2	1.0
3162	53	2	1.0
3163	53	2	1.0
3164	53	2	1.0
3165	53	2	1.0
3166	54	2	1.0
3167	54	2	1.0
3168	55	2	1.0
3169	55	2	1.0
3170	55	2	1.0
3171	55	2	1.0
3172	56	2	1.0
3173	56	2	1.0
3174	57	2	1.0
3174	2474	2	1.0
3174	2475	2	1.0
3175	57	2	1.0
3175	1063	2	1.0
3175	2475	2	1.0
3176	57	2	1.0
3176	127	2	1.0
3176	1244	2	1.0
3177	58	2	1.0
3177	2973	2	1.0
3178	58	2	1.0
3179	58	2	1.0
3180	58	2	1.0
3181	58	2	1.0
3181	1245	2	1.0
3181	1248	2	1.0
3182	58	2	1.0
3183	59	2	1.0
3184	59	2	1.0
3185	59	2	1.0
3186	59	2	1.0
3187	60	2	1.0
3188	60	2	1.0
3189	60	2	1.0
3190	60	2	1.0
3191	61	2	1.0
3191	2360	2	1.0
3192	61	2	1.0
3193	61	2	1.0
3194	62	2	1.0
3195	63	2	1.0
3196	63	2	1.0
3197	64	2	1.0
3198	64	2	1.0
3199	64	2	1.0
3200	64	2	1.0
3201	65	2	1.0
3202	65	2	1.0
3203	65	2	1.0
3204	66	2	1.0
3205	66	2	1.0
3206	66	2	1.0
3207	66	2	1.0
3208	66	2	1.0
3209	66	2	1.0
3210	66	2	1.0
3211	67	2	1.0
3211	470	2	1.0
3211	2722	2	1.0
3212	67	2	1.0
3212	2722	2	1.0
3213	67	2	1.0
3213	470	2	1.0
3214	67	2	1.0
3214	470	2	1.0
3214	2722	2	1.0
3215	68	2	1.0
3216	68	2	1.0
3217	68	2	1.0
3217	356	2	1.0
3217	1255	2	1.0
3218	69	2	1.0
3219	69	2	1.0
3219	1932	2	1.0
3220	69	2	1.0
3221	69	2	1.0
3222	69	2	1.0
3223	69	2	1.0
3224	70	2	1.0
3225	71	2	1.0
3226	71	2	1.0
3227	71	2	1.0
3228	72	2	1.0
3228	2179	2	1.0
3229	72	2	1.0
3229	2179	2	1.0
3230	72	2	1.0
3230	2179	2	1.0
3231	73	2	1.0
3232	73	2	1.0
3233	73	2	1.0
3234	73	2	1.0
3235	73	2	1.0
3236	74	2	1.0
3237	74	2	1.0
3238	74	2	1.0
3239	75	2	1.0
3240	75	2	1.0
3241	75	2	1.0
3241	1220	2	1.0
3242	75	2	1.0
3242	2853	2	1.0
3243	75	2	1.0
3244	75	2	1.0
3245	75	2	1.0
3245	2853	2	1.0
3246	75	2	1.0
3246	1220	2	1.0
3246	2850	2	1.0
3247	75	2	1.0
3248	76	2	1.0
3248	379	2	1.0
3249	76	2	1.0
3249	379	2	1.0
3250	76	2	1.0
3250	379	2	1.0
3251	76	2	1.0
3252	77	2	1.0
3253	77	2	1.0
3253	1599	2	1.0
3253	2947	2	1.0
3254	77	2	1.0
3255	78	2	1.0
3256	79	2	1.0
3256	601	2	1.0
3257	80	2	1.0
3258	80	2	1.0
3259	80	2	1.0
3259	223	2	1.0
3260	80	2	1.0
3260	885	2	1.0
3261	80	2	1.0
3262	80	2	1.0
3263	81	2	1.0
3264	81	2	1.0
3264	395	2	1.0
3264	1437	2	1.0
3265	81	2	1.0
3266	82	2	1.0
3266	2854	2	1.0
3267	82	2	1.0
3268	82	2	1.0
3269	82	2	1.0
3269	2195	2	1.0
3269	2854	2	1.0
3270	83	2	1.0
3270	1847	2	1.0
3270	1854	2	1.0
3271	83	2	1.0
3271	1847	2	1.0
3271	1854	2	1.0
3272	83	2	1.0
3272	1847	2	1.0
3273	84	2	1.0
3274	84	2	1.0
3275	84	2	1.0
3276	85	2	1.0
3276	113	2	1.0
3277	85	2	1.0
3277	113	2	1.0
3278	85	2	1.0
3278	113	2	1.0
3278	814	2	1.0
3278	1250	2	1.0
3278	1851	2	1.0
3279	86	2	1.0
3279	807	2	1.0
3280	86	2	1.0
3280	807	2	1.0
3280	832	2	1.0
3281	86	2	1.0
3281	807	2	1.0
3281	817	2	1.0
3281	832	2	1.0
3282	87	2	1.0
3283	87	2	1.0
3284	87	2	1.0
3285	88	2	1.0
3286	88	2	1.0
3286	112	2	1.0
3287	89	2	1.0
3287	817	2	1.0
3287	832	2	1.0
3287	1862	2	1.0
3287	2125	2	1.0
3288	90	2	1.0
3289	90	2	1.0
3290	90	2	1.0
3291	90	2	1.0
3292	91	2	1.0
3293	91	2	1.0
3293	92	2	1.0
3294	91	2	1.0
3294	205	2	1.0
3294	851	2	1.0
3294	1243	2	1.0
3294	1859	2	1.0
3294	2758	2	1.0
3295	91	2	1.0
3295	205	2	1.0
3295	851	2	1.0
3295	1859	2	1.0
3296	92	2	1.0
3296	1243	2	1.0
3296	1855	2	1.0
3296	1862	2	1.0
3297	92	2	1.0
3297	1243	2	1.0
3297	1862	2	1.0
3297	2486	2	1.0
3298	92	2	1.0
3298	1243	2	1.0
3298	1851	2	1.0
3299	92	2	1.0
3300	92	2	1.0
3300	811	2	1.0
3301	92	2	1.0
3302	92	2	1.0
3303	93	2	1.0
3304	93	2	1.0
3305	94	2	1.0
3306	94	2	1.0
3307	94	2	1.0
3308	95	2	1.0
3308	1852	2	1.0
3309	95	2	1.0
3309	811	2	1.0
3309	1852	2	1.0
3310	96	2	1.0
3310	838	2	1.0
3310	1858	2	1.0
3311	97	2	1.0
3312	97	2	1.0
3312	824	2	1.0
3312	1860	2	1.0
3313	97	2	1.0
3314	97	2	1.0
3314	1843	2	1.0
3315	97	2	1.0
3316	97	2	1.0
3316	824	2	1.0
3316	835	2	1.0
3316	1843	2	1.0
3317	97	2	1.0
3317	824	2	1.0
3318	97	2	1.0
3319	98	2	1.0
3319	805	2	1.0
3320	98	2	1.0
3321	98	2	1.0
3322	98	2	1.0
3322	805	2	1.0
3323	99	2	1.0
3323	252	2	1.0
3324	99	2	1.0
3324	252	2	1.0
3325	99	2	1.0
3325	250	2	1.0
3325	252	2	1.0
3326	100	2	1.0
3327	100	2	1.0
3327	243	2	1.0
3327	543	2	1.0
3327	580	2	1.0
3327	981	2	1.0
3327	1556	2	1.0
3327	2214	2	1.0
3327	2530	2	1.0
3327	2612	2	1.0
3327	2685	2	1.0
3328	100	2	1.0
3328	235	2	1.0
3328	1768	2	1.0
3328	1770	2	1.0
3328	1793	2	1.0
3328	2072	2	1.0
3329	101	2	1.0
3330	101	2	1.0
3330	1472	2	1.0
3330	2526	2	1.0
3331	102	2	1.0
3331	103	2	1.0
3331	2354	2	1.0
3332	102	2	1.0
3332	103	2	1.0
3332	2354	2	1.0
3333	102	2	1.0
3333	103	2	1.0
3334	103	2	1.0
3335	104	2	1.0
3336	104	2	1.0
3336	114	2	1.0
3337	104	2	1.0
3337	107	2	1.0
3337	888	2	1.0
3338	104	2	1.0
3338	312	2	1.0
3339	105	2	1.0
3340	105	2	1.0
3340	1887	2	1.0
3341	105	2	1.0
3342	105	2	1.0
3343	105	2	1.0
3344	106	2	1.0
3345	106	2	1.0
3346	106	2	1.0
3347	107	2	1.0
3348	107	2	1.0
3348	833	2	1.0
3349	107	2	1.0
3350	107	2	1.0
3350	2797	2	1.0
3351	107	2	1.0
3351	833	2	1.0
3352	108	2	1.0
3353	108	2	1.0
3354	108	2	1.0
3355	108	2	1.0
3356	108	2	1.0
3357	109	2	1.0
3358	109	2	1.0
3358	566	2	1.0
3359	109	2	1.0
3359	1335	2	1.0
3359	1744	2	1.0
3359	2815	2	1.0
3360	109	2	1.0
3361	110	2	1.0
3362	110	2	1.0
3363	110	2	1.0
3363	186	2	1.0
3364	111	2	1.0
3365	111	2	1.0
3366	111	2	1.0
3367	111	2	1.0
3367	1865	2	1.0
3367	2097	2	1.0
3368	111	2	1.0
3368	383	2	1.0
3369	112	2	1.0
3370	112	2	1.0
3371	112	2	1.0
3371	443	2	1.0
3371	1421	2	1.0
3372	113	2	1.0
3373	114	2	1.0
3373	449	2	1.0
3374	114	2	1.0
3375	115	2	1.0
3375	839	2	1.0
3376	115	2	1.0
3377	115	2	1.0
3378	115	2	1.0
3378	839	2	1.0
3379	116	2	1.0
3380	116	2	1.0
3380	813	2	1.0
3381	117	2	1.0
3382	117	2	1.0
3383	117	2	1.0
3384	118	2	1.0
3384	1687	2	1.0
3385	118	2	1.0
3385	1687	2	1.0
3386	118	2	1.0
3387	118	2	1.0
3387	1687	2	1.0
3388	118	2	1.0
3389	118	2	1.0
3390	118	2	1.0
3391	118	2	1.0
3391	1863	2	1.0
3391	1864	2	1.0
3392	119	2	1.0
3393	119	2	1.0
3394	119	2	1.0
3395	120	2	1.0
3396	120	2	1.0
3396	226	2	1.0
3397	120	2	1.0
3398	120	2	1.0
3398	226	2	1.0
3398	2136	2	1.0
3399	121	2	1.0
3400	121	2	1.0
3401	121	2	1.0
3402	121	2	1.0
3403	122	2	1.0
3404	122	2	1.0
3404	2664	2	1.0
3405	122	2	1.0
3405	977	2	1.0
3405	2664	2	1.0
3406	123	2	1.0
3407	123	2	1.0
3408	123	2	1.0
3409	123	2	1.0
3409	124	2	1.0
3409	126	2	1.0
3409	2095	2	1.0
3409	2096	2	1.0
3409	2860	2	1.0
3410	124	2	1.0
3411	124	2	1.0
3411	126	2	1.0
3411	2860	2	1.0
3412	125	2	1.0
3413	125	2	1.0
3414	125	2	1.0
3414	2473	2	1.0
3415	127	2	1.0
3416	127	2	1.0
3417	128	2	1.0
3418	128	2	1.0
3419	128	2	1.0
3420	129	2	1.0
3420	289	2	1.0
3420	608	2	1.0
3420	610	2	1.0
3421	129	2	1.0
3421	289	2	1.0
3421	610	2	1.0
3422	130	2	1.0
3423	130	2	1.0
3424	130	2	1.0
3424	2785	2	1.0
3425	130	2	1.0
3426	131	2	1.0
3426	291	2	1.0
3426	2546	2	1.0
3427	131	2	1.0
3428	131	2	1.0
3428	291	2	1.0
3428	1811	2	1.0
3428	2546	2	1.0
3429	131	2	1.0
3429	291	2	1.0
3429	1811	2	1.0
3429	2546	2	1.0
3430	132	2	1.0
3430	134	2	1.0
3431	132	2	1.0
3432	132	2	1.0
3433	132	2	1.0
3434	132	2	1.0
3435	133	2	1.0
3436	133	2	1.0
3436	1808	2	1.0
3437	134	2	1.0
3438	134	2	1.0
3439	135	2	1.0
3440	136	2	1.0
3440	2359	2	1.0
3441	136	2	1.0
3442	136	2	1.0
3443	136	2	1.0
3444	136	2	1.0
3444	2359	2	1.0
3445	137	2	1.0
3446	137	2	1.0
3447	137	2	1.0
3448	137	2	1.0
3449	138	2	1.0
3450	138	2	1.0
3450	1038	2	1.0
3450	1784	2	1.0
3450	2436	2	1.0
3450	2866	2	1.0
3451	139	2	1.0
3452	139	2	1.0
3453	140	2	1.0
3454	140	2	1.0
3455	140	2	1.0
3456	140	2	1.0
3457	140	2	1.0
3458	140	2	1.0
3459	141	2	1.0
3460	141	2	1.0
3461	142	2	1.0
3462	143	2	1.0
3463	143	2	1.0
3464	144	2	1.0
3465	144	2	1.0
3466	144	2	1.0
3467	144	2	1.0
3468	145	2	1.0
3469	145	2	1.0
3470	145	2	1.0
3471	145	2	1.0
3472	145	2	1.0
3473	146	2	1.0
3474	146	2	1.0
3475	146	2	1.0
3476	146	2	1.0
3477	147	2	1.0
3478	147	2	1.0
3479	147	2	1.0
3480	147	2	1.0
3480	1726	2	1.0
3481	148	2	1.0
3482	148	2	1.0
3483	149	2	1.0
3484	149	2	1.0
3484	1402	2	1.0
3485	149	2	1.0
3486	150	2	1.0
3487	150	2	1.0
3488	150	2	1.0
3489	151	2	1.0
3490	151	2	1.0
3491	151	2	1.0
3491	157	2	1.0
3491	2129	2	1.0
3492	151	2	1.0
3492	157	2	1.0
3492	1782	2	1.0
3492	2129	2	1.0
3492	2432	2	1.0
3493	151	2	1.0
3493	409	2	1.0
3494	152	2	1.0
3494	2767	2	1.0
3495	152	2	1.0
3495	2767	2	1.0
3496	152	2	1.0
3497	152	2	1.0
3498	153	2	1.0
3499	153	2	1.0
3500	153	2	1.0
3501	153	2	1.0
3502	153	2	1.0
3503	154	2	1.0
3504	154	2	1.0
3505	154	2	1.0
3506	155	2	1.0
3506	2435	2	1.0
3507	155	2	1.0
3507	412	2	1.0
3507	2435	2	1.0
3507	2517	2	1.0
3508	156	2	1.0
3509	156	2	1.0
3510	156	2	1.0
3510	2878	2	1.0
3511	156	2	1.0
3511	2878	2	1.0
3512	157	2	1.0
3512	2129	2	1.0
3513	157	2	1.0
3513	1782	2	1.0
3513	2129	2	1.0
3514	158	2	1.0
3515	158	2	1.0
3515	397	2	1.0
3515	2437	2	1.0
3516	158	2	1.0
3516	399	2	1.0
3517	159	2	1.0
3517	374	2	1.0
3517	952	2	1.0
3517	1780	2	1.0
3518	159	2	1.0
3518	397	2	1.0
3518	2431	2	1.0
3519	159	2	1.0
3519	167	2	1.0
3519	374	2	1.0
3519	870	2	1.0
3519	1780	2	1.0
3520	159	2	1.0
3520	374	2	1.0
3520	952	2	1.0
3520	1780	2	1.0
3520	2060	2	1.0
3521	159	2	1.0
3521	397	2	1.0
3521	1730	2	1.0
3521	2431	2	1.0
3522	159	2	1.0
3522	166	2	1.0
3522	167	2	1.0
3522	242	2	1.0
3522	374	2	1.0
3522	405	2	1.0
3522	416	2	1.0
3522	870	2	1.0
3522	952	2	1.0
3522	1110	2	1.0
3522	1578	2	1.0
3522	1780	2	1.0
3522	2060	2	1.0
3522	2438	2	1.0
3522	2529	2	1.0
3523	160	2	1.0
3524	160	2	1.0
3525	160	2	1.0
3525	411	2	1.0
3526	160	2	1.0
3526	411	2	1.0
3527	160	2	1.0
3528	160	2	1.0
3528	1095	2	1.0
3529	161	2	1.0
3529	1769	2	1.0
3530	161	2	1.0
3531	162	2	1.0
3532	162	2	1.0
3533	162	2	1.0
3534	162	2	1.0
3535	163	2	1.0
3535	1779	2	1.0
3536	163	2	1.0
3536	1779	2	1.0
3537	164	2	1.0
3538	164	2	1.0
3539	164	2	1.0
3540	164	2	1.0
3540	1790	2	1.0
3541	164	2	1.0
3541	1790	2	1.0
3542	165	2	1.0
3543	165	2	1.0
3543	2876	2	1.0
3543	2878	2	1.0
3544	165	2	1.0
3544	168	2	1.0
3544	402	2	1.0
3544	406	2	1.0
3544	408	2	1.0
3544	1583	2	1.0
3545	166	2	1.0
3545	167	2	1.0
3545	374	2	1.0
3545	1780	2	1.0
3546	166	2	1.0
3546	1582	2	1.0
3547	166	2	1.0
3547	167	2	1.0
3547	405	2	1.0
3547	952	2	1.0
3547	1780	2	1.0
3548	166	2	1.0
3549	166	2	1.0
3549	405	2	1.0
3549	1774	2	1.0
3550	167	2	1.0
3550	374	2	1.0
3550	1780	2	1.0
3551	167	2	1.0
3552	167	2	1.0
3552	1780	2	1.0
3553	168	2	1.0
3553	408	2	1.0
3554	168	2	1.0
3554	402	2	1.0
3554	406	2	1.0
3554	408	2	1.0
3554	1583	2	1.0
3554	2428	2	1.0
3555	168	2	1.0
3555	402	2	1.0
3555	406	2	1.0
3555	408	2	1.0
3555	2428	2	1.0
3556	168	2	1.0
3556	1583	2	1.0
3557	168	2	1.0
3557	406	2	1.0
3557	408	2	1.0
3558	169	2	1.0
3559	170	2	1.0
3559	1718	2	1.0
3560	170	2	1.0
3561	170	2	1.0
3561	1718	2	1.0
3562	170	2	1.0
3562	1718	2	1.0
3563	170	2	1.0
3563	986	2	1.0
3564	171	2	1.0
3565	171	2	1.0
3565	1049	2	1.0
3566	171	2	1.0
3567	172	2	1.0
3567	1577	2	1.0
3567	1811	2	1.0
3568	172	2	1.0
3568	1577	2	1.0
3569	172	2	1.0
3569	1577	2	1.0
3570	173	2	1.0
3570	1006	2	1.0
3571	173	2	1.0
3572	173	2	1.0
3572	181	2	1.0
3572	1006	2	1.0
3572	1814	2	1.0
3572	2550	2	1.0
3573	173	2	1.0
3573	1006	2	1.0
3573	1814	2	1.0
3574	173	2	1.0
3574	258	2	1.0
3574	1006	2	1.0
3574	2299	2	1.0
3574	2461	2	1.0
3574	2551	2	1.0
3575	174	2	1.0
3576	174	2	1.0
3577	174	2	1.0
3577	1035	2	1.0
3577	1050	2	1.0
3578	174	2	1.0
3579	174	2	1.0
3580	174	2	1.0
3580	1035	2	1.0
3581	175	2	1.0
3582	175	2	1.0
3583	175	2	1.0
3584	175	2	1.0
3585	175	2	1.0
3586	175	2	1.0
3587	176	2	1.0
3587	1805	2	1.0
3588	176	2	1.0
3589	176	2	1.0
3589	1805	2	1.0
3589	2547	2	1.0
3590	176	2	1.0
3590	1805	2	1.0
3590	2573	2	1.0
3590	2600	2	1.0
3591	176	2	1.0
3591	2549	2	1.0
3592	177	2	1.0
3593	177	2	1.0
3594	177	2	1.0
3595	178	2	1.0
3596	178	2	1.0
3596	1688	2	1.0
3596	1698	2	1.0
3597	178	2	1.0
3597	1698	2	1.0
3598	179	2	1.0
3599	179	2	1.0
3600	180	2	1.0
3600	2030	2	1.0
3601	180	2	1.0
3602	180	2	1.0
3603	180	2	1.0
3604	180	2	1.0
3604	2030	2	1.0
3605	181	2	1.0
3605	1814	2	1.0
3606	181	2	1.0
3606	1007	2	1.0
3606	2867	2	1.0
3607	181	2	1.0
3607	2550	2	1.0
3608	181	2	1.0
3609	181	2	1.0
3609	1007	2	1.0
3609	2867	2	1.0
3610	182	2	1.0
3611	182	2	1.0
3611	783	2	1.0
3611	1246	2	1.0
3612	182	2	1.0
3612	1246	2	1.0
3613	183	2	1.0
3614	183	2	1.0
3614	215	2	1.0
3615	183	2	1.0
3616	184	2	1.0
3617	184	2	1.0
3618	184	2	1.0
3619	184	2	1.0
3620	184	2	1.0
3621	184	2	1.0
3622	185	2	1.0
3622	186	2	1.0
3623	185	2	1.0
3624	185	2	1.0
3625	185	2	1.0
3626	185	2	1.0
3627	186	2	1.0
3627	852	2	1.0
3627	1853	2	1.0
3627	1856	2	1.0
3628	186	2	1.0
3628	286	2	1.0
3628	2759	2	1.0
3629	186	2	1.0
3630	186	2	1.0
3631	186	2	1.0
3632	186	2	1.0
3633	186	2	1.0
3634	186	2	1.0
3635	186	2	1.0
3636	186	2	1.0
3637	186	2	1.0
3638	186	2	1.0
3639	186	2	1.0
3640	186	2	1.0
3640	1221	2	1.0
3641	187	2	1.0
3642	188	2	1.0
3643	189	2	1.0
3643	192	2	1.0
3643	2170	2	1.0
3643	2172	2	1.0
3644	189	2	1.0
3645	189	2	1.0
3646	190	2	1.0
3647	190	2	1.0
3648	190	2	1.0
3649	191	2	1.0
3650	191	2	1.0
3651	192	2	1.0
3651	2170	2	1.0
3651	2172	2	1.0
3652	192	2	1.0
3652	2172	2	1.0
3653	193	2	1.0
3654	194	2	1.0
3655	194	2	1.0
3656	195	2	1.0
3657	196	2	1.0
3657	1429	2	1.0
3658	196	2	1.0
3658	1429	2	1.0
3659	196	2	1.0
3659	1429	2	1.0
3660	197	2	1.0
3661	197	2	1.0
3662	197	2	1.0
3663	198	2	1.0
3664	198	2	1.0
3665	198	2	1.0
3666	198	2	1.0
3667	199	2	1.0
3668	199	2	1.0
3669	200	2	1.0
3669	971	2	1.0
3669	1918	2	1.0
3670	200	2	1.0
3670	784	2	1.0
3670	1828	2	1.0
3671	200	2	1.0
3671	617	2	1.0
3671	971	2	1.0
3671	1918	2	1.0
3671	2220	2	1.0
3671	2500	2	1.0
3672	200	2	1.0
3673	201	2	1.0
3674	201	2	1.0
3675	201	2	1.0
3676	201	2	1.0
3677	201	2	1.0
3678	201	2	1.0
3679	201	2	1.0
3680	201	2	1.0
3681	202	2	1.0
3681	2527	2	1.0
3682	203	2	1.0
3683	203	2	1.0
3684	203	2	1.0
3685	203	2	1.0
3686	204	2	1.0
3687	204	2	1.0
3688	204	2	1.0
3689	204	2	1.0
3690	204	2	1.0
3691	204	2	1.0
3692	205	2	1.0
3692	851	2	1.0
3692	1859	2	1.0
3693	206	2	1.0
3694	206	2	1.0
3695	206	2	1.0
3696	207	2	1.0
3697	207	2	1.0
3698	207	2	1.0
3699	207	2	1.0
3700	208	2	1.0
3701	208	2	1.0
3702	208	2	1.0
3703	209	2	1.0
3704	209	2	1.0
3705	209	2	1.0
3706	209	2	1.0
3707	210	2	1.0
3707	1983	2	1.0
3708	210	2	1.0
3708	2696	2	1.0
3709	210	2	1.0
3709	1068	2	1.0
3709	2891	2	1.0
3710	211	2	1.0
3710	1826	2	1.0
3711	211	2	1.0
3712	211	2	1.0
3712	1826	2	1.0
3713	211	2	1.0
3714	211	2	1.0
3715	212	2	1.0
3716	212	2	1.0
3716	1155	2	1.0
3717	213	2	1.0
3718	213	2	1.0
3718	2539	2	1.0
3719	213	2	1.0
3720	213	2	1.0
3720	2539	2	1.0
3721	214	2	1.0
3721	1305	2	1.0
3722	214	2	1.0
3722	1305	2	1.0
3723	214	2	1.0
3724	214	2	1.0
3724	1081	2	1.0
3724	1325	2	1.0
3725	214	2	1.0
3725	1305	2	1.0
3725	1378	2	1.0
3725	2834	2	1.0
3726	215	2	1.0
3727	215	2	1.0
3728	215	2	1.0
3729	216	2	1.0
3730	216	2	1.0
3731	216	2	1.0
3732	216	2	1.0
3733	216	2	1.0
3734	217	2	1.0
3735	217	2	1.0
3736	217	2	1.0
3737	218	2	1.0
3738	218	2	1.0
3739	218	2	1.0
3740	219	2	1.0
3740	221	2	1.0
3741	219	2	1.0
3742	219	2	1.0
3742	221	2	1.0
3743	220	2	1.0
3744	221	2	1.0
3745	221	2	1.0
3746	221	2	1.0
3747	221	2	1.0
3747	1569	2	1.0
3748	222	2	1.0
3749	222	2	1.0
3750	222	2	1.0
3750	2605	2	1.0
3750	2976	2	1.0
3751	222	2	1.0
3752	222	2	1.0
3753	222	2	1.0
3754	222	2	1.0
3755	222	2	1.0
3756	222	2	1.0
3757	222	2	1.0
3757	426	2	1.0
3757	445	2	1.0
3757	821	2	1.0
3757	834	2	1.0
3757	1097	2	1.0
3757	1100	2	1.0
3757	1926	2	1.0
3758	222	2	1.0
3759	223	2	1.0
3760	223	2	1.0
3761	223	2	1.0
3762	223	2	1.0
3763	223	2	1.0
3764	223	2	1.0
3765	224	2	1.0
3766	224	2	1.0
3767	225	2	1.0
3768	225	2	1.0
3769	225	2	1.0
3770	226	2	1.0
3771	227	2	1.0
3772	228	2	1.0
3773	228	2	1.0
3774	228	2	1.0
3774	542	2	1.0
3774	972	2	1.0
3775	228	2	1.0
3776	229	2	1.0
3776	2814	2	1.0
3777	229	2	1.0
3778	229	2	1.0
3778	2814	2	1.0
3779	229	2	1.0
3779	2814	2	1.0
3780	229	2	1.0
3781	229	2	1.0
3782	230	2	1.0
3782	1286	2	1.0
3782	1346	2	1.0
3782	2831	2	1.0
3783	230	2	1.0
3783	1286	2	1.0
3783	1346	2	1.0
3784	231	2	1.0
3785	231	2	1.0
3786	231	2	1.0
3787	231	2	1.0
3788	231	2	1.0
3789	232	2	1.0
3790	232	2	1.0
3790	1515	2	1.0
3790	2123	2	1.0
3791	233	2	1.0
3792	234	2	1.0
3793	234	2	1.0
3794	234	2	1.0
3794	970	2	1.0
3795	234	2	1.0
3795	1582	2	1.0
3796	235	2	1.0
3797	235	2	1.0
3797	1771	2	1.0
3798	235	2	1.0
3798	1771	2	1.0
3799	236	2	1.0
3799	251	2	1.0
3800	236	2	1.0
3800	251	2	1.0
3801	236	2	1.0
3802	236	2	1.0
3802	251	2	1.0
3802	2940	2	1.0
3803	237	2	1.0
3804	237	2	1.0
3805	237	2	1.0
3806	238	2	1.0
3807	238	2	1.0
3807	249	2	1.0
3808	238	2	1.0
3808	249	2	1.0
3809	238	2	1.0
3809	244	2	1.0
3809	249	2	1.0
3810	239	2	1.0
3810	1438	2	1.0
3811	240	2	1.0
3811	2104	2	1.0
3812	240	2	1.0
3813	240	2	1.0
3814	240	2	1.0
3814	2104	2	1.0
3815	241	2	1.0
3816	241	2	1.0
3817	242	2	1.0
3818	242	2	1.0
3819	243	2	1.0
3819	1556	2	1.0
3820	243	2	1.0
3820	543	2	1.0
3820	580	2	1.0
3820	2214	2	1.0
3820	2612	2	1.0
3820	2685	2	1.0
3821	243	2	1.0
3822	243	2	1.0
3823	243	2	1.0
3823	1587	2	1.0
3824	244	2	1.0
3825	244	2	1.0
3826	244	2	1.0
3827	245	2	1.0
3828	245	2	1.0
3828	1786	2	1.0
3828	2447	2	1.0
3829	245	2	1.0
3829	1786	2	1.0
3830	245	2	1.0
3831	246	2	1.0
3831	667	2	1.0
3832	246	2	1.0
3832	404	2	1.0
3833	246	2	1.0
3834	246	2	1.0
3834	404	2	1.0
3835	246	2	1.0
3835	404	2	1.0
3835	410	2	1.0
3835	667	2	1.0
3835	1468	2	1.0
3835	2523	2	1.0
3835	2993	2	1.0
3836	247	2	1.0
3836	1461	2	1.0
3836	1468	2	1.0
3836	2531	2	1.0
3836	2994	2	1.0
3837	247	2	1.0
3838	247	2	1.0
3839	247	2	1.0
3839	404	2	1.0
3839	1461	2	1.0
3839	1468	2	1.0
3839	2531	2	1.0
3839	2993	2	1.0
3839	2994	2	1.0
3840	247	2	1.0
3840	1468	2	1.0
3840	2531	2	1.0
3841	248	2	1.0
3841	415	2	1.0
3841	1460	2	1.0
3842	248	2	1.0
3842	415	2	1.0
3842	1460	2	1.0
3843	248	2	1.0
3844	248	2	1.0
3845	248	2	1.0
3846	248	2	1.0
3847	248	2	1.0
3847	415	2	1.0
3848	249	2	1.0
3849	251	2	1.0
3850	252	2	1.0
3851	252	2	1.0
3852	252	2	1.0
3853	253	2	1.0
3854	253	2	1.0
3855	253	2	1.0
3855	1473	2	1.0
3855	2525	2	1.0
3856	253	2	1.0
3857	253	2	1.0
3858	254	2	1.0
3859	254	2	1.0
3860	254	2	1.0
3860	1576	2	1.0
3860	2101	2	1.0
3861	254	2	1.0
3861	1576	2	1.0
3862	254	2	1.0
3863	255	2	1.0
3863	274	2	1.0
3863	927	2	1.0
3864	255	2	1.0
3864	274	2	1.0
3864	927	2	1.0
3864	1877	2	1.0
3865	255	2	1.0
3865	927	2	1.0
3865	1877	2	1.0
3866	256	2	1.0
3867	256	2	1.0
3868	256	2	1.0
3869	257	2	1.0
3870	257	2	1.0
3870	1867	2	1.0
3870	1875	2	1.0
3870	1880	2	1.0
3870	1886	2	1.0
3870	1889	2	1.0
3870	2572	2	1.0
3871	257	2	1.0
3871	1867	2	1.0
3871	1875	2	1.0
3871	1880	2	1.0
3871	1886	2	1.0
3871	1889	2	1.0
3872	258	2	1.0
3872	2461	2	1.0
3873	259	2	1.0
3873	285	2	1.0
3874	259	2	1.0
3874	285	2	1.0
3875	259	2	1.0
3875	285	2	1.0
3875	804	2	1.0
3876	259	2	1.0
3876	285	2	1.0
3876	804	2	1.0
3876	828	2	1.0
3876	2681	2	1.0
3877	260	2	1.0
3878	260	2	1.0
3879	260	2	1.0
3880	260	2	1.0
3881	261	2	1.0
3882	261	2	1.0
3882	1876	2	1.0
3882	1912	2	1.0
3882	2091	2	1.0
3882	2093	2	1.0
3883	262	2	1.0
3883	1865	2	1.0
3884	262	2	1.0
3884	936	2	1.0
3884	1407	2	1.0
3884	1865	2	1.0
3885	263	2	1.0
3886	263	2	1.0
3886	929	2	1.0
3887	263	2	1.0
3887	929	2	1.0
3888	264	2	1.0
3888	286	2	1.0
3889	264	2	1.0
3890	265	2	1.0
3890	2892	2	1.0
3891	265	2	1.0
3892	265	2	1.0
3893	265	2	1.0
3894	265	2	1.0
3894	1212	2	1.0
3895	266	2	1.0
3895	934	2	1.0
3895	1869	2	1.0
3896	266	2	1.0
3896	934	2	1.0
3896	1869	2	1.0
3897	267	2	1.0
3898	267	2	1.0
3899	268	2	1.0
3900	268	2	1.0
3901	268	2	1.0
3902	268	2	1.0
3903	268	2	1.0
3903	1911	2	1.0
3904	269	2	1.0
3905	269	2	1.0
3906	269	2	1.0
3906	273	2	1.0
3906	361	2	1.0
3906	928	2	1.0
3906	1870	2	1.0
3906	1874	2	1.0
3906	1895	2	1.0
3906	2799	2	1.0
3907	270	2	1.0
3908	270	2	1.0
3909	270	2	1.0
3910	271	2	1.0
3911	271	2	1.0
3912	272	2	1.0
3913	272	2	1.0
3913	455	2	1.0
3914	272	2	1.0
3915	273	2	1.0
3915	928	2	1.0
3915	1874	2	1.0
3916	273	2	1.0
3917	273	2	1.0
3917	1878	2	1.0
3917	2089	2	1.0
3918	273	2	1.0
3918	361	2	1.0
3918	928	2	1.0
3918	1870	2	1.0
3918	1874	2	1.0
3918	1878	2	1.0
3918	1895	2	1.0
3918	2089	2	1.0
3918	2799	2	1.0
3919	275	2	1.0
3920	275	2	1.0
3921	276	2	1.0
3921	1411	2	1.0
3921	1885	2	1.0
3922	276	2	1.0
3922	1411	2	1.0
3922	1885	2	1.0
3923	276	2	1.0
3923	1411	2	1.0
3924	277	2	1.0
3925	277	2	1.0
3926	277	2	1.0
3927	277	2	1.0
3928	278	2	1.0
3928	282	2	1.0
3928	940	2	1.0
3929	278	2	1.0
3930	278	2	1.0
3931	278	2	1.0
3931	940	2	1.0
3932	278	2	1.0
3933	279	2	1.0
3933	2681	2	1.0
3934	279	2	1.0
3935	280	2	1.0
3935	930	2	1.0
3935	1406	2	1.0
3935	2561	2	1.0
3935	2796	2	1.0
3936	280	2	1.0
3936	930	2	1.0
3936	1406	2	1.0
3937	281	2	1.0
3937	1734	2	1.0
3937	2094	2	1.0
3937	2673	2	1.0
3938	281	2	1.0
3938	939	2	1.0
3938	1910	2	1.0
3938	2094	2	1.0
3939	281	2	1.0
3939	1734	2	1.0
3939	2094	2	1.0
3939	2673	2	1.0
3940	282	2	1.0
3941	282	2	1.0
3942	282	2	1.0
3943	282	2	1.0
3944	283	2	1.0
3945	283	2	1.0
3946	283	2	1.0
3947	283	2	1.0
3948	283	2	1.0
3948	1249	2	1.0
3948	2978	2	1.0
3949	283	2	1.0
3950	284	2	1.0
3951	284	2	1.0
3951	943	2	1.0
3951	2098	2	1.0
3952	285	2	1.0
3952	360	2	1.0
3952	804	2	1.0
3952	828	2	1.0
3952	2681	2	1.0
3953	286	2	1.0
3953	926	2	1.0
3953	1142	2	1.0
3954	286	2	1.0
3954	926	2	1.0
3955	287	2	1.0
3956	287	2	1.0
3957	287	2	1.0
3958	287	2	1.0
3959	287	2	1.0
3960	288	2	1.0
3961	288	2	1.0
3961	362	2	1.0
3962	289	2	1.0
3963	289	2	1.0
3964	290	2	1.0
3965	290	2	1.0
3965	1001	2	1.0
3965	1920	2	1.0
3965	2665	2	1.0
3966	290	2	1.0
3967	290	2	1.0
3968	290	2	1.0
3969	290	2	1.0
3970	290	2	1.0
3970	1001	2	1.0
3970	2665	2	1.0
3970	2868	2	1.0
3971	291	2	1.0
3972	292	2	1.0
3972	325	2	1.0
3972	1484	2	1.0
3972	2413	2	1.0
3973	292	2	1.0
3973	1484	2	1.0
3973	2413	2	1.0
3974	293	2	1.0
3974	1486	2	1.0
3975	293	2	1.0
3975	2378	2	1.0
3976	293	2	1.0
3977	293	2	1.0
3978	293	2	1.0
3979	293	2	1.0
3980	294	2	1.0
3981	294	2	1.0
3981	691	2	1.0
3982	294	2	1.0
3982	691	2	1.0
3983	294	2	1.0
3984	294	2	1.0
3985	294	2	1.0
3986	294	2	1.0
3986	691	2	1.0
3986	951	2	1.0
3987	294	2	1.0
3987	691	2	1.0
3988	295	2	1.0
3988	1480	2	1.0
3988	1501	2	1.0
3988	1804	2	1.0
3988	2391	2	1.0
3989	295	2	1.0
3990	295	2	1.0
3990	1009	2	1.0
3991	295	2	1.0
3991	1804	2	1.0
3992	296	2	1.0
3992	1016	2	1.0
3993	296	2	1.0
3994	296	2	1.0
3995	296	2	1.0
3995	1016	2	1.0
3996	296	2	1.0
3997	296	2	1.0
3997	1016	2	1.0
3998	297	2	1.0
3999	297	2	1.0
4000	297	2	1.0
4001	298	2	1.0
4002	298	2	1.0
4003	298	2	1.0
4004	299	2	1.0
4005	299	2	1.0
4005	301	2	1.0
4006	300	2	1.0
4007	300	2	1.0
4008	301	2	1.0
4009	302	2	1.0
4010	303	2	1.0
4010	1139	2	1.0
4011	303	2	1.0
4011	1139	2	1.0
4012	303	2	1.0
4012	2324	2	1.0
4013	303	2	1.0
4013	1139	2	1.0
4013	2324	2	1.0
4014	304	2	1.0
4014	1436	2	1.0
4014	1490	2	1.0
4014	1497	2	1.0
4014	2690	2	1.0
4015	304	2	1.0
4015	2422	2	1.0
4016	305	2	1.0
4017	305	2	1.0
4018	305	2	1.0
4019	306	2	1.0
4020	306	2	1.0
4021	306	2	1.0
4021	2066	2	1.0
4021	2388	2	1.0
4022	306	2	1.0
4022	2066	2	1.0
4022	2388	2	1.0
4023	306	2	1.0
4024	307	2	1.0
4025	307	2	1.0
4026	307	2	1.0
4027	308	2	1.0
4028	308	2	1.0
4029	308	2	1.0
4030	308	2	1.0
4031	309	2	1.0
4032	310	2	1.0
4032	686	2	1.0
4033	310	2	1.0
4034	310	2	1.0
4035	311	2	1.0
4036	311	2	1.0
4037	311	2	1.0
4038	311	2	1.0
4038	2390	2	1.0
4039	311	2	1.0
4040	311	2	1.0
4041	311	2	1.0
4042	312	2	1.0
4043	312	2	1.0
4043	346	2	1.0
4044	313	2	1.0
4044	2411	2	1.0
4045	313	2	1.0
4045	2411	2	1.0
4046	314	2	1.0
4046	2404	2	1.0
4047	314	2	1.0
4047	689	2	1.0
4048	314	2	1.0
4049	314	2	1.0
4050	314	2	1.0
4050	1018	2	1.0
4051	314	2	1.0
4051	689	2	1.0
4051	2395	2	1.0
4051	2403	2	1.0
4052	314	2	1.0
4053	315	2	1.0
4054	315	2	1.0
4054	321	2	1.0
4054	1510	2	1.0
4054	2375	2	1.0
4055	316	2	1.0
4056	316	2	1.0
4057	316	2	1.0
4058	317	2	1.0
4059	317	2	1.0
4059	2418	2	1.0
4060	317	2	1.0
4061	317	2	1.0
4062	318	2	1.0
4062	1499	2	1.0
4063	318	2	1.0
4063	1499	2	1.0
4064	319	2	1.0
4065	319	2	1.0
4066	319	2	1.0
4067	319	2	1.0
4068	319	2	1.0
4069	320	2	1.0
4069	1477	2	1.0
4070	320	2	1.0
4070	1477	2	1.0
4071	321	2	1.0
4072	322	2	1.0
4073	322	2	1.0
4074	323	2	1.0
4075	323	2	1.0
4075	1023	2	1.0
4075	2420	2	1.0
4076	323	2	1.0
4077	324	2	1.0
4078	324	2	1.0
4079	324	2	1.0
4080	324	2	1.0
4081	324	2	1.0
4082	324	2	1.0
4083	325	2	1.0
4083	2413	2	1.0
4084	325	2	1.0
4085	325	2	1.0
4086	325	2	1.0
4087	326	2	1.0
4088	326	2	1.0
4089	326	2	1.0
4089	1009	2	1.0
4089	1010	2	1.0
4089	2378	2	1.0
4090	326	2	1.0
4090	884	2	1.0
4091	327	2	1.0
4091	1498	2	1.0
4091	2371	2	1.0
4091	2420	2	1.0
4092	328	2	1.0
4092	2407	2	1.0
4093	328	2	1.0
4094	328	2	1.0
4095	328	2	1.0
4096	328	2	1.0
4096	2407	2	1.0
4097	328	2	1.0
4097	2407	2	1.0
4098	328	2	1.0
4098	1153	2	1.0
4098	2407	2	1.0
4099	329	2	1.0
4100	329	2	1.0
4101	329	2	1.0
4102	330	2	1.0
4103	330	2	1.0
4104	331	2	1.0
4105	331	2	1.0
4105	1491	2	1.0
4105	2420	2	1.0
4106	331	2	1.0
4107	332	2	1.0
4107	2379	2	1.0
4107	2386	2	1.0
4108	332	2	1.0
4108	333	2	1.0
4108	1521	2	1.0
4108	1801	2	1.0
4108	2379	2	1.0
4108	2417	2	1.0
4108	2499	2	1.0
4109	332	2	1.0
4110	332	2	1.0
4110	333	2	1.0
4111	332	2	1.0
4112	332	2	1.0
4113	334	2	1.0
4113	1015	2	1.0
4113	1020	2	1.0
4114	334	2	1.0
4114	1015	2	1.0
4114	1024	2	1.0
4114	1482	2	1.0
4115	334	2	1.0
4115	1015	2	1.0
4115	1020	2	1.0
4115	1024	2	1.0
4115	1482	2	1.0
4115	2402	2	1.0
4116	335	2	1.0
4116	337	2	1.0
4116	1217	2	1.0
4116	1891	2	1.0
4116	1892	2	1.0
4116	2618	2	1.0
4117	336	2	1.0
4118	336	2	1.0
4119	336	2	1.0
4120	338	2	1.0
4121	338	2	1.0
4122	339	2	1.0
4123	339	2	1.0
4123	1827	2	1.0
4124	339	2	1.0
4125	339	2	1.0
4126	340	2	1.0
4127	341	2	1.0
4128	341	2	1.0
4128	353	2	1.0
4128	2509	2	1.0
4129	341	2	1.0
4129	353	2	1.0
4129	2509	2	1.0
4130	341	2	1.0
4131	341	2	1.0
4131	353	2	1.0
4132	342	2	1.0
4133	342	2	1.0
4134	342	2	1.0
4135	343	2	1.0
4135	1454	2	1.0
4135	2609	2	1.0
4136	344	2	1.0
4136	698	2	1.0
4137	344	2	1.0
4137	698	2	1.0
4138	345	2	1.0
4139	345	2	1.0
4139	1455	2	1.0
4139	2146	2	1.0
4140	346	2	1.0
4141	346	2	1.0
4142	346	2	1.0
4143	346	2	1.0
4144	346	2	1.0
4145	346	2	1.0
4146	347	2	1.0
4147	347	2	1.0
4147	348	2	1.0
4147	806	2	1.0
4147	856	2	1.0
4147	1561	2	1.0
4147	2159	2	1.0
4147	2225	2	1.0
4147	2771	2	1.0
4148	348	2	1.0
4148	806	2	1.0
4148	856	2	1.0
4148	1561	2	1.0
4148	2159	2	1.0
4148	2225	2	1.0
4149	349	2	1.0
4150	349	2	1.0
4151	349	2	1.0
4151	1544	2	1.0
4152	350	2	1.0
4153	350	2	1.0
4154	350	2	1.0
4155	350	2	1.0
4156	350	2	1.0
4157	350	2	1.0
4158	350	2	1.0
4159	351	2	1.0
4160	351	2	1.0
4160	1072	2	1.0
4160	1975	2	1.0
4160	2282	2	1.0
4160	2893	2	1.0
4161	351	2	1.0
4162	351	2	1.0
4163	352	2	1.0
4163	1232	2	1.0
4164	352	2	1.0
4164	1096	2	1.0
4164	1232	2	1.0
4164	1242	2	1.0
4164	1899	2	1.0
4164	1924	2	1.0
4165	352	2	1.0
4166	352	2	1.0
4166	821	2	1.0
4166	822	2	1.0
4166	1096	2	1.0
4166	1097	2	1.0
4166	1227	2	1.0
4166	1232	2	1.0
4166	1899	2	1.0
4166	1924	2	1.0
4167	353	2	1.0
4167	2509	2	1.0
4168	353	2	1.0
4169	353	2	1.0
4170	354	2	1.0
4171	355	2	1.0
4172	355	2	1.0
4173	356	2	1.0
4174	356	2	1.0
4175	357	2	1.0
4176	357	2	1.0
4176	1887	2	1.0
4176	2473	2	1.0
4177	358	2	1.0
4178	358	2	1.0
4178	1101	2	1.0
4178	1764	2	1.0
4179	358	2	1.0
4179	1231	2	1.0
4179	1893	2	1.0
4180	358	2	1.0
4180	1231	2	1.0
4180	1893	2	1.0
4181	358	2	1.0
4181	1737	2	1.0
4181	2204	2	1.0
4182	359	2	1.0
4182	1227	2	1.0
4183	359	2	1.0
4183	1101	2	1.0
4183	1227	2	1.0
4184	359	2	1.0
4184	1227	2	1.0
4185	361	2	1.0
4185	928	2	1.0
4185	1870	2	1.0
4185	1895	2	1.0
4186	363	2	1.0
4187	363	2	1.0
4188	363	2	1.0
4189	363	2	1.0
4190	364	2	1.0
4190	2883	2	1.0
4191	364	2	1.0
4191	1844	2	1.0
4191	2883	2	1.0
4192	364	2	1.0
4192	1844	2	1.0
4193	365	2	1.0
4194	365	2	1.0
4195	365	2	1.0
4196	365	2	1.0
4197	366	2	1.0
4197	539	2	1.0
4197	1538	2	1.0
4198	366	2	1.0
4198	539	2	1.0
4199	367	2	1.0
4200	367	2	1.0
4200	633	2	1.0
4200	967	2	1.0
4201	368	2	1.0
4202	368	2	1.0
4203	368	2	1.0
4204	368	2	1.0
4205	368	2	1.0
4206	368	2	1.0
4207	368	2	1.0
4208	369	2	1.0
4208	951	2	1.0
4209	369	2	1.0
4209	649	2	1.0
4209	651	2	1.0
4209	951	2	1.0
4209	1539	2	1.0
4209	2779	2	1.0
4209	2918	2	1.0
4210	370	2	1.0
4211	370	2	1.0
4212	370	2	1.0
4213	371	2	1.0
4214	371	2	1.0
4215	371	2	1.0
4216	371	2	1.0
4217	371	2	1.0
4218	371	2	1.0
4219	372	2	1.0
4220	372	2	1.0
4221	372	2	1.0
4222	373	2	1.0
4223	374	2	1.0
4224	374	2	1.0
4224	405	2	1.0
4224	952	2	1.0
4225	374	2	1.0
4225	870	2	1.0
4225	952	2	1.0
4225	1780	2	1.0
4226	375	2	1.0
4227	375	2	1.0
4228	376	2	1.0
4229	376	2	1.0
4230	376	2	1.0
4231	376	2	1.0
4232	377	2	1.0
4232	1441	2	1.0
4233	377	2	1.0
4234	377	2	1.0
4235	377	2	1.0
4235	1441	2	1.0
4235	1863	2	1.0
4235	1864	2	1.0
4236	378	2	1.0
4237	378	2	1.0
4238	378	2	1.0
4239	380	2	1.0
4239	1166	2	1.0
4239	1594	2	1.0
4239	1597	2	1.0
4240	380	2	1.0
4240	1597	2	1.0
4241	380	2	1.0
4242	380	2	1.0
4242	1597	2	1.0
4243	380	2	1.0
4244	381	2	1.0
4245	381	2	1.0
4246	382	2	1.0
4246	438	2	1.0
4247	382	2	1.0
4248	383	2	1.0
4248	2553	2	1.0
4249	383	2	1.0
4249	1925	2	1.0
4250	383	2	1.0
4251	383	2	1.0
4252	384	2	1.0
4252	1547	2	1.0
4253	384	2	1.0
4254	384	2	1.0
4254	1547	2	1.0
4255	385	2	1.0
4256	386	2	1.0
4256	987	2	1.0
4256	1138	2	1.0
4256	2187	2	1.0
4256	2506	2	1.0
4256	2508	2	1.0
4256	2888	2	1.0
4257	386	2	1.0
4257	987	2	1.0
4257	1138	2	1.0
4257	2187	2	1.0
4257	2508	2	1.0
4257	2888	2	1.0
4258	387	2	1.0
4259	387	2	1.0
4260	387	2	1.0
4261	388	2	1.0
4262	388	2	1.0
4263	389	2	1.0
4263	2635	2	1.0
4264	389	2	1.0
4265	389	2	1.0
4266	389	2	1.0
4267	390	2	1.0
4268	390	2	1.0
4269	390	2	1.0
4270	390	2	1.0
4270	714	2	1.0
4271	391	2	1.0
4272	391	2	1.0
4273	391	2	1.0
4274	392	2	1.0
4274	2440	2	1.0
4275	392	2	1.0
4275	2440	2	1.0
4276	392	2	1.0
4277	393	2	1.0
4278	393	2	1.0
4279	393	2	1.0
4279	1562	2	1.0
4280	393	2	1.0
4280	1562	2	1.0
4281	394	2	1.0
4282	394	2	1.0
4283	394	2	1.0
4284	394	2	1.0
4285	394	2	1.0
4286	394	2	1.0
4287	394	2	1.0
4288	395	2	1.0
4288	1437	2	1.0
4289	395	2	1.0
4290	395	2	1.0
4291	395	2	1.0
4292	396	2	1.0
4292	783	2	1.0
4293	396	2	1.0
4294	396	2	1.0
4295	398	2	1.0
4296	398	2	1.0
4297	398	2	1.0
4298	398	2	1.0
4299	398	2	1.0
4299	663	2	1.0
4299	1474	2	1.0
4300	399	2	1.0
4301	400	2	1.0
4302	400	2	1.0
4303	401	2	1.0
4304	401	2	1.0
4305	401	2	1.0
4306	401	2	1.0
4307	401	2	1.0
4308	401	2	1.0
4309	402	2	1.0
4310	402	2	1.0
4311	403	2	1.0
4312	403	2	1.0
4313	403	2	1.0
4314	403	2	1.0
4315	403	2	1.0
4316	403	2	1.0
4317	403	2	1.0
4318	404	2	1.0
4319	404	2	1.0
4320	404	2	1.0
4321	405	2	1.0
4321	416	2	1.0
4321	1582	2	1.0
4322	405	2	1.0
4323	405	2	1.0
4324	405	2	1.0
4325	406	2	1.0
4325	1583	2	1.0
4326	406	2	1.0
4327	406	2	1.0
4328	407	2	1.0
4329	407	2	1.0
4330	407	2	1.0
4331	407	2	1.0
4332	407	2	1.0
4333	407	2	1.0
4334	409	2	1.0
4335	409	2	1.0
4336	409	2	1.0
4337	409	2	1.0
4338	410	2	1.0
4339	410	2	1.0
4340	410	2	1.0
4341	410	2	1.0
4342	411	2	1.0
4343	411	2	1.0
4344	412	2	1.0
4345	412	2	1.0
4345	2517	2	1.0
4346	413	2	1.0
4347	413	2	1.0
4348	413	2	1.0
4349	413	2	1.0
4350	413	2	1.0
4351	413	2	1.0
4351	2101	2	1.0
4352	413	2	1.0
4352	2101	2	1.0
4352	2425	2	1.0
4353	414	2	1.0
4354	415	2	1.0
4354	2427	2	1.0
4355	415	2	1.0
4356	415	2	1.0
4356	2427	2	1.0
4357	415	2	1.0
4358	416	2	1.0
4359	416	2	1.0
4360	416	2	1.0
4361	417	2	1.0
4362	417	2	1.0
4363	417	2	1.0
4364	417	2	1.0
4364	995	2	1.0
4364	1919	2	1.0
4364	2684	2	1.0
4365	418	2	1.0
4366	418	2	1.0
4366	622	2	1.0
4367	418	2	1.0
4367	622	2	1.0
4368	418	2	1.0
4368	622	2	1.0
4368	1812	2	1.0
4368	2954	2	1.0
4369	419	2	1.0
4370	419	2	1.0
4370	425	2	1.0
4370	2472	2	1.0
4371	419	2	1.0
4372	419	2	1.0
4373	420	2	1.0
4374	420	2	1.0
4375	421	2	1.0
4376	421	2	1.0
4376	1233	2	1.0
4377	422	2	1.0
4377	444	2	1.0
4377	1221	2	1.0
4378	422	2	1.0
4379	423	2	1.0
4379	450	2	1.0
4380	423	2	1.0
4380	450	2	1.0
4380	1838	2	1.0
4380	2850	2	1.0
4381	423	2	1.0
4381	450	2	1.0
4382	423	2	1.0
4382	450	2	1.0
4383	424	2	1.0
4383	2848	2	1.0
4384	424	2	1.0
4385	424	2	1.0
4386	424	2	1.0
4386	2848	2	1.0
4387	425	2	1.0
4388	425	2	1.0
4389	426	2	1.0
4389	1602	2	1.0
4390	426	2	1.0
4390	1602	2	1.0
4391	426	2	1.0
4391	1602	2	1.0
4392	427	2	1.0
4393	427	2	1.0
4394	427	2	1.0
4395	427	2	1.0
4396	427	2	1.0
4397	428	2	1.0
4398	428	2	1.0
4399	428	2	1.0
4400	428	2	1.0
4400	1596	2	1.0
4401	429	2	1.0
4402	429	2	1.0
4402	1162	2	1.0
4402	1595	2	1.0
4402	2554	2	1.0
4403	430	2	1.0
4404	430	2	1.0
4405	431	2	1.0
4405	2859	2	1.0
4406	431	2	1.0
4406	2051	2	1.0
4407	431	2	1.0
4407	2858	2	1.0
4408	431	2	1.0
4409	431	2	1.0
4409	435	2	1.0
4409	441	2	1.0
4409	815	2	1.0
4409	892	2	1.0
4409	1604	2	1.0
4409	1701	2	1.0
4409	2204	2	1.0
4409	2469	2	1.0
4409	2476	2	1.0
4409	2787	2	1.0
4409	2859	2	1.0
4409	2863	2	1.0
4410	431	2	1.0
4410	435	2	1.0
4410	441	2	1.0
4410	892	2	1.0
4410	1604	2	1.0
4410	1701	2	1.0
4410	2469	2	1.0
4410	2849	2	1.0
4410	2863	2	1.0
4411	431	2	1.0
4412	432	2	1.0
4412	1605	2	1.0
4413	432	2	1.0
4413	1605	2	1.0
4414	432	2	1.0
4414	1605	2	1.0
4415	433	2	1.0
4416	433	2	1.0
4417	433	2	1.0
4418	433	2	1.0
4419	434	2	1.0
4420	434	2	1.0
4421	435	2	1.0
4421	1604	2	1.0
4421	2476	2	1.0
4421	2863	2	1.0
4422	435	2	1.0
4422	441	2	1.0
4423	435	2	1.0
4424	436	2	1.0
4425	436	2	1.0
4426	436	2	1.0
4427	436	2	1.0
4428	437	2	1.0
4429	437	2	1.0
4430	437	2	1.0
4430	607	2	1.0
4430	2861	2	1.0
4431	437	2	1.0
4432	437	2	1.0
4432	607	2	1.0
4432	2861	2	1.0
4433	438	2	1.0
4434	438	2	1.0
4435	439	2	1.0
4436	439	2	1.0
4437	439	2	1.0
4438	440	2	1.0
4438	850	2	1.0
4439	440	2	1.0
4440	440	2	1.0
4441	440	2	1.0
4441	850	2	1.0
4441	1593	2	1.0
4442	441	2	1.0
4442	815	2	1.0
4442	892	2	1.0
4442	2204	2	1.0
4443	441	2	1.0
4443	2077	2	1.0
4443	2859	2	1.0
4444	441	2	1.0
4444	2204	2	1.0
4444	2859	2	1.0
4445	442	2	1.0
4446	443	2	1.0
4447	443	2	1.0
4448	443	2	1.0
4449	444	2	1.0
4450	444	2	1.0
4451	445	2	1.0
4452	445	2	1.0
4452	834	2	1.0
4452	1931	2	1.0
4453	445	2	1.0
4454	445	2	1.0
4455	446	2	1.0
4456	446	2	1.0
4457	446	2	1.0
4457	2471	2	1.0
4458	446	2	1.0
4458	2088	2	1.0
4459	447	2	1.0
4460	447	2	1.0
4461	447	2	1.0
4462	447	2	1.0
4462	1603	2	1.0
4462	2556	2	1.0
4462	2851	2	1.0
4463	447	2	1.0
4464	448	2	1.0
4465	448	2	1.0
4466	449	2	1.0
4467	450	2	1.0
4467	1838	2	1.0
4468	450	2	1.0
4468	1838	2	1.0
4468	2856	2	1.0
4468	2857	2	1.0
4469	451	2	1.0
4470	451	2	1.0
4471	451	2	1.0
4472	452	2	1.0
4472	488	2	1.0
4472	1666	2	1.0
4473	452	2	1.0
4473	488	2	1.0
4473	510	2	1.0
4473	524	2	1.0
4473	531	2	1.0
4473	1666	2	1.0
4474	453	2	1.0
4474	496	2	1.0
4474	1194	2	1.0
4474	2251	2	1.0
4475	454	2	1.0
4476	454	2	1.0
4477	454	2	1.0
4478	455	2	1.0
4479	455	2	1.0
4480	455	2	1.0
4481	456	2	1.0
4482	456	2	1.0
4483	456	2	1.0
4484	456	2	1.0
4485	456	2	1.0
4486	457	2	1.0
4487	457	2	1.0
4488	458	2	1.0
4488	1172	2	1.0
4488	1667	2	1.0
4489	458	2	1.0
4489	1172	2	1.0
4490	458	2	1.0
4490	1172	2	1.0
4490	1667	2	1.0
4491	458	2	1.0
4491	1172	2	1.0
4491	1667	2	1.0
4492	459	2	1.0
4492	463	2	1.0
4492	595	2	1.0
4492	702	2	1.0
4492	709	2	1.0
4492	1632	2	1.0
4493	459	2	1.0
4493	463	2	1.0
4493	595	2	1.0
4493	702	2	1.0
4493	709	2	1.0
4493	1632	2	1.0
4494	460	2	1.0
4494	1173	2	1.0
4495	460	2	1.0
4495	1186	2	1.0
4496	460	2	1.0
4496	478	2	1.0
4496	1623	2	1.0
4497	461	2	1.0
4497	953	2	1.0
4498	461	2	1.0
4499	462	2	1.0
4500	462	2	1.0
4500	502	2	1.0
4500	506	2	1.0
4500	1665	2	1.0
4501	462	2	1.0
4502	462	2	1.0
4503	462	2	1.0
4503	2260	2	1.0
4504	462	2	1.0
4504	2260	2	1.0
4505	462	2	1.0
4506	462	2	1.0
4507	464	2	1.0
4507	478	2	1.0
4507	496	2	1.0
4508	464	2	1.0
4508	1198	2	1.0
4509	465	2	1.0
4510	465	2	1.0
4510	491	2	1.0
4511	465	2	1.0
4511	1645	2	1.0
4512	466	2	1.0
4512	1367	2	1.0
4512	2331	2	1.0
4513	466	2	1.0
4513	530	2	1.0
4513	1367	2	1.0
4513	1372	2	1.0
4513	1637	2	1.0
4513	1646	2	1.0
4513	2331	2	1.0
4513	2349	2	1.0
4514	466	2	1.0
4514	1367	2	1.0
4515	467	2	1.0
4516	467	2	1.0
4516	475	2	1.0
4517	467	2	1.0
4518	467	2	1.0
4519	467	2	1.0
4520	468	2	1.0
4521	468	2	1.0
4522	468	2	1.0
4523	469	2	1.0
4523	497	2	1.0
4523	2247	2	1.0
4524	469	2	1.0
4525	471	2	1.0
4525	535	2	1.0
4526	471	2	1.0
4527	471	2	1.0
4527	535	2	1.0
4528	471	2	1.0
4529	471	2	1.0
4529	535	2	1.0
4530	471	2	1.0
4531	472	2	1.0
4531	512	2	1.0
4531	1185	2	1.0
4531	1195	2	1.0
4532	472	2	1.0
4533	472	2	1.0
4534	473	2	1.0
4535	473	2	1.0
4536	473	2	1.0
4536	1210	2	1.0
4536	1648	2	1.0
4537	473	2	1.0
4538	473	2	1.0
4538	485	2	1.0
4538	518	2	1.0
4538	1210	2	1.0
4538	1648	2	1.0
4538	1669	2	1.0
4538	2246	2	1.0
4539	474	2	1.0
4540	474	2	1.0
4541	475	2	1.0
4541	1215	2	1.0
4541	1624	2	1.0
4541	1638	2	1.0
4541	2256	2	1.0
4541	2274	2	1.0
4542	475	2	1.0
4542	1616	2	1.0
4542	1624	2	1.0
4542	1647	2	1.0
4542	2256	2	1.0
4542	2274	2	1.0
4543	475	2	1.0
4543	492	2	1.0
4543	1215	2	1.0
4543	1624	2	1.0
4544	475	2	1.0
4544	509	2	1.0
4544	515	2	1.0
4544	1213	2	1.0
4544	1215	2	1.0
4544	1647	2	1.0
4545	475	2	1.0
4545	492	2	1.0
4545	509	2	1.0
4545	515	2	1.0
4545	1213	2	1.0
4545	1215	2	1.0
4545	1616	2	1.0
4545	1624	2	1.0
4545	1638	2	1.0
4545	1647	2	1.0
4545	2256	2	1.0
4545	2274	2	1.0
4546	476	2	1.0
4547	476	2	1.0
4547	491	2	1.0
4547	1641	2	1.0
4548	477	2	1.0
4549	477	2	1.0
4550	477	2	1.0
4550	480	2	1.0
4551	478	2	1.0
4551	485	2	1.0
4551	496	2	1.0
4551	518	2	1.0
4551	1210	2	1.0
4551	1669	2	1.0
4551	2246	2	1.0
4552	478	2	1.0
4552	1171	2	1.0
4552	1655	2	1.0
4553	478	2	1.0
4553	1171	2	1.0
4554	478	2	1.0
4554	1171	2	1.0
4554	1655	2	1.0
4555	478	2	1.0
4556	478	2	1.0
4556	496	2	1.0
4556	1405	2	1.0
4557	478	2	1.0
4557	1171	2	1.0
4558	478	2	1.0
4558	496	2	1.0
4558	1186	2	1.0
4558	2749	2	1.0
4558	2754	2	1.0
4558	2755	2	1.0
4559	479	2	1.0
4559	504	2	1.0
4559	1633	2	1.0
4560	479	2	1.0
4561	479	2	1.0
4562	480	2	1.0
4562	524	2	1.0
4563	480	2	1.0
4564	480	2	1.0
4564	1173	2	1.0
4565	480	2	1.0
4565	1623	2	1.0
4566	480	2	1.0
4566	1658	2	1.0
4567	481	2	1.0
4568	481	2	1.0
4569	482	2	1.0
4570	482	2	1.0
4570	1629	2	1.0
4570	2704	2	1.0
4571	483	2	1.0
4571	2186	2	1.0
4571	2342	2	1.0
4572	483	2	1.0
4572	2186	2	1.0
4572	2342	2	1.0
4573	483	2	1.0
4574	483	2	1.0
4575	484	2	1.0
4576	484	2	1.0
4577	484	2	1.0
4578	485	2	1.0
4578	518	2	1.0
4578	533	2	1.0
4578	1617	2	1.0
4579	485	2	1.0
4580	485	2	1.0
4581	485	2	1.0
4582	485	2	1.0
4583	485	2	1.0
4584	485	2	1.0
4584	533	2	1.0
4585	485	2	1.0
4585	518	2	1.0
4585	1210	2	1.0
4585	1669	2	1.0
4585	2246	2	1.0
4586	485	2	1.0
4587	486	2	1.0
4587	1618	2	1.0
4588	486	2	1.0
4588	1618	2	1.0
4589	486	2	1.0
4589	1618	2	1.0
4590	486	2	1.0
4590	1618	2	1.0
4591	487	2	1.0
4592	487	2	1.0
4593	487	2	1.0
4594	488	2	1.0
4594	524	2	1.0
4595	489	2	1.0
4596	489	2	1.0
4596	1075	2	1.0
4597	489	2	1.0
4597	1075	2	1.0
4597	2660	2	1.0
4598	489	2	1.0
4599	490	2	1.0
4600	490	2	1.0
4601	490	2	1.0
4602	490	2	1.0
4603	491	2	1.0
4604	491	2	1.0
4604	1641	2	1.0
4605	492	2	1.0
4605	1616	2	1.0
4605	1638	2	1.0
4606	492	2	1.0
4606	515	2	1.0
4606	1213	2	1.0
4606	1616	2	1.0
4606	1647	2	1.0
4606	2256	2	1.0
4607	493	2	1.0
4607	1175	2	1.0
4607	2248	2	1.0
4608	493	2	1.0
4608	1175	2	1.0
4609	493	2	1.0
4609	1175	2	1.0
4609	2248	2	1.0
4609	2273	2	1.0
4610	493	2	1.0
4610	1175	2	1.0
4610	1303	2	1.0
4610	1459	2	1.0
4610	1961	2	1.0
4610	2248	2	1.0
4610	2273	2	1.0
4610	2929	2	1.0
4611	494	2	1.0
4612	494	2	1.0
4613	494	2	1.0
4614	495	2	1.0
4614	2352	2	1.0
4615	496	2	1.0
4615	2754	2	1.0
4616	496	2	1.0
4616	525	2	1.0
4616	2749	2	1.0
4616	2754	2	1.0
4616	2755	2	1.0
4617	498	2	1.0
4618	498	2	1.0
4619	499	2	1.0
4620	499	2	1.0
4621	500	2	1.0
4621	1639	2	1.0
4621	1652	2	1.0
4622	500	2	1.0
4622	1199	2	1.0
4622	1639	2	1.0
4622	1652	2	1.0
4622	2254	2	1.0
4623	500	2	1.0
4623	1199	2	1.0
4623	1639	2	1.0
4623	1652	2	1.0
4623	2183	2	1.0
4623	2254	2	1.0
4624	501	2	1.0
4625	501	2	1.0
4625	1186	2	1.0
4626	502	2	1.0
4627	503	2	1.0
4628	503	2	1.0
4628	1180	2	1.0
4629	504	2	1.0
4630	504	2	1.0
4631	505	2	1.0
4631	1206	2	1.0
4631	1630	2	1.0
4631	1650	2	1.0
4631	2277	2	1.0
4632	505	2	1.0
4632	1206	2	1.0
4632	1630	2	1.0
4632	1650	2	1.0
4632	2255	2	1.0
4632	2257	2	1.0
4632	2261	2	1.0
4632	2277	2	1.0
4633	507	2	1.0
4634	507	2	1.0
4635	507	2	1.0
4636	508	2	1.0
4636	522	2	1.0
4636	1189	2	1.0
4636	1190	2	1.0
4637	508	2	1.0
4638	508	2	1.0
4639	510	2	1.0
4639	524	2	1.0
4639	531	2	1.0
4639	1186	2	1.0
4639	1666	2	1.0
4640	510	2	1.0
4641	510	2	1.0
4641	1186	2	1.0
4642	511	2	1.0
4642	2562	2	1.0
4643	511	2	1.0
4644	511	2	1.0
4645	511	2	1.0
4646	512	2	1.0
4646	1185	2	1.0
4646	1195	2	1.0
4647	512	2	1.0
4647	1185	2	1.0
4647	1195	2	1.0
4648	513	2	1.0
4648	1174	2	1.0
4648	1176	2	1.0
4648	1201	2	1.0
4648	1202	2	1.0
4648	2249	2	1.0
4648	2265	2	1.0
4648	2846	2	1.0
4649	513	2	1.0
4649	1202	2	1.0
4650	513	2	1.0
4650	1202	2	1.0
4651	513	2	1.0
4651	2249	2	1.0
4651	2846	2	1.0
4652	513	2	1.0
4652	1201	2	1.0
4652	1202	2	1.0
4652	2846	2	1.0
4653	514	2	1.0
4654	514	2	1.0
4655	514	2	1.0
4656	515	2	1.0
4656	1616	2	1.0
4656	1638	2	1.0
4657	516	2	1.0
4658	516	2	1.0
4659	516	2	1.0
4660	516	2	1.0
4661	516	2	1.0
4662	517	2	1.0
4662	526	2	1.0
4662	1650	2	1.0
4662	2257	2	1.0
4662	2261	2	1.0
4663	517	2	1.0
4663	526	2	1.0
4664	517	2	1.0
4665	517	2	1.0
4665	526	2	1.0
4666	517	2	1.0
4666	526	2	1.0
4666	2264	2	1.0
4667	518	2	1.0
4667	1210	2	1.0
4668	518	2	1.0
4668	1210	2	1.0
4669	519	2	1.0
4669	1187	2	1.0
4669	1631	2	1.0
4670	519	2	1.0
4670	532	2	1.0
4670	1187	2	1.0
4670	1203	2	1.0
4670	1631	2	1.0
4671	519	2	1.0
4671	1182	2	1.0
4672	519	2	1.0
4672	532	2	1.0
4672	1187	2	1.0
4673	519	2	1.0
4673	532	2	1.0
4673	1182	2	1.0
4673	1187	2	1.0
4673	1203	2	1.0
4673	1415	2	1.0
4673	1631	2	1.0
4673	1673	2	1.0
4673	2275	2	1.0
4674	520	2	1.0
4675	520	2	1.0
4676	520	2	1.0
4677	521	2	1.0
4678	522	2	1.0
4679	522	2	1.0
4680	522	2	1.0
4681	523	2	1.0
4682	523	2	1.0
4683	523	2	1.0
4684	523	2	1.0
4685	524	2	1.0
4686	525	2	1.0
4687	525	2	1.0
4688	525	2	1.0
4688	1183	2	1.0
4688	1194	2	1.0
4688	2266	2	1.0
4689	525	2	1.0
4689	529	2	1.0
4690	526	2	1.0
4691	527	2	1.0
4691	680	2	1.0
4692	527	2	1.0
4693	527	2	1.0
4694	528	2	1.0
4695	528	2	1.0
4695	2037	2	1.0
4696	528	2	1.0
4697	528	2	1.0
4697	1626	2	1.0
4698	529	2	1.0
4699	530	2	1.0
4700	531	2	1.0
4700	1666	2	1.0
4701	532	2	1.0
4701	1283	2	1.0
4701	2232	2	1.0
4701	2275	2	1.0
4702	532	2	1.0
4703	532	2	1.0
4703	1283	2	1.0
4704	532	2	1.0
4704	1283	2	1.0
4704	1290	2	1.0
4704	2232	2	1.0
4704	2275	2	1.0
4704	2984	2	1.0
4705	533	2	1.0
4706	534	2	1.0
4706	1374	2	1.0
4707	534	2	1.0
4707	1374	2	1.0
4708	535	2	1.0
4708	1640	2	1.0
4709	536	2	1.0
4709	1956	2	1.0
4709	2340	2	1.0
4710	536	2	1.0
4711	536	2	1.0
4712	537	2	1.0
4713	537	2	1.0
4714	537	2	1.0
4715	538	2	1.0
4715	1206	2	1.0
4715	2255	2	1.0
4715	2267	2	1.0
4716	538	2	1.0
4716	2255	2	1.0
4717	538	2	1.0
4717	1206	2	1.0
4718	538	2	1.0
4718	1206	2	1.0
4718	2255	2	1.0
4718	2267	2	1.0
4718	2885	2	1.0
4719	539	2	1.0
4719	1538	2	1.0
4720	540	2	1.0
4720	1726	2	1.0
4721	540	2	1.0
4722	540	2	1.0
4723	540	2	1.0
4723	1726	2	1.0
4724	540	2	1.0
4725	541	2	1.0
4726	541	2	1.0
4727	541	2	1.0
4728	541	2	1.0
4729	541	2	1.0
4729	989	2	1.0
4730	541	2	1.0
4730	912	2	1.0
4730	985	2	1.0
4730	989	2	1.0
4731	541	2	1.0
4732	542	2	1.0
4733	542	2	1.0
4734	542	2	1.0
4735	542	2	1.0
4736	542	2	1.0
4736	551	2	1.0
4736	623	2	1.0
4736	979	2	1.0
4736	2956	2	1.0
4737	543	2	1.0
4737	2214	2	1.0
4738	543	2	1.0
4738	2214	2	1.0
4739	543	2	1.0
4739	580	2	1.0
4739	583	2	1.0
4739	2214	2	1.0
4740	543	2	1.0
4740	580	2	1.0
4740	583	2	1.0
4740	2214	2	1.0
4741	544	2	1.0
4741	861	2	1.0
4742	545	2	1.0
4742	551	2	1.0
4742	979	2	1.0
4742	1694	2	1.0
4742	2218	2	1.0
4743	545	2	1.0
4743	551	2	1.0
4743	623	2	1.0
4743	979	2	1.0
4743	1694	2	1.0
4743	1723	2	1.0
4743	2218	2	1.0
4743	2687	2	1.0
4743	2942	2	1.0
4744	545	2	1.0
4745	545	2	1.0
4745	612	2	1.0
4745	973	2	1.0
4745	990	2	1.0
4745	1724	2	1.0
4745	2218	2	1.0
4746	546	2	1.0
4747	546	2	1.0
4747	626	2	1.0
4748	547	2	1.0
4748	554	2	1.0
4749	547	2	1.0
4750	547	2	1.0
4750	2216	2	1.0
4751	547	2	1.0
4751	551	2	1.0
4751	562	2	1.0
4751	581	2	1.0
4751	623	2	1.0
4751	969	2	1.0
4751	979	2	1.0
4751	1694	2	1.0
4751	1813	2	1.0
4751	1913	2	1.0
4751	2215	2	1.0
4751	2216	2	1.0
4751	2686	2	1.0
4751	2687	2	1.0
4752	548	2	1.0
4753	548	2	1.0
4754	548	2	1.0
4755	548	2	1.0
4756	548	2	1.0
4756	2672	2	1.0
4757	548	2	1.0
4757	753	2	1.0
4757	2672	2	1.0
4758	549	2	1.0
4759	549	2	1.0
4759	2774	2	1.0
4760	549	2	1.0
4761	549	2	1.0
4761	2615	2	1.0
4762	550	2	1.0
4763	550	2	1.0
4764	550	2	1.0
4765	551	2	1.0
4765	623	2	1.0
4765	2216	2	1.0
4765	2614	2	1.0
4766	551	2	1.0
4767	552	2	1.0
4767	993	2	1.0
4767	2943	2	1.0
4768	552	2	1.0
4768	580	2	1.0
4768	993	2	1.0
4769	552	2	1.0
4769	2943	2	1.0
4770	552	2	1.0
4770	2943	2	1.0
4771	552	2	1.0
4771	580	2	1.0
4771	621	2	1.0
4771	2222	2	1.0
4771	2943	2	1.0
4772	553	2	1.0
4773	553	2	1.0
4773	1717	2	1.0
4774	553	2	1.0
4774	1586	2	1.0
4775	554	2	1.0
4776	554	2	1.0
4776	863	2	1.0
4776	1921	2	1.0
4777	555	2	1.0
4778	555	2	1.0
4779	555	2	1.0
4779	978	2	1.0
4780	556	2	1.0
4781	556	2	1.0
4781	619	2	1.0
4782	556	2	1.0
4782	619	2	1.0
4782	965	2	1.0
4782	1723	2	1.0
4782	2219	2	1.0
4783	556	2	1.0
4783	561	2	1.0
4783	619	2	1.0
4783	620	2	1.0
4783	2219	2	1.0
4784	556	2	1.0
4784	561	2	1.0
4784	619	2	1.0
4784	620	2	1.0
4784	965	2	1.0
4784	2219	2	1.0
4785	556	2	1.0
4786	556	2	1.0
4786	620	2	1.0
4787	557	2	1.0
4787	2500	2	1.0
4788	557	2	1.0
4789	557	2	1.0
4790	558	2	1.0
4791	559	2	1.0
4792	559	2	1.0
4793	559	2	1.0
4794	560	2	1.0
4795	560	2	1.0
4795	902	2	1.0
4795	2217	2	1.0
4796	560	2	1.0
4796	902	2	1.0
4797	560	2	1.0
4797	2053	2	1.0
4798	561	2	1.0
4798	620	2	1.0
4798	1717	2	1.0
4799	561	2	1.0
4800	561	2	1.0
4800	620	2	1.0
4800	1717	2	1.0
4801	562	2	1.0
4801	2215	2	1.0
4801	2216	2	1.0
4802	562	2	1.0
4802	2216	2	1.0
4803	562	2	1.0
4804	562	2	1.0
4804	1913	2	1.0
4805	562	2	1.0
4805	1913	2	1.0
4805	2524	2	1.0
4806	562	2	1.0
4806	2216	2	1.0
4807	563	2	1.0
4808	564	2	1.0
4809	564	2	1.0
4810	565	2	1.0
4810	1114	2	1.0
4811	565	2	1.0
4812	565	2	1.0
4813	566	2	1.0
4814	566	2	1.0
4815	566	2	1.0
4815	1296	2	1.0
4816	566	2	1.0
4816	1075	2	1.0
4816	1296	2	1.0
4816	2023	2	1.0
4817	566	2	1.0
4817	1296	2	1.0
4818	567	2	1.0
4818	1761	2	1.0
4819	567	2	1.0
4819	1761	2	1.0
4820	567	2	1.0
4820	1761	2	1.0
4821	568	2	1.0
4822	569	2	1.0
4823	569	2	1.0
4824	569	2	1.0
4825	569	2	1.0
4825	1307	2	1.0
4826	570	2	1.0
4827	570	2	1.0
4828	570	2	1.0
4829	570	2	1.0
4830	571	2	1.0
4830	1860	2	1.0
4831	571	2	1.0
4832	571	2	1.0
4833	571	2	1.0
4834	571	2	1.0
4835	571	2	1.0
4835	1276	2	1.0
4835	1320	2	1.0
4835	1999	2	1.0
4835	2004	2	1.0
4835	2827	2	1.0
4836	572	2	1.0
4837	572	2	1.0
4838	572	2	1.0
4839	572	2	1.0
4840	573	2	1.0
4841	573	2	1.0
4842	574	2	1.0
4842	669	2	1.0
4842	2071	2	1.0
4843	574	2	1.0
4844	574	2	1.0
4844	668	2	1.0
4844	669	2	1.0
4844	2071	2	1.0
4844	2995	2	1.0
4845	575	2	1.0
4846	575	2	1.0
4847	575	2	1.0
4848	575	2	1.0
4849	576	2	1.0
4850	576	2	1.0
4851	577	2	1.0
4852	577	2	1.0
4853	577	2	1.0
4854	578	2	1.0
4855	578	2	1.0
4855	1690	2	1.0
4855	2867	2	1.0
4856	578	2	1.0
4857	579	2	1.0
4857	1030	2	1.0
4858	579	2	1.0
4858	1030	2	1.0
4859	579	2	1.0
4859	1030	2	1.0
4860	580	2	1.0
4860	583	2	1.0
4861	580	2	1.0
4861	1001	2	1.0
4861	1920	2	1.0
4862	581	2	1.0
4862	1813	2	1.0
4863	581	2	1.0
4863	1813	2	1.0
4864	582	2	1.0
4865	582	2	1.0
4866	582	2	1.0
4866	1690	2	1.0
4867	583	2	1.0
4868	583	2	1.0
4869	583	2	1.0
4870	583	2	1.0
4871	584	2	1.0
4872	584	2	1.0
4873	584	2	1.0
4874	585	2	1.0
4874	1703	2	1.0
4874	1708	2	1.0
4875	585	2	1.0
4875	1703	2	1.0
4876	586	2	1.0
4876	588	2	1.0
4876	1704	2	1.0
4876	1705	2	1.0
4876	1712	2	1.0
4876	2463	2	1.0
4877	586	2	1.0
4877	588	2	1.0
4877	2463	2	1.0
4877	2465	2	1.0
4878	586	2	1.0
4879	587	2	1.0
4879	589	2	1.0
4879	2464	2	1.0
4880	587	2	1.0
4881	588	2	1.0
4881	1705	2	1.0
4881	1707	2	1.0
4882	589	2	1.0
4882	590	2	1.0
4882	1704	2	1.0
4882	1707	2	1.0
4882	1710	2	1.0
4882	2465	2	1.0
4883	589	2	1.0
4884	590	2	1.0
4885	590	2	1.0
4885	1704	2	1.0
4885	1710	2	1.0
4886	591	2	1.0
4886	593	2	1.0
4886	2464	2	1.0
4887	591	2	1.0
4887	593	2	1.0
4888	592	2	1.0
4888	1706	2	1.0
4889	592	2	1.0
4889	1706	2	1.0
4890	594	2	1.0
4891	594	2	1.0
4891	2813	2	1.0
4892	594	2	1.0
4893	594	2	1.0
4894	594	2	1.0
4895	594	2	1.0
4896	596	2	1.0
4897	596	2	1.0
4898	596	2	1.0
4899	597	2	1.0
4900	597	2	1.0
4901	597	2	1.0
4902	597	2	1.0
4903	598	2	1.0
4904	599	2	1.0
4905	600	2	1.0
4906	602	2	1.0
4907	602	2	1.0
4908	602	2	1.0
4909	602	2	1.0
4910	603	2	1.0
4911	603	2	1.0
4912	603	2	1.0
4913	604	2	1.0
4914	604	2	1.0
4915	604	2	1.0
4916	605	2	1.0
4916	960	2	1.0
4916	1900	2	1.0
4917	605	2	1.0
4917	960	2	1.0
4918	606	2	1.0
4919	608	2	1.0
4920	608	2	1.0
4921	609	2	1.0
4921	1716	2	1.0
4922	609	2	1.0
4922	1716	2	1.0
4923	609	2	1.0
4923	1716	2	1.0
4924	611	2	1.0
4924	992	2	1.0
4924	2217	2	1.0
4925	611	2	1.0
4926	611	2	1.0
4926	992	2	1.0
4926	2217	2	1.0
4927	612	2	1.0
4927	1724	2	1.0
4928	612	2	1.0
4928	1724	2	1.0
4929	612	2	1.0
4929	624	2	1.0
4929	1507	2	1.0
4929	1724	2	1.0
4929	2663	2	1.0
4930	613	2	1.0
4931	613	2	1.0
4932	613	2	1.0
4933	613	2	1.0
4934	614	2	1.0
4934	1756	2	1.0
4935	614	2	1.0
4935	1756	2	1.0
4936	614	2	1.0
4937	614	2	1.0
4938	614	2	1.0
4938	1756	2	1.0
4939	615	2	1.0
4939	916	2	1.0
4939	918	2	1.0
4939	989	2	1.0
4939	1922	2	1.0
4940	615	2	1.0
4940	1922	2	1.0
4941	615	2	1.0
4941	916	2	1.0
4941	989	2	1.0
4942	616	2	1.0
4943	616	2	1.0
4944	617	2	1.0
4945	617	2	1.0
4945	2220	2	1.0
4946	617	2	1.0
4947	617	2	1.0
4947	2983	2	1.0
4948	618	2	1.0
4948	996	2	1.0
4948	2223	2	1.0
4949	618	2	1.0
4949	965	2	1.0
4949	996	2	1.0
4949	1449	2	1.0
4949	2223	2	1.0
4949	2662	2	1.0
4949	2869	2	1.0
4950	618	2	1.0
4950	621	2	1.0
4950	871	2	1.0
4950	965	2	1.0
4950	972	2	1.0
4950	988	2	1.0
4950	991	2	1.0
4950	993	2	1.0
4950	996	2	1.0
4950	1449	2	1.0
4950	1810	2	1.0
4950	2222	2	1.0
4950	2223	2	1.0
4950	2662	2	1.0
4950	2869	2	1.0
4950	2944	2	1.0
4950	2945	2	1.0
4951	618	2	1.0
4951	621	2	1.0
4951	871	2	1.0
4951	965	2	1.0
4951	972	2	1.0
4951	991	2	1.0
4951	993	2	1.0
4951	996	2	1.0
4951	1140	2	1.0
4951	1449	2	1.0
4951	1807	2	1.0
4951	1810	2	1.0
4951	2222	2	1.0
4951	2223	2	1.0
4951	2662	2	1.0
4951	2869	2	1.0
4951	2944	2	1.0
4951	2945	2	1.0
4952	619	2	1.0
4952	628	2	1.0
4952	901	2	1.0
4952	997	2	1.0
4953	619	2	1.0
4953	628	2	1.0
4953	901	2	1.0
4953	997	2	1.0
4953	2109	2	1.0
4954	620	2	1.0
4955	621	2	1.0
4955	965	2	1.0
4955	988	2	1.0
4955	2222	2	1.0
4956	621	2	1.0
4956	993	2	1.0
4957	621	2	1.0
4957	2222	2	1.0
4958	621	2	1.0
4958	988	2	1.0
4958	1810	2	1.0
4959	621	2	1.0
4959	2944	2	1.0
4960	621	2	1.0
4960	991	2	1.0
4960	993	2	1.0
4960	1140	2	1.0
4960	1810	2	1.0
4960	2222	2	1.0
4961	623	2	1.0
4962	623	2	1.0
4962	2686	2	1.0
4963	623	2	1.0
4963	1464	2	1.0
4963	2524	2	1.0
4964	624	2	1.0
4964	2663	2	1.0
4965	624	2	1.0
4966	625	2	1.0
4966	1530	2	1.0
4967	625	2	1.0
4968	625	2	1.0
4968	1530	2	1.0
4969	625	2	1.0
4969	2281	2	1.0
4970	625	2	1.0
4970	2281	2	1.0
4971	626	2	1.0
4972	626	2	1.0
4973	626	2	1.0
4974	626	2	1.0
4974	1817	2	1.0
4975	627	2	1.0
4976	627	2	1.0
4977	627	2	1.0
4978	627	2	1.0
4979	627	2	1.0
4979	978	2	1.0
4979	2666	2	1.0
4980	627	2	1.0
4981	627	2	1.0
4982	628	2	1.0
4983	628	2	1.0
4984	628	2	1.0
4985	629	2	1.0
4986	629	2	1.0
4986	949	2	1.0
4986	1537	2	1.0
4987	629	2	1.0
4987	650	2	1.0
4987	948	2	1.0
4987	1393	2	1.0
4987	2114	2	1.0
4988	629	2	1.0
4989	629	2	1.0
4989	650	2	1.0
4990	630	2	1.0
4991	630	2	1.0
4992	630	2	1.0
4993	631	2	1.0
4994	632	2	1.0
4995	632	2	1.0
4996	633	2	1.0
4996	967	2	1.0
4997	633	2	1.0
4997	967	2	1.0
4998	634	2	1.0
4999	634	2	1.0
4999	2541	2	1.0
5000	634	2	1.0
5001	635	2	1.0
5002	636	2	1.0
5003	636	2	1.0
5003	2345	2	1.0
5003	2726	2	1.0
5004	637	2	1.0
5005	637	2	1.0
5006	637	2	1.0
5007	638	2	1.0
5007	1758	2	1.0
5008	638	2	1.0
5008	1758	2	1.0
5008	2429	2	1.0
5009	638	2	1.0
5009	1758	2	1.0
5009	2101	2	1.0
5009	2429	2	1.0
5010	639	2	1.0
5011	640	2	1.0
5012	640	2	1.0
5012	1740	2	1.0
5013	640	2	1.0
5013	1740	2	1.0
5014	641	2	1.0
5014	1738	2	1.0
5015	641	2	1.0
5015	644	2	1.0
5015	1738	2	1.0
5016	641	2	1.0
5016	1738	2	1.0
5017	641	2	1.0
5018	642	2	1.0
5018	1739	2	1.0
5018	2654	2	1.0
5019	642	2	1.0
5019	1545	2	1.0
5019	1739	2	1.0
5019	2647	2	1.0
5019	2654	2	1.0
5019	2748	2	1.0
5020	642	2	1.0
5020	1739	2	1.0
5020	2654	2	1.0
5021	643	2	1.0
5021	2656	2	1.0
5022	643	2	1.0
5023	645	2	1.0
5024	645	2	1.0
5025	645	2	1.0
5025	2977	2	1.0
5026	645	2	1.0
5027	645	2	1.0
5028	645	2	1.0
5029	645	2	1.0
5030	645	2	1.0
5031	645	2	1.0
5032	645	2	1.0
5033	645	2	1.0
5034	645	2	1.0
5035	645	2	1.0
5035	646	2	1.0
5036	645	2	1.0
5037	645	2	1.0
5037	646	2	1.0
5038	646	2	1.0
5039	646	2	1.0
5040	646	2	1.0
5041	647	2	1.0
5042	647	2	1.0
5042	1756	2	1.0
5043	647	2	1.0
5043	990	2	1.0
5044	647	2	1.0
5044	1756	2	1.0
5045	648	2	1.0
5045	2982	2	1.0
5046	648	2	1.0
5046	650	2	1.0
5046	948	2	1.0
5046	1393	2	1.0
5046	2114	2	1.0
5046	2982	2	1.0
5047	648	2	1.0
5048	648	2	1.0
5049	649	2	1.0
5049	1539	2	1.0
5050	649	2	1.0
5051	649	2	1.0
5051	651	2	1.0
5051	951	2	1.0
5051	2779	2	1.0
5052	649	2	1.0
5052	1539	2	1.0
5052	1756	2	1.0
5053	650	2	1.0
5054	651	2	1.0
5055	652	2	1.0
5056	652	2	1.0
5057	653	2	1.0
5057	1746	2	1.0
5057	2923	2	1.0
5058	653	2	1.0
5059	653	2	1.0
5060	653	2	1.0
5061	653	2	1.0
5062	654	2	1.0
5062	661	2	1.0
5062	1113	2	1.0
5062	1115	2	1.0
5062	1485	2	1.0
5062	2165	2	1.0
5063	654	2	1.0
5063	661	2	1.0
5063	1113	2	1.0
5063	1115	2	1.0
5063	1485	2	1.0
5063	2737	2	1.0
5064	654	2	1.0
5064	661	2	1.0
5065	654	2	1.0
5065	661	2	1.0
5066	654	2	1.0
5066	661	2	1.0
5066	1113	2	1.0
5066	1115	2	1.0
5066	1485	2	1.0
5066	2162	2	1.0
5066	2165	2	1.0
5066	2737	2	1.0
5067	655	2	1.0
5068	655	2	1.0
5069	655	2	1.0
5070	656	2	1.0
5070	1750	2	1.0
5070	2739	2	1.0
5071	656	2	1.0
5072	656	2	1.0
5073	657	2	1.0
5074	658	2	1.0
5074	2161	2	1.0
5075	658	2	1.0
5076	658	2	1.0
5077	659	2	1.0
5078	660	2	1.0
5078	2066	2	1.0
5079	660	2	1.0
5080	660	2	1.0
5080	2066	2	1.0
5081	662	2	1.0
5082	662	2	1.0
5083	662	2	1.0
5084	662	2	1.0
5085	662	2	1.0
5086	662	2	1.0
5087	663	2	1.0
5088	663	2	1.0
5089	663	2	1.0
5090	663	2	1.0
5091	663	2	1.0
5092	664	2	1.0
5093	664	2	1.0
5094	664	2	1.0
5095	664	2	1.0
5096	664	2	1.0
5097	665	2	1.0
5097	2998	2	1.0
5098	665	2	1.0
5099	665	2	1.0
5099	1466	2	1.0
5099	1467	2	1.0
5099	1929	2	1.0
5099	2671	2	1.0
5099	2998	2	1.0
5100	666	2	1.0
5101	666	2	1.0
5102	666	2	1.0
5102	1759	2	1.0
5102	2280	2	1.0
5103	666	2	1.0
5103	1759	2	1.0
5103	2280	2	1.0
5104	667	2	1.0
5105	667	2	1.0
5106	668	2	1.0
5107	668	2	1.0
5108	668	2	1.0
5108	1462	2	1.0
5108	2528	2	1.0
5108	2995	2	1.0
5109	669	2	1.0
5110	670	2	1.0
5110	672	2	1.0
5110	1837	2	1.0
5111	671	2	1.0
5112	672	2	1.0
5112	1837	2	1.0
5112	2512	2	1.0
5113	673	2	1.0
5114	673	2	1.0
5115	673	2	1.0
5116	673	2	1.0
5117	674	2	1.0
5118	674	2	1.0
5119	675	2	1.0
5120	675	2	1.0
5120	1818	2	1.0
5121	675	2	1.0
5122	675	2	1.0
5122	1817	2	1.0
5123	676	2	1.0
5123	2048	2	1.0
5123	2576	2	1.0
5124	676	2	1.0
5124	2048	2	1.0
5124	2576	2	1.0
5125	677	2	1.0
5126	677	2	1.0
5127	677	2	1.0
5128	677	2	1.0
5129	677	2	1.0
5130	678	2	1.0
5131	678	2	1.0
5132	679	2	1.0
5133	679	2	1.0
5134	679	2	1.0
5135	680	2	1.0
5136	680	2	1.0
5137	681	2	1.0
5137	1772	2	1.0
5137	2513	2	1.0
5138	681	2	1.0
5139	681	2	1.0
5139	1772	2	1.0
5140	681	2	1.0
5140	1772	2	1.0
5140	2513	2	1.0
5141	682	2	1.0
5142	682	2	1.0
5143	683	2	1.0
5143	2448	2	1.0
5144	683	2	1.0
5144	2448	2	1.0
5145	684	2	1.0
5146	684	2	1.0
5147	684	2	1.0
5148	685	2	1.0
5149	685	2	1.0
5149	1481	2	1.0
5149	2369	2	1.0
5150	686	2	1.0
5151	686	2	1.0
5152	687	2	1.0
5152	2392	2	1.0
5153	687	2	1.0
5153	2392	2	1.0
5154	688	2	1.0
5154	1523	2	1.0
5154	2387	2	1.0
5154	2408	2	1.0
5155	689	2	1.0
5156	690	2	1.0
5157	690	2	1.0
5158	690	2	1.0
5159	692	2	1.0
5160	692	2	1.0
5161	692	2	1.0
5162	692	2	1.0
5163	693	2	1.0
5164	693	2	1.0
5164	1493	2	1.0
5165	693	2	1.0
5166	694	2	1.0
5166	1483	2	1.0
5167	694	2	1.0
5167	1483	2	1.0
5168	694	2	1.0
5169	694	2	1.0
5170	694	2	1.0
5170	1493	2	1.0
5171	695	2	1.0
5172	695	2	1.0
5173	696	2	1.0
5173	1487	2	1.0
5174	696	2	1.0
5174	1488	2	1.0
5175	696	2	1.0
5175	2424	2	1.0
5176	697	2	1.0
5177	697	2	1.0
5178	699	2	1.0
5179	699	2	1.0
5179	1933	2	1.0
5180	699	2	1.0
5180	1941	2	1.0
5181	700	2	1.0
5182	700	2	1.0
5183	700	2	1.0
5183	722	2	1.0
5183	1941	2	1.0
5183	2633	2	1.0
5183	2644	2	1.0
5184	701	2	1.0
5185	701	2	1.0
5185	760	2	1.0
5186	703	2	1.0
5187	703	2	1.0
5188	703	2	1.0
5189	703	2	1.0
5190	703	2	1.0
5191	703	2	1.0
5192	704	2	1.0
5193	704	2	1.0
5194	704	2	1.0
5195	704	2	1.0
5196	704	2	1.0
5197	705	2	1.0
5198	705	2	1.0
5199	705	2	1.0
5200	705	2	1.0
5201	705	2	1.0
5202	705	2	1.0
5203	706	2	1.0
5204	707	2	1.0
5205	707	2	1.0
5206	707	2	1.0
5207	707	2	1.0
5208	708	2	1.0
5209	708	2	1.0
5210	708	2	1.0
5211	710	2	1.0
5212	710	2	1.0
5212	1942	2	1.0
5213	710	2	1.0
5214	711	2	1.0
5215	711	2	1.0
5216	711	2	1.0
5217	711	2	1.0
5218	712	2	1.0
5218	722	2	1.0
5219	712	2	1.0
5219	722	2	1.0
5220	712	2	1.0
5221	713	2	1.0
5222	713	2	1.0
5223	713	2	1.0
5224	713	2	1.0
5225	714	2	1.0
5226	714	2	1.0
5227	714	2	1.0
5228	714	2	1.0
5228	717	2	1.0
5229	715	2	1.0
5229	1945	2	1.0
5229	1949	2	1.0
5229	2621	2	1.0
5230	715	2	1.0
5230	1949	2	1.0
5231	715	2	1.0
5232	716	2	1.0
5233	716	2	1.0
5234	716	2	1.0
5234	759	2	1.0
5235	717	2	1.0
5236	717	2	1.0
5237	717	2	1.0
5238	718	2	1.0
5239	719	2	1.0
5240	719	2	1.0
5241	719	2	1.0
5242	719	2	1.0
5243	720	2	1.0
5244	720	2	1.0
5244	1546	2	1.0
5245	720	2	1.0
5245	755	2	1.0
5246	721	2	1.0
5247	723	2	1.0
5247	2639	2	1.0
5248	723	2	1.0
5248	2639	2	1.0
5249	724	2	1.0
5250	724	2	1.0
5251	724	2	1.0
5252	724	2	1.0
5253	725	2	1.0
5254	725	2	1.0
5255	725	2	1.0
5256	726	2	1.0
5257	726	2	1.0
5258	726	2	1.0
5259	726	2	1.0
5260	726	2	1.0
5261	727	2	1.0
5262	727	2	1.0
5263	727	2	1.0
5264	728	2	1.0
5264	746	2	1.0
5265	728	2	1.0
5265	746	2	1.0
5266	728	2	1.0
5266	746	2	1.0
5267	729	2	1.0
5267	761	2	1.0
5268	729	2	1.0
5268	761	2	1.0
5269	729	2	1.0
5270	729	2	1.0
5270	761	2	1.0
5271	729	2	1.0
5271	761	2	1.0
5272	730	2	1.0
5273	730	2	1.0
5274	731	2	1.0
5275	731	2	1.0
5276	731	2	1.0
5277	731	2	1.0
5278	732	2	1.0
5278	1105	2	1.0
5278	1557	2	1.0
5279	732	2	1.0
5279	1105	2	1.0
5279	1557	2	1.0
5280	732	2	1.0
5280	1105	2	1.0
5281	733	2	1.0
5282	733	2	1.0
5283	733	2	1.0
5284	733	2	1.0
5285	733	2	1.0
5286	734	2	1.0
5287	734	2	1.0
5288	735	2	1.0
5289	735	2	1.0
5290	735	2	1.0
5291	736	2	1.0
5292	736	2	1.0
5293	736	2	1.0
5293	1569	2	1.0
5293	1765	2	1.0
5293	2029	2	1.0
5293	2032	2	1.0
5293	2460	2	1.0
5293	2769	2	1.0
5294	736	2	1.0
5295	737	2	1.0
5296	737	2	1.0
5297	738	2	1.0
5298	738	2	1.0
5299	738	2	1.0
5300	738	2	1.0
5301	739	2	1.0
5302	739	2	1.0
5303	740	2	1.0
5303	1572	2	1.0
5304	740	2	1.0
5305	740	2	1.0
5305	818	2	1.0
5305	1572	2	1.0
5306	742	2	1.0
5307	742	2	1.0
5308	742	2	1.0
5308	2155	2	1.0
5309	744	2	1.0
5310	744	2	1.0
5310	2634	2	1.0
5311	744	2	1.0
5312	745	2	1.0
5313	745	2	1.0
5314	745	2	1.0
5315	745	2	1.0
5316	745	2	1.0
5317	745	2	1.0
5318	746	2	1.0
5319	746	2	1.0
5320	747	2	1.0
5321	747	2	1.0
5322	747	2	1.0
5323	747	2	1.0
5324	747	2	1.0
5325	748	2	1.0
5326	748	2	1.0
5327	749	2	1.0
5328	749	2	1.0
5329	749	2	1.0
5330	749	2	1.0
5331	750	2	1.0
5332	750	2	1.0
5333	750	2	1.0
5334	751	2	1.0
5334	1531	2	1.0
5334	2990	2	1.0
5335	751	2	1.0
5335	1531	2	1.0
5335	2990	2	1.0
5336	751	2	1.0
5336	1531	2	1.0
5336	2990	2	1.0
5337	752	2	1.0
5338	752	2	1.0
5339	752	2	1.0
5340	752	2	1.0
5341	753	2	1.0
5342	753	2	1.0
5343	754	2	1.0
5344	754	2	1.0
5345	754	2	1.0
5346	755	2	1.0
5347	756	2	1.0
5348	756	2	1.0
5348	2140	2	1.0
5349	756	2	1.0
5350	756	2	1.0
5351	756	2	1.0
5352	757	2	1.0
5353	758	2	1.0
5354	758	2	1.0
5355	758	2	1.0
5356	758	2	1.0
5357	758	2	1.0
5358	758	2	1.0
5359	759	2	1.0
5360	759	2	1.0
5361	759	2	1.0
5362	760	2	1.0
5363	760	2	1.0
5364	762	2	1.0
5365	762	2	1.0
5366	763	2	1.0
5367	763	2	1.0
5368	763	2	1.0
5369	764	2	1.0
5370	764	2	1.0
5371	764	2	1.0
5371	1448	2	1.0
5372	765	2	1.0
5373	765	2	1.0
5374	765	2	1.0
5375	766	2	1.0
5375	772	2	1.0
5376	766	2	1.0
5377	766	2	1.0
5377	772	2	1.0
5378	767	2	1.0
5378	769	2	1.0
5379	768	2	1.0
5379	2502	2	1.0
5380	768	2	1.0
5381	769	2	1.0
5382	770	2	1.0
5383	770	2	1.0
5384	770	2	1.0
5385	770	2	1.0
5386	770	2	1.0
5387	770	2	1.0
5388	770	2	1.0
5389	770	2	1.0
5389	2480	2	1.0
5390	771	2	1.0
5391	771	2	1.0
5392	771	2	1.0
5393	772	2	1.0
5394	773	2	1.0
5394	2458	2	1.0
5395	774	2	1.0
5396	774	2	1.0
5397	774	2	1.0
5397	2480	2	1.0
5398	775	2	1.0
5398	1002	2	1.0
5399	775	2	1.0
5399	1002	2	1.0
5400	775	2	1.0
5400	1002	2	1.0
5401	775	2	1.0
5401	1002	2	1.0
5401	1430	2	1.0
5402	775	2	1.0
5402	1002	2	1.0
5403	776	2	1.0
5404	777	2	1.0
5404	792	2	1.0
5404	1829	2	1.0
5405	777	2	1.0
5405	792	2	1.0
5405	1902	2	1.0
5405	2585	2	1.0
5405	2594	2	1.0
5406	778	2	1.0
5407	778	2	1.0
5408	778	2	1.0
5409	779	2	1.0
5410	779	2	1.0
5410	1417	2	1.0
5410	1835	2	1.0
5410	2582	2	1.0
5411	780	2	1.0
5411	1816	2	1.0
5412	780	2	1.0
5413	780	2	1.0
5414	781	2	1.0
5415	781	2	1.0
5416	781	2	1.0
5417	782	2	1.0
5418	782	2	1.0
5418	785	2	1.0
5419	782	2	1.0
5420	782	2	1.0
5421	783	2	1.0
5422	784	2	1.0
5422	1828	2	1.0
5423	784	2	1.0
5423	1828	2	1.0
5424	785	2	1.0
5425	786	2	1.0
5426	786	2	1.0
5427	786	2	1.0
5428	787	2	1.0
5429	787	2	1.0
5430	787	2	1.0
5431	787	2	1.0
5432	787	2	1.0
5433	788	2	1.0
5433	959	2	1.0
5433	1823	2	1.0
5433	1833	2	1.0
5433	2587	2	1.0
5434	788	2	1.0
5435	788	2	1.0
5436	789	2	1.0
5437	789	2	1.0
5437	2589	2	1.0
5438	790	2	1.0
5439	790	2	1.0
5440	790	2	1.0
5441	791	2	1.0
5441	1821	2	1.0
5441	2518	2	1.0
5442	791	2	1.0
5443	791	2	1.0
5444	792	2	1.0
5444	2585	2	1.0
5445	792	2	1.0
5445	2585	2	1.0
5446	793	2	1.0
5447	793	2	1.0
5448	794	2	1.0
5449	794	2	1.0
5450	794	2	1.0
5451	795	2	1.0
5452	796	2	1.0
5452	2538	2	1.0
5452	2584	2	1.0
5452	2591	2	1.0
5453	796	2	1.0
5454	796	2	1.0
5454	2538	2	1.0
5454	2584	2	1.0
5455	797	2	1.0
5456	797	2	1.0
5457	798	2	1.0
5457	2590	2	1.0
5458	798	2	1.0
5458	2590	2	1.0
5459	798	2	1.0
5459	2590	2	1.0
5460	799	2	1.0
5461	799	2	1.0
5462	800	2	1.0
5463	800	2	1.0
5464	801	2	1.0
5464	2595	2	1.0
5465	801	2	1.0
5466	801	2	1.0
5467	802	2	1.0
5468	802	2	1.0
5469	802	2	1.0
5470	802	2	1.0
5470	1772	2	1.0
5471	803	2	1.0
5472	803	2	1.0
5473	803	2	1.0
5474	803	2	1.0
5475	805	2	1.0
5476	806	2	1.0
5477	807	2	1.0
5478	808	2	1.0
5478	2793	2	1.0
5479	808	2	1.0
5480	808	2	1.0
5480	847	2	1.0
5480	1405	2	1.0
5480	2793	2	1.0
5481	809	2	1.0
5482	809	2	1.0
5483	809	2	1.0
5484	810	2	1.0
5484	829	2	1.0
5485	810	2	1.0
5486	810	2	1.0
5486	829	2	1.0
5487	811	2	1.0
5488	811	2	1.0
5489	812	2	1.0
5490	812	2	1.0
5491	812	2	1.0
5492	812	2	1.0
5493	812	2	1.0
5494	813	2	1.0
5495	813	2	1.0
5496	813	2	1.0
5497	814	2	1.0
5497	1250	2	1.0
5498	814	2	1.0
5499	814	2	1.0
5500	815	2	1.0
5500	892	2	1.0
5501	815	2	1.0
5502	815	2	1.0
5503	816	2	1.0
5504	816	2	1.0
5505	816	2	1.0
5506	817	2	1.0
5507	818	2	1.0
5508	818	2	1.0
5509	818	2	1.0
5509	1096	2	1.0
5509	1232	2	1.0
5509	1242	2	1.0
5509	1899	2	1.0
5510	818	2	1.0
5511	818	2	1.0
5512	819	2	1.0
5513	819	2	1.0
5514	819	2	1.0
5515	819	2	1.0
5515	2476	2	1.0
5515	2478	2	1.0
5516	820	2	1.0
5517	820	2	1.0
5518	820	2	1.0
5519	821	2	1.0
5519	822	2	1.0
5520	821	2	1.0
5520	822	2	1.0
5520	833	2	1.0
5520	1097	2	1.0
5520	1251	2	1.0
5521	822	2	1.0
5522	823	2	1.0
5522	894	2	1.0
5522	2563	2	1.0
5523	823	2	1.0
5523	894	2	1.0
5524	823	2	1.0
5524	894	2	1.0
5524	2563	2	1.0
5525	823	2	1.0
5525	894	2	1.0
5526	823	2	1.0
5526	843	2	1.0
5526	894	2	1.0
5527	824	2	1.0
5528	825	2	1.0
5529	825	2	1.0
5529	1849	2	1.0
5529	2191	2	1.0
5530	826	2	1.0
5531	826	2	1.0
5531	831	2	1.0
5532	826	2	1.0
5532	831	2	1.0
5533	827	2	1.0
5534	827	2	1.0
5535	827	2	1.0
5536	827	2	1.0
5536	2330	2	1.0
5537	827	2	1.0
5538	828	2	1.0
5539	828	2	1.0
5540	829	2	1.0
5541	829	2	1.0
5542	829	2	1.0
5543	830	2	1.0
5544	830	2	1.0
5545	831	2	1.0
5545	896	2	1.0
5545	2135	2	1.0
5546	831	2	1.0
5547	831	2	1.0
5548	832	2	1.0
5549	833	2	1.0
5550	833	2	1.0
5551	833	2	1.0
5552	834	2	1.0
5552	1931	2	1.0
5553	834	2	1.0
5554	835	2	1.0
5555	835	2	1.0
5556	835	2	1.0
5557	836	2	1.0
5558	836	2	1.0
5559	836	2	1.0
5560	836	2	1.0
5561	836	2	1.0
5562	837	2	1.0
5562	1230	2	1.0
5563	837	2	1.0
5563	1230	2	1.0
5564	837	2	1.0
5564	1226	2	1.0
5564	1230	2	1.0
5564	2192	2	1.0
5564	2967	2	1.0
5565	838	2	1.0
5566	839	2	1.0
5567	839	2	1.0
5568	839	2	1.0
5569	839	2	1.0
5570	839	2	1.0
5571	840	2	1.0
5572	840	2	1.0
5572	1849	2	1.0
5572	2191	2	1.0
5573	840	2	1.0
5574	840	2	1.0
5575	840	2	1.0
5575	1849	2	1.0
5575	2191	2	1.0
5576	841	2	1.0
5576	2794	2	1.0
5577	841	2	1.0
5578	841	2	1.0
5578	1880	2	1.0
5579	842	2	1.0
5580	842	2	1.0
5581	842	2	1.0
5582	842	2	1.0
5583	843	2	1.0
5584	843	2	1.0
5585	843	2	1.0
5585	2470	2	1.0
5586	844	2	1.0
5586	2551	2	1.0
5587	844	2	1.0
5588	844	2	1.0
5589	844	2	1.0
5590	844	2	1.0
5591	844	2	1.0
5592	844	2	1.0
5593	844	2	1.0
5594	845	2	1.0
5595	845	2	1.0
5596	846	2	1.0
5596	1855	2	1.0
5597	847	2	1.0
5598	847	2	1.0
5599	847	2	1.0
5600	848	2	1.0
5601	848	2	1.0
5602	848	2	1.0
5603	848	2	1.0
5604	848	2	1.0
5605	848	2	1.0
5605	1041	2	1.0
5605	2939	2	1.0
5606	848	2	1.0
5607	849	2	1.0
5608	849	2	1.0
5609	849	2	1.0
5610	849	2	1.0
5611	849	2	1.0
5612	850	2	1.0
5612	1593	2	1.0
5613	850	2	1.0
5614	852	2	1.0
5614	1853	2	1.0
5614	1856	2	1.0
5615	852	2	1.0
5615	1856	2	1.0
5616	853	2	1.0
5616	855	2	1.0
5616	1157	2	1.0
5616	1379	2	1.0
5616	2917	2	1.0
5617	853	2	1.0
5617	855	2	1.0
5617	896	2	1.0
5617	1156	2	1.0
5617	1157	2	1.0
5617	1379	2	1.0
5617	1380	2	1.0
5617	1399	2	1.0
5617	1568	2	1.0
5617	2135	2	1.0
5617	2917	2	1.0
5618	853	2	1.0
5619	854	2	1.0
5620	854	2	1.0
5621	854	2	1.0
5622	854	2	1.0
5623	854	2	1.0
5624	857	2	1.0
5625	857	2	1.0
5626	857	2	1.0
5627	857	2	1.0
5628	857	2	1.0
5629	858	2	1.0
5630	858	2	1.0
5631	859	2	1.0
5632	859	2	1.0
5633	860	2	1.0
5633	2139	2	1.0
5633	2141	2	1.0
5634	860	2	1.0
5634	2139	2	1.0
5634	2141	2	1.0
5635	860	2	1.0
5636	860	2	1.0
5637	860	2	1.0
5637	2139	2	1.0
5637	2141	2	1.0
5638	860	2	1.0
5638	2139	2	1.0
5638	2141	2	1.0
5639	862	2	1.0
5640	862	2	1.0
5641	863	2	1.0
5642	863	2	1.0
5643	863	2	1.0
5644	863	2	1.0
5645	864	2	1.0
5645	2936	2	1.0
5646	864	2	1.0
5646	865	2	1.0
5646	1150	2	1.0
5647	864	2	1.0
5647	865	2	1.0
5647	1150	2	1.0
5647	2936	2	1.0
5648	864	2	1.0
5648	865	2	1.0
5648	2936	2	1.0
5649	865	2	1.0
5649	2936	2	1.0
5650	866	2	1.0
5651	866	2	1.0
5652	866	2	1.0
5653	866	2	1.0
5654	867	2	1.0
5655	867	2	1.0
5656	867	2	1.0
5657	867	2	1.0
5658	868	2	1.0
5659	868	2	1.0
5660	868	2	1.0
5661	869	2	1.0
5662	869	2	1.0
5663	869	2	1.0
5664	869	2	1.0
5665	869	2	1.0
5666	872	2	1.0
5667	872	2	1.0
5667	1590	2	1.0
5667	1915	2	1.0
5667	2441	2	1.0
5668	872	2	1.0
5669	873	2	1.0
5670	873	2	1.0
5671	873	2	1.0
5672	873	2	1.0
5673	873	2	1.0
5674	874	2	1.0
5675	874	2	1.0
5675	876	2	1.0
5676	874	2	1.0
5677	874	2	1.0
5677	876	2	1.0
5677	1752	2	1.0
5677	1845	2	1.0
5677	2738	2	1.0
5678	875	2	1.0
5679	875	2	1.0
5680	875	2	1.0
5681	875	2	1.0
5682	875	2	1.0
5683	875	2	1.0
5684	876	2	1.0
5684	1752	2	1.0
5684	2738	2	1.0
5684	2740	2	1.0
5685	877	2	1.0
5685	1748	2	1.0
5686	877	2	1.0
5686	1748	2	1.0
5686	2160	2	1.0
5687	877	2	1.0
5687	1748	2	1.0
5687	2160	2	1.0
5688	877	2	1.0
5688	2160	2	1.0
5689	878	2	1.0
5690	878	2	1.0
5691	879	2	1.0
5691	2884	2	1.0
5692	879	2	1.0
5692	2053	2	1.0
5693	879	2	1.0
5694	880	2	1.0
5695	880	2	1.0
5696	880	2	1.0
5697	881	2	1.0
5698	881	2	1.0
5698	2884	2	1.0
5699	881	2	1.0
5699	2872	2	1.0
5700	881	2	1.0
5700	2884	2	1.0
5701	882	2	1.0
5702	882	2	1.0
5702	2124	2	1.0
5702	2412	2	1.0
5702	2414	2	1.0
5703	883	2	1.0
5703	1516	2	1.0
5703	2414	2	1.0
5703	2467	2	1.0
5703	2692	2	1.0
5704	883	2	1.0
5705	883	2	1.0
5705	1014	2	1.0
5705	2414	2	1.0
5705	2467	2	1.0
5705	2692	2	1.0
5706	883	2	1.0
5706	1512	2	1.0
5706	1516	2	1.0
5706	1548	2	1.0
5706	2414	2	1.0
5706	2467	2	1.0
5706	2692	2	1.0
5707	884	2	1.0
5708	884	2	1.0
5709	884	2	1.0
5710	884	2	1.0
5711	884	2	1.0
5711	1130	2	1.0
5712	884	2	1.0
5713	885	2	1.0
5713	887	2	1.0
5714	885	2	1.0
5714	887	2	1.0
5715	885	2	1.0
5715	887	2	1.0
5716	885	2	1.0
5716	887	2	1.0
5717	886	2	1.0
5718	886	2	1.0
5719	886	2	1.0
5719	1382	2	1.0
5719	1383	2	1.0
5719	1504	2	1.0
5719	2491	2	1.0
5720	886	2	1.0
5721	887	2	1.0
5722	887	2	1.0
5723	887	2	1.0
5724	888	2	1.0
5725	888	2	1.0
5726	888	2	1.0
5727	888	2	1.0
5728	889	2	1.0
5729	889	2	1.0
5730	890	2	1.0
5731	891	2	1.0
5732	891	2	1.0
5733	893	2	1.0
5734	893	2	1.0
5735	893	2	1.0
5736	893	2	1.0
5737	893	2	1.0
5738	895	2	1.0
5738	2058	2	1.0
5738	2062	2	1.0
5739	895	2	1.0
5739	2058	2	1.0
5739	2062	2	1.0
5740	896	2	1.0
5740	1156	2	1.0
5740	1568	2	1.0
5740	2917	2	1.0
5741	896	2	1.0
5742	896	2	1.0
5743	896	2	1.0
5744	897	2	1.0
5745	897	2	1.0
5746	897	2	1.0
5747	897	2	1.0
5748	897	2	1.0
5749	898	2	1.0
5750	898	2	1.0
5750	1692	2	1.0
5751	898	2	1.0
5751	1034	2	1.0
5751	1041	2	1.0
5751	1699	2	1.0
5752	899	2	1.0
5753	899	2	1.0
5754	899	2	1.0
5754	2872	2	1.0
5755	900	2	1.0
5756	900	2	1.0
5757	900	2	1.0
5758	900	2	1.0
5759	901	2	1.0
5760	901	2	1.0
5761	901	2	1.0
5762	902	2	1.0
5763	902	2	1.0
5764	902	2	1.0
5765	903	2	1.0
5766	904	2	1.0
5766	1389	2	1.0
5766	1586	2	1.0
5767	905	2	1.0
5768	905	2	1.0
5769	905	2	1.0
5769	912	2	1.0
5770	905	2	1.0
5771	905	2	1.0
5772	905	2	1.0
5773	905	2	1.0
5774	906	2	1.0
5775	907	2	1.0
5776	907	2	1.0
5777	907	2	1.0
5777	1590	2	1.0
5777	1915	2	1.0
5778	907	2	1.0
5779	907	2	1.0
5780	908	2	1.0
5781	908	2	1.0
5782	908	2	1.0
5782	2118	2	1.0
5783	908	2	1.0
5784	909	2	1.0
5785	909	2	1.0
5786	909	2	1.0
5786	910	2	1.0
5786	914	2	1.0
5786	1725	2	1.0
5787	909	2	1.0
5788	910	2	1.0
5788	914	2	1.0
5789	910	2	1.0
5789	1725	2	1.0
5790	910	2	1.0
5790	1725	2	1.0
5791	910	2	1.0
5791	914	2	1.0
5791	1725	2	1.0
5792	910	2	1.0
5792	1725	2	1.0
5793	911	2	1.0
5794	911	2	1.0
5795	911	2	1.0
5796	911	2	1.0
5797	912	2	1.0
5798	912	2	1.0
5799	913	2	1.0
5800	913	2	1.0
5801	913	2	1.0
5802	913	2	1.0
5803	915	2	1.0
5804	915	2	1.0
5805	915	2	1.0
5806	915	2	1.0
5807	916	2	1.0
5808	916	2	1.0
5809	916	2	1.0
5809	918	2	1.0
5809	1922	2	1.0
5810	917	2	1.0
5811	917	2	1.0
5812	917	2	1.0
5813	918	2	1.0
5814	919	2	1.0
5815	919	2	1.0
5816	920	2	1.0
5816	2745	2	1.0
5817	920	2	1.0
5818	921	2	1.0
5818	2746	2	1.0
5819	922	2	1.0
5820	922	2	1.0
5821	922	2	1.0
5822	923	2	1.0
5823	923	2	1.0
5824	923	2	1.0
5825	924	2	1.0
5826	924	2	1.0
5827	925	2	1.0
5827	2082	2	1.0
5828	925	2	1.0
5829	925	2	1.0
5830	925	2	1.0
5831	928	2	1.0
5832	929	2	1.0
5833	929	2	1.0
5834	931	2	1.0
5835	931	2	1.0
5836	931	2	1.0
5837	931	2	1.0
5838	931	2	1.0
5839	932	2	1.0
5840	932	2	1.0
5841	933	2	1.0
5842	933	2	1.0
5843	935	2	1.0
5844	937	2	1.0
5845	937	2	1.0
5846	938	2	1.0
5846	1410	2	1.0
5847	938	2	1.0
5847	1410	2	1.0
5848	939	2	1.0
5849	940	2	1.0
5850	940	2	1.0
5851	941	2	1.0
5852	941	2	1.0
5853	941	2	1.0
5854	941	2	1.0
5855	941	2	1.0
5856	942	2	1.0
5857	942	2	1.0
5858	943	2	1.0
5859	944	2	1.0
5859	1868	2	1.0
5860	944	2	1.0
5860	1868	2	1.0
5861	945	2	1.0
5862	945	2	1.0
5863	945	2	1.0
5864	946	2	1.0
5865	946	2	1.0
5866	947	2	1.0
5866	1753	2	1.0
5867	947	2	1.0
5868	947	2	1.0
5869	947	2	1.0
5869	1753	2	1.0
5870	948	2	1.0
5871	948	2	1.0
5872	948	2	1.0
5873	950	2	1.0
5874	950	2	1.0
5875	950	2	1.0
5875	2541	2	1.0
5876	950	2	1.0
5877	950	2	1.0
5878	951	2	1.0
5879	951	2	1.0
5880	951	2	1.0
5881	952	2	1.0
5882	953	2	1.0
5883	953	2	1.0
5884	953	2	1.0
5885	953	2	1.0
5886	954	2	1.0
5887	954	2	1.0
5887	1905	2	1.0
5888	954	2	1.0
5889	955	2	1.0
5890	956	2	1.0
5890	1901	2	1.0
5891	957	2	1.0
5891	1904	2	1.0
5891	2568	2	1.0
5892	957	2	1.0
5892	1903	2	1.0
5892	1904	2	1.0
5892	2568	2	1.0
5893	958	2	1.0
5894	958	2	1.0
5895	959	2	1.0
5895	1833	2	1.0
5896	960	2	1.0
5896	2941	2	1.0
5897	960	2	1.0
5898	961	2	1.0
5899	961	2	1.0
5899	1907	2	1.0
5900	961	2	1.0
5900	1907	2	1.0
5901	962	2	1.0
5902	963	2	1.0
5903	963	2	1.0
5904	963	2	1.0
5905	964	2	1.0
5906	965	2	1.0
5906	2219	2	1.0
5907	965	2	1.0
5907	980	2	1.0
5907	1930	2	1.0
5907	2221	2	1.0
5908	966	2	1.0
5909	966	2	1.0
5910	968	2	1.0
5911	968	2	1.0
5912	968	2	1.0
5913	968	2	1.0
5913	1591	2	1.0
5914	969	2	1.0
5914	1913	2	1.0
5914	2368	2	1.0
5914	2686	2	1.0
5915	969	2	1.0
5915	2686	2	1.0
5915	2687	2	1.0
5916	970	2	1.0
5917	971	2	1.0
5918	971	2	1.0
5919	972	2	1.0
5920	972	2	1.0
5920	1807	2	1.0
5920	2945	2	1.0
5921	973	2	1.0
5921	990	2	1.0
5922	974	2	1.0
5923	974	2	1.0
5924	974	2	1.0
5925	974	2	1.0
5926	975	2	1.0
5927	975	2	1.0
5927	1722	2	1.0
5928	975	2	1.0
5928	1722	2	1.0
5928	1812	2	1.0
5929	975	2	1.0
5930	976	2	1.0
5931	976	2	1.0
5932	976	2	1.0
5933	977	2	1.0
5934	978	2	1.0
5935	978	2	1.0
5936	978	2	1.0
5936	2955	2	1.0
5937	978	2	1.0
5938	980	2	1.0
5938	1930	2	1.0
5938	2221	2	1.0
5939	981	2	1.0
5940	981	2	1.0
5940	2685	2	1.0
5941	981	2	1.0
5942	981	2	1.0
5943	982	2	1.0
5943	1094	2	1.0
5944	982	2	1.0
5945	983	2	1.0
5946	984	2	1.0
5947	984	2	1.0
5948	984	2	1.0
5949	984	2	1.0
5950	985	2	1.0
5951	985	2	1.0
5952	985	2	1.0
5953	985	2	1.0
5953	1048	2	1.0
5954	986	2	1.0
5955	986	2	1.0
5956	986	2	1.0
5957	986	2	1.0
5958	987	2	1.0
5958	2187	2	1.0
5958	2508	2	1.0
5958	2888	2	1.0
5959	988	2	1.0
5959	2869	2	1.0
5960	988	2	1.0
5961	989	2	1.0
5962	989	2	1.0
5963	989	2	1.0
5964	989	2	1.0
5965	990	2	1.0
5965	1589	2	1.0
5966	991	2	1.0
5967	992	2	1.0
5968	992	2	1.0
5968	2217	2	1.0
5969	992	2	1.0
5970	993	2	1.0
5971	994	2	1.0
5972	994	2	1.0
5973	994	2	1.0
5974	995	2	1.0
5974	1919	2	1.0
5974	2684	2	1.0
5975	996	2	1.0
5975	1449	2	1.0
5975	2223	2	1.0
5976	996	2	1.0
5977	997	2	1.0
5977	2109	2	1.0
5978	997	2	1.0
5979	997	2	1.0
5980	998	2	1.0
5980	1095	2	1.0
5980	1591	2	1.0
5980	2666	2	1.0
5981	998	2	1.0
5982	999	2	1.0
5983	999	2	1.0
5984	999	2	1.0
5985	1000	2	1.0
5985	1093	2	1.0
5985	1720	2	1.0
5986	1000	2	1.0
5987	1000	2	1.0
5987	1093	2	1.0
5987	1720	2	1.0
5988	1001	2	1.0
5988	1920	2	1.0
5989	1001	2	1.0
5990	1003	2	1.0
5991	1003	2	1.0
5992	1003	2	1.0
5993	1003	2	1.0
5994	1004	2	1.0
5995	1004	2	1.0
5995	1688	2	1.0
5996	1005	2	1.0
5997	1005	2	1.0
5997	1696	2	1.0
5998	1005	2	1.0
5999	1005	2	1.0
5999	1696	2	1.0
6000	1006	2	1.0
6001	1006	2	1.0
6002	1006	2	1.0
6002	2550	2	1.0
6002	2551	2	1.0
6003	1007	2	1.0
6003	2867	2	1.0
6004	1008	2	1.0
6004	1517	2	1.0
6005	1008	2	1.0
6006	1009	2	1.0
6006	1132	2	1.0
6007	1009	2	1.0
6008	1009	2	1.0
6008	1133	2	1.0
6009	1010	2	1.0
6009	1518	2	1.0
6010	1010	2	1.0
6011	1010	2	1.0
6011	1508	2	1.0
6012	1010	2	1.0
6013	1010	2	1.0
6014	1011	2	1.0
6014	1022	2	1.0
6014	1500	2	1.0
6014	2384	2	1.0
6014	2736	2	1.0
6015	1011	2	1.0
6016	1011	2	1.0
6017	1011	2	1.0
6018	1011	2	1.0
6018	1022	2	1.0
6018	1500	2	1.0
6018	2384	2	1.0
6018	2736	2	1.0
6019	1012	2	1.0
6019	1509	2	1.0
6020	1012	2	1.0
6021	1012	2	1.0
6021	1509	2	1.0
6022	1013	2	1.0
6023	1013	2	1.0
6024	1013	2	1.0
6025	1014	2	1.0
6026	1014	2	1.0
6027	1016	2	1.0
6028	1016	2	1.0
6029	1017	2	1.0
6030	1017	2	1.0
6031	1018	2	1.0
6032	1018	2	1.0
6033	1019	2	1.0
6033	1102	2	1.0
6033	1327	2	1.0
6034	1019	2	1.0
6034	1327	2	1.0
6034	2001	2	1.0
6035	1019	2	1.0
6035	1327	2	1.0
6035	2001	2	1.0
6036	1019	2	1.0
6036	1327	2	1.0
6036	2001	2	1.0
6037	1019	2	1.0
6038	1019	2	1.0
6038	1327	2	1.0
6039	1019	2	1.0
6040	1019	2	1.0
6041	1019	2	1.0
6042	1019	2	1.0
6043	1019	2	1.0
6044	1019	2	1.0
6044	1258	2	1.0
6045	1019	2	1.0
6046	1019	2	1.0
6047	1019	2	1.0
6048	1019	2	1.0
6049	1019	2	1.0
6049	1327	2	1.0
6049	2001	2	1.0
6050	1020	2	1.0
6050	1024	2	1.0
6051	1021	2	1.0
6051	2389	2	1.0
6052	1021	2	1.0
6052	1526	2	1.0
6052	2389	2	1.0
6053	1021	2	1.0
6053	2389	2	1.0
6054	1021	2	1.0
6054	2389	2	1.0
6055	1022	2	1.0
6055	2163	2	1.0
6056	1023	2	1.0
6057	1023	2	1.0
6058	1023	2	1.0
6059	1025	2	1.0
6060	1025	2	1.0
6061	1026	2	1.0
6062	1026	2	1.0
6063	1026	2	1.0
6064	1026	2	1.0
6065	1027	2	1.0
6065	1729	2	1.0
6066	1027	2	1.0
6066	1729	2	1.0
6067	1027	2	1.0
6068	1028	2	1.0
6069	1028	2	1.0
6069	1032	2	1.0
6070	1028	2	1.0
6070	1032	2	1.0
6070	1035	2	1.0
6071	1029	2	1.0
6071	1805	2	1.0
6072	1029	2	1.0
6073	1029	2	1.0
6074	1029	2	1.0
6074	1689	2	1.0
6074	2665	2	1.0
6075	1029	2	1.0
6075	1689	2	1.0
6076	1029	2	1.0
6076	1689	2	1.0
6077	1029	2	1.0
6078	1029	2	1.0
6078	1052	2	1.0
6078	1120	2	1.0
6078	1689	2	1.0
6078	1919	2	1.0
6078	2570	2	1.0
6078	2600	2	1.0
6079	1029	2	1.0
6079	1052	2	1.0
6079	1120	2	1.0
6079	1689	2	1.0
6079	2573	2	1.0
6080	1029	2	1.0
6080	1052	2	1.0
6080	1689	2	1.0
6080	1805	2	1.0
6080	2573	2	1.0
6081	1031	2	1.0
6082	1031	2	1.0
6083	1031	2	1.0
6084	1031	2	1.0
6085	1031	2	1.0
6086	1032	2	1.0
6086	1035	2	1.0
6087	1032	2	1.0
6087	1045	2	1.0
6088	1033	2	1.0
6089	1033	2	1.0
6090	1033	2	1.0
6091	1033	2	1.0
6092	1034	2	1.0
6093	1034	2	1.0
6093	1402	2	1.0
6094	1034	2	1.0
6095	1035	2	1.0
6096	1036	2	1.0
6097	1036	2	1.0
6097	1037	2	1.0
6098	1036	2	1.0
6099	1036	2	1.0
6099	1037	2	1.0
6100	1037	2	1.0
6101	1037	2	1.0
6102	1038	2	1.0
6103	1038	2	1.0
6103	2866	2	1.0
6104	1038	2	1.0
6104	2427	2	1.0
6105	1039	2	1.0
6106	1039	2	1.0
6107	1040	2	1.0
6107	2063	2	1.0
6107	2657	2	1.0
6108	1041	2	1.0
6108	1699	2	1.0
6108	1806	2	1.0
6108	2435	2	1.0
6109	1041	2	1.0
6109	1699	2	1.0
6109	1806	2	1.0
6109	2435	2	1.0
6110	1041	2	1.0
6110	1699	2	1.0
6110	1806	2	1.0
6110	2435	2	1.0
6111	1041	2	1.0
6111	1699	2	1.0
6111	2435	2	1.0
6112	1042	2	1.0
6113	1042	2	1.0
6114	1042	2	1.0
6115	1042	2	1.0
6116	1043	2	1.0
6117	1043	2	1.0
6118	1043	2	1.0
6119	1043	2	1.0
6120	1043	2	1.0
6121	1044	2	1.0
6121	2578	2	1.0
6122	1044	2	1.0
6123	1044	2	1.0
6123	1140	2	1.0
6123	1812	2	1.0
6124	1044	2	1.0
6124	2578	2	1.0
6125	1044	2	1.0
6126	1045	2	1.0
6127	1045	2	1.0
6128	1045	2	1.0
6129	1046	2	1.0
6129	2578	2	1.0
6130	1046	2	1.0
6130	1836	2	1.0
6131	1046	2	1.0
6132	1046	2	1.0
6133	1046	2	1.0
6134	1047	2	1.0
6135	1047	2	1.0
6136	1047	2	1.0
6137	1048	2	1.0
6138	1048	2	1.0
6139	1048	2	1.0
6140	1049	2	1.0
6141	1049	2	1.0
6142	1049	2	1.0
6142	1050	2	1.0
6143	1049	2	1.0
6144	1049	2	1.0
6145	1049	2	1.0
6146	1050	2	1.0
6147	1050	2	1.0
6148	1051	2	1.0
6149	1051	2	1.0
6150	1051	2	1.0
6151	1051	2	1.0
6152	1051	2	1.0
6153	1051	2	1.0
6153	1689	2	1.0
6154	1052	2	1.0
6155	1052	2	1.0
6156	1053	2	1.0
6157	1053	2	1.0
6157	1968	2	1.0
6158	1054	2	1.0
6159	1054	2	1.0
6159	1070	2	1.0
6159	1078	2	1.0
6159	1083	2	1.0
6159	1281	2	1.0
6159	1288	2	1.0
6159	1295	2	1.0
6159	1300	2	1.0
6159	1339	2	1.0
6159	1994	2	1.0
6159	2824	2	1.0
6159	2827	2	1.0
6160	1055	2	1.0
6160	1959	2	1.0
6160	2838	2	1.0
6160	2975	2	1.0
6161	1055	2	1.0
6161	1229	2	1.0
6161	1316	2	1.0
6161	1959	2	1.0
6161	2838	2	1.0
6162	1055	2	1.0
6162	1229	2	1.0
6162	1959	2	1.0
6162	1980	2	1.0
6162	2838	2	1.0
6162	2975	2	1.0
6163	1056	2	1.0
6163	2235	2	1.0
6164	1056	2	1.0
6164	2235	2	1.0
6164	2335	2	1.0
6164	3000	2	1.0
6165	1056	2	1.0
6165	1457	2	1.0
6165	1969	2	1.0
6165	2309	2	1.0
6165	2318	2	1.0
6165	2822	2	1.0
6166	1057	2	1.0
6166	2024	2	1.0
6166	2293	2	1.0
6167	1057	2	1.0
6167	2293	2	1.0
6167	2895	2	1.0
6168	1057	2	1.0
6168	1312	2	1.0
6168	1331	2	1.0
6168	2024	2	1.0
6168	2293	2	1.0
6168	2895	2	1.0
6169	1058	2	1.0
6169	1059	2	1.0
6169	1071	2	1.0
6169	1322	2	1.0
6169	1989	2	1.0
6169	2815	2	1.0
6170	1059	2	1.0
6170	1989	2	1.0
6171	1059	2	1.0
6171	1322	2	1.0
6171	1989	2	1.0
6171	2815	2	1.0
6172	1059	2	1.0
6172	1322	2	1.0
6173	1060	2	1.0
6174	1060	2	1.0
6174	1302	2	1.0
6175	1060	2	1.0
6175	1302	2	1.0
6176	1061	2	1.0
6176	1328	2	1.0
6176	1984	2	1.0
6176	2841	2	1.0
6177	1061	2	1.0
6178	1061	2	1.0
6178	1328	2	1.0
6178	2833	2	1.0
6179	1061	2	1.0
6179	1297	2	1.0
6179	1458	2	1.0
6179	1984	2	1.0
6179	2839	2	1.0
6179	2841	2	1.0
6179	2897	2	1.0
6180	1062	2	1.0
6180	1331	2	1.0
6181	1062	2	1.0
6181	1064	2	1.0
6181	1314	2	1.0
6181	1331	2	1.0
6181	1966	2	1.0
6181	2296	2	1.0
6181	2323	2	1.0
6181	2816	2	1.0
6181	2900	2	1.0
6182	1062	2	1.0
6182	2323	2	1.0
6183	1062	2	1.0
6183	1314	2	1.0
6183	1966	2	1.0
6183	2900	2	1.0
6184	1063	2	1.0
6185	1063	2	1.0
6185	2709	2	1.0
6185	2720	2	1.0
6186	1063	2	1.0
6186	2007	2	1.0
6186	2010	2	1.0
6187	1064	2	1.0
6187	2323	2	1.0
6187	2900	2	1.0
6188	1064	2	1.0
6189	1064	2	1.0
6189	2816	2	1.0
6190	1065	2	1.0
6190	2830	2	1.0
6191	1065	2	1.0
6191	2909	2	1.0
6192	1066	2	1.0
6192	1269	2	1.0
6193	1066	2	1.0
6194	1066	2	1.0
6194	1269	2	1.0
6194	1343	2	1.0
6194	2291	2	1.0
6195	1067	2	1.0
6196	1067	2	1.0
6197	1067	2	1.0
6197	1259	2	1.0
6198	1067	2	1.0
6198	1259	2	1.0
6199	1068	2	1.0
6199	1996	2	1.0
6200	1069	2	1.0
6201	1069	2	1.0
6202	1069	2	1.0
6203	1069	2	1.0
6204	1070	2	1.0
6205	1070	2	1.0
6205	1340	2	1.0
6206	1070	2	1.0
6207	1070	2	1.0
6207	1078	2	1.0
6207	1281	2	1.0
6208	1070	2	1.0
6208	1340	2	1.0
6208	2229	2	1.0
6209	1072	2	1.0
6209	2282	2	1.0
6210	1072	2	1.0
6210	2020	2	1.0
6210	2290	2	1.0
6211	1072	2	1.0
6212	1072	2	1.0
6212	1896	2	1.0
6212	1974	2	1.0
6212	1975	2	1.0
6212	2282	2	1.0
6212	2306	2	1.0
6213	1072	2	1.0
6213	1320	2	1.0
6213	2282	2	1.0
6214	1073	2	1.0
6215	1073	2	1.0
6215	1293	2	1.0
6216	1074	2	1.0
6217	1074	2	1.0
6218	1075	2	1.0
6219	1076	2	1.0
6220	1076	2	1.0
6221	1076	2	1.0
6221	2317	2	1.0
6222	1076	2	1.0
6223	1076	2	1.0
6223	1300	2	1.0
6223	2293	2	1.0
6223	2723	2	1.0
6224	1076	2	1.0
6224	2317	2	1.0
6224	2844	2	1.0
6225	1077	2	1.0
6225	2314	2	1.0
6226	1077	2	1.0
6226	2314	2	1.0
6227	1078	2	1.0
6228	1079	2	1.0
6229	1079	2	1.0
6230	1079	2	1.0
6231	1079	2	1.0
6232	1080	2	1.0
6232	2283	2	1.0
6233	1080	2	1.0
6234	1080	2	1.0
6235	1080	2	1.0
6235	2283	2	1.0
6236	1081	2	1.0
6237	1081	2	1.0
6237	1325	2	1.0
6238	1081	2	1.0
6238	1325	2	1.0
6239	1082	2	1.0
6240	1083	2	1.0
6241	1083	2	1.0
6241	1288	2	1.0
6241	1300	2	1.0
6242	1083	2	1.0
6242	1288	2	1.0
6243	1084	2	1.0
6244	1084	2	1.0
6244	1089	2	1.0
6244	1299	2	1.0
6244	1342	2	1.0
6245	1084	2	1.0
6245	1089	2	1.0
6245	1312	2	1.0
6245	1342	2	1.0
6245	1435	2	1.0
6245	2024	2	1.0
6246	1085	2	1.0
6247	1085	2	1.0
6248	1085	2	1.0
6248	2230	2	1.0
6248	2239	2	1.0
6248	2729	2	1.0
6249	1086	2	1.0
6250	1086	2	1.0
6251	1086	2	1.0
6252	1087	2	1.0
6252	1679	2	1.0
6253	1087	2	1.0
6253	1253	2	1.0
6254	1087	2	1.0
6254	1679	2	1.0
6255	1087	2	1.0
6255	1253	2	1.0
6255	1679	2	1.0
6255	1763	2	1.0
6255	2233	2	1.0
6255	2238	2	1.0
6256	1087	2	1.0
6256	1253	2	1.0
6256	1679	2	1.0
6256	1763	2	1.0
6256	2233	2	1.0
6256	2238	2	1.0
6257	1087	2	1.0
6257	1253	2	1.0
6257	1679	2	1.0
6257	1763	2	1.0
6257	2233	2	1.0
6257	2238	2	1.0
6258	1087	2	1.0
6258	1253	2	1.0
6258	1679	2	1.0
6258	1763	2	1.0
6258	2233	2	1.0
6258	2238	2	1.0
6259	1088	2	1.0
6260	1088	2	1.0
6261	1090	2	1.0
6261	1293	2	1.0
6262	1090	2	1.0
6263	1090	2	1.0
6263	2012	2	1.0
6264	1090	2	1.0
6264	1293	2	1.0
6264	2012	2	1.0
6265	1091	2	1.0
6266	1091	2	1.0
6267	1092	2	1.0
6268	1092	2	1.0
6269	1092	2	1.0
6270	1092	2	1.0
6271	1092	2	1.0
6272	1094	2	1.0
6272	1917	2	1.0
6273	1095	2	1.0
6274	1096	2	1.0
6274	1924	2	1.0
6275	1098	2	1.0
6276	1098	2	1.0
6277	1098	2	1.0
6278	1099	2	1.0
6279	1099	2	1.0
6279	1927	2	1.0
6280	1099	2	1.0
6281	1099	2	1.0
6282	1100	2	1.0
6282	1926	2	1.0
6283	1101	2	1.0
6284	1101	2	1.0
6285	1101	2	1.0
6286	1101	2	1.0
6287	1102	2	1.0
6288	1102	2	1.0
6289	1102	2	1.0
6290	1102	2	1.0
6291	1103	2	1.0
6292	1103	2	1.0
6293	1103	2	1.0
6294	1104	2	1.0
6294	1124	2	1.0
6294	1767	2	1.0
6294	2765	2	1.0
6294	2768	2	1.0
6295	1104	2	1.0
6295	1124	2	1.0
6295	1767	2	1.0
6295	2765	2	1.0
6295	2768	2	1.0
6296	1104	2	1.0
6296	1124	2	1.0
6297	1104	2	1.0
6297	1124	2	1.0
6297	1767	2	1.0
6298	1104	2	1.0
6298	1767	2	1.0
6298	2765	2	1.0
6298	2768	2	1.0
6299	1105	2	1.0
6300	1105	2	1.0
6301	1105	2	1.0
6301	1107	2	1.0
6301	1396	2	1.0
6301	2052	2	1.0
6301	2548	2	1.0
6301	2915	2	1.0
6302	1106	2	1.0
6302	1558	2	1.0
6302	2602	2	1.0
6303	1106	2	1.0
6303	1397	2	1.0
6303	2602	2	1.0
6304	1107	2	1.0
6304	1396	2	1.0
6304	2052	2	1.0
6304	2915	2	1.0
6305	1107	2	1.0
6305	2603	2	1.0
6305	2761	2	1.0
6306	1108	2	1.0
6307	1108	2	1.0
6308	1109	2	1.0
6309	1109	2	1.0
6310	1109	2	1.0
6311	1109	2	1.0
6312	1109	2	1.0
6313	1110	2	1.0
6313	1783	2	1.0
6313	2433	2	1.0
6314	1110	2	1.0
6314	1783	2	1.0
6314	2433	2	1.0
6315	1110	2	1.0
6316	1110	2	1.0
6316	1560	2	1.0
6316	1783	2	1.0
6317	1110	2	1.0
6317	1560	2	1.0
6317	1783	2	1.0
6318	1111	2	1.0
6319	1111	2	1.0
6320	1112	2	1.0
6321	1112	2	1.0
6321	2167	2	1.0
6321	2925	2	1.0
6322	1112	2	1.0
6322	2167	2	1.0
6322	2925	2	1.0
6323	1116	2	1.0
6324	1116	2	1.0
6325	1116	2	1.0
6326	1117	2	1.0
6326	2163	2	1.0
6327	1117	2	1.0
6328	1117	2	1.0
6329	1118	2	1.0
6329	2162	2	1.0
6329	2165	2	1.0
6330	1118	2	1.0
6331	1118	2	1.0
6332	1118	2	1.0
6333	1118	2	1.0
6334	1118	2	1.0
6335	1118	2	1.0
6335	2162	2	1.0
6335	2165	2	1.0
6336	1119	2	1.0
6337	1119	2	1.0
6338	1119	2	1.0
6339	1119	2	1.0
6340	1119	2	1.0
6341	1120	2	1.0
6342	1121	2	1.0
6343	1121	2	1.0
6343	2279	2	1.0
6344	1122	2	1.0
6345	1122	2	1.0
6346	1123	2	1.0
6347	1123	2	1.0
6348	1123	2	1.0
6349	1123	2	1.0
6350	1124	2	1.0
6351	1125	2	1.0
6352	1125	2	1.0
6353	1125	2	1.0
6354	1125	2	1.0
6354	1917	2	1.0
6355	1126	2	1.0
6356	1126	2	1.0
6357	1126	2	1.0
6358	1127	2	1.0
6359	1127	2	1.0
6360	1127	2	1.0
6361	1127	2	1.0
6362	1128	2	1.0
6362	1775	2	1.0
6363	1128	2	1.0
6363	1775	2	1.0
6364	1128	2	1.0
6364	1775	2	1.0
6365	1128	2	1.0
6366	1129	2	1.0
6366	2466	2	1.0
6367	1129	2	1.0
6368	1129	2	1.0
6369	1129	2	1.0
6369	2466	2	1.0
6370	1130	2	1.0
6371	1130	2	1.0
6372	1130	2	1.0
6373	1130	2	1.0
6374	1130	2	1.0
6375	1131	2	1.0
6376	1131	2	1.0
6377	1132	2	1.0
6378	1133	2	1.0
6379	1133	2	1.0
6379	1273	2	1.0
6380	1133	2	1.0
6381	1134	2	1.0
6382	1134	2	1.0
6383	1134	2	1.0
6383	2035	2	1.0
6384	1135	2	1.0
6384	1620	2	1.0
6384	2035	2	1.0
6385	1135	2	1.0
6385	1620	2	1.0
6385	2035	2	1.0
6386	1136	2	1.0
6387	1137	2	1.0
6388	1137	2	1.0
6389	1141	2	1.0
6390	1141	2	1.0
6391	1143	2	1.0
6392	1143	2	1.0
6392	2024	2	1.0
6392	2293	2	1.0
6393	1143	2	1.0
6394	1143	2	1.0
6395	1144	2	1.0
6395	2171	2	1.0
6395	2695	2	1.0
6396	1144	2	1.0
6396	2171	2	1.0
6397	1144	2	1.0
6398	1145	2	1.0
6398	1425	2	1.0
6399	1145	2	1.0
6400	1146	2	1.0
6401	1146	2	1.0
6402	1147	2	1.0
6402	2367	2	1.0
6403	1147	2	1.0
6403	2281	2	1.0
6404	1147	2	1.0
6405	1147	2	1.0
6406	1148	2	1.0
6407	1148	2	1.0
6408	1148	2	1.0
6409	1148	2	1.0
6410	1149	2	1.0
6410	1433	2	1.0
6411	1149	2	1.0
6412	1149	2	1.0
6412	1433	2	1.0
6413	1149	2	1.0
6414	1149	2	1.0
6415	1149	2	1.0
6416	1149	2	1.0
6417	1149	2	1.0
6418	1149	2	1.0
6419	1149	2	1.0
6420	1149	2	1.0
6421	1149	2	1.0
6422	1149	2	1.0
6423	1149	2	1.0
6424	1149	2	1.0
6425	1149	2	1.0
6426	1150	2	1.0
6427	1150	2	1.0
6428	1150	2	1.0
6429	1151	2	1.0
6430	1151	2	1.0
6431	1151	2	1.0
6432	1151	2	1.0
6433	1151	2	1.0
6433	1882	2	1.0
6434	1152	2	1.0
6434	1228	2	1.0
6435	1152	2	1.0
6436	1153	2	1.0
6437	1153	2	1.0
6438	1153	2	1.0
6439	1154	2	1.0
6440	1154	2	1.0
6441	1154	2	1.0
6442	1154	2	1.0
6443	1155	2	1.0
6444	1155	2	1.0
6445	1156	2	1.0
6446	1157	2	1.0
6446	1380	2	1.0
6446	1399	2	1.0
6447	1158	2	1.0
6448	1158	2	1.0
6449	1158	2	1.0
6450	1158	2	1.0
6451	1158	2	1.0
6452	1159	2	1.0
6453	1159	2	1.0
6454	1159	2	1.0
6455	1159	2	1.0
6456	1159	2	1.0
6457	1159	2	1.0
6458	1159	2	1.0
6458	2750	2	1.0
6459	1159	2	1.0
6460	1160	2	1.0
6461	1160	2	1.0
6462	1160	2	1.0
6463	1160	2	1.0
6464	1161	2	1.0
6465	1161	2	1.0
6465	2043	2	1.0
6466	1162	2	1.0
6467	1162	2	1.0
6468	1162	2	1.0
6468	2544	2	1.0
6469	1162	2	1.0
6470	1162	2	1.0
6470	1730	2	1.0
6471	1162	2	1.0
6472	1163	2	1.0
6473	1163	2	1.0
6473	1164	2	1.0
6473	1165	2	1.0
6473	1607	2	1.0
6473	2190	2	1.0
6474	1163	2	1.0
6475	1164	2	1.0
6476	1164	2	1.0
6476	2190	2	1.0
6477	1164	2	1.0
6478	1165	2	1.0
6479	1165	2	1.0
6479	1607	2	1.0
6479	2190	2	1.0
6480	1165	2	1.0
6481	1165	2	1.0
6481	2190	2	1.0
6482	1165	2	1.0
6483	1166	2	1.0
6484	1166	2	1.0
6484	1594	2	1.0
6484	1597	2	1.0
6485	1166	2	1.0
6485	1597	2	1.0
6486	1167	2	1.0
6487	1167	2	1.0
6488	1167	2	1.0
6489	1168	2	1.0
6489	1365	2	1.0
6490	1168	2	1.0
6490	1365	2	1.0
6491	1168	2	1.0
6491	1365	2	1.0
6492	1169	2	1.0
6493	1169	2	1.0
6494	1169	2	1.0
6495	1169	2	1.0
6496	1170	2	1.0
6497	1171	2	1.0
6497	1655	2	1.0
6498	1172	2	1.0
6498	1667	2	1.0
6499	1173	2	1.0
6499	1623	2	1.0
6499	1662	2	1.0
6500	1173	2	1.0
6500	1623	2	1.0
6500	2249	2	1.0
6501	1173	2	1.0
6502	1173	2	1.0
6503	1173	2	1.0
6503	1623	2	1.0
6504	1175	2	1.0
6505	1176	2	1.0
6505	1180	2	1.0
6505	1202	2	1.0
6506	1177	2	1.0
6507	1177	2	1.0
6507	1211	2	1.0
6507	2227	2	1.0
6507	2278	2	1.0
6508	1177	2	1.0
6508	1211	2	1.0
6508	2278	2	1.0
6509	1177	2	1.0
6510	1177	2	1.0
6510	1211	2	1.0
6510	2227	2	1.0
6510	2278	2	1.0
6511	1178	2	1.0
6512	1178	2	1.0
6513	1179	2	1.0
6514	1179	2	1.0
6515	1181	2	1.0
6516	1181	2	1.0
6516	1216	2	1.0
6516	1660	2	1.0
6517	1182	2	1.0
6518	1182	2	1.0
6518	2275	2	1.0
6519	1182	2	1.0
6519	2250	2	1.0
6520	1182	2	1.0
6521	1182	2	1.0
6522	1182	2	1.0
6522	1673	2	1.0
6522	2275	2	1.0
6523	1182	2	1.0
6524	1184	2	1.0
6525	1184	2	1.0
6526	1185	2	1.0
6526	1195	2	1.0
6527	1187	2	1.0
6528	1188	2	1.0
6528	1191	2	1.0
6528	1634	2	1.0
6528	1649	2	1.0
6528	1653	2	1.0
6528	2252	2	1.0
6529	1188	2	1.0
6529	1649	2	1.0
6529	1653	2	1.0
6529	2953	2	1.0
6530	1188	2	1.0
6530	1191	2	1.0
6530	1634	2	1.0
6530	1649	2	1.0
6530	1653	2	1.0
6530	1670	2	1.0
6530	2252	2	1.0
6531	1188	2	1.0
6531	1191	2	1.0
6531	1204	2	1.0
6531	1634	2	1.0
6531	1649	2	1.0
6531	1653	2	1.0
6532	1188	2	1.0
6532	1191	2	1.0
6532	1204	2	1.0
6532	1649	2	1.0
6532	1653	2	1.0
6532	1656	2	1.0
6533	1189	2	1.0
6533	1190	2	1.0
6534	1189	2	1.0
6534	1190	2	1.0
6535	1189	2	1.0
6535	1190	2	1.0
6536	1189	2	1.0
6536	1190	2	1.0
6537	1190	2	1.0
6538	1190	2	1.0
6539	1191	2	1.0
6539	1670	2	1.0
6539	2252	2	1.0
6539	2272	2	1.0
6540	1192	2	1.0
6541	1192	2	1.0
6542	1192	2	1.0
6543	1192	2	1.0
6544	1192	2	1.0
6545	1192	2	1.0
6546	1192	2	1.0
6547	1192	2	1.0
6548	1193	2	1.0
6549	1193	2	1.0
6549	1204	2	1.0
6549	1649	2	1.0
6549	1653	2	1.0
6550	1194	2	1.0
6551	1196	2	1.0
6552	1196	2	1.0
6553	1196	2	1.0
6554	1196	2	1.0
6555	1197	2	1.0
6556	1198	2	1.0
6557	1198	2	1.0
6558	1198	2	1.0
6559	1199	2	1.0
6560	1200	2	1.0
6561	1200	2	1.0
6561	1208	2	1.0
6562	1200	2	1.0
6563	1201	2	1.0
6564	1201	2	1.0
6565	1205	2	1.0
6566	1205	2	1.0
6566	2269	2	1.0
6567	1205	2	1.0
6567	2269	2	1.0
6568	1205	2	1.0
6569	1205	2	1.0
6569	2269	2	1.0
6570	1205	2	1.0
6570	2269	2	1.0
6571	1205	2	1.0
6571	2268	2	1.0
6571	2269	2	1.0
6572	1206	2	1.0
6572	2261	2	1.0
6573	1207	2	1.0
6573	1612	2	1.0
6574	1207	2	1.0
6574	1612	2	1.0
6575	1207	2	1.0
6576	1208	2	1.0
6577	1208	2	1.0
6577	2263	2	1.0
6578	1209	2	1.0
6579	1209	2	1.0
6580	1210	2	1.0
6580	1617	2	1.0
6580	1648	2	1.0
6581	1210	2	1.0
6582	1210	2	1.0
6583	1210	2	1.0
6583	1617	2	1.0
6584	1210	2	1.0
6584	1617	2	1.0
6584	1648	2	1.0
6585	1211	2	1.0
6586	1211	2	1.0
6586	2227	2	1.0
6586	2278	2	1.0
6587	1211	2	1.0
6588	1211	2	1.0
6589	1214	2	1.0
6590	1214	2	1.0
6591	1215	2	1.0
6592	1215	2	1.0
6593	1218	2	1.0
6594	1218	2	1.0
6595	1218	2	1.0
6596	1218	2	1.0
6596	1832	2	1.0
6597	1219	2	1.0
6598	1219	2	1.0
6599	1220	2	1.0
6600	1220	2	1.0
6601	1220	2	1.0
6602	1220	2	1.0
6603	1220	2	1.0
6604	1220	2	1.0
6605	1220	2	1.0
6606	1220	2	1.0
6607	1221	2	1.0
6608	1221	2	1.0
6608	2852	2	1.0
6609	1222	2	1.0
6610	1222	2	1.0
6611	1222	2	1.0
6612	1223	2	1.0
6613	1224	2	1.0
6613	2201	2	1.0
6614	1224	2	1.0
6614	2201	2	1.0
6615	1225	2	1.0
6615	2196	2	1.0
6615	2198	2	1.0
6616	1225	2	1.0
6617	1226	2	1.0
6617	1230	2	1.0
6618	1226	2	1.0
6618	1230	2	1.0
6618	2192	2	1.0
6619	1226	2	1.0
6620	1226	2	1.0
6620	1230	2	1.0
6621	1226	2	1.0
6622	1228	2	1.0
6623	1228	2	1.0
6624	1229	2	1.0
6625	1230	2	1.0
6626	1230	2	1.0
6627	1231	2	1.0
6627	1893	2	1.0
6628	1233	2	1.0
6629	1233	2	1.0
6629	2856	2	1.0
6629	2857	2	1.0
6630	1233	2	1.0
6631	1234	2	1.0
6632	1234	2	1.0
6633	1234	2	1.0
6634	1234	2	1.0
6635	1234	2	1.0
6636	1235	2	1.0
6637	1235	2	1.0
6638	1236	2	1.0
6638	1677	2	1.0
6638	2193	2	1.0
6639	1236	2	1.0
6639	1677	2	1.0
6639	2193	2	1.0
6640	1236	2	1.0
6640	1677	2	1.0
6640	2193	2	1.0
6641	1236	2	1.0
6642	1236	2	1.0
6642	1677	2	1.0
6642	2193	2	1.0
6643	1237	2	1.0
6644	1237	2	1.0
6645	1238	2	1.0
6646	1238	2	1.0
6647	1239	2	1.0
6648	1239	2	1.0
6648	2541	2	1.0
6649	1240	2	1.0
6649	2353	2	1.0
6650	1240	2	1.0
6651	1240	2	1.0
6651	2353	2	1.0
6652	1240	2	1.0
6653	1241	2	1.0
6654	1241	2	1.0
6655	1242	2	1.0
6656	1243	2	1.0
6657	1244	2	1.0
6657	1925	2	1.0
6658	1244	2	1.0
6658	2153	2	1.0
6658	2760	2	1.0
6659	1245	2	1.0
6660	1245	2	1.0
6660	1248	2	1.0
6661	1245	2	1.0
6662	1245	2	1.0
6663	1247	2	1.0
6664	1247	2	1.0
6665	1247	2	1.0
6666	1247	2	1.0
6666	1897	2	1.0
6667	1247	2	1.0
6667	1897	2	1.0
6667	2082	2	1.0
6668	1247	2	1.0
6669	1247	2	1.0
6669	2774	2	1.0
6670	1248	2	1.0
6671	1248	2	1.0
6672	1249	2	1.0
6673	1249	2	1.0
6673	2470	2	1.0
6674	1249	2	1.0
6675	1249	2	1.0
6675	2856	2	1.0
6675	2857	2	1.0
6676	1250	2	1.0
6677	1250	2	1.0
6678	1250	2	1.0
6679	1251	2	1.0
6680	1251	2	1.0
6680	1510	2	1.0
6681	1251	2	1.0
6682	1251	2	1.0
6683	1251	2	1.0
6683	1898	2	1.0
6684	1252	2	1.0
6685	1252	2	1.0
6685	2700	2	1.0
6686	1252	2	1.0
6687	1252	2	1.0
6687	2700	2	1.0
6688	1253	2	1.0
6689	1253	2	1.0
6690	1253	2	1.0
6691	1253	2	1.0
6692	1253	2	1.0
6693	1254	2	1.0
6694	1254	2	1.0
6695	1254	2	1.0
6696	1255	2	1.0
6697	1255	2	1.0
6698	1256	2	1.0
6699	1256	2	1.0
6700	1257	2	1.0
6701	1257	2	1.0
6702	1257	2	1.0
6703	1257	2	1.0
6704	1258	2	1.0
6704	1277	2	1.0
6704	1970	2	1.0
6704	2283	2	1.0
6705	1258	2	1.0
6705	1272	2	1.0
6705	1277	2	1.0
6705	2283	2	1.0
6706	1259	2	1.0
6707	1259	2	1.0
6708	1260	2	1.0
6709	1260	2	1.0
6709	2289	2	1.0
6710	1260	2	1.0
6711	1261	2	1.0
6712	1261	2	1.0
6713	1261	2	1.0
6714	1262	2	1.0
6715	1262	2	1.0
6716	1262	2	1.0
6717	1262	2	1.0
6718	1263	2	1.0
6718	2014	2	1.0
6719	1263	2	1.0
6719	1364	2	1.0
6719	1976	2	1.0
6719	2014	2	1.0
6719	2295	2	1.0
6719	2322	2	1.0
6719	2699	2	1.0
6719	2801	2	1.0
6719	2811	2	1.0
6720	1264	2	1.0
6721	1264	2	1.0
6721	1627	2	1.0
6722	1265	2	1.0
6722	1278	2	1.0
6722	1963	2	1.0
6723	1265	2	1.0
6724	1265	2	1.0
6725	1265	2	1.0
6725	2802	2	1.0
6725	2897	2	1.0
6726	1265	2	1.0
6726	2016	2	1.0
6727	1265	2	1.0
6727	1963	2	1.0
6728	1266	2	1.0
6729	1266	2	1.0
6730	1266	2	1.0
6731	1266	2	1.0
6732	1266	2	1.0
6733	1267	2	1.0
6734	1268	2	1.0
6735	1268	2	1.0
6735	1299	2	1.0
6735	2834	2	1.0
6736	1268	2	1.0
6736	1323	2	1.0
6737	1268	2	1.0
6738	1268	2	1.0
6738	2236	2	1.0
6739	1268	2	1.0
6739	1323	2	1.0
6739	1352	2	1.0
6739	2333	2	1.0
6740	1268	2	1.0
6740	1323	2	1.0
6741	1269	2	1.0
6742	1270	2	1.0
6743	1270	2	1.0
6744	1270	2	1.0
6745	1271	2	1.0
6746	1271	2	1.0
6747	1271	2	1.0
6747	1988	2	1.0
6748	1271	2	1.0
6749	1271	2	1.0
6750	1271	2	1.0
6750	1304	2	1.0
6751	1271	2	1.0
6751	1304	2	1.0
6751	1339	2	1.0
6752	1272	2	1.0
6753	1272	2	1.0
6754	1273	2	1.0
6754	1489	2	1.0
6755	1273	2	1.0
6755	1489	2	1.0
6755	2288	2	1.0
6756	1274	2	1.0
6756	2298	2	1.0
6757	1274	2	1.0
6758	1274	2	1.0
6759	1275	2	1.0
6760	1275	2	1.0
6761	1276	2	1.0
6761	1320	2	1.0
6761	1956	2	1.0
6761	1999	2	1.0
6761	2004	2	1.0
6761	2827	2	1.0
6761	2892	2	1.0
6762	1276	2	1.0
6762	1287	2	1.0
6762	2911	2	1.0
6763	1277	2	1.0
6764	1277	2	1.0
6765	1277	2	1.0
6766	1277	2	1.0
6767	1278	2	1.0
6768	1278	2	1.0
6769	1278	2	1.0
6769	1747	2	1.0
6770	1279	2	1.0
6771	1280	2	1.0
6772	1280	2	1.0
6773	1281	2	1.0
6774	1281	2	1.0
6775	1282	2	1.0
6776	1282	2	1.0
6777	1282	2	1.0
6778	1282	2	1.0
6779	1283	2	1.0
6780	1283	2	1.0
6781	1284	2	1.0
6781	2895	2	1.0
6782	1284	2	1.0
6783	1284	2	1.0
6784	1284	2	1.0
6784	1291	2	1.0
6784	1898	2	1.0
6784	1965	2	1.0
6784	2700	2	1.0
6785	1285	2	1.0
6785	1992	2	1.0
6786	1285	2	1.0
6787	1285	2	1.0
6787	1970	2	1.0
6787	1992	2	1.0
6788	1286	2	1.0
6789	1286	2	1.0
6790	1286	2	1.0
6791	1287	2	1.0
6792	1288	2	1.0
6793	1288	2	1.0
6794	1289	2	1.0
6795	1289	2	1.0
6796	1289	2	1.0
6797	1290	2	1.0
6798	1290	2	1.0
6798	2232	2	1.0
6798	2984	2	1.0
6799	1290	2	1.0
6800	1291	2	1.0
6800	1898	2	1.0
6801	1291	2	1.0
6801	1898	2	1.0
6801	1965	2	1.0
6802	1291	2	1.0
6803	1292	2	1.0
6804	1292	2	1.0
6805	1293	2	1.0
6806	1293	2	1.0
6807	1294	2	1.0
6807	2824	2	1.0
6808	1294	2	1.0
6808	1315	2	1.0
6809	1294	2	1.0
6809	2824	2	1.0
6810	1294	2	1.0
6810	1434	2	1.0
6810	2824	2	1.0
6811	1294	2	1.0
6812	1294	2	1.0
6813	1295	2	1.0
6814	1295	2	1.0
6815	1295	2	1.0
6816	1297	2	1.0
6816	1984	2	1.0
6816	2839	2	1.0
6816	2841	2	1.0
6817	1297	2	1.0
6818	1297	2	1.0
6818	1330	2	1.0
6819	1298	2	1.0
6820	1298	2	1.0
6821	1298	2	1.0
6822	1298	2	1.0
6823	1298	2	1.0
6824	1299	2	1.0
6825	1299	2	1.0
6825	1378	2	1.0
6825	2834	2	1.0
6826	1300	2	1.0
6826	2723	2	1.0
6827	1301	2	1.0
6827	1442	2	1.0
6828	1301	2	1.0
6828	1442	2	1.0
6828	1985	2	1.0
6828	2837	2	1.0
6829	1303	2	1.0
6829	1459	2	1.0
6829	1675	2	1.0
6829	1961	2	1.0
6829	2929	2	1.0
6830	1303	2	1.0
6830	1459	2	1.0
6830	1675	2	1.0
6830	2929	2	1.0
6831	1304	2	1.0
6832	1304	2	1.0
6832	1434	2	1.0
6833	1304	2	1.0
6834	1306	2	1.0
6834	2005	2	1.0
6835	1306	2	1.0
6835	2005	2	1.0
6836	1306	2	1.0
6836	2005	2	1.0
6837	1306	2	1.0
6838	1306	2	1.0
6838	2005	2	1.0
6839	1307	2	1.0
6840	1307	2	1.0
6841	1307	2	1.0
6841	1315	2	1.0
6842	1308	2	1.0
6843	1308	2	1.0
6844	1309	2	1.0
6844	2022	2	1.0
6845	1309	2	1.0
6845	2022	2	1.0
6846	1309	2	1.0
6846	2022	2	1.0
6847	1310	2	1.0
6847	1357	2	1.0
6847	2329	2	1.0
6848	1310	2	1.0
6849	1310	2	1.0
6850	1310	2	1.0
6851	1310	2	1.0
6852	1311	2	1.0
6853	1311	2	1.0
6854	1311	2	1.0
6855	1311	2	1.0
6856	1311	2	1.0
6857	1311	2	1.0
6858	1312	2	1.0
6859	1312	2	1.0
6860	1312	2	1.0
6861	1313	2	1.0
6861	1981	2	1.0
6862	1313	2	1.0
6862	1318	2	1.0
6862	1960	2	1.0
6862	1981	2	1.0
6862	2905	2	1.0
6863	1315	2	1.0
6864	1316	2	1.0
6865	1316	2	1.0
6866	1316	2	1.0
6867	1316	2	1.0
6868	1317	2	1.0
6869	1317	2	1.0
6869	1988	2	1.0
6869	2894	2	1.0
6870	1318	2	1.0
6870	1960	2	1.0
6871	1319	2	1.0
6872	1320	2	1.0
6873	1321	2	1.0
6874	1321	2	1.0
6874	1347	2	1.0
6875	1321	2	1.0
6876	1321	2	1.0
6876	1347	2	1.0
6877	1323	2	1.0
6878	1324	2	1.0
6879	1324	2	1.0
6880	1325	2	1.0
6881	1326	2	1.0
6882	1326	2	1.0
6882	1330	2	1.0
6883	1328	2	1.0
6884	1328	2	1.0
6885	1328	2	1.0
6886	1329	2	1.0
6887	1329	2	1.0
6888	1330	2	1.0
6889	1330	2	1.0
6890	1331	2	1.0
6890	2229	2	1.0
6890	2902	2	1.0
6891	1332	2	1.0
6891	1964	2	1.0
6891	2285	2	1.0
6891	2823	2	1.0
6891	2828	2	1.0
6891	2844	2	1.0
6891	2906	2	1.0
6892	1332	2	1.0
6892	1636	2	1.0
6893	1332	2	1.0
6893	1964	2	1.0
6893	2285	2	1.0
6893	2823	2	1.0
6893	2828	2	1.0
6893	2844	2	1.0
6893	2906	2	1.0
6894	1333	2	1.0
6895	1333	2	1.0
6896	1333	2	1.0
6897	1333	2	1.0
6898	1333	2	1.0
6898	1990	2	1.0
6899	1334	2	1.0
6900	1335	2	1.0
6901	1335	2	1.0
6902	1336	2	1.0
6903	1336	2	1.0
6904	1336	2	1.0
6905	1337	2	1.0
6906	1337	2	1.0
6907	1337	2	1.0
6908	1338	2	1.0
6909	1338	2	1.0
6910	1338	2	1.0
6911	1339	2	1.0
6912	1339	2	1.0
6913	1340	2	1.0
6913	1994	2	1.0
6914	1340	2	1.0
6914	1994	2	1.0
6915	1341	2	1.0
6916	1341	2	1.0
6916	1958	2	1.0
6916	1962	2	1.0
6917	1342	2	1.0
6918	1342	2	1.0
6919	1343	2	1.0
6920	1344	2	1.0
6921	1344	2	1.0
6922	1345	2	1.0
6922	1954	2	1.0
6923	1345	2	1.0
6923	1373	2	1.0
6923	1954	2	1.0
6924	1346	2	1.0
6925	1346	2	1.0
6926	1347	2	1.0
6927	1348	2	1.0
6928	1348	2	1.0
6929	1349	2	1.0
6930	1349	2	1.0
6931	1349	2	1.0
6932	1349	2	1.0
6933	1349	2	1.0
6934	1350	2	1.0
6935	1350	2	1.0
6936	1350	2	1.0
6937	1350	2	1.0
6938	1351	2	1.0
6939	1351	2	1.0
6939	2648	2	1.0
6940	1352	2	1.0
6940	2007	2	1.0
6940	2333	2	1.0
6940	2910	2	1.0
6941	1352	2	1.0
6942	1353	2	1.0
6943	1353	2	1.0
6944	1354	2	1.0
6944	1676	2	1.0
6944	2237	2	1.0
6945	1354	2	1.0
6945	1676	2	1.0
6946	1354	2	1.0
6946	1676	2	1.0
6946	2237	2	1.0
6947	1354	2	1.0
6947	1676	2	1.0
6947	2237	2	1.0
6948	1355	2	1.0
6949	1355	2	1.0
6949	2327	2	1.0
6950	1356	2	1.0
6951	1356	2	1.0
6952	1356	2	1.0
6953	1356	2	1.0
6954	1356	2	1.0
6955	1356	2	1.0
6956	1356	2	1.0
6957	1356	2	1.0
6958	1357	2	1.0
6959	1357	2	1.0
6959	2007	2	1.0
6959	2329	2	1.0
6959	2910	2	1.0
6960	1358	2	1.0
6961	1358	2	1.0
6962	1358	2	1.0
6963	1358	2	1.0
6964	1358	2	1.0
6965	1359	2	1.0
6966	1359	2	1.0
6967	1359	2	1.0
6968	1360	2	1.0
6968	2705	2	1.0
6969	1360	2	1.0
6969	2705	2	1.0
6970	1360	2	1.0
6970	2705	2	1.0
6971	1360	2	1.0
6972	1361	2	1.0
6973	1361	2	1.0
6974	1361	2	1.0
6975	1362	2	1.0
6976	1362	2	1.0
6977	1362	2	1.0
6978	1363	2	1.0
6979	1363	2	1.0
6979	2701	2	1.0
6979	2903	2	1.0
6980	1364	2	1.0
6980	2801	2	1.0
6981	1366	2	1.0
6982	1366	2	1.0
6982	2021	2	1.0
6983	1366	2	1.0
6984	1367	2	1.0
6985	1367	2	1.0
6986	1368	2	1.0
6987	1368	2	1.0
6988	1369	2	1.0
6989	1369	2	1.0
6990	1369	2	1.0
6990	2727	2	1.0
6991	1370	2	1.0
6991	2339	2	1.0
6992	1371	2	1.0
6993	1372	2	1.0
6993	2331	2	1.0
6993	2348	2	1.0
6994	1374	2	1.0
6994	2719	2	1.0
6995	1375	2	1.0
6995	1661	2	1.0
6995	2292	2	1.0
6996	1375	2	1.0
6997	1375	2	1.0
6997	1661	2	1.0
6997	2292	2	1.0
6998	1376	2	1.0
6999	1376	2	1.0
7000	1377	2	1.0
7001	1377	2	1.0
7002	1377	2	1.0
7003	1377	2	1.0
7004	1378	2	1.0
7005	1380	2	1.0
7005	1568	2	1.0
7006	1381	2	1.0
7007	1382	2	1.0
7007	1476	2	1.0
7008	1382	2	1.0
7009	1382	2	1.0
7009	1476	2	1.0
7009	1519	2	1.0
7009	1550	2	1.0
7010	1382	2	1.0
7010	1383	2	1.0
7010	1504	2	1.0
7010	2491	2	1.0
7011	1382	2	1.0
7011	1519	2	1.0
7011	1550	2	1.0
7012	1383	2	1.0
7012	1504	2	1.0
7012	2491	2	1.0
7013	1383	2	1.0
7013	1504	2	1.0
7013	2491	2	1.0
7014	1383	2	1.0
7015	1384	2	1.0
7015	1552	2	1.0
7015	2372	2	1.0
7015	2923	2	1.0
7016	1384	2	1.0
7016	1552	2	1.0
7017	1384	2	1.0
7017	1552	2	1.0
7018	1384	2	1.0
7018	1552	2	1.0
7019	1385	2	1.0
7020	1386	2	1.0
7021	1386	2	1.0
7022	1386	2	1.0
7023	1387	2	1.0
7024	1388	2	1.0
7025	1388	2	1.0
7026	1389	2	1.0
7027	1389	2	1.0
7027	1727	2	1.0
7028	1390	2	1.0
7029	1390	2	1.0
7029	1455	2	1.0
7030	1390	2	1.0
7031	1390	2	1.0
7032	1391	2	1.0
7033	1391	2	1.0
7034	1392	2	1.0
7035	1392	2	1.0
7036	1392	2	1.0
7037	1392	2	1.0
7037	1849	2	1.0
7037	2191	2	1.0
7038	1393	2	1.0
7038	2982	2	1.0
7039	1393	2	1.0
7040	1394	2	1.0
7040	2113	2	1.0
7041	1394	2	1.0
7042	1394	2	1.0
7043	1395	2	1.0
7044	1395	2	1.0
7045	1395	2	1.0
7046	1396	2	1.0
7046	2052	2	1.0
7047	1397	2	1.0
7048	1397	2	1.0
7049	1397	2	1.0
7050	1398	2	1.0
7051	1398	2	1.0
7052	1398	2	1.0
7052	2148	2	1.0
7053	1398	2	1.0
7054	1398	2	1.0
7055	1398	2	1.0
7056	1400	2	1.0
7056	2153	2	1.0
7057	1400	2	1.0
7058	1400	2	1.0
7058	1934	2	1.0
7059	1400	2	1.0
7059	2153	2	1.0
7060	1401	2	1.0
7061	1401	2	1.0
7062	1401	2	1.0
7063	1401	2	1.0
7063	2033	2	1.0
7064	1402	2	1.0
7065	1402	2	1.0
7065	2130	2	1.0
7065	2877	2	1.0
7066	1402	2	1.0
7067	1403	2	1.0
7068	1404	2	1.0
7069	1404	2	1.0
7070	1404	2	1.0
7071	1404	2	1.0
7072	1404	2	1.0
7073	1405	2	1.0
7074	1405	2	1.0
7075	1405	2	1.0
7076	1405	2	1.0
7077	1405	2	1.0
7078	1405	2	1.0
7079	1405	2	1.0
7080	1407	2	1.0
7081	1407	2	1.0
7082	1407	2	1.0
7083	1408	2	1.0
7084	1408	2	1.0
7085	1408	2	1.0
7085	2560	2	1.0
7086	1409	2	1.0
7086	1879	2	1.0
7086	2194	2	1.0
7086	2199	2	1.0
7087	1412	2	1.0
7088	1412	2	1.0
7089	1413	2	1.0
7090	1413	2	1.0
7091	1413	2	1.0
7092	1413	2	1.0
7092	2794	2	1.0
7093	1414	2	1.0
7094	1414	2	1.0
7095	1415	2	1.0
7096	1415	2	1.0
7096	1879	2	1.0
7096	2199	2	1.0
7097	1415	2	1.0
7098	1416	2	1.0
7099	1416	2	1.0
7100	1416	2	1.0
7101	1416	2	1.0
7101	1834	2	1.0
7102	1416	2	1.0
7103	1417	2	1.0
7103	2582	2	1.0
7104	1418	2	1.0
7104	1566	2	1.0
7104	1938	2	1.0
7104	2623	2	1.0
7104	2640	2	1.0
7105	1418	2	1.0
7105	1566	2	1.0
7105	1938	2	1.0
7105	2623	2	1.0
7105	2640	2	1.0
7106	1418	2	1.0
7106	1566	2	1.0
7106	2646	2	1.0
7107	1419	2	1.0
7107	1950	2	1.0
7108	1420	2	1.0
7109	1420	2	1.0
7110	1420	2	1.0
7111	1420	2	1.0
7112	1420	2	1.0
7113	1421	2	1.0
7114	1421	2	1.0
7115	1422	2	1.0
7115	1943	2	1.0
7116	1422	2	1.0
7117	1422	2	1.0
7117	1943	2	1.0
7117	1951	2	1.0
7118	1423	2	1.0
7118	1935	2	1.0
7118	2762	2	1.0
7119	1423	2	1.0
7119	1935	2	1.0
7119	2762	2	1.0
7120	1423	2	1.0
7120	1935	2	1.0
7120	2762	2	1.0
7121	1423	2	1.0
7121	1935	2	1.0
7121	2762	2	1.0
7122	1423	2	1.0
7123	1424	2	1.0
7124	1424	2	1.0
7125	1424	2	1.0
7126	1424	2	1.0
7127	1425	2	1.0
7128	1426	2	1.0
7129	1426	2	1.0
7130	1427	2	1.0
7131	1427	2	1.0
7132	1428	2	1.0
7133	1428	2	1.0
7134	1428	2	1.0
7135	1429	2	1.0
7136	1430	2	1.0
7137	1431	2	1.0
7138	1432	2	1.0
7138	2996	2	1.0
7139	1433	2	1.0
7140	1433	2	1.0
7141	1433	2	1.0
7142	1433	2	1.0
7143	1433	2	1.0
7144	1434	2	1.0
7145	1434	2	1.0
7145	2894	2	1.0
7146	1435	2	1.0
7147	1435	2	1.0
7148	1435	2	1.0
7149	1435	2	1.0
7150	1439	2	1.0
7151	1439	2	1.0
7152	1439	2	1.0
7153	1439	2	1.0
7154	1440	2	1.0
7155	1440	2	1.0
7156	1441	2	1.0
7157	1441	2	1.0
7158	1442	2	1.0
7159	1442	2	1.0
7160	1443	2	1.0
7160	1839	2	1.0
7161	1443	2	1.0
7161	1839	2	1.0
7162	1443	2	1.0
7162	1839	2	1.0
7163	1444	2	1.0
7164	1444	2	1.0
7165	1445	2	1.0
7166	1445	2	1.0
7167	1446	2	1.0
7168	1446	2	1.0
7169	1446	2	1.0
7170	1447	2	1.0
7170	2883	2	1.0
7171	1447	2	1.0
7172	1447	2	1.0
7173	1448	2	1.0
7174	1450	2	1.0
7175	1450	2	1.0
7176	1451	2	1.0
7176	2425	2	1.0
7177	1451	2	1.0
7178	1452	2	1.0
7179	1452	2	1.0
7180	1452	2	1.0
7181	1453	2	1.0
7181	2884	2	1.0
7182	1453	2	1.0
7182	2884	2	1.0
7183	1453	2	1.0
7183	2884	2	1.0
7184	1455	2	1.0
7184	2146	2	1.0
7185	1455	2	1.0
7186	1455	2	1.0
7187	1456	2	1.0
7188	1456	2	1.0
7189	1457	2	1.0
7189	1969	2	1.0
7189	2309	2	1.0
7189	2318	2	1.0
7189	2822	2	1.0
7190	1458	2	1.0
7191	1460	2	1.0
7192	1460	2	1.0
7193	1461	2	1.0
7194	1461	2	1.0
7194	2994	2	1.0
7195	1462	2	1.0
7195	2528	2	1.0
7195	2995	2	1.0
7196	1463	2	1.0
7197	1463	2	1.0
7197	2104	2	1.0
7198	1464	2	1.0
7198	2524	2	1.0
7199	1464	2	1.0
7199	2524	2	1.0
7200	1465	2	1.0
7201	1465	2	1.0
7202	1465	2	1.0
7203	1468	2	1.0
7203	2531	2	1.0
7203	2788	2	1.0
7204	1469	2	1.0
7205	1469	2	1.0
7205	1540	2	1.0
7205	1768	2	1.0
7205	1770	2	1.0
7205	1793	2	1.0
7205	2072	2	1.0
7205	2105	2	1.0
7205	2992	2	1.0
7206	1470	2	1.0
7207	1470	2	1.0
7208	1470	2	1.0
7209	1470	2	1.0
7210	1470	2	1.0
7211	1471	2	1.0
7212	1471	2	1.0
7213	1472	2	1.0
7214	1472	2	1.0
7215	1472	2	1.0
7215	1540	2	1.0
7215	2997	2	1.0
7216	1473	2	1.0
7216	2521	2	1.0
7216	2532	2	1.0
7217	1473	2	1.0
7218	1473	2	1.0
7219	1473	2	1.0
7219	1786	2	1.0
7219	2447	2	1.0
7219	2521	2	1.0
7220	1474	2	1.0
7221	1475	2	1.0
7222	1475	2	1.0
7223	1476	2	1.0
7223	1519	2	1.0
7223	1550	2	1.0
7224	1477	2	1.0
7225	1477	2	1.0
7226	1477	2	1.0
7227	1477	2	1.0
7228	1478	2	1.0
7229	1478	2	1.0
7230	1478	2	1.0
7231	1478	2	1.0
7232	1478	2	1.0
7233	1478	2	1.0
7234	1479	2	1.0
7235	1479	2	1.0
7235	1513	2	1.0
7236	1479	2	1.0
7237	1479	2	1.0
7237	1513	2	1.0
7238	1480	2	1.0
7239	1480	2	1.0
7239	2391	2	1.0
7239	2398	2	1.0
7240	1480	2	1.0
7240	2391	2	1.0
7240	2398	2	1.0
7241	1481	2	1.0
7242	1482	2	1.0
7242	2402	2	1.0
7243	1484	2	1.0
7244	1486	2	1.0
7244	2378	2	1.0
7245	1486	2	1.0
7246	1486	2	1.0
7247	1486	2	1.0
7248	1488	2	1.0
7249	1489	2	1.0
7250	1490	2	1.0
7250	2690	2	1.0
7251	1490	2	1.0
7252	1491	2	1.0
7253	1492	2	1.0
7254	1492	2	1.0
7255	1492	2	1.0
7256	1493	2	1.0
7257	1494	2	1.0
7258	1494	2	1.0
7259	1494	2	1.0
7259	1511	2	1.0
7260	1495	2	1.0
7261	1495	2	1.0
7262	1495	2	1.0
7263	1496	2	1.0
7264	1498	2	1.0
7265	1498	2	1.0
7265	2371	2	1.0
7266	1498	2	1.0
7267	1499	2	1.0
7268	1499	2	1.0
7269	1500	2	1.0
7270	1501	2	1.0
7271	1502	2	1.0
7272	1502	2	1.0
7273	1503	2	1.0
7274	1504	2	1.0
7275	1505	2	1.0
7275	1749	2	1.0
7275	2651	2	1.0
7275	2927	2	1.0
7276	1506	2	1.0
7277	1506	2	1.0
7278	1507	2	1.0
7279	1507	2	1.0
7279	2663	2	1.0
7280	1507	2	1.0
7281	1508	2	1.0
7282	1508	2	1.0
7283	1508	2	1.0
7284	1508	2	1.0
7285	1508	2	1.0
7286	1509	2	1.0
7287	1509	2	1.0
7288	1510	2	1.0
7289	1510	2	1.0
7290	1511	2	1.0
7291	1512	2	1.0
7292	1512	2	1.0
7293	1512	2	1.0
7294	1513	2	1.0
7295	1513	2	1.0
7296	1514	2	1.0
7297	1515	2	1.0
7298	1515	2	1.0
7299	1515	2	1.0
7299	2123	2	1.0
7300	1516	2	1.0
7301	1516	2	1.0
7302	1517	2	1.0
7303	1517	2	1.0
7303	2410	2	1.0
7304	1518	2	1.0
7305	1518	2	1.0
7306	1518	2	1.0
7307	1518	2	1.0
7307	2419	2	1.0
7308	1519	2	1.0
7309	1519	2	1.0
7310	1520	2	1.0
7311	1520	2	1.0
7312	1522	2	1.0
7313	1522	2	1.0
7314	1522	2	1.0
7315	1522	2	1.0
7315	2610	2	1.0
7316	1522	2	1.0
7316	2610	2	1.0
7317	1524	2	1.0
7318	1524	2	1.0
7319	1525	2	1.0
7320	1525	2	1.0
7321	1526	2	1.0
7322	1526	2	1.0
7323	1526	2	1.0
7324	1526	2	1.0
7325	1526	2	1.0
7326	1527	2	1.0
7327	1527	2	1.0
7328	1527	2	1.0
7329	1527	2	1.0
7330	1528	2	1.0
7331	1529	2	1.0
7332	1529	2	1.0
7332	1592	2	1.0
7333	1532	2	1.0
7334	1532	2	1.0
7335	1533	2	1.0
7336	1533	2	1.0
7336	2064	2	1.0
7336	2912	2	1.0
7337	1533	2	1.0
7338	1534	2	1.0
7338	1917	2	1.0
7339	1534	2	1.0
7339	1917	2	1.0
7339	2572	2	1.0
7340	1534	2	1.0
7340	2572	2	1.0
7341	1534	2	1.0
7341	1536	2	1.0
7341	1916	2	1.0
7342	1535	2	1.0
7343	1535	2	1.0
7344	1535	2	1.0
7345	1535	2	1.0
7346	1536	2	1.0
7347	1536	2	1.0
7348	1536	2	1.0
7349	1536	2	1.0
7350	1536	2	1.0
7351	1536	2	1.0
7352	1536	2	1.0
7353	1537	2	1.0
7354	1538	2	1.0
7354	2613	2	1.0
7355	1540	2	1.0
7355	2105	2	1.0
7356	1540	2	1.0
7356	2105	2	1.0
7357	1540	2	1.0
7358	1540	2	1.0
7358	2992	2	1.0
7359	1541	2	1.0
7360	1541	2	1.0
7361	1541	2	1.0
7362	1541	2	1.0
7363	1542	2	1.0
7363	1543	2	1.0
7364	1542	2	1.0
7365	1543	2	1.0
7366	1543	2	1.0
7367	1543	2	1.0
7368	1543	2	1.0
7369	1543	2	1.0
7370	1543	2	1.0
7371	1544	2	1.0
7372	1544	2	1.0
7373	1544	2	1.0
7374	1545	2	1.0
7375	1546	2	1.0
7375	2632	2	1.0
7376	1549	2	1.0
7377	1549	2	1.0
7378	1549	2	1.0
7379	1550	2	1.0
7379	2505	2	1.0
7380	1550	2	1.0
7381	1551	2	1.0
7382	1551	2	1.0
7383	1551	2	1.0
7384	1553	2	1.0
7385	1553	2	1.0
7386	1553	2	1.0
7387	1553	2	1.0
7388	1553	2	1.0
7389	1554	2	1.0
7389	2150	2	1.0
7390	1555	2	1.0
7391	1555	2	1.0
7392	1556	2	1.0
7393	1556	2	1.0
7394	1556	2	1.0
7395	1556	2	1.0
7396	1557	2	1.0
7397	1557	2	1.0
7398	1557	2	1.0
7399	1558	2	1.0
7400	1558	2	1.0
7401	1559	2	1.0
7401	2449	2	1.0
7402	1559	2	1.0
7402	2449	2	1.0
7403	1559	2	1.0
7404	1560	2	1.0
7405	1560	2	1.0
7406	1560	2	1.0
7406	1730	2	1.0
7407	1561	2	1.0
7408	1561	2	1.0
7409	1561	2	1.0
7410	1561	2	1.0
7411	1562	2	1.0
7412	1562	2	1.0
7413	1562	2	1.0
7414	1563	2	1.0
7415	1563	2	1.0
7416	1563	2	1.0
7417	1564	2	1.0
7417	1940	2	1.0
7417	2631	2	1.0
7418	1564	2	1.0
7419	1564	2	1.0
7419	1940	2	1.0
7420	1565	2	1.0
7421	1565	2	1.0
7422	1565	2	1.0
7423	1566	2	1.0
7423	1938	2	1.0
7423	2640	2	1.0
7424	1567	2	1.0
7425	1567	2	1.0
7426	1567	2	1.0
7427	1568	2	1.0
7428	1569	2	1.0
7428	1765	2	1.0
7428	2769	2	1.0
7429	1569	2	1.0
7430	1570	2	1.0
7431	1570	2	1.0
7432	1570	2	1.0
7433	1570	2	1.0
7434	1571	2	1.0
7435	1571	2	1.0
7435	2948	2	1.0
7436	1572	2	1.0
7437	1572	2	1.0
7438	1573	2	1.0
7439	1573	2	1.0
7439	2459	2	1.0
7439	2480	2	1.0
7440	1573	2	1.0
7440	2459	2	1.0
7441	1574	2	1.0
7442	1574	2	1.0
7443	1574	2	1.0
7444	1574	2	1.0
7445	1575	2	1.0
7446	1575	2	1.0
7447	1576	2	1.0
7448	1576	2	1.0
7449	1576	2	1.0
7450	1576	2	1.0
7451	1576	2	1.0
7452	1577	2	1.0
7453	1579	2	1.0
7454	1579	2	1.0
7455	1579	2	1.0
7456	1579	2	1.0
7457	1579	2	1.0
7458	1580	2	1.0
7459	1580	2	1.0
7460	1580	2	1.0
7461	1581	2	1.0
7462	1581	2	1.0
7463	1582	2	1.0
7464	1582	2	1.0
7465	1582	2	1.0
7466	1582	2	1.0
7467	1584	2	1.0
7468	1584	2	1.0
7468	2519	2	1.0
7469	1585	2	1.0
7470	1585	2	1.0
7471	1585	2	1.0
7472	1587	2	1.0
7473	1587	2	1.0
7474	1588	2	1.0
7475	1588	2	1.0
7476	1588	2	1.0
7477	1589	2	1.0
7478	1589	2	1.0
7479	1589	2	1.0
7480	1589	2	1.0
7481	1589	2	1.0
7482	1590	2	1.0
7482	1915	2	1.0
7483	1592	2	1.0
7484	1595	2	1.0
7484	2554	2	1.0
7484	2557	2	1.0
7485	1595	2	1.0
7486	1595	2	1.0
7486	2554	2	1.0
7486	2557	2	1.0
7487	1596	2	1.0
7488	1596	2	1.0
7488	2472	2	1.0
7489	1596	2	1.0
7490	1596	2	1.0
7490	2472	2	1.0
7491	1597	2	1.0
7492	1598	2	1.0
7493	1598	2	1.0
7494	1599	2	1.0
7495	1599	2	1.0
7495	2947	2	1.0
7496	1600	2	1.0
7497	1600	2	1.0
7498	1600	2	1.0
7499	1601	2	1.0
7500	1601	2	1.0
7501	1603	2	1.0
7502	1603	2	1.0
7503	1603	2	1.0
7504	1603	2	1.0
7505	1603	2	1.0
7506	1604	2	1.0
7507	1604	2	1.0
7508	1604	2	1.0
7508	2476	2	1.0
7509	1605	2	1.0
7510	1606	2	1.0
7511	1607	2	1.0
7511	2189	2	1.0
7511	2190	2	1.0
7512	1607	2	1.0
7512	2189	2	1.0
7513	1608	2	1.0
7514	1608	2	1.0
7515	1608	2	1.0
7516	1608	2	1.0
7517	1608	2	1.0
7518	1608	2	1.0
7519	1609	2	1.0
7520	1609	2	1.0
7521	1609	2	1.0
7522	1610	2	1.0
7523	1610	2	1.0
7524	1610	2	1.0
7525	1611	2	1.0
7526	1612	2	1.0
7527	1612	2	1.0
7527	2277	2	1.0
7528	1612	2	1.0
7529	1612	2	1.0
7530	1613	2	1.0
7530	1624	2	1.0
7530	1659	2	1.0
7531	1613	2	1.0
7531	1659	2	1.0
7531	2791	2	1.0
7532	1613	2	1.0
7533	1613	2	1.0
7533	1659	2	1.0
7534	1614	2	1.0
7535	1614	2	1.0
7536	1614	2	1.0
7537	1614	2	1.0
7538	1615	2	1.0
7538	2343	2	1.0
7539	1617	2	1.0
7540	1619	2	1.0
7541	1619	2	1.0
7542	1619	2	1.0
7543	1619	2	1.0
7544	1621	2	1.0
7545	1621	2	1.0
7546	1622	2	1.0
7547	1622	2	1.0
7548	1622	2	1.0
7549	1624	2	1.0
7550	1624	2	1.0
7551	1625	2	1.0
7552	1625	2	1.0
7553	1625	2	1.0
7554	1626	2	1.0
7555	1626	2	1.0
7556	1628	2	1.0
7556	1644	2	1.0
7557	1628	2	1.0
7557	1644	2	1.0
7558	1629	2	1.0
7559	1631	2	1.0
7560	1633	2	1.0
7561	1635	2	1.0
7562	1635	2	1.0
7563	1635	2	1.0
7564	1635	2	1.0
7565	1635	2	1.0
7566	1635	2	1.0
7566	1643	2	1.0
7567	1636	2	1.0
7568	1636	2	1.0
7568	2321	2	1.0
7568	2832	2	1.0
7569	1636	2	1.0
7569	2924	2	1.0
7570	1637	2	1.0
7571	1641	2	1.0
7572	1641	2	1.0
7573	1642	2	1.0
7574	1642	2	1.0
7575	1642	2	1.0
7576	1643	2	1.0
7577	1643	2	1.0
7578	1643	2	1.0
7579	1643	2	1.0
7580	1645	2	1.0
7581	1645	2	1.0
7582	1648	2	1.0
7583	1649	2	1.0
7583	1653	2	1.0
7583	1656	2	1.0
7584	1651	2	1.0
7585	1651	2	1.0
7586	1651	2	1.0
7587	1653	2	1.0
7588	1654	2	1.0
7589	1654	2	1.0
7590	1654	2	1.0
7591	1655	2	1.0
7592	1656	2	1.0
7593	1656	2	1.0
7594	1656	2	1.0
7595	1657	2	1.0
7596	1657	2	1.0
7597	1658	2	1.0
7598	1658	2	1.0
7599	1660	2	1.0
7600	1661	2	1.0
7600	2292	2	1.0
7601	1662	2	1.0
7602	1662	2	1.0
7603	1662	2	1.0
7604	1663	2	1.0
7605	1663	2	1.0
7606	1663	2	1.0
7607	1664	2	1.0
7608	1664	2	1.0
7609	1667	2	1.0
7610	1667	2	1.0
7611	1668	2	1.0
7612	1668	2	1.0
7613	1669	2	1.0
7614	1669	2	1.0
7615	1670	2	1.0
7615	2252	2	1.0
7615	2272	2	1.0
7616	1671	2	1.0
7617	1672	2	1.0
7618	1672	2	1.0
7619	1673	2	1.0
7620	1674	2	1.0
7621	1674	2	1.0
7622	1674	2	1.0
7623	1675	2	1.0
7624	1675	2	1.0
7625	1676	2	1.0
7626	1676	2	1.0
7627	1678	2	1.0
7627	2229	2	1.0
7628	1678	2	1.0
7628	2229	2	1.0
7629	1678	2	1.0
7630	1678	2	1.0
7630	2229	2	1.0
7631	1678	2	1.0
7632	1678	2	1.0
7633	1679	2	1.0
7633	2238	2	1.0
7634	1679	2	1.0
7635	1679	2	1.0
7636	1679	2	1.0
7637	1679	2	1.0
7638	1680	2	1.0
7639	1680	2	1.0
7640	1681	2	1.0
7640	1686	2	1.0
7641	1681	2	1.0
7641	1686	2	1.0
7642	1681	2	1.0
7642	1686	2	1.0
7643	1681	2	1.0
7643	1686	2	1.0
7644	1682	2	1.0
7645	1683	2	1.0
7645	2011	2	1.0
7646	1683	2	1.0
7646	2011	2	1.0
7647	1683	2	1.0
7647	2011	2	1.0
7648	1684	2	1.0
7649	1684	2	1.0
7650	1684	2	1.0
7651	1685	2	1.0
7652	1685	2	1.0
7652	1971	2	1.0
7653	1688	2	1.0
7654	1688	2	1.0
7655	1688	2	1.0
7655	1730	2	1.0
7655	1808	2	1.0
7656	1689	2	1.0
7657	1690	2	1.0
7658	1691	2	1.0
7659	1691	2	1.0
7660	1691	2	1.0
7661	1693	2	1.0
7662	1693	2	1.0
7663	1693	2	1.0
7664	1694	2	1.0
7664	2686	2	1.0
7665	1695	2	1.0
7666	1695	2	1.0
7667	1695	2	1.0
7667	1913	2	1.0
7667	2215	2	1.0
7668	1696	2	1.0
7669	1696	2	1.0
7670	1697	2	1.0
7671	1697	2	1.0
7672	1697	2	1.0
7673	1697	2	1.0
7674	1698	2	1.0
7675	1700	2	1.0
7676	1700	2	1.0
7677	1701	2	1.0
7678	1701	2	1.0
7679	1702	2	1.0
7680	1702	2	1.0
7681	1704	2	1.0
7681	1705	2	1.0
7681	1707	2	1.0
7681	1710	2	1.0
7681	1712	2	1.0
7682	1708	2	1.0
7683	1709	2	1.0
7684	1709	2	1.0
7685	1709	2	1.0
7686	1710	2	1.0
7686	1711	2	1.0
7686	2465	2	1.0
7687	1711	2	1.0
7687	1712	2	1.0
7688	1713	2	1.0
7689	1713	2	1.0
7690	1714	2	1.0
7691	1715	2	1.0
7691	2670	2	1.0
7692	1715	2	1.0
7693	1717	2	1.0
7694	1718	2	1.0
7695	1718	2	1.0
7695	1719	2	1.0
7696	1719	2	1.0
7697	1720	2	1.0
7698	1720	2	1.0
7698	1922	2	1.0
7699	1721	2	1.0
7700	1721	2	1.0
7701	1721	2	1.0
7702	1721	2	1.0
7703	1722	2	1.0
7704	1722	2	1.0
7705	1723	2	1.0
7706	1723	2	1.0
7706	2942	2	1.0
7707	1724	2	1.0
7708	1724	2	1.0
7709	1726	2	1.0
7709	2122	2	1.0
7710	1727	2	1.0
7711	1727	2	1.0
7712	1727	2	1.0
7713	1728	2	1.0
7714	1729	2	1.0
7715	1730	2	1.0
7716	1730	2	1.0
7717	1731	2	1.0
7717	2359	2	1.0
7718	1731	2	1.0
7719	1731	2	1.0
7720	1732	2	1.0
7721	1732	2	1.0
7722	1733	2	1.0
7723	1733	2	1.0
7724	1733	2	1.0
7725	1734	2	1.0
7726	1734	2	1.0
7727	1735	2	1.0
7727	1736	2	1.0
7728	1735	2	1.0
7729	1735	2	1.0
7729	1736	2	1.0
7730	1735	2	1.0
7730	1736	2	1.0
7731	1736	2	1.0
7732	1736	2	1.0
7733	1737	2	1.0
7734	1737	2	1.0
7735	1737	2	1.0
7736	1737	2	1.0
7737	1737	2	1.0
7738	1737	2	1.0
7739	1740	2	1.0
7740	1741	2	1.0
7741	1741	2	1.0
7742	1741	2	1.0
7742	2112	2	1.0
7743	1742	2	1.0
7744	1742	2	1.0
7745	1743	2	1.0
7746	1743	2	1.0
7747	1743	2	1.0
7748	1744	2	1.0
7749	1744	2	1.0
7750	1744	2	1.0
7751	1745	2	1.0
7752	1745	2	1.0
7753	1746	2	1.0
7753	2923	2	1.0
7754	1747	2	1.0
7755	1747	2	1.0
7756	1747	2	1.0
7757	1747	2	1.0
7758	1747	2	1.0
7759	1749	2	1.0
7759	2651	2	1.0
7759	2927	2	1.0
7760	1749	2	1.0
7761	1749	2	1.0
7762	1749	2	1.0
7762	2651	2	1.0
7762	2927	2	1.0
7763	1751	2	1.0
7764	1751	2	1.0
7765	1753	2	1.0
7765	2504	2	1.0
7766	1753	2	1.0
7766	2504	2	1.0
7767	1753	2	1.0
7768	1753	2	1.0
7769	1753	2	1.0
7769	2504	2	1.0
7770	1754	2	1.0
7770	2078	2	1.0
7771	1754	2	1.0
7772	1754	2	1.0
7773	1754	2	1.0
7774	1754	2	1.0
7774	2074	2	1.0
7775	1755	2	1.0
7776	1755	2	1.0
7777	1755	2	1.0
7778	1757	2	1.0
7779	1757	2	1.0
7780	1759	2	1.0
7781	1759	2	1.0
7781	2280	2	1.0
7782	1760	2	1.0
7783	1760	2	1.0
7784	1760	2	1.0
7785	1762	2	1.0
7786	1763	2	1.0
7786	2233	2	1.0
7786	2238	2	1.0
7787	1763	2	1.0
7788	1763	2	1.0
7789	1763	2	1.0
7789	2233	2	1.0
7790	1763	2	1.0
7790	2233	2	1.0
7791	1763	2	1.0
7791	2233	2	1.0
7792	1763	2	1.0
7793	1764	2	1.0
7794	1764	2	1.0
7795	1764	2	1.0
7796	1765	2	1.0
7796	2460	2	1.0
7796	2769	2	1.0
7797	1766	2	1.0
7798	1766	2	1.0
7799	1768	2	1.0
7799	1770	2	1.0
7799	1793	2	1.0
7800	1768	2	1.0
7800	1770	2	1.0
7800	1793	2	1.0
7800	2072	2	1.0
7801	1769	2	1.0
7802	1771	2	1.0
7803	1772	2	1.0
7803	2513	2	1.0
7804	1772	2	1.0
7805	1773	2	1.0
7806	1773	2	1.0
7807	1773	2	1.0
7808	1773	2	1.0
7809	1773	2	1.0
7810	1773	2	1.0
7811	1774	2	1.0
7812	1774	2	1.0
7813	1774	2	1.0
7814	1774	2	1.0
7815	1776	2	1.0
7816	1776	2	1.0
7817	1776	2	1.0
7818	1777	2	1.0
7819	1777	2	1.0
7820	1777	2	1.0
7821	1777	2	1.0
7822	1777	2	1.0
7823	1777	2	1.0
7824	1777	2	1.0
7825	1778	2	1.0
7826	1778	2	1.0
7827	1778	2	1.0
7828	1778	2	1.0
7829	1781	2	1.0
7830	1781	2	1.0
7831	1781	2	1.0
7832	1781	2	1.0
7833	1781	2	1.0
7834	1782	2	1.0
7834	2432	2	1.0
7835	1783	2	1.0
7836	1783	2	1.0
7836	2043	2	1.0
7836	2433	2	1.0
7837	1784	2	1.0
7838	1784	2	1.0
7838	2436	2	1.0
7839	1784	2	1.0
7840	1785	2	1.0
7841	1785	2	1.0
7842	1785	2	1.0
7843	1787	2	1.0
7843	1788	2	1.0
7844	1788	2	1.0
7845	1788	2	1.0
7846	1788	2	1.0
7847	1789	2	1.0
7848	1789	2	1.0
7849	1789	2	1.0
7850	1790	2	1.0
7851	1790	2	1.0
7852	1791	2	1.0
7853	1792	2	1.0
7854	1792	2	1.0
7855	1794	2	1.0
7856	1794	2	1.0
7857	1794	2	1.0
7858	1795	2	1.0
7859	1795	2	1.0
7859	2381	2	1.0
7860	1795	2	1.0
7860	2381	2	1.0
7861	1795	2	1.0
7861	2381	2	1.0
7862	1796	2	1.0
7862	2494	2	1.0
7863	1797	2	1.0
7864	1797	2	1.0
7865	1797	2	1.0
7866	1797	2	1.0
7867	1798	2	1.0
7868	1798	2	1.0
7869	1798	2	1.0
7870	1799	2	1.0
7871	1799	2	1.0
7872	1799	2	1.0
7873	1800	2	1.0
7874	1800	2	1.0
7875	1801	2	1.0
7875	2417	2	1.0
7875	2499	2	1.0
7876	1801	2	1.0
7876	2379	2	1.0
7876	2417	2	1.0
7877	1801	2	1.0
7878	1802	2	1.0
7879	1802	2	1.0
7879	1803	2	1.0
7880	1806	2	1.0
7881	1806	2	1.0
7882	1808	2	1.0
7883	1808	2	1.0
7884	1808	2	1.0
7884	2426	2	1.0
7885	1808	2	1.0
7886	1808	2	1.0
7887	1809	2	1.0
7887	2549	2	1.0
7887	2684	2	1.0
7888	1811	2	1.0
7889	1812	2	1.0
7890	1812	2	1.0
7891	1813	2	1.0
7892	1813	2	1.0
7893	1815	2	1.0
7894	1815	2	1.0
7895	1815	2	1.0
7896	1815	2	1.0
7897	1816	2	1.0
7898	1817	2	1.0
7898	2585	2	1.0
7899	1818	2	1.0
7900	1818	2	1.0
7901	1818	2	1.0
7902	1818	2	1.0
7903	1818	2	1.0
7904	1819	2	1.0
7904	2693	2	1.0
7905	1820	2	1.0
7906	1820	2	1.0
7907	1820	2	1.0
7908	1820	2	1.0
7909	1821	2	1.0
7910	1822	2	1.0
7911	1822	2	1.0
7912	1822	2	1.0
7913	1823	2	1.0
7914	1824	2	1.0
7915	1825	2	1.0
7916	1825	2	1.0
7917	1826	2	1.0
7918	1826	2	1.0
7919	1826	2	1.0
7920	1827	2	1.0
7921	1827	2	1.0
7922	1827	2	1.0
7923	1827	2	1.0
7923	2583	2	1.0
7924	1829	2	1.0
7925	1830	2	1.0
7926	1830	2	1.0
7927	1830	2	1.0
7928	1830	2	1.0
7929	1831	2	1.0
7930	1831	2	1.0
7930	2575	2	1.0
7931	1831	2	1.0
7932	1831	2	1.0
7933	1831	2	1.0
7934	1831	2	1.0
7935	1832	2	1.0
7936	1835	2	1.0
7937	1835	2	1.0
7938	1835	2	1.0
7939	1835	2	1.0
7940	1836	2	1.0
7941	1836	2	1.0
7942	1836	2	1.0
7943	1837	2	1.0
7944	1840	2	1.0
7945	1840	2	1.0
7945	1842	2	1.0
7945	2563	2	1.0
7946	1840	2	1.0
7946	1842	2	1.0
7947	1840	2	1.0
7947	1841	2	1.0
7948	1840	2	1.0
7948	1842	2	1.0
7949	1841	2	1.0
7949	1956	2	1.0
7949	1977	2	1.0
7949	2478	2	1.0
7949	2802	2	1.0
7949	2813	2	1.0
7950	1841	2	1.0
7951	1841	2	1.0
7951	2478	2	1.0
7951	2969	2	1.0
7952	1841	2	1.0
7953	1841	2	1.0
7954	1841	2	1.0
7954	2802	2	1.0
7955	1842	2	1.0
7955	2503	2	1.0
7956	1842	2	1.0
7957	1842	2	1.0
7958	1843	2	1.0
7959	1843	2	1.0
7960	1844	2	1.0
7961	1845	2	1.0
7961	2740	2	1.0
7962	1846	2	1.0
7963	1846	2	1.0
7964	1846	2	1.0
7965	1846	2	1.0
7966	1848	2	1.0
7967	1848	2	1.0
7968	1848	2	1.0
7969	1849	2	1.0
7969	2191	2	1.0
7970	1850	2	1.0
7971	1850	2	1.0
7972	1851	2	1.0
7973	1851	2	1.0
7974	1851	2	1.0
7974	2796	2	1.0
7975	1852	2	1.0
7976	1854	2	1.0
7977	1855	2	1.0
7978	1857	2	1.0
7979	1857	2	1.0
7980	1857	2	1.0
7981	1857	2	1.0
7982	1860	2	1.0
7982	2126	2	1.0
7983	1860	2	1.0
7983	2126	2	1.0
7984	1860	2	1.0
7985	1860	2	1.0
7986	1861	2	1.0
7987	1861	2	1.0
7988	1862	2	1.0
7989	1862	2	1.0
7990	1862	2	1.0
7991	1862	2	1.0
7991	2125	2	1.0
7992	1862	2	1.0
7993	1863	2	1.0
7993	1864	2	1.0
7994	1863	2	1.0
7994	1864	2	1.0
7995	1863	2	1.0
7995	1864	2	1.0
7996	1863	2	1.0
7997	1864	2	1.0
7998	1864	2	1.0
7999	1865	2	1.0
8000	1865	2	1.0
8001	1866	2	1.0
8002	1866	2	1.0
8003	1866	2	1.0
8003	2559	2	1.0
8003	2675	2	1.0
8004	1867	2	1.0
8004	1880	2	1.0
8005	1868	2	1.0
8006	1869	2	1.0
8006	1908	2	1.0
8006	1909	2	1.0
8006	2682	2	1.0
8007	1869	2	1.0
8007	1909	2	1.0
8008	1869	2	1.0
8008	1909	2	1.0
8009	1869	2	1.0
8009	1909	2	1.0
8010	1869	2	1.0
8010	1908	2	1.0
8010	1909	2	1.0
8011	1870	2	1.0
8012	1871	2	1.0
8013	1871	2	1.0
8014	1871	2	1.0
8015	1871	2	1.0
8016	1871	2	1.0
8017	1872	2	1.0
8018	1872	2	1.0
8019	1872	2	1.0
8020	1873	2	1.0
8021	1873	2	1.0
8022	1876	2	1.0
8023	1876	2	1.0
8023	1912	2	1.0
8023	2091	2	1.0
8024	1877	2	1.0
8025	1878	2	1.0
8025	2089	2	1.0
8026	1878	2	1.0
8026	2089	2	1.0
8027	1879	2	1.0
8028	1879	2	1.0
8028	2199	2	1.0
8028	2240	2	1.0
8029	1880	2	1.0
8030	1880	2	1.0
8031	1881	2	1.0
8032	1882	2	1.0
8033	1882	2	1.0
8034	1883	2	1.0
8035	1883	2	1.0
8036	1883	2	1.0
8037	1884	2	1.0
8038	1884	2	1.0
8039	1884	2	1.0
8040	1886	2	1.0
8040	1889	2	1.0
8041	1886	2	1.0
8041	1889	2	1.0
8042	1887	2	1.0
8043	1887	2	1.0
8044	1888	2	1.0
8045	1888	2	1.0
8046	1888	2	1.0
8047	1888	2	1.0
8048	1890	2	1.0
8049	1890	2	1.0
8050	1894	2	1.0
8051	1894	2	1.0
8052	1894	2	1.0
8053	1894	2	1.0
8054	1895	2	1.0
8055	1896	2	1.0
8055	2306	2	1.0
8055	2958	2	1.0
8056	1896	2	1.0
8056	2306	2	1.0
8057	1896	2	1.0
8058	1896	2	1.0
8058	2306	2	1.0
8059	1897	2	1.0
8060	1897	2	1.0
8061	1898	2	1.0
8061	2894	2	1.0
8062	1898	2	1.0
8063	1902	2	1.0
8063	2594	2	1.0
8064	1902	2	1.0
8064	2594	2	1.0
8065	1904	2	1.0
8065	2568	2	1.0
8066	1905	2	1.0
8067	1906	2	1.0
8068	1909	2	1.0
8069	1909	2	1.0
8070	1911	2	1.0
8071	1911	2	1.0
8072	1913	2	1.0
8073	1914	2	1.0
8074	1914	2	1.0
8075	1914	2	1.0
8076	1914	2	1.0
8076	2437	2	1.0
8077	1915	2	1.0
8078	1916	2	1.0
8079	1916	2	1.0
8080	1916	2	1.0
8081	1917	2	1.0
8082	1918	2	1.0
8083	1918	2	1.0
8084	1920	2	1.0
8085	1921	2	1.0
8086	1922	2	1.0
8087	1922	2	1.0
8088	1922	2	1.0
8089	1922	2	1.0
8090	1922	2	1.0
8091	1922	2	1.0
8092	1923	2	1.0
8093	1923	2	1.0
8094	1923	2	1.0
8095	1923	2	1.0
8096	1923	2	1.0
8097	1923	2	1.0
8098	1923	2	1.0
8099	1923	2	1.0
8100	1924	2	1.0
8101	1925	2	1.0
8102	1925	2	1.0
8103	1925	2	1.0
8104	1926	2	1.0
8105	1926	2	1.0
8106	1927	2	1.0
8107	1927	2	1.0
8108	1927	2	1.0
8108	2977	2	1.0
8109	1927	2	1.0
8110	1928	2	1.0
8111	1928	2	1.0
8112	1928	2	1.0
8113	1928	2	1.0
8114	1931	2	1.0
8114	2110	2	1.0
8115	1931	2	1.0
8116	1931	2	1.0
8117	1933	2	1.0
8118	1933	2	1.0
8119	1934	2	1.0
8120	1934	2	1.0
8121	1934	2	1.0
8122	1934	2	1.0
8122	2157	2	1.0
8123	1935	2	1.0
8123	2762	2	1.0
8124	1936	2	1.0
8125	1936	2	1.0
8126	1936	2	1.0
8127	1936	2	1.0
8128	1937	2	1.0
8128	1943	2	1.0
8128	1951	2	1.0
8129	1938	2	1.0
8129	2623	2	1.0
8130	1939	2	1.0
8130	2137	2	1.0
8131	1940	2	1.0
8132	1941	2	1.0
8132	2647	2	1.0
8133	1941	2	1.0
8134	1944	2	1.0
8135	1944	2	1.0
8136	1944	2	1.0
8137	1945	2	1.0
8137	2621	2	1.0
8138	1945	2	1.0
8138	2621	2	1.0
8139	1945	2	1.0
8139	2621	2	1.0
8140	1945	2	1.0
8140	2621	2	1.0
8141	1946	2	1.0
8142	1946	2	1.0
8143	1947	2	1.0
8144	1947	2	1.0
8145	1947	2	1.0
8146	1947	2	1.0
8147	1948	2	1.0
8148	1949	2	1.0
8149	1950	2	1.0
8150	1950	2	1.0
8151	1952	2	1.0
8152	1952	2	1.0
8153	1952	2	1.0
8154	1952	2	1.0
8155	1953	2	1.0
8156	1953	2	1.0
8157	1953	2	1.0
8158	1953	2	1.0
8159	1953	2	1.0
8160	1955	2	1.0
8161	1955	2	1.0
8162	1955	2	1.0
8163	1955	2	1.0
8164	1955	2	1.0
8164	2325	2	1.0
8165	1956	2	1.0
8165	2015	2	1.0
8166	1956	2	1.0
8166	1977	2	1.0
8166	2015	2	1.0
8167	1956	2	1.0
8167	1977	2	1.0
8167	2015	2	1.0
8167	2802	2	1.0
8167	2813	2	1.0
8167	2907	2	1.0
8168	1956	2	1.0
8168	2015	2	1.0
8169	1957	2	1.0
8170	1957	2	1.0
8171	1957	2	1.0
8171	2207	2	1.0
8172	1958	2	1.0
8173	1960	2	1.0
8174	1962	2	1.0
8175	1962	2	1.0
8175	2706	2	1.0
8175	2817	2	1.0
8176	1963	2	1.0
8177	1963	2	1.0
8178	1963	2	1.0
8178	1972	2	1.0
8179	1964	2	1.0
8180	1964	2	1.0
8180	2844	2	1.0
8181	1964	2	1.0
8182	1965	2	1.0
8183	1965	2	1.0
8184	1965	2	1.0
8185	1966	2	1.0
8185	2816	2	1.0
8186	1966	2	1.0
8186	2296	2	1.0
8186	2816	2	1.0
8187	1966	2	1.0
8188	1967	2	1.0
8189	1967	2	1.0
8190	1967	2	1.0
8191	1968	2	1.0
8192	1968	2	1.0
8193	1970	2	1.0
8194	1970	2	1.0
8195	1970	2	1.0
8196	1971	2	1.0
8197	1972	2	1.0
8198	1972	2	1.0
8199	1972	2	1.0
8200	1973	2	1.0
8200	2006	2	1.0
8201	1973	2	1.0
8202	1973	2	1.0
8203	1974	2	1.0
8204	1975	2	1.0
8205	1975	2	1.0
8206	1976	2	1.0
8206	2295	2	1.0
8206	2811	2	1.0
8207	1977	2	1.0
8207	2802	2	1.0
8208	1978	2	1.0
8209	1978	2	1.0
8210	1978	2	1.0
8210	1982	2	1.0
8211	1979	2	1.0
8212	1979	2	1.0
8212	1991	2	1.0
8212	2009	2	1.0
8212	2018	2	1.0
8212	2301	2	1.0
8212	2315	2	1.0
8212	2712	2	1.0
8212	2803	2	1.0
8212	2818	2	1.0
8212	2821	2	1.0
8212	2896	2	1.0
8212	2901	2	1.0
8213	1980	2	1.0
8214	1980	2	1.0
8214	2975	2	1.0
8215	1983	2	1.0
8215	1996	2	1.0
8216	1985	2	1.0
8217	1986	2	1.0
8218	1986	2	1.0
8219	1986	2	1.0
8220	1986	2	1.0
8221	1987	2	1.0
8222	1987	2	1.0
8222	2316	2	1.0
8223	1988	2	1.0
8223	2894	2	1.0
8224	1988	2	1.0
8224	2894	2	1.0
8225	1988	2	1.0
8226	1990	2	1.0
8227	1990	2	1.0
8228	1990	2	1.0
8229	1990	2	1.0
8230	1991	2	1.0
8230	2901	2	1.0
8231	1991	2	1.0
8232	1991	2	1.0
8233	1993	2	1.0
8233	2698	2	1.0
8233	2805	2	1.0
8233	2978	2	1.0
8234	1993	2	1.0
8235	1993	2	1.0
8235	2805	2	1.0
8236	1993	2	1.0
8237	1993	2	1.0
8238	1995	2	1.0
8239	1997	2	1.0
8239	2443	2	1.0
8240	1997	2	1.0
8240	2443	2	1.0
8241	1997	2	1.0
8241	2443	2	1.0
8242	1998	2	1.0
8243	1998	2	1.0
8244	1999	2	1.0
8245	1999	2	1.0
8245	2827	2	1.0
8246	1999	2	1.0
8247	2000	2	1.0
8248	2000	2	1.0
8249	2000	2	1.0
8250	2001	2	1.0
8251	2002	2	1.0
8252	2002	2	1.0
8253	2002	2	1.0
8254	2003	2	1.0
8255	2003	2	1.0
8256	2005	2	1.0
8257	2006	2	1.0
8258	2006	2	1.0
8259	2007	2	1.0
8259	2010	2	1.0
8260	2007	2	1.0
8260	2010	2	1.0
8260	2908	2	1.0
8261	2008	2	1.0
8262	2008	2	1.0
8263	2008	2	1.0
8264	2009	2	1.0
8265	2009	2	1.0
8266	2010	2	1.0
8267	2012	2	1.0
8268	2012	2	1.0
8269	2012	2	1.0
8270	2012	2	1.0
8271	2013	2	1.0
8272	2013	2	1.0
8273	2013	2	1.0
8274	2013	2	1.0
8275	2015	2	1.0
8276	2016	2	1.0
8277	2016	2	1.0
8278	2017	2	1.0
8279	2017	2	1.0
8280	2017	2	1.0
8281	2017	2	1.0
8282	2017	2	1.0
8283	2018	2	1.0
8284	2019	2	1.0
8285	2019	2	1.0
8286	2019	2	1.0
8287	2019	2	1.0
8288	2019	2	1.0
8289	2019	2	1.0
8290	2019	2	1.0
8291	2019	2	1.0
8292	2019	2	1.0
8293	2019	2	1.0
8294	2019	2	1.0
8295	2019	2	1.0
8296	2019	2	1.0
8297	2020	2	1.0
8298	2020	2	1.0
8299	2021	2	1.0
8300	2021	2	1.0
8301	2021	2	1.0
8302	2021	2	1.0
8303	2021	2	1.0
8304	2023	2	1.0
8305	2023	2	1.0
8306	2024	2	1.0
8307	2024	2	1.0
8307	2293	2	1.0
8308	2025	2	1.0
8309	2025	2	1.0
8310	2025	2	1.0
8311	2026	2	1.0
8312	2026	2	1.0
8313	2027	2	1.0
8314	2028	2	1.0
8315	2028	2	1.0
8316	2028	2	1.0
8317	2029	2	1.0
8317	2032	2	1.0
8318	2029	2	1.0
8319	2030	2	1.0
8320	2031	2	1.0
8320	2645	2	1.0
8321	2031	2	1.0
8322	2032	2	1.0
8323	2033	2	1.0
8324	2033	2	1.0
8325	2033	2	1.0
8326	2033	2	1.0
8327	2033	2	1.0
8328	2034	2	1.0
8329	2034	2	1.0
8330	2034	2	1.0
8331	2034	2	1.0
8332	2034	2	1.0
8333	2034	2	1.0
8334	2034	2	1.0
8335	2034	2	1.0
8336	2036	2	1.0
8337	2037	2	1.0
8338	2037	2	1.0
8339	2037	2	1.0
8340	2037	2	1.0
8341	2038	2	1.0
8342	2038	2	1.0
8343	2039	2	1.0
8344	2039	2	1.0
8345	2040	2	1.0
8345	2875	2	1.0
8346	2040	2	1.0
8346	2044	2	1.0
8346	2875	2	1.0
8347	2041	2	1.0
8348	2041	2	1.0
8349	2041	2	1.0
8350	2041	2	1.0
8351	2041	2	1.0
8352	2042	2	1.0
8352	2778	2	1.0
8353	2042	2	1.0
8354	2043	2	1.0
8355	2044	2	1.0
8356	2045	2	1.0
8356	2541	2	1.0
8357	2045	2	1.0
8358	2045	2	1.0
8359	2046	2	1.0
8359	2780	2	1.0
8360	2046	2	1.0
8361	2047	2	1.0
8362	2047	2	1.0
8362	2589	2	1.0
8363	2047	2	1.0
8364	2049	2	1.0
8365	2049	2	1.0
8366	2049	2	1.0
8367	2049	2	1.0
8368	2050	2	1.0
8368	2133	2	1.0
8369	2050	2	1.0
8369	2133	2	1.0
8370	2050	2	1.0
8370	2133	2	1.0
8371	2051	2	1.0
8372	2051	2	1.0
8372	2761	2	1.0
8373	2051	2	1.0
8374	2051	2	1.0
8375	2051	2	1.0
8376	2053	2	1.0
8377	2053	2	1.0
8378	2053	2	1.0
8379	2054	2	1.0
8380	2054	2	1.0
8381	2054	2	1.0
8382	2055	2	1.0
8382	2873	2	1.0
8383	2055	2	1.0
8384	2055	2	1.0
8384	2873	2	1.0
8385	2056	2	1.0
8386	2057	2	1.0
8387	2057	2	1.0
8388	2057	2	1.0
8389	2058	2	1.0
8389	2062	2	1.0
8390	2059	2	1.0
8391	2059	2	1.0
8392	2059	2	1.0
8393	2059	2	1.0
8394	2060	2	1.0
8395	2060	2	1.0
8396	2060	2	1.0
8397	2060	2	1.0
8398	2061	2	1.0
8399	2061	2	1.0
8400	2063	2	1.0
8401	2063	2	1.0
8401	2657	2	1.0
8402	2064	2	1.0
8403	2065	2	1.0
8404	2065	2	1.0
8405	2065	2	1.0
8406	2065	2	1.0
8407	2066	2	1.0
8408	2067	2	1.0
8409	2068	2	1.0
8410	2068	2	1.0
8411	2069	2	1.0
8412	2069	2	1.0
8413	2069	2	1.0
8414	2070	2	1.0
8415	2070	2	1.0
8416	2070	2	1.0
8417	2072	2	1.0
8418	2073	2	1.0
8419	2073	2	1.0
8420	2073	2	1.0
8421	2073	2	1.0
8422	2074	2	1.0
8423	2075	2	1.0
8424	2076	2	1.0
8425	2076	2	1.0
8426	2077	2	1.0
8427	2077	2	1.0
8428	2077	2	1.0
8428	2787	2	1.0
8429	2077	2	1.0
8429	2849	2	1.0
8430	2077	2	1.0
8430	2787	2	1.0
8430	2863	2	1.0
8431	2078	2	1.0
8432	2078	2	1.0
8433	2078	2	1.0
8434	2079	2	1.0
8435	2079	2	1.0
8436	2079	2	1.0
8437	2079	2	1.0
8438	2079	2	1.0
8439	2079	2	1.0
8440	2080	2	1.0
8441	2080	2	1.0
8442	2080	2	1.0
8443	2081	2	1.0
8444	2081	2	1.0
8445	2082	2	1.0
8446	2083	2	1.0
8447	2083	2	1.0
8448	2083	2	1.0
8449	2084	2	1.0
8449	2097	2	1.0
8450	2084	2	1.0
8451	2085	2	1.0
8452	2085	2	1.0
8453	2085	2	1.0
8454	2085	2	1.0
8455	2085	2	1.0
8456	2086	2	1.0
8456	2800	2	1.0
8456	2881	2	1.0
8457	2086	2	1.0
8457	2800	2	1.0
8458	2086	2	1.0
8459	2086	2	1.0
8460	2087	2	1.0
8461	2087	2	1.0
8462	2087	2	1.0
8463	2088	2	1.0
8464	2088	2	1.0
8465	2090	2	1.0
8466	2090	2	1.0
8467	2092	2	1.0
8467	2794	2	1.0
8468	2092	2	1.0
8469	2092	2	1.0
8470	2095	2	1.0
8470	2096	2	1.0
8471	2095	2	1.0
8471	2096	2	1.0
8472	2096	2	1.0
8473	2097	2	1.0
8474	2097	2	1.0
8475	2098	2	1.0
8476	2098	2	1.0
8477	2099	2	1.0
8478	2100	2	1.0
8479	2100	2	1.0
8480	2100	2	1.0
8481	2101	2	1.0
8482	2101	2	1.0
8483	2101	2	1.0
8484	2101	2	1.0
8485	2101	2	1.0
8486	2101	2	1.0
8487	2101	2	1.0
8488	2101	2	1.0
8489	2101	2	1.0
8490	2101	2	1.0
8491	2101	2	1.0
8492	2101	2	1.0
8493	2101	2	1.0
8494	2101	2	1.0
8495	2101	2	1.0
8496	2101	2	1.0
8497	2101	2	1.0
8498	2102	2	1.0
8499	2102	2	1.0
8500	2102	2	1.0
8501	2103	2	1.0
8502	2105	2	1.0
8503	2105	2	1.0
8504	2106	2	1.0
8505	2106	2	1.0
8506	2106	2	1.0
8507	2106	2	1.0
8508	2107	2	1.0
8509	2107	2	1.0
8510	2107	2	1.0
8511	2107	2	1.0
8512	2108	2	1.0
8513	2108	2	1.0
8514	2110	2	1.0
8515	2110	2	1.0
8516	2111	2	1.0
8517	2111	2	1.0
8518	2112	2	1.0
8519	2112	2	1.0
8520	2112	2	1.0
8521	2113	2	1.0
8522	2113	2	1.0
8523	2114	2	1.0
8524	2115	2	1.0
8525	2116	2	1.0
8526	2116	2	1.0
8527	2117	2	1.0
8528	2117	2	1.0
8529	2117	2	1.0
8530	2117	2	1.0
8531	2118	2	1.0
8532	2118	2	1.0
8533	2118	2	1.0
8534	2118	2	1.0
8535	2119	2	1.0
8536	2119	2	1.0
8537	2119	2	1.0
8538	2120	2	1.0
8539	2120	2	1.0
8540	2121	2	1.0
8541	2122	2	1.0
8542	2124	2	1.0
8542	2412	2	1.0
8543	2124	2	1.0
8543	2412	2	1.0
8544	2124	2	1.0
8544	2412	2	1.0
8545	2126	2	1.0
8546	2126	2	1.0
8547	2127	2	1.0
8548	2127	2	1.0
8549	2127	2	1.0
8550	2128	2	1.0
8551	2128	2	1.0
8552	2128	2	1.0
8552	2138	2	1.0
8553	2128	2	1.0
8554	2130	2	1.0
8555	2131	2	1.0
8556	2131	2	1.0
8557	2131	2	1.0
8558	2131	2	1.0
8559	2131	2	1.0
8560	2132	2	1.0
8561	2134	2	1.0
8562	2134	2	1.0
8563	2134	2	1.0
8564	2135	2	1.0
8565	2135	2	1.0
8566	2135	2	1.0
8567	2135	2	1.0
8568	2136	2	1.0
8568	2882	2	1.0
8569	2136	2	1.0
8570	2136	2	1.0
8571	2138	2	1.0
8572	2138	2	1.0
8573	2138	2	1.0
8574	2139	2	1.0
8574	2141	2	1.0
8575	2139	2	1.0
8575	2141	2	1.0
8576	2139	2	1.0
8576	2141	2	1.0
8577	2140	2	1.0
8578	2140	2	1.0
8579	2142	2	1.0
8580	2143	2	1.0
8580	2634	2	1.0
8581	2143	2	1.0
8581	2634	2	1.0
8582	2143	2	1.0
8583	2144	2	1.0
8584	2144	2	1.0
8585	2145	2	1.0
8586	2145	2	1.0
8587	2147	2	1.0
8588	2147	2	1.0
8589	2148	2	1.0
8590	2148	2	1.0
8591	2149	2	1.0
8592	2149	2	1.0
8593	2149	2	1.0
8594	2150	2	1.0
8595	2150	2	1.0
8596	2150	2	1.0
8597	2151	2	1.0
8598	2151	2	1.0
8599	2151	2	1.0
8600	2151	2	1.0
8601	2152	2	1.0
8602	2152	2	1.0
8603	2152	2	1.0
8604	2152	2	1.0
8605	2152	2	1.0
8606	2153	2	1.0
8607	2154	2	1.0
8608	2154	2	1.0
8609	2154	2	1.0
8610	2154	2	1.0
8611	2155	2	1.0
8612	2155	2	1.0
8613	2155	2	1.0
8614	2155	2	1.0
8615	2156	2	1.0
8616	2156	2	1.0
8617	2156	2	1.0
8618	2157	2	1.0
8619	2157	2	1.0
8620	2157	2	1.0
8621	2158	2	1.0
8622	2158	2	1.0
8623	2158	2	1.0
8624	2158	2	1.0
8625	2158	2	1.0
8626	2159	2	1.0
8627	2160	2	1.0
8628	2160	2	1.0
8629	2161	2	1.0
8630	2161	2	1.0
8631	2161	2	1.0
8632	2163	2	1.0
8633	2164	2	1.0
8634	2164	2	1.0
8634	2394	2	1.0
8635	2164	2	1.0
8636	2165	2	1.0
8637	2166	2	1.0
8638	2166	2	1.0
8639	2167	2	1.0
8639	2925	2	1.0
8640	2169	2	1.0
8641	2169	2	1.0
8642	2169	2	1.0
8643	2169	2	1.0
8644	2170	2	1.0
8645	2170	2	1.0
8646	2170	2	1.0
8647	2170	2	1.0
8648	2170	2	1.0
8649	2171	2	1.0
8650	2172	2	1.0
8651	2173	2	1.0
8652	2174	2	1.0
8652	2213	2	1.0
8652	2362	2	1.0
8652	2537	2	1.0
8652	2985	2	1.0
8653	2175	2	1.0
8654	2176	2	1.0
8655	2176	2	1.0
8656	2176	2	1.0
8657	2176	2	1.0
8658	2176	2	1.0
8659	2176	2	1.0
8660	2176	2	1.0
8661	2177	2	1.0
8662	2177	2	1.0
8663	2178	2	1.0
8664	2178	2	1.0
8665	2178	2	1.0
8666	2178	2	1.0
8667	2180	2	1.0
8668	2180	2	1.0
8669	2180	2	1.0
8670	2181	2	1.0
8671	2181	2	1.0
8672	2181	2	1.0
8673	2181	2	1.0
8674	2182	2	1.0
8674	2950	2	1.0
8675	2182	2	1.0
8676	2182	2	1.0
8677	2184	2	1.0
8678	2184	2	1.0
8679	2184	2	1.0
8680	2185	2	1.0
8681	2185	2	1.0
8682	2185	2	1.0
8683	2185	2	1.0
8684	2186	2	1.0
8685	2187	2	1.0
8686	2188	2	1.0
8687	2188	2	1.0
8688	2188	2	1.0
8689	2188	2	1.0
8690	2188	2	1.0
8691	2189	2	1.0
8692	2189	2	1.0
8693	2190	2	1.0
8694	2191	2	1.0
8695	2191	2	1.0
8696	2192	2	1.0
8697	2193	2	1.0
8698	2194	2	1.0
8699	2195	2	1.0
8700	2195	2	1.0
8701	2195	2	1.0
8702	2196	2	1.0
8702	2198	2	1.0
8703	2196	2	1.0
8703	2198	2	1.0
8704	2196	2	1.0
8704	2198	2	1.0
8705	2197	2	1.0
8706	2200	2	1.0
8706	2202	2	1.0
8706	2976	2	1.0
8707	2200	2	1.0
8708	2200	2	1.0
8709	2200	2	1.0
8710	2200	2	1.0
8710	2202	2	1.0
8710	2972	2	1.0
8710	2976	2	1.0
8711	2202	2	1.0
8711	2972	2	1.0
8712	2202	2	1.0
8712	2976	2	1.0
8713	2203	2	1.0
8714	2203	2	1.0
8715	2203	2	1.0
8716	2203	2	1.0
8717	2204	2	1.0
8717	2939	2	1.0
8718	2204	2	1.0
8718	2476	2	1.0
8719	2205	2	1.0
8720	2206	2	1.0
8721	2206	2	1.0
8722	2207	2	1.0
8723	2207	2	1.0
8724	2208	2	1.0
8725	2208	2	1.0
8726	2208	2	1.0
8727	2209	2	1.0
8727	2211	2	1.0
8728	2209	2	1.0
8729	2209	2	1.0
8730	2209	2	1.0
8730	2211	2	1.0
8731	2210	2	1.0
8732	2210	2	1.0
8733	2210	2	1.0
8734	2210	2	1.0
8735	2212	2	1.0
8736	2212	2	1.0
8737	2212	2	1.0
8738	2212	2	1.0
8739	2214	2	1.0
8740	2214	2	1.0
8741	2214	2	1.0
8742	2214	2	1.0
8743	2215	2	1.0
8744	2217	2	1.0
8745	2217	2	1.0
8746	2217	2	1.0
8747	2218	2	1.0
8748	2219	2	1.0
8749	2219	2	1.0
8750	2220	2	1.0
8750	2500	2	1.0
8751	2221	2	1.0
8752	2221	2	1.0
8753	2224	2	1.0
8754	2224	2	1.0
8755	2224	2	1.0
8756	2226	2	1.0
8757	2226	2	1.0
8758	2226	2	1.0
8759	2226	2	1.0
8760	2226	2	1.0
8761	2226	2	1.0
8762	2227	2	1.0
8763	2227	2	1.0
8764	2227	2	1.0
8764	2278	2	1.0
8765	2228	2	1.0
8766	2228	2	1.0
8767	2231	2	1.0
8768	2231	2	1.0
8768	2897	2	1.0
8769	2231	2	1.0
8770	2231	2	1.0
8771	2231	2	1.0
8772	2231	2	1.0
8773	2231	2	1.0
8774	2232	2	1.0
8774	2984	2	1.0
8775	2233	2	1.0
8776	2233	2	1.0
8777	2233	2	1.0
8778	2234	2	1.0
8779	2234	2	1.0
8780	2234	2	1.0
8781	2236	2	1.0
8782	2237	2	1.0
8783	2238	2	1.0
8784	2238	2	1.0
8785	2238	2	1.0
8786	2240	2	1.0
8787	2241	2	1.0
8787	2242	2	1.0
8788	2241	2	1.0
8788	2242	2	1.0
8788	2828	2	1.0
8789	2241	2	1.0
8789	2242	2	1.0
8790	2243	2	1.0
8791	2243	2	1.0
8792	2243	2	1.0
8793	2244	2	1.0
8794	2244	2	1.0
8795	2244	2	1.0
8796	2245	2	1.0
8797	2246	2	1.0
8798	2246	2	1.0
8799	2247	2	1.0
8800	2247	2	1.0
8801	2247	2	1.0
8802	2249	2	1.0
8803	2250	2	1.0
8804	2252	2	1.0
8804	2272	2	1.0
8805	2253	2	1.0
8806	2253	2	1.0
8807	2253	2	1.0
8808	2253	2	1.0
8809	2257	2	1.0
8809	2261	2	1.0
8810	2257	2	1.0
8810	2264	2	1.0
8811	2258	2	1.0
8812	2258	2	1.0
8813	2258	2	1.0
8814	2259	2	1.0
8815	2259	2	1.0
8816	2259	2	1.0
8817	2259	2	1.0
8818	2260	2	1.0
8819	2260	2	1.0
8820	2260	2	1.0
8821	2262	2	1.0
8822	2263	2	1.0
8823	2263	2	1.0
8824	2263	2	1.0
8825	2263	2	1.0
8826	2263	2	1.0
8827	2264	2	1.0
8828	2267	2	1.0
8828	2885	2	1.0
8829	2268	2	1.0
8830	2270	2	1.0
8831	2270	2	1.0
8832	2270	2	1.0
8833	2271	2	1.0
8834	2272	2	1.0
8835	2273	2	1.0
8836	2275	2	1.0
8837	2275	2	1.0
8838	2275	2	1.0
8839	2275	2	1.0
8840	2275	2	1.0
8841	2275	2	1.0
8842	2275	2	1.0
8843	2275	2	1.0
8844	2275	2	1.0
8845	2275	2	1.0
8846	2276	2	1.0
8847	2278	2	1.0
8848	2279	2	1.0
8849	2280	2	1.0
8850	2281	2	1.0
8851	2281	2	1.0
8852	2282	2	1.0
8853	2282	2	1.0
8854	2282	2	1.0
8855	2283	2	1.0
8856	2284	2	1.0
8857	2284	2	1.0
8858	2285	2	1.0
8859	2286	2	1.0
8860	2286	2	1.0
8861	2286	2	1.0
8862	2287	2	1.0
8863	2287	2	1.0
8864	2287	2	1.0
8865	2287	2	1.0
8866	2287	2	1.0
8866	2302	2	1.0
8866	2304	2	1.0
8867	2288	2	1.0
8867	2826	2	1.0
8867	2899	2	1.0
8868	2288	2	1.0
8868	2548	2	1.0
8868	2899	2	1.0
8869	2288	2	1.0
8870	2288	2	1.0
8870	2899	2	1.0
8871	2288	2	1.0
8871	2899	2	1.0
8872	2290	2	1.0
8873	2290	2	1.0
8874	2290	2	1.0
8875	2290	2	1.0
8876	2290	2	1.0
8877	2291	2	1.0
8878	2293	2	1.0
8879	2293	2	1.0
8880	2293	2	1.0
8881	2294	2	1.0
8882	2294	2	1.0
8883	2294	2	1.0
8884	2294	2	1.0
8885	2294	2	1.0
8886	2296	2	1.0
8887	2297	2	1.0
8888	2297	2	1.0
8888	2303	2	1.0
8889	2297	2	1.0
8890	2298	2	1.0
8891	2298	2	1.0
8892	2298	2	1.0
8893	2298	2	1.0
8894	2299	2	1.0
8895	2299	2	1.0
8896	2299	2	1.0
8897	2300	2	1.0
8898	2300	2	1.0
8899	2300	2	1.0
8900	2300	2	1.0
8901	2300	2	1.0
8902	2301	2	1.0
8903	2302	2	1.0
8904	2302	2	1.0
8905	2303	2	1.0
8906	2304	2	1.0
8907	2305	2	1.0
8908	2305	2	1.0
8909	2305	2	1.0
8910	2305	2	1.0
8911	2305	2	1.0
8912	2306	2	1.0
8913	2307	2	1.0
8914	2307	2	1.0
8915	2308	2	1.0
8915	2310	2	1.0
8916	2308	2	1.0
8916	2310	2	1.0
8917	2308	2	1.0
8918	2309	2	1.0
8919	2310	2	1.0
8920	2311	2	1.0
8920	2836	2	1.0
8921	2311	2	1.0
8922	2311	2	1.0
8922	2836	2	1.0
8923	2311	2	1.0
8923	2835	2	1.0
8924	2311	2	1.0
8924	2836	2	1.0
8925	2312	2	1.0
8926	2313	2	1.0
8927	2313	2	1.0
8928	2315	2	1.0
8929	2316	2	1.0
8930	2316	2	1.0
8931	2317	2	1.0
8932	2317	2	1.0
8933	2317	2	1.0
8934	2318	2	1.0
8934	2822	2	1.0
8935	2319	2	1.0
8936	2320	2	1.0
8937	2320	2	1.0
8938	2320	2	1.0
8939	2321	2	1.0
8940	2321	2	1.0
8940	2832	2	1.0
8941	2322	2	1.0
8941	2699	2	1.0
8942	2322	2	1.0
8942	2801	2	1.0
8943	2323	2	1.0
8943	2444	2	1.0
8943	2889	2	1.0
8943	2900	2	1.0
8944	2324	2	1.0
8945	2324	2	1.0
8946	2325	2	1.0
8947	2325	2	1.0
8948	2325	2	1.0
8949	2326	2	1.0
8950	2326	2	1.0
8951	2326	2	1.0
8951	2328	2	1.0
8952	2327	2	1.0
8953	2328	2	1.0
8954	2328	2	1.0
8955	2328	2	1.0
8956	2330	2	1.0
8957	2330	2	1.0
8958	2330	2	1.0
8959	2331	2	1.0
8960	2331	2	1.0
8961	2331	2	1.0
8962	2332	2	1.0
8963	2332	2	1.0
8964	2332	2	1.0
8965	2333	2	1.0
8966	2333	2	1.0
8967	2333	2	1.0
8968	2334	2	1.0
8969	2334	2	1.0
8970	2334	2	1.0
8971	2336	2	1.0
8972	2337	2	1.0
8973	2337	2	1.0
8974	2338	2	1.0
8975	2339	2	1.0
8976	2339	2	1.0
8977	2340	2	1.0
8978	2340	2	1.0
8978	2958	2	1.0
8979	2341	2	1.0
8980	2342	2	1.0
8981	2343	2	1.0
8982	2344	2	1.0
8983	2344	2	1.0
8984	2345	2	1.0
8984	2726	2	1.0
8985	2346	2	1.0
8986	2346	2	1.0
8987	2347	2	1.0
8988	2347	2	1.0
8989	2348	2	1.0
8990	2348	2	1.0
8991	2348	2	1.0
8992	2348	2	1.0
8993	2350	2	1.0
8994	2350	2	1.0
8995	2350	2	1.0
8996	2350	2	1.0
8997	2351	2	1.0
8998	2351	2	1.0
8999	2351	2	1.0
9000	2352	2	1.0
9001	2353	2	1.0
9002	2353	2	1.0
9003	2353	2	1.0
9004	2355	2	1.0
9004	2356	2	1.0
9004	2357	2	1.0
9005	2355	2	1.0
9005	2356	2	1.0
9005	2357	2	1.0
9006	2356	2	1.0
9006	2357	2	1.0
9007	2356	2	1.0
9007	2357	2	1.0
9008	2356	2	1.0
9008	2357	2	1.0
9009	2358	2	1.0
9010	2358	2	1.0
9011	2358	2	1.0
9012	2359	2	1.0
9013	2360	2	1.0
9014	2360	2	1.0
9015	2361	2	1.0
9015	2887	2	1.0
9016	2361	2	1.0
9017	2361	2	1.0
9018	2361	2	1.0
9019	2361	2	1.0
9020	2363	2	1.0
9021	2363	2	1.0
9022	2363	2	1.0
9023	2364	2	1.0
9024	2364	2	1.0
9025	2364	2	1.0
9026	2364	2	1.0
9027	2364	2	1.0
9028	2364	2	1.0
9029	2365	2	1.0
9030	2365	2	1.0
9031	2365	2	1.0
9032	2365	2	1.0
9033	2366	2	1.0
9034	2366	2	1.0
9035	2366	2	1.0
9036	2366	2	1.0
9037	2366	2	1.0
9038	2368	2	1.0
9039	2368	2	1.0
9040	2369	2	1.0
9041	2370	2	1.0
9042	2370	2	1.0
9042	2492	2	1.0
9043	2370	2	1.0
9044	2370	2	1.0
9045	2371	2	1.0
9046	2372	2	1.0
9047	2372	2	1.0
9048	2372	2	1.0
9049	2373	2	1.0
9050	2373	2	1.0
9051	2374	2	1.0
9052	2374	2	1.0
9053	2374	2	1.0
9054	2374	2	1.0
9054	2422	2	1.0
9055	2376	2	1.0
9056	2376	2	1.0
9057	2376	2	1.0
9058	2376	2	1.0
9059	2377	2	1.0
9060	2377	2	1.0
9061	2377	2	1.0
9062	2377	2	1.0
9063	2378	2	1.0
9064	2378	2	1.0
9065	2378	2	1.0
9066	2378	2	1.0
9066	2641	2	1.0
9067	2378	2	1.0
9068	2378	2	1.0
9069	2378	2	1.0
9070	2378	2	1.0
9071	2379	2	1.0
9072	2379	2	1.0
9073	2380	2	1.0
9074	2380	2	1.0
9075	2380	2	1.0
9076	2381	2	1.0
9077	2381	2	1.0
9078	2382	2	1.0
9079	2382	2	1.0
9080	2382	2	1.0
9080	2402	2	1.0
9081	2382	2	1.0
9082	2382	2	1.0
9082	2402	2	1.0
9083	2383	2	1.0
9084	2383	2	1.0
9085	2385	2	1.0
9086	2385	2	1.0
9087	2385	2	1.0
9088	2385	2	1.0
9089	2385	2	1.0
9090	2385	2	1.0
9091	2388	2	1.0
9092	2388	2	1.0
9093	2388	2	1.0
9094	2389	2	1.0
9095	2390	2	1.0
9096	2391	2	1.0
9097	2393	2	1.0
9097	2408	2	1.0
9098	2393	2	1.0
9099	2394	2	1.0
9099	2396	2	1.0
9100	2394	2	1.0
9100	2396	2	1.0
9101	2394	2	1.0
9101	2396	2	1.0
9102	2394	2	1.0
9103	2394	2	1.0
9103	2396	2	1.0
9104	2395	2	1.0
9105	2396	2	1.0
9106	2397	2	1.0
9107	2398	2	1.0
9108	2398	2	1.0
9109	2398	2	1.0
9110	2399	2	1.0
9111	2399	2	1.0
9112	2399	2	1.0
9113	2400	2	1.0
9114	2400	2	1.0
9115	2400	2	1.0
9116	2400	2	1.0
9117	2400	2	1.0
9118	2400	2	1.0
9119	2401	2	1.0
9120	2401	2	1.0
9121	2401	2	1.0
9122	2402	2	1.0
9123	2403	2	1.0
9124	2404	2	1.0
9125	2405	2	1.0
9126	2405	2	1.0
9127	2405	2	1.0
9128	2406	2	1.0
9129	2406	2	1.0
9130	2406	2	1.0
9131	2406	2	1.0
9132	2406	2	1.0
9133	2407	2	1.0
9134	2407	2	1.0
9135	2407	2	1.0
9136	2407	2	1.0
9137	2409	2	1.0
9138	2409	2	1.0
9139	2409	2	1.0
9140	2409	2	1.0
9141	2410	2	1.0
9142	2410	2	1.0
9143	2411	2	1.0
9144	2415	2	1.0
9145	2415	2	1.0
9146	2416	2	1.0
9146	2498	2	1.0
9147	2418	2	1.0
9148	2419	2	1.0
9149	2419	2	1.0
9150	2420	2	1.0
9151	2420	2	1.0
9152	2420	2	1.0
9153	2420	2	1.0
9154	2421	2	1.0
9155	2421	2	1.0
9156	2421	2	1.0
9157	2421	2	1.0
9158	2422	2	1.0
9159	2422	2	1.0
9160	2423	2	1.0
9161	2423	2	1.0
9162	2423	2	1.0
9163	2424	2	1.0
9164	2425	2	1.0
9165	2425	2	1.0
9166	2425	2	1.0
9167	2425	2	1.0
9168	2425	2	1.0
9169	2425	2	1.0
9170	2425	2	1.0
9171	2426	2	1.0
9172	2426	2	1.0
9173	2426	2	1.0
9174	2426	2	1.0
9175	2426	2	1.0
9176	2427	2	1.0
9177	2429	2	1.0
9178	2430	2	1.0
9179	2430	2	1.0
9180	2432	2	1.0
9181	2433	2	1.0
9182	2434	2	1.0
9183	2434	2	1.0
9184	2435	2	1.0
9185	2436	2	1.0
9186	2437	2	1.0
9187	2437	2	1.0
9188	2437	2	1.0
9189	2437	2	1.0
9190	2437	2	1.0
9191	2439	2	1.0
9191	2501	2	1.0
9192	2439	2	1.0
9192	2501	2	1.0
9193	2439	2	1.0
9193	2501	2	1.0
9194	2440	2	1.0
9195	2440	2	1.0
9196	2441	2	1.0
9197	2441	2	1.0
9198	2441	2	1.0
9199	2442	2	1.0
9200	2442	2	1.0
9201	2443	2	1.0
9202	2444	2	1.0
9203	2444	2	1.0
9204	2444	2	1.0
9205	2444	2	1.0
9206	2445	2	1.0
9207	2445	2	1.0
9208	2445	2	1.0
9209	2445	2	1.0
9210	2445	2	1.0
9211	2446	2	1.0
9212	2446	2	1.0
9213	2446	2	1.0
9214	2446	2	1.0
9215	2447	2	1.0
9216	2448	2	1.0
9217	2448	2	1.0
9218	2448	2	1.0
9219	2449	2	1.0
9220	2449	2	1.0
9221	2450	2	1.0
9221	2632	2	1.0
9222	2450	2	1.0
9223	2450	2	1.0
9224	2451	2	1.0
9225	2451	2	1.0
9225	2453	2	1.0
9226	2452	2	1.0
9227	2452	2	1.0
9228	2454	2	1.0
9228	2455	2	1.0
9229	2456	2	1.0
9230	2456	2	1.0
9231	2456	2	1.0
9232	2456	2	1.0
9233	2457	2	1.0
9234	2459	2	1.0
9235	2459	2	1.0
9236	2462	2	1.0
9237	2466	2	1.0
9238	2468	2	1.0
9239	2468	2	1.0
9240	2469	2	1.0
9241	2469	2	1.0
9242	2469	2	1.0
9243	2469	2	1.0
9244	2469	2	1.0
9245	2470	2	1.0
9246	2471	2	1.0
9247	2471	2	1.0
9248	2472	2	1.0
9249	2472	2	1.0
9250	2472	2	1.0
9251	2473	2	1.0
9252	2473	2	1.0
9253	2473	2	1.0
9254	2473	2	1.0
9255	2475	2	1.0
9256	2475	2	1.0
9257	2475	2	1.0
9258	2477	2	1.0
9259	2477	2	1.0
9260	2477	2	1.0
9261	2477	2	1.0
9262	2477	2	1.0
9263	2478	2	1.0
9264	2478	2	1.0
9265	2479	2	1.0
9266	2480	2	1.0
9267	2481	2	1.0
9268	2481	2	1.0
9269	2481	2	1.0
9270	2481	2	1.0
9271	2482	2	1.0
9272	2482	2	1.0
9273	2482	2	1.0
9274	2482	2	1.0
9275	2482	2	1.0
9276	2483	2	1.0
9277	2484	2	1.0
9278	2484	2	1.0
9279	2484	2	1.0
9280	2484	2	1.0
9281	2484	2	1.0
9282	2485	2	1.0
9283	2485	2	1.0
9284	2487	2	1.0
9285	2488	2	1.0
9286	2488	2	1.0
9287	2489	2	1.0
9288	2489	2	1.0
9289	2489	2	1.0
9289	2490	2	1.0
9290	2489	2	1.0
9291	2490	2	1.0
9292	2490	2	1.0
9293	2490	2	1.0
9294	2491	2	1.0
9295	2491	2	1.0
9296	2491	2	1.0
9297	2492	2	1.0
9298	2493	2	1.0
9299	2494	2	1.0
9300	2494	2	1.0
9301	2495	2	1.0
9302	2495	2	1.0
9303	2496	2	1.0
9304	2496	2	1.0
9305	2497	2	1.0
9306	2497	2	1.0
9307	2497	2	1.0
9308	2497	2	1.0
9309	2498	2	1.0
9310	2499	2	1.0
9311	2500	2	1.0
9312	2502	2	1.0
9313	2502	2	1.0
9314	2502	2	1.0
9315	2502	2	1.0
9316	2503	2	1.0
9317	2503	2	1.0
9318	2503	2	1.0
9319	2505	2	1.0
9320	2505	2	1.0
9321	2505	2	1.0
9322	2505	2	1.0
9323	2505	2	1.0
9324	2506	2	1.0
9325	2507	2	1.0
9326	2507	2	1.0
9327	2507	2	1.0
9328	2509	2	1.0
9329	2510	2	1.0
9330	2510	2	1.0
9331	2510	2	1.0
9332	2511	2	1.0
9333	2512	2	1.0
9334	2512	2	1.0
9335	2514	2	1.0
9336	2514	2	1.0
9337	2514	2	1.0
9338	2514	2	1.0
9339	2515	2	1.0
9340	2515	2	1.0
9341	2515	2	1.0
9342	2516	2	1.0
9343	2516	2	1.0
9344	2516	2	1.0
9345	2516	2	1.0
9346	2516	2	1.0
9347	2516	2	1.0
9348	2516	2	1.0
9349	2517	2	1.0
9350	2517	2	1.0
9351	2517	2	1.0
9352	2518	2	1.0
9353	2518	2	1.0
9354	2518	2	1.0
9355	2519	2	1.0
9356	2519	2	1.0
9357	2519	2	1.0
9358	2519	2	1.0
9358	2684	2	1.0
9359	2520	2	1.0
9360	2520	2	1.0
9361	2521	2	1.0
9362	2521	2	1.0
9363	2522	2	1.0
9364	2522	2	1.0
9365	2523	2	1.0
9366	2523	2	1.0
9367	2526	2	1.0
9368	2526	2	1.0
9369	2527	2	1.0
9370	2527	2	1.0
9371	2528	2	1.0
9371	2995	2	1.0
9372	2528	2	1.0
9372	2995	2	1.0
9373	2531	2	1.0
9374	2531	2	1.0
9375	2531	2	1.0
9376	2533	2	1.0
9377	2534	2	1.0
9378	2534	2	1.0
9379	2534	2	1.0
9380	2534	2	1.0
9381	2534	2	1.0
9382	2534	2	1.0
9383	2534	2	1.0
9383	2973	2	1.0
9384	2535	2	1.0
9385	2535	2	1.0
9386	2536	2	1.0
9387	2536	2	1.0
9388	2536	2	1.0
9389	2537	2	1.0
9390	2538	2	1.0
9391	2539	2	1.0
9392	2540	2	1.0
9393	2540	2	1.0
9394	2540	2	1.0
9394	2819	2	1.0
9395	2541	2	1.0
9396	2541	2	1.0
9397	2541	2	1.0
9398	2541	2	1.0
9399	2541	2	1.0
9400	2541	2	1.0
9401	2541	2	1.0
9402	2541	2	1.0
9402	2875	2	1.0
9403	2541	2	1.0
9404	2541	2	1.0
9405	2541	2	1.0
9406	2541	2	1.0
9407	2541	2	1.0
9408	2542	2	1.0
9409	2542	2	1.0
9410	2542	2	1.0
9411	2543	2	1.0
9411	2931	2	1.0
9411	2989	2	1.0
9412	2543	2	1.0
9412	2879	2	1.0
9412	2988	2	1.0
9412	2989	2	1.0
9413	2543	2	1.0
9413	2931	2	1.0
9414	2544	2	1.0
9415	2544	2	1.0
9416	2544	2	1.0
9417	2544	2	1.0
9418	2544	2	1.0
9419	2544	2	1.0
9420	2545	2	1.0
9421	2545	2	1.0
9422	2545	2	1.0
9423	2547	2	1.0
9424	2547	2	1.0
9424	2684	2	1.0
9425	2548	2	1.0
9426	2548	2	1.0
9427	2548	2	1.0
9428	2548	2	1.0
9429	2550	2	1.0
9430	2550	2	1.0
9431	2551	2	1.0
9432	2551	2	1.0
9433	2551	2	1.0
9434	2552	2	1.0
9435	2552	2	1.0
9436	2552	2	1.0
9437	2553	2	1.0
9438	2553	2	1.0
9439	2553	2	1.0
9440	2554	2	1.0
9441	2555	2	1.0
9442	2555	2	1.0
9443	2555	2	1.0
9444	2556	2	1.0
9444	2851	2	1.0
9445	2558	2	1.0
9446	2559	2	1.0
9447	2561	2	1.0
9447	2796	2	1.0
9448	2561	2	1.0
9448	2796	2	1.0
9449	2562	2	1.0
9450	2562	2	1.0
9451	2563	2	1.0
9452	2564	2	1.0
9453	2565	2	1.0
9453	2683	2	1.0
9453	2798	2	1.0
9454	2565	2	1.0
9454	2683	2	1.0
9454	2798	2	1.0
9455	2565	2	1.0
9456	2566	2	1.0
9457	2566	2	1.0
9458	2566	2	1.0
9459	2566	2	1.0
9460	2567	2	1.0
9461	2567	2	1.0
9462	2567	2	1.0
9463	2569	2	1.0
9464	2570	2	1.0
9465	2570	2	1.0
9466	2570	2	1.0
9467	2571	2	1.0
9468	2571	2	1.0
9469	2571	2	1.0
9470	2571	2	1.0
9471	2572	2	1.0
9472	2573	2	1.0
9472	2600	2	1.0
9473	2573	2	1.0
9474	2573	2	1.0
9475	2574	2	1.0
9476	2574	2	1.0
9477	2575	2	1.0
9478	2575	2	1.0
9479	2575	2	1.0
9480	2575	2	1.0
9481	2577	2	1.0
9482	2577	2	1.0
9483	2577	2	1.0
9483	2581	2	1.0
9483	2597	2	1.0
9484	2579	2	1.0
9485	2579	2	1.0
9486	2580	2	1.0
9487	2580	2	1.0
9488	2580	2	1.0
9489	2580	2	1.0
9490	2581	2	1.0
9491	2581	2	1.0
9491	2586	2	1.0
9492	2581	2	1.0
9493	2583	2	1.0
9494	2583	2	1.0
9495	2583	2	1.0
9496	2586	2	1.0
9497	2586	2	1.0
9498	2586	2	1.0
9499	2586	2	1.0
9500	2586	2	1.0
9501	2588	2	1.0
9502	2588	2	1.0
9503	2589	2	1.0
9504	2591	2	1.0
9505	2591	2	1.0
9506	2592	2	1.0
9507	2593	2	1.0
9508	2594	2	1.0
9509	2595	2	1.0
9510	2596	2	1.0
9511	2596	2	1.0
9512	2597	2	1.0
9513	2597	2	1.0
9514	2598	2	1.0
9515	2598	2	1.0
9516	2598	2	1.0
9517	2598	2	1.0
9518	2598	2	1.0
9519	2599	2	1.0
9520	2599	2	1.0
9521	2599	2	1.0
9522	2599	2	1.0
9523	2600	2	1.0
9524	2600	2	1.0
9525	2600	2	1.0
9526	2600	2	1.0
9527	2600	2	1.0
9528	2601	2	1.0
9528	2658	2	1.0
9529	2603	2	1.0
9530	2603	2	1.0
9531	2604	2	1.0
9532	2605	2	1.0
9533	2605	2	1.0
9533	2978	2	1.0
9534	2605	2	1.0
9535	2605	2	1.0
9536	2606	2	1.0
9537	2606	2	1.0
9538	2606	2	1.0
9539	2607	2	1.0
9540	2607	2	1.0
9541	2607	2	1.0
9542	2608	2	1.0
9543	2609	2	1.0
9544	2610	2	1.0
9545	2611	2	1.0
9546	2611	2	1.0
9547	2611	2	1.0
9548	2613	2	1.0
9549	2615	2	1.0
9550	2615	2	1.0
9551	2616	2	1.0
9552	2616	2	1.0
9553	2617	2	1.0
9554	2617	2	1.0
9555	2617	2	1.0
9556	2618	2	1.0
9557	2618	2	1.0
9558	2619	2	1.0
9558	2620	2	1.0
9559	2621	2	1.0
9560	2622	2	1.0
9561	2624	2	1.0
9562	2624	2	1.0
9563	2624	2	1.0
9564	2625	2	1.0
9565	2625	2	1.0
9566	2626	2	1.0
9567	2627	2	1.0
9568	2627	2	1.0
9569	2627	2	1.0
9570	2627	2	1.0
9571	2628	2	1.0
9572	2628	2	1.0
9573	2629	2	1.0
9573	2649	2	1.0
9574	2629	2	1.0
9575	2629	2	1.0
9576	2630	2	1.0
9576	2644	2	1.0
9577	2630	2	1.0
9578	2630	2	1.0
9579	2630	2	1.0
9579	2644	2	1.0
9580	2630	2	1.0
9581	2631	2	1.0
9582	2631	2	1.0
9583	2632	2	1.0
9584	2633	2	1.0
9585	2633	2	1.0
9586	2633	2	1.0
9587	2634	2	1.0
9588	2635	2	1.0
9589	2636	2	1.0
9590	2636	2	1.0
9591	2636	2	1.0
9592	2636	2	1.0
9593	2637	2	1.0
9594	2637	2	1.0
9595	2637	2	1.0
9596	2638	2	1.0
9597	2638	2	1.0
9598	2638	2	1.0
9599	2639	2	1.0
9600	2639	2	1.0
9601	2640	2	1.0
9602	2640	2	1.0
9603	2640	2	1.0
9604	2640	2	1.0
9605	2641	2	1.0
9606	2642	2	1.0
9607	2642	2	1.0
9608	2642	2	1.0
9609	2643	2	1.0
9610	2644	2	1.0
9611	2644	2	1.0
9612	2645	2	1.0
9613	2646	2	1.0
9614	2646	2	1.0
9615	2646	2	1.0
9616	2646	2	1.0
9617	2647	2	1.0
9618	2647	2	1.0
9619	2647	2	1.0
9620	2648	2	1.0
9621	2648	2	1.0
9622	2648	2	1.0
9623	2649	2	1.0
9624	2650	2	1.0
9625	2650	2	1.0
9626	2650	2	1.0
9626	2653	2	1.0
9627	2650	2	1.0
9628	2652	2	1.0
9629	2652	2	1.0
9630	2653	2	1.0
9631	2653	2	1.0
9632	2654	2	1.0
9633	2655	2	1.0
9634	2655	2	1.0
9635	2655	2	1.0
9636	2658	2	1.0
9637	2659	2	1.0
9638	2659	2	1.0
9639	2660	2	1.0
9640	2660	2	1.0
9641	2661	2	1.0
9642	2661	2	1.0
9643	2666	2	1.0
9644	2666	2	1.0
9645	2666	2	1.0
9646	2666	2	1.0
9647	2667	2	1.0
9647	2668	2	1.0
9648	2667	2	1.0
9648	2668	2	1.0
9649	2667	2	1.0
9650	2668	2	1.0
9651	2669	2	1.0
9652	2669	2	1.0
9653	2670	2	1.0
9654	2670	2	1.0
9655	2670	2	1.0
9656	2672	2	1.0
9657	2672	2	1.0
9658	2673	2	1.0
9659	2674	2	1.0
9659	2677	2	1.0
9660	2674	2	1.0
9660	2677	2	1.0
9661	2674	2	1.0
9661	2677	2	1.0
9662	2674	2	1.0
9662	2677	2	1.0
9663	2675	2	1.0
9664	2676	2	1.0
9665	2676	2	1.0
9666	2676	2	1.0
9667	2677	2	1.0
9668	2678	2	1.0
9669	2678	2	1.0
9670	2679	2	1.0
9671	2679	2	1.0
9672	2679	2	1.0
9673	2679	2	1.0
9674	2680	2	1.0
9675	2680	2	1.0
9676	2681	2	1.0
9677	2682	2	1.0
9678	2682	2	1.0
9679	2682	2	1.0
9680	2682	2	1.0
9681	2683	2	1.0
9681	2798	2	1.0
9682	2683	2	1.0
9682	2798	2	1.0
9683	2687	2	1.0
9683	2942	2	1.0
9684	2687	2	1.0
9685	2687	2	1.0
9686	2688	2	1.0
9687	2688	2	1.0
9688	2688	2	1.0
9689	2689	2	1.0
9690	2689	2	1.0
9691	2690	2	1.0
9692	2691	2	1.0
9693	2691	2	1.0
9694	2693	2	1.0
9695	2694	2	1.0
9696	2694	2	1.0
9697	2694	2	1.0
9698	2695	2	1.0
9699	2697	2	1.0
9700	2698	2	1.0
9701	2698	2	1.0
9702	2698	2	1.0
9703	2698	2	1.0
9704	2698	2	1.0
9705	2698	2	1.0
9706	2698	2	1.0
9707	2700	2	1.0
9708	2700	2	1.0
9709	2702	2	1.0
9710	2702	2	1.0
9711	2702	2	1.0
9712	2702	2	1.0
9713	2703	2	1.0
9714	2706	2	1.0
9714	2817	2	1.0
9715	2706	2	1.0
9715	2817	2	1.0
9716	2707	2	1.0
9717	2707	2	1.0
9718	2707	2	1.0
9719	2707	2	1.0
9720	2708	2	1.0
9721	2709	2	1.0
9722	2709	2	1.0
9723	2710	2	1.0
9724	2711	2	1.0
9725	2711	2	1.0
9726	2712	2	1.0
9727	2712	2	1.0
9728	2713	2	1.0
9728	2715	2	1.0
9729	2713	2	1.0
9730	2713	2	1.0
9731	2713	2	1.0
9731	2898	2	1.0
9732	2714	2	1.0
9733	2714	2	1.0
9734	2714	2	1.0
9735	2715	2	1.0
9736	2715	2	1.0
9737	2715	2	1.0
9738	2715	2	1.0
9739	2715	2	1.0
9740	2716	2	1.0
9741	2717	2	1.0
9742	2717	2	1.0
9743	2717	2	1.0
9744	2718	2	1.0
9745	2719	2	1.0
9746	2721	2	1.0
9747	2722	2	1.0
9748	2724	2	1.0
9749	2724	2	1.0
9750	2724	2	1.0
9750	2896	2	1.0
9751	2724	2	1.0
9752	2725	2	1.0
9753	2725	2	1.0
9754	2725	2	1.0
9755	2728	2	1.0
9756	2728	2	1.0
9757	2729	2	1.0
9758	2730	2	1.0
9759	2731	2	1.0
9760	2731	2	1.0
9761	2731	2	1.0
9762	2732	2	1.0
9763	2732	2	1.0
9764	2732	2	1.0
9765	2732	2	1.0
9766	2732	2	1.0
9767	2733	2	1.0
9768	2734	2	1.0
9769	2734	2	1.0
9770	2734	2	1.0
9771	2734	2	1.0
9772	2735	2	1.0
9773	2735	2	1.0
9774	2735	2	1.0
9775	2739	2	1.0
9776	2739	2	1.0
9777	2739	2	1.0
9778	2739	2	1.0
9779	2741	2	1.0
9780	2741	2	1.0
9781	2742	2	1.0
9781	2743	2	1.0
9781	2744	2	1.0
9781	2747	2	1.0
9782	2745	2	1.0
9783	2745	2	1.0
9784	2746	2	1.0
9785	2746	2	1.0
9786	2746	2	1.0
9787	2747	2	1.0
9788	2747	2	1.0
9789	2750	2	1.0
9790	2750	2	1.0
9791	2750	2	1.0
9792	2750	2	1.0
9793	2750	2	1.0
9794	2751	2	1.0
9795	2751	2	1.0
9796	2751	2	1.0
9797	2751	2	1.0
9798	2752	2	1.0
9799	2753	2	1.0
9800	2753	2	1.0
9801	2753	2	1.0
9802	2756	2	1.0
9803	2756	2	1.0
9804	2757	2	1.0
9805	2757	2	1.0
9806	2757	2	1.0
9807	2758	2	1.0
9808	2758	2	1.0
9809	2759	2	1.0
9810	2759	2	1.0
9811	2759	2	1.0
9812	2759	2	1.0
9813	2759	2	1.0
9814	2759	2	1.0
9815	2760	2	1.0
9816	2760	2	1.0
9817	2760	2	1.0
9818	2761	2	1.0
9819	2761	2	1.0
9820	2763	2	1.0
9821	2763	2	1.0
9822	2763	2	1.0
9823	2763	2	1.0
9824	2764	2	1.0
9825	2764	2	1.0
9826	2764	2	1.0
9827	2764	2	1.0
9828	2766	2	1.0
9829	2767	2	1.0
9830	2767	2	1.0
9831	2767	2	1.0
9832	2770	2	1.0
9833	2770	2	1.0
9834	2770	2	1.0
9835	2772	2	1.0
9836	2772	2	1.0
9837	2773	2	1.0
9838	2773	2	1.0
9839	2774	2	1.0
9840	2775	2	1.0
9841	2775	2	1.0
9842	2775	2	1.0
9843	2776	2	1.0
9844	2777	2	1.0
9845	2777	2	1.0
9846	2779	2	1.0
9847	2779	2	1.0
9848	2780	2	1.0
9849	2780	2	1.0
9850	2780	2	1.0
9851	2780	2	1.0
9852	2781	2	1.0
9853	2782	2	1.0
9853	2783	2	1.0
9854	2782	2	1.0
9855	2782	2	1.0
9855	2783	2	1.0
9856	2783	2	1.0
9857	2784	2	1.0
9857	2946	2	1.0
9858	2785	2	1.0
9859	2785	2	1.0
9860	2786	2	1.0
9861	2786	2	1.0
9862	2787	2	1.0
9863	2787	2	1.0
9864	2787	2	1.0
9865	2788	2	1.0
9866	2788	2	1.0
9867	2789	2	1.0
9868	2789	2	1.0
9869	2789	2	1.0
9870	2790	2	1.0
9871	2791	2	1.0
9872	2791	2	1.0
9873	2792	2	1.0
9874	2792	2	1.0
9875	2792	2	1.0
9876	2792	2	1.0
9877	2792	2	1.0
9878	2792	2	1.0
9879	2794	2	1.0
9880	2794	2	1.0
9881	2794	2	1.0
9882	2795	2	1.0
9883	2795	2	1.0
9884	2795	2	1.0
9885	2795	2	1.0
9886	2796	2	1.0
9887	2796	2	1.0
9888	2796	2	1.0
9889	2797	2	1.0
9889	2813	2	1.0
9889	2834	2	1.0
9890	2798	2	1.0
9891	2799	2	1.0
9892	2799	2	1.0
9893	2800	2	1.0
9894	2800	2	1.0
9895	2801	2	1.0
9896	2802	2	1.0
9897	2802	2	1.0
9898	2803	2	1.0
9899	2804	2	1.0
9900	2804	2	1.0
9901	2805	2	1.0
9902	2805	2	1.0
9903	2806	2	1.0
9903	2889	2	1.0
9904	2807	2	1.0
9905	2807	2	1.0
9906	2807	2	1.0
9907	2807	2	1.0
9908	2808	2	1.0
9909	2808	2	1.0
9910	2808	2	1.0
9911	2809	2	1.0
9912	2810	2	1.0
9913	2810	2	1.0
9914	2810	2	1.0
9915	2810	2	1.0
9916	2810	2	1.0
9917	2810	2	1.0
9918	2811	2	1.0
9919	2812	2	1.0
9920	2812	2	1.0
9921	2812	2	1.0
9922	2813	2	1.0
9923	2813	2	1.0
9924	2813	2	1.0
9925	2813	2	1.0
9926	2813	2	1.0
9927	2814	2	1.0
9928	2815	2	1.0
9928	2824	2	1.0
9929	2816	2	1.0
9930	2817	2	1.0
9931	2817	2	1.0
9931	2893	2	1.0
9932	2818	2	1.0
9933	2818	2	1.0
9934	2819	2	1.0
9935	2819	2	1.0
9936	2820	2	1.0
9937	2820	2	1.0
9938	2821	2	1.0
9938	2901	2	1.0
9939	2821	2	1.0
9940	2824	2	1.0
9941	2825	2	1.0
9942	2825	2	1.0
9943	2826	2	1.0
9944	2826	2	1.0
9945	2826	2	1.0
9946	2826	2	1.0
9947	2827	2	1.0
9948	2828	2	1.0
9949	2829	2	1.0
9950	2829	2	1.0
9951	2829	2	1.0
9952	2829	2	1.0
9953	2829	2	1.0
9954	2830	2	1.0
9955	2830	2	1.0
9956	2830	2	1.0
9957	2831	2	1.0
9958	2831	2	1.0
9959	2832	2	1.0
9960	2832	2	1.0
9961	2833	2	1.0
9962	2834	2	1.0
9963	2834	2	1.0
9964	2835	2	1.0
9965	2835	2	1.0
9966	2835	2	1.0
9967	2835	2	1.0
9968	2835	2	1.0
9969	2835	2	1.0
9970	2836	2	1.0
9971	2837	2	1.0
9972	2838	2	1.0
9973	2839	2	1.0
9974	2839	2	1.0
9975	2839	2	1.0
9976	2839	2	1.0
9977	2840	2	1.0
9978	2840	2	1.0
9978	2889	2	1.0
9979	2840	2	1.0
9980	2840	2	1.0
9980	2889	2	1.0
9981	2840	2	1.0
9982	2842	2	1.0
9983	2842	2	1.0
9984	2842	2	1.0
9985	2842	2	1.0
9986	2842	2	1.0
9987	2843	2	1.0
9988	2843	2	1.0
9989	2844	2	1.0
9990	2845	2	1.0
9991	2845	2	1.0
9992	2846	2	1.0
9993	2846	2	1.0
9994	2847	2	1.0
9995	2848	2	1.0
9996	2849	2	1.0
9997	2849	2	1.0
9998	2849	2	1.0
9999	2850	2	1.0
10000	2850	2	1.0
10001	2851	2	1.0
10002	2852	2	1.0
10003	2854	2	1.0
10004	2855	2	1.0
10005	2855	2	1.0
10006	2856	2	1.0
10006	2857	2	1.0
10007	2857	2	1.0
10008	2858	2	1.0
10009	2858	2	1.0
10010	2858	2	1.0
10011	2859	2	1.0
10012	2859	2	1.0
10013	2859	2	1.0
10014	2860	2	1.0
10015	2860	2	1.0
10016	2861	2	1.0
10017	2861	2	1.0
10018	2862	2	1.0
10019	2862	2	1.0
10020	2862	2	1.0
10021	2862	2	1.0
10022	2864	2	1.0
10023	2864	2	1.0
10024	2865	2	1.0
10025	2865	2	1.0
10026	2865	2	1.0
10027	2868	2	1.0
10028	2868	2	1.0
10029	2869	2	1.0
10030	2870	2	1.0
10031	2870	2	1.0
10032	2870	2	1.0
10033	2871	2	1.0
10034	2874	2	1.0
10035	2874	2	1.0
10036	2875	2	1.0
10037	2875	2	1.0
10038	2875	2	1.0
10039	2875	2	1.0
10040	2875	2	1.0
10041	2875	2	1.0
10042	2875	2	1.0
10043	2875	2	1.0
10044	2875	2	1.0
10045	2875	2	1.0
10046	2876	2	1.0
10047	2876	2	1.0
10048	2876	2	1.0
10049	2876	2	1.0
10050	2876	2	1.0
10051	2876	2	1.0
10052	2876	2	1.0
10053	2877	2	1.0
10054	2877	2	1.0
10055	2878	2	1.0
10056	2878	2	1.0
10057	2879	2	1.0
10058	2880	2	1.0
10059	2880	2	1.0
10060	2883	2	1.0
10061	2884	2	1.0
10062	2885	2	1.0
10063	2886	2	1.0
10064	2886	2	1.0
10065	2886	2	1.0
10066	2887	2	1.0
10067	2887	2	1.0
10068	2888	2	1.0
10069	2890	2	1.0
10070	2890	2	1.0
10071	2890	2	1.0
10072	2890	2	1.0
10073	2891	2	1.0
10074	2892	2	1.0
10075	2892	2	1.0
10076	2893	2	1.0
10077	2893	2	1.0
10078	2893	2	1.0
10079	2895	2	1.0
10080	2897	2	1.0
10081	2897	2	1.0
10082	2898	2	1.0
10083	2898	2	1.0
10084	2899	2	1.0
10085	2900	2	1.0
10086	2900	2	1.0
10087	2900	2	1.0
10088	2902	2	1.0
10089	2902	2	1.0
10090	2902	2	1.0
10091	2902	2	1.0
10092	2902	2	1.0
10093	2904	2	1.0
10094	2904	2	1.0
10095	2904	2	1.0
10096	2905	2	1.0
10097	2906	2	1.0
10098	2906	2	1.0
10099	2906	2	1.0
10100	2907	2	1.0
10101	2908	2	1.0
10102	2908	2	1.0
10103	2908	2	1.0
10104	2909	2	1.0
10105	2909	2	1.0
10106	2909	2	1.0
10107	2910	2	1.0
10108	2910	2	1.0
10109	2910	2	1.0
10110	2911	2	1.0
10111	2911	2	1.0
10112	2912	2	1.0
10113	2913	2	1.0
10114	2914	2	1.0
10115	2914	2	1.0
10116	2914	2	1.0
10117	2914	2	1.0
10118	2914	2	1.0
10119	2914	2	1.0
10120	2915	2	1.0
10121	2916	2	1.0
10122	2917	2	1.0
10123	2918	2	1.0
10124	2919	2	1.0
10125	2919	2	1.0
10126	2919	2	1.0
10127	2920	2	1.0
10128	2920	2	1.0
10129	2921	2	1.0
10130	2921	2	1.0
10131	2922	2	1.0
10132	2924	2	1.0
10133	2924	2	1.0
10134	2925	2	1.0
10135	2926	2	1.0
10135	2928	2	1.0
10136	2926	2	1.0
10136	2928	2	1.0
10137	2926	2	1.0
10137	2928	2	1.0
10138	2926	2	1.0
10138	2928	2	1.0
10139	2926	2	1.0
10139	2928	2	1.0
10140	2926	2	1.0
10140	2928	2	1.0
10141	2930	2	1.0
10142	2930	2	1.0
10143	2930	2	1.0
10144	2930	2	1.0
10145	2930	2	1.0
10146	2930	2	1.0
10147	2930	2	1.0
10148	2930	2	1.0
10149	2930	2	1.0
10150	2931	2	1.0
10151	2931	2	1.0
10152	2931	2	1.0
10153	2932	2	1.0
10154	2932	2	1.0
10155	2933	2	1.0
10156	2934	2	1.0
10157	2934	2	1.0
10158	2934	2	1.0
10159	2934	2	1.0
10160	2935	2	1.0
10161	2935	2	1.0
10162	2935	2	1.0
10163	2935	2	1.0
10164	2935	2	1.0
10165	2935	2	1.0
10166	2936	2	1.0
10167	2937	2	1.0
10168	2937	2	1.0
10169	2937	2	1.0
10170	2938	2	1.0
10171	2938	2	1.0
10172	2938	2	1.0
10173	2938	2	1.0
10174	2939	2	1.0
10175	2940	2	1.0
10176	2940	2	1.0
10177	2940	2	1.0
10178	2940	2	1.0
10179	2941	2	1.0
10180	2943	2	1.0
10181	2947	2	1.0
10182	2948	2	1.0
10183	2949	2	1.0
10184	2949	2	1.0
10185	2951	2	1.0
10186	2951	2	1.0
10187	2951	2	1.0
10188	2951	2	1.0
10189	2952	2	1.0
10190	2952	2	1.0
10191	2953	2	1.0
10192	2953	2	1.0
10193	2955	2	1.0
10194	2955	2	1.0
10195	2957	2	1.0
10196	2957	2	1.0
10197	2957	2	1.0
10198	2957	2	1.0
10199	2958	2	1.0
10200	2959	2	1.0
10201	2960	2	1.0
10202	2960	2	1.0
10203	2960	2	1.0
10204	2961	2	1.0
10205	2962	2	1.0
10206	2962	2	1.0
10207	2962	2	1.0
10208	2962	2	1.0
10209	2963	2	1.0
10210	2964	2	1.0
10211	2965	2	1.0
10212	2965	2	1.0
10213	2966	2	1.0
10214	2966	2	1.0
10215	2966	2	1.0
10216	2966	2	1.0
10217	2967	2	1.0
10218	2967	2	1.0
10219	2967	2	1.0
10220	2967	2	1.0
10221	2968	2	1.0
10222	2968	2	1.0
10223	2968	2	1.0
10224	2969	2	1.0
10224	2973	2	1.0
10225	2969	2	1.0
10226	2970	2	1.0
10227	2970	2	1.0
10228	2970	2	1.0
10229	2971	2	1.0
10230	2971	2	1.0
10231	2971	2	1.0
10232	2971	2	1.0
10233	2972	2	1.0
10233	2976	2	1.0
10234	2972	2	1.0
10235	2973	2	1.0
10236	2973	2	1.0
10237	2974	2	1.0
10238	2974	2	1.0
10239	2974	2	1.0
10240	2974	2	1.0
10241	2974	2	1.0
10242	2974	2	1.0
10243	2975	2	1.0
10244	2975	2	1.0
10245	2976	2	1.0
10246	2976	2	1.0
10247	2977	2	1.0
10248	2977	2	1.0
10249	2977	2	1.0
10250	2977	2	1.0
10251	2978	2	1.0
10252	2978	2	1.0
10253	2979	2	1.0
10254	2979	2	1.0
10255	2979	2	1.0
10256	2980	2	1.0
10257	2980	2	1.0
10258	2981	2	1.0
10259	2981	2	1.0
10260	2982	2	1.0
10261	2983	2	1.0
10262	2983	2	1.0
10263	2983	2	1.0
10264	2984	2	1.0
10265	2984	2	1.0
10266	2986	2	1.0
10267	2986	2	1.0
10268	2987	2	1.0
10269	2989	2	1.0
10270	2991	2	1.0
10271	2991	2	1.0
10272	2991	2	1.0
10273	2991	2	1.0
10274	2991	2	1.0
10275	2992	2	1.0
10276	2996	2	1.0
10277	2999	2	1.0
10278	2999	2	1.0
0	10279	3	1.0
2990	10279	3	1.0
1	10280	3	1.0
57	10280	3	1.0
2	10281	3	1.0
58	10281	3	1.0
3	10282	3	1.0
18	10282	3	1.0
19	10282	3	1.0
20	10282	3	1.0
21	10282	3	1.0
4	10283	3	1.0
5	10284	3	1.0
6	10285	3	1.0
293	10285	3	1.0
294	10285	3	1.0
295	10285	3	1.0
296	10285	3	1.0
297	10285	3	1.0
298	10285	3	1.0
299	10285	3	1.0
300	10285	3	1.0
301	10285	3	1.0
302	10285	3	1.0
303	10285	3	1.0
304	10285	3	1.0
305	10285	3	1.0
306	10285	3	1.0
307	10285	3	1.0
308	10285	3	1.0
309	10285	3	1.0
310	10285	3	1.0
311	10285	3	1.0
312	10285	3	1.0
313	10285	3	1.0
314	10285	3	1.0
315	10285	3	1.0
316	10285	3	1.0
317	10285	3	1.0
318	10285	3	1.0
319	10285	3	1.0
320	10285	3	1.0
321	10285	3	1.0
322	10285	3	1.0
324	10285	3	1.0
325	10285	3	1.0
326	10285	3	1.0
327	10285	3	1.0
328	10285	3	1.0
329	10285	3	1.0
330	10285	3	1.0
331	10285	3	1.0
332	10285	3	1.0
333	10285	3	1.0
334	10285	3	1.0
1476	10285	3	1.0
1477	10285	3	1.0
1478	10285	3	1.0
1479	10285	3	1.0
1480	10285	3	1.0
1481	10285	3	1.0
1482	10285	3	1.0
1483	10285	3	1.0
1484	10285	3	1.0
1486	10285	3	1.0
1487	10285	3	1.0
1488	10285	3	1.0
1489	10285	3	1.0
1490	10285	3	1.0
1491	10285	3	1.0
1492	10285	3	1.0
1493	10285	3	1.0
1494	10285	3	1.0
1495	10285	3	1.0
1496	10285	3	1.0
1497	10285	3	1.0
1498	10285	3	1.0
1499	10285	3	1.0
1500	10285	3	1.0
1501	10285	3	1.0
1502	10285	3	1.0
1503	10285	3	1.0
1504	10285	3	1.0
1505	10285	3	1.0
1506	10285	3	1.0
1507	10285	3	1.0
1508	10285	3	1.0
1509	10285	3	1.0
1510	10285	3	1.0
1511	10285	3	1.0
1512	10285	3	1.0
1513	10285	3	1.0
1515	10285	3	1.0
1516	10285	3	1.0
1517	10285	3	1.0
1519	10285	3	1.0
1520	10285	3	1.0
1521	10285	3	1.0
1522	10285	3	1.0
1523	10285	3	1.0
1524	10285	3	1.0
1525	10285	3	1.0
1526	10285	3	1.0
2369	10285	3	1.0
2370	10285	3	1.0
2371	10285	3	1.0
2372	10285	3	1.0
2373	10285	3	1.0
2374	10285	3	1.0
2375	10285	3	1.0
2376	10285	3	1.0
2377	10285	3	1.0
2378	10285	3	1.0
2379	10285	3	1.0
2380	10285	3	1.0
2381	10285	3	1.0
2382	10285	3	1.0
2383	10285	3	1.0
2384	10285	3	1.0
2385	10285	3	1.0
2386	10285	3	1.0
2387	10285	3	1.0
2388	10285	3	1.0
2389	10285	3	1.0
2390	10285	3	1.0
2391	10285	3	1.0
2392	10285	3	1.0
2393	10285	3	1.0
2394	10285	3	1.0
2395	10285	3	1.0
2396	10285	3	1.0
2397	10285	3	1.0
2398	10285	3	1.0
2399	10285	3	1.0
2400	10285	3	1.0
2401	10285	3	1.0
2402	10285	3	1.0
2403	10285	3	1.0
2404	10285	3	1.0
2405	10285	3	1.0
2406	10285	3	1.0
2407	10285	3	1.0
2408	10285	3	1.0
2409	10285	3	1.0
2410	10285	3	1.0
2411	10285	3	1.0
2412	10285	3	1.0
2413	10285	3	1.0
2414	10285	3	1.0
2415	10285	3	1.0
2416	10285	3	1.0
2417	10285	3	1.0
2418	10285	3	1.0
2419	10285	3	1.0
2420	10285	3	1.0
2421	10285	3	1.0
2422	10285	3	1.0
2423	10285	3	1.0
2424	10285	3	1.0
7	10286	3	1.0
227	10286	3	1.0
228	10286	3	1.0
8	10287	3	1.0
9	10287	3	1.0
10	10287	3	1.0
11	10288	3	1.0
12	10289	3	1.0
13	10290	3	1.0
14	10291	3	1.0
68	10291	3	1.0
15	10292	3	1.0
16	10293	3	1.0
183	10293	3	1.0
184	10293	3	1.0
215	10293	3	1.0
216	10293	3	1.0
2486	10293	3	1.0
17	10294	3	1.0
2535	10294	3	1.0
22	10295	3	1.0
24	10295	3	1.0
187	10295	3	1.0
188	10295	3	1.0
190	10295	3	1.0
191	10295	3	1.0
192	10295	3	1.0
193	10295	3	1.0
194	10295	3	1.0
195	10295	3	1.0
857	10295	3	1.0
858	10295	3	1.0
859	10295	3	1.0
1144	10295	3	1.0
1145	10295	3	1.0
1424	10295	3	1.0
1425	10295	3	1.0
2170	10295	3	1.0
2171	10295	3	1.0
2172	10295	3	1.0
2173	10295	3	1.0
2361	10295	3	1.0
2482	10295	3	1.0
2483	10295	3	1.0
2484	10295	3	1.0
2485	10295	3	1.0
2695	10295	3	1.0
2886	10295	3	1.0
2887	10295	3	1.0
23	10296	3	1.0
189	10296	3	1.0
25	10297	3	1.0
26	10298	3	1.0
27	10298	3	1.0
28	10298	3	1.0
29	10298	3	1.0
30	10298	3	1.0
31	10298	3	1.0
32	10298	3	1.0
196	10298	3	1.0
197	10298	3	1.0
198	10298	3	1.0
199	10298	3	1.0
200	10298	3	1.0
201	10298	3	1.0
202	10298	3	1.0
203	10298	3	1.0
861	10298	3	1.0
862	10298	3	1.0
863	10298	3	1.0
1146	10298	3	1.0
1147	10298	3	1.0
1426	10298	3	1.0
1427	10298	3	1.0
1428	10298	3	1.0
1429	10298	3	1.0
1430	10298	3	1.0
1431	10298	3	1.0
1432	10298	3	1.0
2367	10298	3	1.0
2368	10298	3	1.0
33	10299	3	1.0
34	10299	3	1.0
35	10300	3	1.0
36	10301	3	1.0
37	10302	3	1.0
38	10302	3	1.0
39	10302	3	1.0
40	10302	3	1.0
207	10302	3	1.0
208	10302	3	1.0
864	10302	3	1.0
865	10302	3	1.0
1148	10302	3	1.0
1149	10302	3	1.0
1150	10302	3	1.0
1433	10302	3	1.0
1952	10302	3	1.0
1953	10302	3	1.0
2168	10302	3	1.0
2169	10302	3	1.0
2481	10302	3	1.0
2930	10302	3	1.0
2932	10302	3	1.0
2933	10302	3	1.0
2934	10302	3	1.0
2935	10302	3	1.0
2936	10302	3	1.0
2937	10302	3	1.0
41	10303	3	1.0
42	10304	3	1.0
209	10304	3	1.0
43	10305	3	1.0
44	10306	3	1.0
210	10306	3	1.0
1053	10306	3	1.0
1054	10306	3	1.0
1055	10306	3	1.0
1056	10306	3	1.0
1057	10306	3	1.0
1058	10306	3	1.0
1059	10306	3	1.0
1060	10306	3	1.0
1061	10306	3	1.0
1062	10306	3	1.0
1063	10306	3	1.0
1064	10306	3	1.0
1065	10306	3	1.0
1066	10306	3	1.0
1067	10306	3	1.0
1068	10306	3	1.0
1069	10306	3	1.0
1070	10306	3	1.0
1071	10306	3	1.0
1072	10306	3	1.0
1073	10306	3	1.0
1074	10306	3	1.0
1075	10306	3	1.0
1076	10306	3	1.0
1077	10306	3	1.0
1078	10306	3	1.0
1079	10306	3	1.0
1080	10306	3	1.0
1082	10306	3	1.0
1083	10306	3	1.0
1084	10306	3	1.0
1088	10306	3	1.0
1089	10306	3	1.0
1090	10306	3	1.0
1091	10306	3	1.0
1092	10306	3	1.0
2696	10306	3	1.0
2801	10306	3	1.0
2802	10306	3	1.0
2803	10306	3	1.0
2804	10306	3	1.0
2805	10306	3	1.0
2806	10306	3	1.0
2807	10306	3	1.0
2808	10306	3	1.0
2809	10306	3	1.0
2810	10306	3	1.0
2811	10306	3	1.0
2812	10306	3	1.0
2813	10306	3	1.0
2814	10306	3	1.0
2815	10306	3	1.0
2816	10306	3	1.0
2817	10306	3	1.0
2818	10306	3	1.0
2819	10306	3	1.0
2820	10306	3	1.0
2821	10306	3	1.0
2822	10306	3	1.0
2823	10306	3	1.0
2824	10306	3	1.0
2825	10306	3	1.0
2826	10306	3	1.0
2827	10306	3	1.0
2828	10306	3	1.0
2829	10306	3	1.0
2830	10306	3	1.0
2831	10306	3	1.0
2832	10306	3	1.0
2833	10306	3	1.0
2834	10306	3	1.0
2835	10306	3	1.0
2836	10306	3	1.0
2837	10306	3	1.0
2838	10306	3	1.0
2839	10306	3	1.0
2840	10306	3	1.0
2841	10306	3	1.0
2842	10306	3	1.0
2843	10306	3	1.0
2844	10306	3	1.0
45	10307	3	1.0
217	10307	3	1.0
218	10307	3	1.0
1153	10307	3	1.0
2174	10307	3	1.0
2175	10307	3	1.0
2212	10307	3	1.0
2213	10307	3	1.0
2362	10307	3	1.0
2442	10307	3	1.0
2537	10307	3	1.0
2888	10307	3	1.0
2985	10307	3	1.0
2986	10307	3	1.0
46	10308	3	1.0
47	10309	3	1.0
48	10309	3	1.0
49	10309	3	1.0
50	10309	3	1.0
51	10309	3	1.0
52	10309	3	1.0
53	10309	3	1.0
54	10309	3	1.0
55	10309	3	1.0
56	10310	3	1.0
59	10311	3	1.0
60	10311	3	1.0
61	10311	3	1.0
212	10311	3	1.0
62	10312	3	1.0
63	10312	3	1.0
65	10312	3	1.0
213	10312	3	1.0
64	10313	3	1.0
66	10314	3	1.0
866	10314	3	1.0
67	10315	3	1.0
214	10315	3	1.0
69	10316	3	1.0
70	10317	3	1.0
71	10317	3	1.0
72	10317	3	1.0
73	10318	3	1.0
74	10318	3	1.0
75	10318	3	1.0
76	10318	3	1.0
77	10318	3	1.0
78	10318	3	1.0
79	10318	3	1.0
1529	10318	3	1.0
1530	10318	3	1.0
80	10319	3	1.0
81	10319	3	1.0
82	10319	3	1.0
83	10320	3	1.0
84	10320	3	1.0
85	10320	3	1.0
86	10320	3	1.0
87	10320	3	1.0
88	10320	3	1.0
89	10320	3	1.0
90	10320	3	1.0
91	10320	3	1.0
92	10320	3	1.0
93	10320	3	1.0
94	10320	3	1.0
95	10320	3	1.0
96	10320	3	1.0
97	10320	3	1.0
98	10320	3	1.0
99	10321	3	1.0
100	10321	3	1.0
101	10321	3	1.0
1238	10321	3	1.0
2992	10321	3	1.0
2993	10321	3	1.0
2994	10321	3	1.0
2995	10321	3	1.0
2996	10321	3	1.0
2997	10321	3	1.0
2998	10321	3	1.0
102	10322	3	1.0
103	10322	3	1.0
1239	10322	3	1.0
1240	10322	3	1.0
2353	10322	3	1.0
2354	10322	3	1.0
104	10323	3	1.0
105	10323	3	1.0
106	10323	3	1.0
107	10323	3	1.0
108	10323	3	1.0
109	10323	3	1.0
110	10323	3	1.0
111	10323	3	1.0
112	10323	3	1.0
113	10323	3	1.0
114	10323	3	1.0
115	10323	3	1.0
116	10323	3	1.0
1242	10323	3	1.0
1243	10323	3	1.0
1244	10323	3	1.0
1245	10323	3	1.0
1246	10323	3	1.0
1247	10323	3	1.0
1248	10323	3	1.0
1249	10323	3	1.0
1250	10323	3	1.0
1251	10323	3	1.0
117	10324	3	1.0
118	10325	3	1.0
119	10325	3	1.0
120	10326	3	1.0
121	10326	3	1.0
122	10326	3	1.0
123	10327	3	1.0
124	10327	3	1.0
125	10327	3	1.0
126	10327	3	1.0
127	10327	3	1.0
1700	10327	3	1.0
1701	10327	3	1.0
1702	10327	3	1.0
2469	10327	3	1.0
2470	10327	3	1.0
2471	10327	3	1.0
2472	10327	3	1.0
2473	10327	3	1.0
2474	10327	3	1.0
2475	10327	3	1.0
2476	10327	3	1.0
2477	10327	3	1.0
2478	10327	3	1.0
2479	10327	3	1.0
128	10328	3	1.0
129	10329	3	1.0
130	10329	3	1.0
131	10330	3	1.0
132	10330	3	1.0
133	10330	3	1.0
134	10330	3	1.0
135	10330	3	1.0
136	10330	3	1.0
137	10330	3	1.0
138	10330	3	1.0
139	10330	3	1.0
140	10330	3	1.0
1730	10330	3	1.0
1731	10330	3	1.0
1732	10330	3	1.0
2359	10330	3	1.0
141	10331	3	1.0
142	10331	3	1.0
143	10331	3	1.0
144	10331	3	1.0
145	10332	3	1.0
146	10332	3	1.0
147	10333	3	1.0
148	10334	3	1.0
149	10335	3	1.0
150	10335	3	1.0
151	10335	3	1.0
152	10335	3	1.0
153	10335	3	1.0
154	10335	3	1.0
155	10335	3	1.0
156	10335	3	1.0
157	10335	3	1.0
158	10335	3	1.0
159	10335	3	1.0
160	10335	3	1.0
161	10335	3	1.0
162	10335	3	1.0
163	10335	3	1.0
165	10335	3	1.0
166	10335	3	1.0
167	10335	3	1.0
168	10335	3	1.0
169	10335	3	1.0
1779	10335	3	1.0
1780	10335	3	1.0
1781	10335	3	1.0
1782	10335	3	1.0
1783	10335	3	1.0
1784	10335	3	1.0
1785	10335	3	1.0
1786	10335	3	1.0
2425	10335	3	1.0
2426	10335	3	1.0
2427	10335	3	1.0
2428	10335	3	1.0
2429	10335	3	1.0
2430	10335	3	1.0
2431	10335	3	1.0
2432	10335	3	1.0
2433	10335	3	1.0
2434	10335	3	1.0
2435	10335	3	1.0
2436	10335	3	1.0
2437	10335	3	1.0
2438	10335	3	1.0
2439	10335	3	1.0
164	10336	3	1.0
1401	10336	3	1.0
1402	10336	3	1.0
1403	10336	3	1.0
170	10337	3	1.0
171	10337	3	1.0
1416	10337	3	1.0
1417	10337	3	1.0
172	10338	3	1.0
173	10338	3	1.0
174	10338	3	1.0
175	10338	3	1.0
176	10338	3	1.0
177	10338	3	1.0
178	10338	3	1.0
179	10338	3	1.0
180	10338	3	1.0
181	10338	3	1.0
1805	10338	3	1.0
1806	10338	3	1.0
1807	10338	3	1.0
1808	10338	3	1.0
1809	10338	3	1.0
1810	10338	3	1.0
1811	10338	3	1.0
1812	10338	3	1.0
1813	10338	3	1.0
1814	10338	3	1.0
1815	10338	3	1.0
182	10339	3	1.0
185	10340	3	1.0
186	10340	3	1.0
2758	10340	3	1.0
204	10341	3	1.0
205	10342	3	1.0
206	10343	3	1.0
211	10344	3	1.0
776	10344	3	1.0
777	10344	3	1.0
778	10344	3	1.0
779	10344	3	1.0
780	10344	3	1.0
781	10344	3	1.0
782	10344	3	1.0
783	10344	3	1.0
784	10344	3	1.0
785	10344	3	1.0
786	10344	3	1.0
787	10344	3	1.0
788	10344	3	1.0
789	10344	3	1.0
790	10344	3	1.0
791	10344	3	1.0
792	10344	3	1.0
793	10344	3	1.0
794	10344	3	1.0
795	10344	3	1.0
796	10344	3	1.0
797	10344	3	1.0
798	10344	3	1.0
799	10344	3	1.0
800	10344	3	1.0
801	10344	3	1.0
1816	10344	3	1.0
1817	10344	3	1.0
1818	10344	3	1.0
1819	10344	3	1.0
1820	10344	3	1.0
1821	10344	3	1.0
1822	10344	3	1.0
1823	10344	3	1.0
1824	10344	3	1.0
1825	10344	3	1.0
1826	10344	3	1.0
1827	10344	3	1.0
1828	10344	3	1.0
1829	10344	3	1.0
1830	10344	3	1.0
1831	10344	3	1.0
1832	10344	3	1.0
1833	10344	3	1.0
1834	10344	3	1.0
1835	10344	3	1.0
1836	10344	3	1.0
2574	10344	3	1.0
2575	10344	3	1.0
2576	10344	3	1.0
2577	10344	3	1.0
2578	10344	3	1.0
2579	10344	3	1.0
2580	10344	3	1.0
2581	10344	3	1.0
2582	10344	3	1.0
2583	10344	3	1.0
2584	10344	3	1.0
2585	10344	3	1.0
2586	10344	3	1.0
2587	10344	3	1.0
2588	10344	3	1.0
2589	10344	3	1.0
2590	10344	3	1.0
2591	10344	3	1.0
2592	10344	3	1.0
2593	10344	3	1.0
2594	10344	3	1.0
2595	10344	3	1.0
2596	10344	3	1.0
2597	10344	3	1.0
219	10345	3	1.0
220	10345	3	1.0
221	10345	3	1.0
222	10345	3	1.0
223	10345	3	1.0
224	10345	3	1.0
225	10345	3	1.0
226	10345	3	1.0
1437	10345	3	1.0
1438	10345	3	1.0
1439	10345	3	1.0
229	10346	3	1.0
230	10346	3	1.0
231	10346	3	1.0
1451	10346	3	1.0
1452	10346	3	1.0
232	10347	3	1.0
233	10347	3	1.0
1846	10347	3	1.0
234	10348	3	1.0
236	10348	3	1.0
237	10348	3	1.0
242	10348	3	1.0
246	10348	3	1.0
249	10348	3	1.0
235	10349	3	1.0
238	10349	3	1.0
239	10349	3	1.0
240	10349	3	1.0
241	10349	3	1.0
243	10349	3	1.0
244	10349	3	1.0
245	10349	3	1.0
247	10349	3	1.0
248	10349	3	1.0
250	10349	3	1.0
251	10349	3	1.0
252	10349	3	1.0
253	10349	3	1.0
254	10349	3	1.0
1460	10349	3	1.0
1461	10349	3	1.0
1462	10349	3	1.0
1463	10349	3	1.0
1464	10349	3	1.0
1465	10349	3	1.0
1466	10349	3	1.0
1467	10349	3	1.0
1468	10349	3	1.0
1469	10349	3	1.0
1470	10349	3	1.0
1471	10349	3	1.0
1472	10349	3	1.0
1473	10349	3	1.0
1474	10349	3	1.0
2520	10349	3	1.0
2521	10349	3	1.0
2522	10349	3	1.0
2523	10349	3	1.0
2524	10349	3	1.0
2525	10349	3	1.0
2526	10349	3	1.0
2527	10349	3	1.0
2528	10349	3	1.0
2529	10349	3	1.0
2530	10349	3	1.0
2531	10349	3	1.0
2532	10349	3	1.0
255	10350	3	1.0
256	10350	3	1.0
257	10350	3	1.0
258	10350	3	1.0
259	10350	3	1.0
260	10350	3	1.0
261	10350	3	1.0
262	10350	3	1.0
263	10350	3	1.0
264	10350	3	1.0
265	10350	3	1.0
266	10350	3	1.0
267	10350	3	1.0
268	10350	3	1.0
269	10350	3	1.0
270	10350	3	1.0
271	10350	3	1.0
272	10350	3	1.0
273	10350	3	1.0
274	10350	3	1.0
275	10350	3	1.0
276	10350	3	1.0
277	10350	3	1.0
278	10350	3	1.0
279	10350	3	1.0
280	10350	3	1.0
281	10350	3	1.0
282	10350	3	1.0
283	10350	3	1.0
284	10350	3	1.0
285	10350	3	1.0
286	10350	3	1.0
287	10350	3	1.0
288	10350	3	1.0
1865	10350	3	1.0
1866	10350	3	1.0
1867	10350	3	1.0
1868	10350	3	1.0
1869	10350	3	1.0
1870	10350	3	1.0
1871	10350	3	1.0
1872	10350	3	1.0
1873	10350	3	1.0
1874	10350	3	1.0
1875	10350	3	1.0
1876	10350	3	1.0
1877	10350	3	1.0
1878	10350	3	1.0
1879	10350	3	1.0
1880	10350	3	1.0
1881	10350	3	1.0
1882	10350	3	1.0
1883	10350	3	1.0
1884	10350	3	1.0
1885	10350	3	1.0
1886	10350	3	1.0
1887	10350	3	1.0
1888	10350	3	1.0
1889	10350	3	1.0
2558	10350	3	1.0
2559	10350	3	1.0
2560	10350	3	1.0
2561	10350	3	1.0
2562	10350	3	1.0
2563	10350	3	1.0
2564	10350	3	1.0
2565	10350	3	1.0
2566	10350	3	1.0
2567	10350	3	1.0
289	10351	3	1.0
290	10352	3	1.0
2516	10352	3	1.0
2517	10352	3	1.0
2518	10352	3	1.0
2519	10352	3	1.0
291	10353	3	1.0
1475	10353	3	1.0
292	10354	3	1.0
323	10354	3	1.0
1485	10354	3	1.0
1514	10354	3	1.0
1518	10354	3	1.0
335	10355	3	1.0
336	10355	3	1.0
337	10355	3	1.0
683	10355	3	1.0
684	10355	3	1.0
1794	10355	3	1.0
1890	10355	3	1.0
1891	10355	3	1.0
1892	10355	3	1.0
2448	10355	3	1.0
2449	10355	3	1.0
2450	10355	3	1.0
2616	10355	3	1.0
2617	10355	3	1.0
2618	10355	3	1.0
2619	10355	3	1.0
2620	10355	3	1.0
338	10356	3	1.0
339	10356	3	1.0
340	10356	3	1.0
341	10356	3	1.0
2688	10356	3	1.0
2689	10356	3	1.0
342	10357	3	1.0
343	10357	3	1.0
344	10357	3	1.0
345	10357	3	1.0
1531	10357	3	1.0
346	10358	3	1.0
347	10359	3	1.0
348	10359	3	1.0
349	10359	3	1.0
2224	10359	3	1.0
2225	10359	3	1.0
350	10360	3	1.0
351	10360	3	1.0
352	10360	3	1.0
354	10360	3	1.0
355	10360	3	1.0
356	10360	3	1.0
357	10360	3	1.0
358	10360	3	1.0
359	10360	3	1.0
360	10360	3	1.0
361	10360	3	1.0
362	10360	3	1.0
363	10360	3	1.0
1152	10360	3	1.0
1893	10360	3	1.0
1894	10360	3	1.0
1895	10360	3	1.0
1896	10360	3	1.0
1897	10360	3	1.0
1898	10360	3	1.0
1899	10360	3	1.0
2552	10360	3	1.0
2553	10360	3	1.0
353	10361	3	1.0
364	10362	3	1.0
1839	10362	3	1.0
1844	10362	3	1.0
365	10363	3	1.0
366	10363	3	1.0
367	10363	3	1.0
368	10363	3	1.0
369	10363	3	1.0
1533	10363	3	1.0
1534	10363	3	1.0
1535	10363	3	1.0
1536	10363	3	1.0
1537	10363	3	1.0
1538	10363	3	1.0
1539	10363	3	1.0
370	10364	3	1.0
371	10364	3	1.0
372	10365	3	1.0
373	10365	3	1.0
374	10365	3	1.0
375	10366	3	1.0
376	10366	3	1.0
377	10366	3	1.0
1541	10366	3	1.0
1542	10366	3	1.0
1543	10366	3	1.0
378	10367	3	1.0
379	10368	3	1.0
380	10368	3	1.0
381	10368	3	1.0
382	10368	3	1.0
383	10368	3	1.0
384	10368	3	1.0
385	10369	3	1.0
386	10369	3	1.0
387	10369	3	1.0
388	10369	3	1.0
1548	10369	3	1.0
1549	10369	3	1.0
1550	10369	3	1.0
1551	10369	3	1.0
1552	10369	3	1.0
2505	10369	3	1.0
2506	10369	3	1.0
2507	10369	3	1.0
2508	10369	3	1.0
389	10370	3	1.0
390	10370	3	1.0
391	10370	3	1.0
392	10370	3	1.0
393	10370	3	1.0
394	10370	3	1.0
395	10370	3	1.0
1553	10370	3	1.0
1554	10370	3	1.0
1555	10370	3	1.0
1556	10370	3	1.0
1557	10370	3	1.0
1558	10370	3	1.0
1559	10370	3	1.0
1560	10370	3	1.0
1561	10370	3	1.0
1562	10370	3	1.0
1563	10370	3	1.0
1564	10370	3	1.0
1565	10370	3	1.0
1566	10370	3	1.0
1568	10370	3	1.0
1569	10370	3	1.0
1570	10370	3	1.0
1571	10370	3	1.0
1572	10370	3	1.0
2598	10370	3	1.0
2599	10370	3	1.0
2600	10370	3	1.0
2601	10370	3	1.0
2602	10370	3	1.0
2603	10370	3	1.0
2604	10370	3	1.0
2605	10370	3	1.0
396	10371	3	1.0
397	10372	3	1.0
398	10372	3	1.0
399	10372	3	1.0
400	10372	3	1.0
401	10372	3	1.0
402	10372	3	1.0
403	10372	3	1.0
404	10372	3	1.0
405	10372	3	1.0
406	10372	3	1.0
407	10372	3	1.0
408	10372	3	1.0
409	10372	3	1.0
410	10372	3	1.0
412	10372	3	1.0
413	10372	3	1.0
414	10372	3	1.0
415	10372	3	1.0
416	10372	3	1.0
1574	10372	3	1.0
1575	10372	3	1.0
1576	10372	3	1.0
1577	10372	3	1.0
1578	10372	3	1.0
1579	10372	3	1.0
1580	10372	3	1.0
1581	10372	3	1.0
1582	10372	3	1.0
1583	10372	3	1.0
1584	10372	3	1.0
1585	10372	3	1.0
411	10373	3	1.0
417	10374	3	1.0
418	10374	3	1.0
1586	10374	3	1.0
1587	10374	3	1.0
1588	10374	3	1.0
1589	10374	3	1.0
1590	10374	3	1.0
1591	10374	3	1.0
419	10375	3	1.0
420	10375	3	1.0
421	10375	3	1.0
422	10375	3	1.0
423	10375	3	1.0
424	10375	3	1.0
425	10375	3	1.0
426	10375	3	1.0
427	10375	3	1.0
428	10375	3	1.0
429	10375	3	1.0
430	10375	3	1.0
431	10375	3	1.0
432	10375	3	1.0
434	10375	3	1.0
435	10375	3	1.0
436	10375	3	1.0
437	10375	3	1.0
438	10375	3	1.0
439	10375	3	1.0
440	10375	3	1.0
441	10375	3	1.0
444	10375	3	1.0
445	10375	3	1.0
446	10375	3	1.0
447	10375	3	1.0
448	10375	3	1.0
449	10375	3	1.0
450	10375	3	1.0
433	10376	3	1.0
1592	10376	3	1.0
1593	10376	3	1.0
1594	10376	3	1.0
1595	10376	3	1.0
1596	10376	3	1.0
1597	10376	3	1.0
1598	10376	3	1.0
1599	10376	3	1.0
1600	10376	3	1.0
1601	10376	3	1.0
1602	10376	3	1.0
1603	10376	3	1.0
1604	10376	3	1.0
1605	10376	3	1.0
1606	10376	3	1.0
1607	10376	3	1.0
2847	10376	3	1.0
2848	10376	3	1.0
2849	10376	3	1.0
2850	10376	3	1.0
2851	10376	3	1.0
2852	10376	3	1.0
2853	10376	3	1.0
2854	10376	3	1.0
2855	10376	3	1.0
2856	10376	3	1.0
2857	10376	3	1.0
2858	10376	3	1.0
2859	10376	3	1.0
2860	10376	3	1.0
2861	10376	3	1.0
2862	10376	3	1.0
2863	10376	3	1.0
2864	10376	3	1.0
442	10377	3	1.0
443	10377	3	1.0
451	10378	3	1.0
452	10379	3	1.0
453	10379	3	1.0
454	10379	3	1.0
455	10379	3	1.0
456	10379	3	1.0
457	10379	3	1.0
458	10379	3	1.0
459	10379	3	1.0
460	10379	3	1.0
461	10379	3	1.0
462	10379	3	1.0
463	10379	3	1.0
464	10379	3	1.0
465	10379	3	1.0
466	10379	3	1.0
467	10379	3	1.0
468	10379	3	1.0
469	10379	3	1.0
470	10379	3	1.0
471	10379	3	1.0
472	10379	3	1.0
473	10379	3	1.0
474	10379	3	1.0
475	10379	3	1.0
476	10379	3	1.0
477	10379	3	1.0
478	10379	3	1.0
479	10379	3	1.0
480	10379	3	1.0
481	10379	3	1.0
482	10379	3	1.0
483	10379	3	1.0
484	10379	3	1.0
485	10379	3	1.0
486	10379	3	1.0
487	10379	3	1.0
488	10379	3	1.0
489	10379	3	1.0
491	10379	3	1.0
492	10379	3	1.0
493	10379	3	1.0
494	10379	3	1.0
495	10379	3	1.0
496	10379	3	1.0
497	10379	3	1.0
498	10379	3	1.0
499	10379	3	1.0
500	10379	3	1.0
501	10379	3	1.0
502	10379	3	1.0
503	10379	3	1.0
504	10379	3	1.0
505	10379	3	1.0
506	10379	3	1.0
507	10379	3	1.0
508	10379	3	1.0
509	10379	3	1.0
510	10379	3	1.0
511	10379	3	1.0
512	10379	3	1.0
513	10379	3	1.0
514	10379	3	1.0
515	10379	3	1.0
516	10379	3	1.0
517	10379	3	1.0
518	10379	3	1.0
519	10379	3	1.0
520	10379	3	1.0
521	10379	3	1.0
522	10379	3	1.0
523	10379	3	1.0
524	10379	3	1.0
525	10379	3	1.0
526	10379	3	1.0
527	10379	3	1.0
528	10379	3	1.0
529	10379	3	1.0
530	10379	3	1.0
531	10379	3	1.0
532	10379	3	1.0
533	10379	3	1.0
534	10379	3	1.0
535	10379	3	1.0
536	10379	3	1.0
537	10379	3	1.0
538	10379	3	1.0
1608	10379	3	1.0
1609	10379	3	1.0
1610	10379	3	1.0
1611	10379	3	1.0
1612	10379	3	1.0
1613	10379	3	1.0
1614	10379	3	1.0
1615	10379	3	1.0
1616	10379	3	1.0
1617	10379	3	1.0
1618	10379	3	1.0
1619	10379	3	1.0
1620	10379	3	1.0
1621	10379	3	1.0
1622	10379	3	1.0
1623	10379	3	1.0
1624	10379	3	1.0
1625	10379	3	1.0
1626	10379	3	1.0
1627	10379	3	1.0
1628	10379	3	1.0
1629	10379	3	1.0
1630	10379	3	1.0
1631	10379	3	1.0
1632	10379	3	1.0
1633	10379	3	1.0
1634	10379	3	1.0
1635	10379	3	1.0
1636	10379	3	1.0
1637	10379	3	1.0
1638	10379	3	1.0
1639	10379	3	1.0
1640	10379	3	1.0
1641	10379	3	1.0
1642	10379	3	1.0
1643	10379	3	1.0
1644	10379	3	1.0
1645	10379	3	1.0
1646	10379	3	1.0
1647	10379	3	1.0
1648	10379	3	1.0
1649	10379	3	1.0
1650	10379	3	1.0
1651	10379	3	1.0
1652	10379	3	1.0
1653	10379	3	1.0
1654	10379	3	1.0
1655	10379	3	1.0
1656	10379	3	1.0
1657	10379	3	1.0
1658	10379	3	1.0
1659	10379	3	1.0
1660	10379	3	1.0
1661	10379	3	1.0
1662	10379	3	1.0
1663	10379	3	1.0
1664	10379	3	1.0
1665	10379	3	1.0
1666	10379	3	1.0
1667	10379	3	1.0
1668	10379	3	1.0
1669	10379	3	1.0
1670	10379	3	1.0
1671	10379	3	1.0
1672	10379	3	1.0
1673	10379	3	1.0
1923	10379	3	1.0
2754	10379	3	1.0
2755	10379	3	1.0
2846	10379	3	1.0
490	10380	3	1.0
539	10381	3	1.0
540	10381	3	1.0
541	10381	3	1.0
542	10381	3	1.0
543	10381	3	1.0
544	10381	3	1.0
545	10381	3	1.0
546	10381	3	1.0
547	10381	3	1.0
548	10381	3	1.0
549	10381	3	1.0
550	10381	3	1.0
551	10381	3	1.0
552	10381	3	1.0
553	10381	3	1.0
554	10381	3	1.0
555	10381	3	1.0
556	10381	3	1.0
557	10381	3	1.0
558	10381	3	1.0
559	10381	3	1.0
560	10381	3	1.0
561	10381	3	1.0
562	10381	3	1.0
563	10381	3	1.0
2214	10381	3	1.0
2215	10381	3	1.0
2216	10381	3	1.0
2217	10381	3	1.0
2218	10381	3	1.0
2219	10381	3	1.0
2220	10381	3	1.0
2221	10381	3	1.0
2222	10381	3	1.0
2223	10381	3	1.0
2612	10381	3	1.0
2613	10381	3	1.0
2614	10381	3	1.0
2615	10381	3	1.0
564	10382	3	1.0
2467	10382	3	1.0
2468	10382	3	1.0
565	10383	3	1.0
566	10384	3	1.0
567	10384	3	1.0
568	10384	3	1.0
569	10384	3	1.0
570	10384	3	1.0
571	10384	3	1.0
572	10384	3	1.0
1680	10384	3	1.0
1681	10384	3	1.0
1682	10384	3	1.0
1683	10384	3	1.0
1684	10384	3	1.0
1685	10384	3	1.0
1686	10384	3	1.0
1687	10384	3	1.0
573	10385	3	1.0
574	10386	3	1.0
575	10386	3	1.0
576	10386	3	1.0
577	10386	3	1.0
2069	10386	3	1.0
2070	10386	3	1.0
2071	10386	3	1.0
2072	10386	3	1.0
2782	10386	3	1.0
2783	10386	3	1.0
578	10387	3	1.0
579	10387	3	1.0
580	10387	3	1.0
581	10387	3	1.0
582	10387	3	1.0
583	10387	3	1.0
584	10387	3	1.0
1688	10387	3	1.0
1689	10387	3	1.0
1690	10387	3	1.0
1691	10387	3	1.0
1692	10387	3	1.0
1693	10387	3	1.0
1694	10387	3	1.0
1695	10387	3	1.0
1696	10387	3	1.0
1697	10387	3	1.0
1698	10387	3	1.0
1699	10387	3	1.0
2544	10387	3	1.0
2545	10387	3	1.0
2546	10387	3	1.0
2547	10387	3	1.0
2548	10387	3	1.0
2549	10387	3	1.0
2550	10387	3	1.0
2551	10387	3	1.0
585	10388	3	1.0
590	10388	3	1.0
586	10389	3	1.0
587	10389	3	1.0
588	10389	3	1.0
589	10389	3	1.0
591	10389	3	1.0
592	10389	3	1.0
593	10389	3	1.0
594	10390	3	1.0
595	10391	3	1.0
596	10392	3	1.0
597	10392	3	1.0
598	10392	3	1.0
599	10392	3	1.0
600	10393	3	1.0
601	10393	3	1.0
2073	10393	3	1.0
2074	10393	3	1.0
2075	10393	3	1.0
2667	10393	3	1.0
2668	10393	3	1.0
2669	10393	3	1.0
602	10394	3	1.0
603	10394	3	1.0
1713	10394	3	1.0
604	10395	3	1.0
605	10395	3	1.0
606	10395	3	1.0
607	10396	3	1.0
608	10397	3	1.0
609	10397	3	1.0
610	10397	3	1.0
1716	10397	3	1.0
611	10398	3	1.0
612	10398	3	1.0
613	10398	3	1.0
615	10398	3	1.0
616	10398	3	1.0
617	10398	3	1.0
618	10398	3	1.0
619	10398	3	1.0
620	10398	3	1.0
621	10398	3	1.0
622	10398	3	1.0
623	10398	3	1.0
624	10398	3	1.0
625	10398	3	1.0
626	10398	3	1.0
627	10398	3	1.0
628	10398	3	1.0
1717	10398	3	1.0
1718	10398	3	1.0
1720	10398	3	1.0
1721	10398	3	1.0
1722	10398	3	1.0
1723	10398	3	1.0
1724	10398	3	1.0
1725	10398	3	1.0
1726	10398	3	1.0
1727	10398	3	1.0
2662	10398	3	1.0
2663	10398	3	1.0
2664	10398	3	1.0
2665	10398	3	1.0
2666	10398	3	1.0
614	10399	3	1.0
629	10400	3	1.0
630	10400	3	1.0
631	10400	3	1.0
632	10400	3	1.0
633	10400	3	1.0
634	10401	3	1.0
635	10401	3	1.0
1728	10401	3	1.0
1729	10401	3	1.0
2504	10401	3	1.0
636	10402	3	1.0
637	10403	3	1.0
2099	10403	3	1.0
2100	10403	3	1.0
638	10404	3	1.0
639	10405	3	1.0
640	10406	3	1.0
641	10406	3	1.0
642	10406	3	1.0
643	10406	3	1.0
644	10406	3	1.0
645	10406	3	1.0
646	10406	3	1.0
647	10407	3	1.0
648	10407	3	1.0
649	10407	3	1.0
650	10407	3	1.0
651	10407	3	1.0
652	10407	3	1.0
1741	10407	3	1.0
1742	10407	3	1.0
1743	10407	3	1.0
653	10408	3	1.0
654	10408	3	1.0
655	10408	3	1.0
656	10408	3	1.0
657	10408	3	1.0
658	10408	3	1.0
659	10408	3	1.0
660	10408	3	1.0
661	10408	3	1.0
662	10409	3	1.0
663	10410	3	1.0
664	10410	3	1.0
665	10410	3	1.0
1928	10410	3	1.0
1929	10410	3	1.0
2671	10410	3	1.0
666	10411	3	1.0
1758	10411	3	1.0
1759	10411	3	1.0
667	10412	3	1.0
668	10412	3	1.0
669	10412	3	1.0
1768	10412	3	1.0
1769	10412	3	1.0
1770	10412	3	1.0
1771	10412	3	1.0
1772	10412	3	1.0
670	10413	3	1.0
671	10413	3	1.0
672	10413	3	1.0
1773	10413	3	1.0
1774	10413	3	1.0
2447	10413	3	1.0
673	10414	3	1.0
674	10414	3	1.0
675	10414	3	1.0
676	10414	3	1.0
2047	10414	3	1.0
2048	10414	3	1.0
677	10415	3	1.0
1790	10415	3	1.0
678	10416	3	1.0
679	10416	3	1.0
680	10416	3	1.0
1791	10416	3	1.0
1792	10416	3	1.0
2451	10416	3	1.0
2452	10416	3	1.0
2453	10416	3	1.0
2454	10416	3	1.0
2455	10416	3	1.0
681	10417	3	1.0
1793	10417	3	1.0
2501	10417	3	1.0
682	10418	3	1.0
685	10419	3	1.0
686	10419	3	1.0
687	10419	3	1.0
688	10419	3	1.0
689	10419	3	1.0
690	10419	3	1.0
691	10419	3	1.0
692	10419	3	1.0
693	10419	3	1.0
694	10419	3	1.0
695	10419	3	1.0
696	10419	3	1.0
1795	10419	3	1.0
1796	10419	3	1.0
1797	10419	3	1.0
1798	10419	3	1.0
1799	10419	3	1.0
1800	10419	3	1.0
1801	10419	3	1.0
1802	10419	3	1.0
1803	10419	3	1.0
1804	10419	3	1.0
2491	10419	3	1.0
2492	10419	3	1.0
2493	10419	3	1.0
2494	10419	3	1.0
2495	10419	3	1.0
2496	10419	3	1.0
2497	10419	3	1.0
2498	10419	3	1.0
2499	10419	3	1.0
697	10420	3	1.0
698	10420	3	1.0
699	10420	3	1.0
700	10420	3	1.0
701	10420	3	1.0
702	10420	3	1.0
703	10420	3	1.0
704	10420	3	1.0
705	10420	3	1.0
706	10420	3	1.0
707	10420	3	1.0
708	10420	3	1.0
710	10420	3	1.0
711	10420	3	1.0
712	10420	3	1.0
713	10420	3	1.0
714	10420	3	1.0
715	10420	3	1.0
716	10420	3	1.0
717	10420	3	1.0
719	10420	3	1.0
720	10420	3	1.0
721	10420	3	1.0
722	10420	3	1.0
723	10420	3	1.0
724	10420	3	1.0
725	10420	3	1.0
726	10420	3	1.0
727	10420	3	1.0
728	10420	3	1.0
729	10420	3	1.0
730	10420	3	1.0
731	10420	3	1.0
732	10420	3	1.0
733	10420	3	1.0
734	10420	3	1.0
735	10420	3	1.0
736	10420	3	1.0
737	10420	3	1.0
738	10420	3	1.0
739	10420	3	1.0
740	10420	3	1.0
741	10420	3	1.0
742	10420	3	1.0
743	10420	3	1.0
744	10420	3	1.0
745	10420	3	1.0
746	10420	3	1.0
747	10420	3	1.0
748	10420	3	1.0
749	10420	3	1.0
751	10420	3	1.0
752	10420	3	1.0
753	10420	3	1.0
754	10420	3	1.0
755	10420	3	1.0
756	10420	3	1.0
757	10420	3	1.0
758	10420	3	1.0
759	10420	3	1.0
760	10420	3	1.0
761	10420	3	1.0
762	10420	3	1.0
763	10420	3	1.0
764	10420	3	1.0
1422	10420	3	1.0
1933	10420	3	1.0
1934	10420	3	1.0
1935	10420	3	1.0
1936	10420	3	1.0
1937	10420	3	1.0
1938	10420	3	1.0
1939	10420	3	1.0
1940	10420	3	1.0
1941	10420	3	1.0
1942	10420	3	1.0
1943	10420	3	1.0
1944	10420	3	1.0
1945	10420	3	1.0
1946	10420	3	1.0
1947	10420	3	1.0
1948	10420	3	1.0
1949	10420	3	1.0
1950	10420	3	1.0
1951	10420	3	1.0
2621	10420	3	1.0
2622	10420	3	1.0
2623	10420	3	1.0
2624	10420	3	1.0
2625	10420	3	1.0
2626	10420	3	1.0
2627	10420	3	1.0
2628	10420	3	1.0
2629	10420	3	1.0
2630	10420	3	1.0
2631	10420	3	1.0
2632	10420	3	1.0
2633	10420	3	1.0
2634	10420	3	1.0
2635	10420	3	1.0
2636	10420	3	1.0
2637	10420	3	1.0
2638	10420	3	1.0
2639	10420	3	1.0
2640	10420	3	1.0
2641	10420	3	1.0
2642	10420	3	1.0
2643	10420	3	1.0
2644	10420	3	1.0
2645	10420	3	1.0
2646	10420	3	1.0
2647	10420	3	1.0
2648	10420	3	1.0
2649	10420	3	1.0
2650	10420	3	1.0
709	10421	3	1.0
718	10421	3	1.0
750	10421	3	1.0
765	10422	3	1.0
766	10422	3	1.0
767	10422	3	1.0
768	10422	3	1.0
769	10422	3	1.0
770	10422	3	1.0
771	10422	3	1.0
772	10422	3	1.0
773	10422	3	1.0
774	10422	3	1.0
2456	10422	3	1.0
2457	10422	3	1.0
2458	10422	3	1.0
2459	10422	3	1.0
775	10423	3	1.0
802	10424	3	1.0
803	10425	3	1.0
804	10426	3	1.0
805	10426	3	1.0
806	10426	3	1.0
807	10426	3	1.0
808	10426	3	1.0
809	10426	3	1.0
810	10426	3	1.0
811	10426	3	1.0
812	10426	3	1.0
813	10426	3	1.0
814	10426	3	1.0
815	10426	3	1.0
816	10426	3	1.0
817	10426	3	1.0
818	10426	3	1.0
819	10426	3	1.0
820	10426	3	1.0
821	10426	3	1.0
822	10426	3	1.0
823	10426	3	1.0
824	10426	3	1.0
825	10426	3	1.0
826	10426	3	1.0
827	10426	3	1.0
828	10426	3	1.0
829	10426	3	1.0
830	10426	3	1.0
831	10426	3	1.0
832	10426	3	1.0
833	10426	3	1.0
834	10426	3	1.0
835	10426	3	1.0
836	10426	3	1.0
837	10426	3	1.0
838	10426	3	1.0
839	10426	3	1.0
840	10426	3	1.0
841	10426	3	1.0
842	10426	3	1.0
843	10426	3	1.0
844	10426	3	1.0
845	10426	3	1.0
846	10426	3	1.0
847	10426	3	1.0
848	10426	3	1.0
849	10426	3	1.0
850	10426	3	1.0
1130	10426	3	1.0
851	10427	3	1.0
852	10427	3	1.0
2125	10427	3	1.0
2126	10427	3	1.0
2127	10427	3	1.0
853	10428	3	1.0
854	10428	3	1.0
855	10428	3	1.0
856	10428	3	1.0
2280	10428	3	1.0
860	10429	3	1.0
867	10430	3	1.0
868	10430	3	1.0
2179	10430	3	1.0
869	10431	3	1.0
870	10431	3	1.0
871	10431	3	1.0
872	10431	3	1.0
2122	10431	3	1.0
2570	10431	3	1.0
2572	10431	3	1.0
2573	10431	3	1.0
873	10432	3	1.0
874	10432	3	1.0
875	10432	3	1.0
876	10432	3	1.0
877	10432	3	1.0
1845	10432	3	1.0
2651	10432	3	1.0
878	10433	3	1.0
879	10434	3	1.0
880	10434	3	1.0
881	10434	3	1.0
882	10434	3	1.0
883	10434	3	1.0
884	10434	3	1.0
885	10434	3	1.0
886	10434	3	1.0
887	10434	3	1.0
888	10434	3	1.0
889	10435	3	1.0
2757	10435	3	1.0
890	10436	3	1.0
891	10437	3	1.0
892	10437	3	1.0
893	10437	3	1.0
894	10437	3	1.0
2076	10437	3	1.0
2077	10437	3	1.0
2078	10437	3	1.0
2784	10437	3	1.0
2785	10437	3	1.0
2786	10437	3	1.0
2787	10437	3	1.0
2788	10437	3	1.0
2789	10437	3	1.0
2790	10437	3	1.0
895	10438	3	1.0
896	10438	3	1.0
897	10438	3	1.0
898	10438	3	1.0
899	10438	3	1.0
2062	10438	3	1.0
2063	10438	3	1.0
2657	10438	3	1.0
2658	10438	3	1.0
2659	10438	3	1.0
2660	10438	3	1.0
2661	10438	3	1.0
900	10439	3	1.0
901	10439	3	1.0
902	10439	3	1.0
903	10439	3	1.0
904	10439	3	1.0
905	10439	3	1.0
906	10439	3	1.0
907	10439	3	1.0
908	10439	3	1.0
909	10439	3	1.0
910	10439	3	1.0
911	10439	3	1.0
912	10439	3	1.0
913	10439	3	1.0
914	10439	3	1.0
915	10439	3	1.0
916	10439	3	1.0
917	10439	3	1.0
918	10439	3	1.0
2118	10439	3	1.0
919	10440	3	1.0
920	10440	3	1.0
921	10440	3	1.0
922	10440	3	1.0
923	10440	3	1.0
924	10440	3	1.0
1545	10440	3	1.0
1546	10440	3	1.0
2742	10440	3	1.0
2743	10440	3	1.0
2744	10440	3	1.0
2745	10440	3	1.0
2746	10440	3	1.0
2747	10440	3	1.0
2748	10440	3	1.0
925	10441	3	1.0
2139	10441	3	1.0
2140	10441	3	1.0
2141	10441	3	1.0
2142	10441	3	1.0
2143	10441	3	1.0
2149	10441	3	1.0
2158	10441	3	1.0
2606	10441	3	1.0
2607	10441	3	1.0
2608	10441	3	1.0
2609	10441	3	1.0
926	10442	3	1.0
927	10442	3	1.0
928	10442	3	1.0
929	10442	3	1.0
930	10442	3	1.0
931	10442	3	1.0
932	10442	3	1.0
933	10442	3	1.0
934	10442	3	1.0
935	10442	3	1.0
936	10442	3	1.0
937	10442	3	1.0
938	10442	3	1.0
939	10442	3	1.0
940	10442	3	1.0
941	10442	3	1.0
942	10442	3	1.0
943	10442	3	1.0
944	10442	3	1.0
945	10442	3	1.0
946	10442	3	1.0
1151	10442	3	1.0
2079	10442	3	1.0
2080	10442	3	1.0
2081	10442	3	1.0
2082	10442	3	1.0
2083	10442	3	1.0
2084	10442	3	1.0
2085	10442	3	1.0
2086	10442	3	1.0
2087	10442	3	1.0
2088	10442	3	1.0
2089	10442	3	1.0
2090	10442	3	1.0
2091	10442	3	1.0
2092	10442	3	1.0
2093	10442	3	1.0
2094	10442	3	1.0
2095	10442	3	1.0
2096	10442	3	1.0
2097	10442	3	1.0
2098	10442	3	1.0
2791	10442	3	1.0
2792	10442	3	1.0
2793	10442	3	1.0
2794	10442	3	1.0
2795	10442	3	1.0
2796	10442	3	1.0
2797	10442	3	1.0
2798	10442	3	1.0
2799	10442	3	1.0
2800	10442	3	1.0
947	10443	3	1.0
948	10443	3	1.0
949	10443	3	1.0
950	10443	3	1.0
951	10443	3	1.0
2208	10443	3	1.0
2209	10443	3	1.0
2210	10443	3	1.0
2211	10443	3	1.0
2874	10443	3	1.0
2875	10443	3	1.0
952	10444	3	1.0
953	10444	3	1.0
2101	10444	3	1.0
2102	10444	3	1.0
2103	10444	3	1.0
2104	10444	3	1.0
2105	10444	3	1.0
2106	10444	3	1.0
2107	10444	3	1.0
954	10445	3	1.0
955	10445	3	1.0
956	10445	3	1.0
957	10445	3	1.0
958	10445	3	1.0
959	10445	3	1.0
960	10445	3	1.0
961	10445	3	1.0
962	10445	3	1.0
963	10445	3	1.0
964	10445	3	1.0
1900	10445	3	1.0
1901	10445	3	1.0
1902	10445	3	1.0
1903	10445	3	1.0
1904	10445	3	1.0
1905	10445	3	1.0
1906	10445	3	1.0
1907	10445	3	1.0
2538	10445	3	1.0
2568	10445	3	1.0
965	10446	3	1.0
966	10446	3	1.0
967	10446	3	1.0
968	10446	3	1.0
969	10446	3	1.0
970	10446	3	1.0
971	10446	3	1.0
972	10446	3	1.0
973	10446	3	1.0
974	10446	3	1.0
975	10446	3	1.0
976	10446	3	1.0
977	10446	3	1.0
978	10446	3	1.0
979	10446	3	1.0
980	10446	3	1.0
981	10446	3	1.0
982	10446	3	1.0
983	10446	3	1.0
984	10446	3	1.0
985	10446	3	1.0
986	10446	3	1.0
987	10447	3	1.0
2187	10447	3	1.0
988	10448	3	1.0
989	10448	3	1.0
990	10448	3	1.0
991	10448	3	1.0
992	10448	3	1.0
993	10448	3	1.0
994	10448	3	1.0
995	10448	3	1.0
996	10448	3	1.0
997	10448	3	1.0
998	10448	3	1.0
999	10448	3	1.0
1000	10448	3	1.0
1001	10448	3	1.0
1913	10448	3	1.0
1914	10448	3	1.0
1915	10448	3	1.0
1916	10448	3	1.0
1917	10448	3	1.0
1918	10448	3	1.0
1919	10448	3	1.0
1920	10448	3	1.0
1921	10448	3	1.0
1922	10448	3	1.0
2684	10448	3	1.0
2685	10448	3	1.0
2686	10448	3	1.0
2687	10448	3	1.0
1002	10449	3	1.0
1003	10449	3	1.0
1004	10449	3	1.0
1005	10449	3	1.0
1006	10449	3	1.0
1007	10449	3	1.0
1008	10450	3	1.0
1009	10450	3	1.0
1010	10450	3	1.0
1011	10450	3	1.0
1012	10450	3	1.0
1013	10450	3	1.0
1014	10450	3	1.0
1015	10450	3	1.0
1016	10450	3	1.0
1017	10450	3	1.0
1018	10450	3	1.0
1019	10450	3	1.0
1020	10450	3	1.0
1021	10450	3	1.0
1022	10450	3	1.0
1023	10450	3	1.0
1024	10450	3	1.0
1025	10451	3	1.0
2180	10451	3	1.0
1026	10452	3	1.0
1027	10453	3	1.0
1028	10454	3	1.0
1029	10454	3	1.0
1030	10454	3	1.0
1031	10454	3	1.0
1032	10454	3	1.0
1033	10454	3	1.0
1034	10454	3	1.0
1035	10454	3	1.0
1036	10454	3	1.0
1037	10454	3	1.0
1038	10454	3	1.0
1039	10454	3	1.0
1040	10454	3	1.0
1041	10454	3	1.0
1042	10454	3	1.0
1043	10454	3	1.0
1044	10454	3	1.0
1045	10454	3	1.0
1046	10454	3	1.0
2865	10454	3	1.0
2866	10454	3	1.0
2867	10454	3	1.0
2868	10454	3	1.0
2869	10454	3	1.0
2870	10454	3	1.0
2871	10454	3	1.0
2872	10454	3	1.0
1047	10455	3	1.0
1048	10455	3	1.0
1049	10455	3	1.0
1050	10455	3	1.0
1051	10456	3	1.0
1052	10456	3	1.0
1081	10457	3	1.0
1085	10457	3	1.0
1086	10457	3	1.0
1087	10457	3	1.0
2999	10457	3	1.0
3000	10457	3	1.0
1093	10458	3	1.0
1094	10458	3	1.0
1095	10458	3	1.0
2109	10458	3	1.0
2110	10458	3	1.0
2111	10458	3	1.0
2756	10458	3	1.0
1096	10459	3	1.0
1097	10459	3	1.0
1098	10459	3	1.0
1099	10459	3	1.0
1100	10459	3	1.0
1924	10459	3	1.0
1925	10459	3	1.0
1926	10459	3	1.0
1927	10459	3	1.0
1101	10460	3	1.0
1102	10460	3	1.0
1103	10460	3	1.0
1760	10460	3	1.0
1761	10460	3	1.0
1762	10460	3	1.0
1763	10460	3	1.0
1764	10460	3	1.0
2880	10460	3	1.0
2881	10460	3	1.0
1104	10461	3	1.0
1765	10461	3	1.0
1766	10461	3	1.0
1105	10462	3	1.0
1106	10462	3	1.0
1107	10462	3	1.0
1108	10462	3	1.0
1109	10462	3	1.0
1767	10462	3	1.0
1110	10463	3	1.0
1111	10463	3	1.0
2128	10463	3	1.0
2129	10463	3	1.0
2130	10463	3	1.0
2876	10463	3	1.0
2877	10463	3	1.0
2878	10463	3	1.0
1112	10464	3	1.0
1113	10464	3	1.0
1114	10464	3	1.0
1115	10464	3	1.0
1116	10464	3	1.0
1117	10464	3	1.0
1118	10464	3	1.0
1119	10464	3	1.0
2160	10464	3	1.0
2161	10464	3	1.0
2162	10464	3	1.0
2163	10464	3	1.0
2164	10464	3	1.0
2165	10464	3	1.0
2166	10464	3	1.0
2167	10464	3	1.0
2922	10464	3	1.0
2923	10464	3	1.0
2924	10464	3	1.0
2925	10464	3	1.0
2926	10464	3	1.0
2927	10464	3	1.0
2928	10464	3	1.0
1120	10465	3	1.0
1930	10465	3	1.0
1931	10465	3	1.0
1121	10466	3	1.0
1122	10466	3	1.0
1123	10466	3	1.0
1124	10466	3	1.0
1125	10466	3	1.0
2026	10466	3	1.0
2027	10466	3	1.0
2029	10466	3	1.0
2030	10466	3	1.0
2031	10466	3	1.0
2032	10466	3	1.0
2033	10466	3	1.0
2034	10466	3	1.0
2760	10466	3	1.0
2761	10466	3	1.0
2762	10466	3	1.0
2763	10466	3	1.0
2764	10466	3	1.0
2765	10466	3	1.0
2766	10466	3	1.0
2767	10466	3	1.0
2768	10466	3	1.0
2769	10466	3	1.0
2770	10466	3	1.0
2771	10466	3	1.0
2772	10466	3	1.0
2773	10466	3	1.0
1126	10467	3	1.0
1127	10467	3	1.0
1128	10467	3	1.0
1129	10467	3	1.0
1775	10467	3	1.0
1776	10467	3	1.0
1777	10467	3	1.0
1778	10467	3	1.0
2781	10467	3	1.0
1131	10468	3	1.0
1132	10468	3	1.0
1133	10468	3	1.0
2123	10468	3	1.0
2124	10468	3	1.0
2690	10468	3	1.0
2691	10468	3	1.0
2692	10468	3	1.0
1134	10469	3	1.0
1135	10469	3	1.0
1136	10469	3	1.0
1137	10469	3	1.0
2035	10469	3	1.0
2036	10469	3	1.0
2037	10469	3	1.0
2038	10469	3	1.0
2039	10469	3	1.0
1138	10470	3	1.0
1139	10470	3	1.0
2741	10470	3	1.0
1140	10471	3	1.0
1141	10471	3	1.0
2942	10471	3	1.0
2943	10471	3	1.0
2944	10471	3	1.0
2945	10471	3	1.0
2954	10471	3	1.0
2955	10471	3	1.0
2956	10471	3	1.0
1142	10472	3	1.0
1143	10473	3	1.0
1154	10474	3	1.0
1155	10474	3	1.0
2360	10474	3	1.0
2536	10474	3	1.0
1156	10475	3	1.0
1157	10475	3	1.0
2057	10475	3	1.0
2058	10475	3	1.0
2059	10475	3	1.0
2060	10475	3	1.0
2061	10475	3	1.0
2917	10475	3	1.0
1158	10476	3	1.0
1159	10476	3	1.0
1160	10476	3	1.0
1161	10476	3	1.0
2040	10476	3	1.0
2041	10476	3	1.0
2042	10476	3	1.0
2043	10476	3	1.0
2044	10476	3	1.0
2045	10476	3	1.0
2046	10476	3	1.0
2774	10476	3	1.0
2775	10476	3	1.0
2776	10476	3	1.0
2777	10476	3	1.0
2778	10476	3	1.0
2779	10476	3	1.0
2780	10476	3	1.0
1162	10477	3	1.0
1163	10477	3	1.0
1164	10477	3	1.0
1165	10477	3	1.0
1166	10477	3	1.0
2189	10477	3	1.0
2190	10477	3	1.0
2191	10477	3	1.0
1167	10478	3	1.0
1168	10479	3	1.0
1169	10479	3	1.0
1527	10479	3	1.0
1528	10479	3	1.0
1170	10480	3	1.0
1171	10480	3	1.0
1172	10480	3	1.0
1173	10480	3	1.0
1174	10480	3	1.0
1175	10480	3	1.0
1176	10480	3	1.0
1177	10480	3	1.0
1178	10480	3	1.0
1179	10480	3	1.0
1180	10480	3	1.0
1181	10480	3	1.0
1182	10480	3	1.0
1183	10480	3	1.0
1184	10480	3	1.0
1185	10480	3	1.0
1186	10480	3	1.0
1187	10480	3	1.0
1188	10480	3	1.0
1189	10480	3	1.0
1190	10480	3	1.0
1191	10480	3	1.0
1192	10480	3	1.0
1193	10480	3	1.0
1194	10480	3	1.0
1195	10480	3	1.0
1196	10480	3	1.0
1197	10480	3	1.0
1198	10480	3	1.0
1199	10480	3	1.0
1200	10480	3	1.0
1201	10480	3	1.0
1202	10480	3	1.0
1203	10480	3	1.0
1204	10480	3	1.0
1205	10480	3	1.0
1206	10480	3	1.0
1207	10480	3	1.0
1208	10480	3	1.0
1209	10480	3	1.0
1210	10480	3	1.0
1211	10480	3	1.0
1212	10480	3	1.0
1213	10480	3	1.0
1214	10480	3	1.0
1215	10480	3	1.0
1216	10480	3	1.0
2243	10480	3	1.0
2244	10480	3	1.0
2245	10480	3	1.0
2246	10480	3	1.0
2247	10480	3	1.0
2248	10480	3	1.0
2249	10480	3	1.0
2250	10480	3	1.0
2251	10480	3	1.0
2252	10480	3	1.0
2253	10480	3	1.0
2254	10480	3	1.0
2255	10480	3	1.0
2256	10480	3	1.0
2257	10480	3	1.0
2258	10480	3	1.0
2259	10480	3	1.0
2260	10480	3	1.0
2261	10480	3	1.0
2262	10480	3	1.0
2263	10480	3	1.0
2264	10480	3	1.0
2265	10480	3	1.0
2266	10480	3	1.0
2267	10480	3	1.0
2268	10480	3	1.0
2269	10480	3	1.0
2270	10480	3	1.0
2271	10480	3	1.0
2272	10480	3	1.0
2273	10480	3	1.0
2274	10480	3	1.0
2275	10480	3	1.0
2276	10480	3	1.0
2277	10480	3	1.0
2278	10480	3	1.0
2749	10480	3	1.0
1217	10481	3	1.0
2982	10481	3	1.0
2983	10481	3	1.0
1218	10482	3	1.0
1219	10482	3	1.0
2358	10482	3	1.0
2941	10482	3	1.0
1220	10483	3	1.0
1221	10483	3	1.0
1222	10483	3	1.0
1223	10484	3	1.0
1225	10484	3	1.0
1226	10484	3	1.0
1227	10484	3	1.0
1228	10484	3	1.0
1229	10484	3	1.0
1230	10484	3	1.0
1231	10484	3	1.0
1232	10484	3	1.0
1233	10484	3	1.0
1234	10484	3	1.0
1235	10484	3	1.0
1236	10484	3	1.0
1237	10484	3	1.0
2192	10484	3	1.0
2193	10484	3	1.0
2195	10484	3	1.0
2196	10484	3	1.0
2198	10484	3	1.0
2199	10484	3	1.0
2200	10484	3	1.0
2202	10484	3	1.0
2204	10484	3	1.0
2205	10484	3	1.0
2965	10484	3	1.0
2966	10484	3	1.0
2967	10484	3	1.0
2968	10484	3	1.0
2969	10484	3	1.0
2970	10484	3	1.0
2971	10484	3	1.0
2972	10484	3	1.0
2973	10484	3	1.0
2974	10484	3	1.0
2975	10484	3	1.0
2976	10484	3	1.0
2977	10484	3	1.0
2978	10484	3	1.0
2979	10484	3	1.0
1224	10485	3	1.0
2194	10485	3	1.0
2197	10485	3	1.0
2201	10485	3	1.0
2203	10485	3	1.0
1241	10486	3	1.0
2119	10486	3	1.0
2980	10486	3	1.0
2981	10486	3	1.0
1252	10487	3	1.0
1254	10487	3	1.0
1255	10487	3	1.0
1256	10487	3	1.0
1257	10487	3	1.0
1258	10487	3	1.0
1259	10487	3	1.0
1260	10487	3	1.0
1261	10487	3	1.0
1262	10487	3	1.0
1263	10487	3	1.0
1264	10487	3	1.0
1265	10487	3	1.0
1266	10487	3	1.0
1267	10487	3	1.0
1268	10487	3	1.0
1269	10487	3	1.0
1270	10487	3	1.0
1271	10487	3	1.0
1272	10487	3	1.0
1273	10487	3	1.0
1274	10487	3	1.0
1275	10487	3	1.0
1276	10487	3	1.0
1277	10487	3	1.0
1278	10487	3	1.0
1279	10487	3	1.0
1280	10487	3	1.0
1281	10487	3	1.0
1282	10487	3	1.0
1283	10487	3	1.0
1284	10487	3	1.0
1285	10487	3	1.0
1286	10487	3	1.0
1287	10487	3	1.0
1288	10487	3	1.0
1289	10487	3	1.0
1290	10487	3	1.0
1291	10487	3	1.0
1292	10487	3	1.0
1293	10487	3	1.0
1294	10487	3	1.0
1295	10487	3	1.0
1296	10487	3	1.0
1297	10487	3	1.0
1298	10487	3	1.0
1299	10487	3	1.0
1300	10487	3	1.0
1301	10487	3	1.0
1302	10487	3	1.0
1303	10487	3	1.0
1304	10487	3	1.0
1305	10487	3	1.0
1306	10487	3	1.0
1307	10487	3	1.0
1308	10487	3	1.0
1309	10487	3	1.0
1310	10487	3	1.0
1311	10487	3	1.0
1312	10487	3	1.0
1313	10487	3	1.0
1314	10487	3	1.0
1315	10487	3	1.0
1316	10487	3	1.0
1317	10487	3	1.0
1318	10487	3	1.0
1319	10487	3	1.0
1320	10487	3	1.0
1321	10487	3	1.0
1322	10487	3	1.0
1323	10487	3	1.0
1324	10487	3	1.0
1325	10487	3	1.0
1326	10487	3	1.0
1327	10487	3	1.0
1328	10487	3	1.0
1329	10487	3	1.0
1330	10487	3	1.0
1331	10487	3	1.0
1332	10487	3	1.0
1333	10487	3	1.0
1334	10487	3	1.0
1335	10487	3	1.0
1336	10487	3	1.0
1337	10487	3	1.0
1338	10487	3	1.0
1339	10487	3	1.0
1340	10487	3	1.0
1341	10487	3	1.0
1342	10487	3	1.0
1343	10487	3	1.0
1344	10487	3	1.0
1345	10487	3	1.0
1346	10487	3	1.0
1347	10487	3	1.0
1348	10487	3	1.0
1434	10487	3	1.0
1954	10487	3	1.0
1955	10487	3	1.0
1956	10487	3	1.0
1957	10487	3	1.0
1958	10487	3	1.0
1959	10487	3	1.0
1960	10487	3	1.0
1961	10487	3	1.0
1962	10487	3	1.0
1963	10487	3	1.0
1964	10487	3	1.0
1965	10487	3	1.0
1966	10487	3	1.0
1967	10487	3	1.0
1968	10487	3	1.0
1969	10487	3	1.0
1970	10487	3	1.0
1971	10487	3	1.0
1972	10487	3	1.0
1973	10487	3	1.0
1974	10487	3	1.0
1975	10487	3	1.0
1976	10487	3	1.0
1977	10487	3	1.0
1978	10487	3	1.0
1979	10487	3	1.0
1980	10487	3	1.0
1981	10487	3	1.0
1982	10487	3	1.0
1983	10487	3	1.0
1984	10487	3	1.0
1985	10487	3	1.0
1986	10487	3	1.0
1987	10487	3	1.0
1988	10487	3	1.0
1989	10487	3	1.0
1990	10487	3	1.0
1991	10487	3	1.0
1992	10487	3	1.0
1993	10487	3	1.0
1994	10487	3	1.0
1995	10487	3	1.0
1996	10487	3	1.0
1997	10487	3	1.0
1998	10487	3	1.0
1999	10487	3	1.0
2000	10487	3	1.0
2001	10487	3	1.0
2002	10487	3	1.0
2003	10487	3	1.0
2004	10487	3	1.0
2005	10487	3	1.0
2006	10487	3	1.0
2007	10487	3	1.0
2008	10487	3	1.0
2009	10487	3	1.0
2010	10487	3	1.0
2011	10487	3	1.0
2012	10487	3	1.0
2013	10487	3	1.0
2014	10487	3	1.0
2015	10487	3	1.0
2016	10487	3	1.0
2017	10487	3	1.0
2018	10487	3	1.0
2019	10487	3	1.0
2020	10487	3	1.0
2021	10487	3	1.0
2022	10487	3	1.0
2023	10487	3	1.0
2024	10487	3	1.0
2443	10487	3	1.0
2610	10487	3	1.0
2889	10487	3	1.0
2890	10487	3	1.0
2891	10487	3	1.0
2892	10487	3	1.0
2893	10487	3	1.0
2894	10487	3	1.0
2895	10487	3	1.0
2896	10487	3	1.0
2897	10487	3	1.0
2898	10487	3	1.0
2899	10487	3	1.0
2900	10487	3	1.0
2901	10487	3	1.0
2902	10487	3	1.0
2903	10487	3	1.0
2904	10487	3	1.0
2905	10487	3	1.0
2906	10487	3	1.0
2907	10487	3	1.0
2908	10487	3	1.0
2909	10487	3	1.0
2910	10487	3	1.0
2911	10487	3	1.0
1253	10488	3	1.0
1349	10489	3	1.0
1350	10490	3	1.0
2181	10490	3	1.0
2182	10490	3	1.0
2950	10490	3	1.0
1351	10491	3	1.0
1352	10491	3	1.0
1353	10491	3	1.0
1354	10491	3	1.0
1355	10491	3	1.0
1356	10491	3	1.0
1357	10491	3	1.0
1358	10491	3	1.0
1359	10491	3	1.0
1360	10491	3	1.0
1361	10491	3	1.0
1362	10491	3	1.0
1363	10491	3	1.0
1364	10491	3	1.0
1365	10491	3	1.0
1366	10491	3	1.0
1367	10491	3	1.0
1368	10491	3	1.0
1369	10491	3	1.0
1370	10491	3	1.0
1371	10491	3	1.0
1372	10491	3	1.0
1373	10491	3	1.0
1374	10491	3	1.0
1375	10491	3	1.0
1376	10491	3	1.0
1377	10491	3	1.0
1378	10491	3	1.0
2325	10491	3	1.0
2326	10491	3	1.0
2327	10491	3	1.0
2328	10491	3	1.0
2329	10491	3	1.0
2330	10491	3	1.0
2331	10491	3	1.0
2332	10491	3	1.0
2333	10491	3	1.0
2334	10491	3	1.0
2335	10491	3	1.0
2336	10491	3	1.0
2337	10491	3	1.0
2338	10491	3	1.0
2339	10491	3	1.0
2340	10491	3	1.0
2341	10491	3	1.0
2342	10491	3	1.0
2343	10491	3	1.0
2344	10491	3	1.0
2345	10491	3	1.0
2346	10491	3	1.0
2347	10491	3	1.0
2348	10491	3	1.0
2349	10491	3	1.0
2350	10491	3	1.0
2351	10491	3	1.0
2352	10491	3	1.0
2697	10491	3	1.0
2698	10491	3	1.0
2699	10491	3	1.0
2700	10491	3	1.0
2701	10491	3	1.0
2702	10491	3	1.0
2703	10491	3	1.0
2704	10491	3	1.0
2705	10491	3	1.0
2706	10491	3	1.0
2707	10491	3	1.0
2708	10491	3	1.0
2709	10491	3	1.0
2710	10491	3	1.0
2711	10491	3	1.0
2712	10491	3	1.0
2713	10491	3	1.0
2714	10491	3	1.0
2715	10491	3	1.0
2716	10491	3	1.0
2717	10491	3	1.0
2718	10491	3	1.0
2719	10491	3	1.0
2720	10491	3	1.0
2721	10491	3	1.0
2722	10491	3	1.0
2723	10491	3	1.0
2724	10491	3	1.0
2725	10491	3	1.0
2726	10491	3	1.0
2727	10491	3	1.0
2728	10491	3	1.0
2729	10491	3	1.0
2730	10491	3	1.0
2731	10491	3	1.0
2732	10491	3	1.0
2733	10491	3	1.0
2734	10491	3	1.0
2735	10491	3	1.0
1379	10492	3	1.0
1380	10492	3	1.0
1381	10493	3	1.0
1382	10493	3	1.0
1383	10493	3	1.0
1384	10493	3	1.0
1385	10493	3	1.0
1386	10494	3	1.0
1387	10495	3	1.0
1388	10495	3	1.0
1389	10495	3	1.0
1390	10496	3	1.0
1391	10496	3	1.0
2025	10496	3	1.0
2948	10496	3	1.0
2949	10496	3	1.0
1392	10497	3	1.0
1393	10497	3	1.0
1394	10497	3	1.0
2112	10497	3	1.0
2113	10497	3	1.0
2114	10497	3	1.0
2919	10497	3	1.0
1395	10498	3	1.0
1396	10498	3	1.0
1397	10498	3	1.0
1398	10498	3	1.0
1399	10498	3	1.0
1400	10498	3	1.0
2049	10498	3	1.0
2050	10498	3	1.0
2051	10498	3	1.0
2052	10498	3	1.0
2053	10498	3	1.0
2913	10498	3	1.0
2914	10498	3	1.0
2915	10498	3	1.0
2916	10498	3	1.0
1404	10499	3	1.0
2226	10499	3	1.0
1405	10500	3	1.0
1406	10500	3	1.0
1407	10500	3	1.0
1408	10500	3	1.0
1409	10500	3	1.0
1410	10500	3	1.0
1411	10500	3	1.0
1412	10500	3	1.0
1413	10500	3	1.0
1414	10500	3	1.0
1415	10500	3	1.0
2673	10500	3	1.0
2674	10500	3	1.0
2675	10500	3	1.0
2676	10500	3	1.0
2677	10500	3	1.0
2678	10500	3	1.0
2679	10500	3	1.0
2680	10500	3	1.0
2681	10500	3	1.0
2682	10500	3	1.0
2683	10500	3	1.0
1418	10501	3	1.0
1419	10501	3	1.0
2131	10501	3	1.0
2132	10501	3	1.0
2133	10501	3	1.0
1420	10502	3	1.0
1421	10502	3	1.0
1840	10502	3	1.0
1841	10502	3	1.0
1842	10502	3	1.0
1843	10502	3	1.0
1847	10502	3	1.0
1849	10502	3	1.0
1850	10502	3	1.0
1851	10502	3	1.0
1852	10502	3	1.0
1853	10502	3	1.0
1854	10502	3	1.0
1855	10502	3	1.0
1856	10502	3	1.0
1857	10502	3	1.0
1858	10502	3	1.0
1859	10502	3	1.0
1860	10502	3	1.0
1861	10502	3	1.0
1862	10502	3	1.0
1423	10503	3	1.0
1453	10503	3	1.0
1454	10503	3	1.0
1455	10503	3	1.0
1435	10504	3	1.0
2282	10504	3	1.0
2283	10504	3	1.0
2284	10504	3	1.0
2285	10504	3	1.0
2286	10504	3	1.0
2287	10504	3	1.0
2288	10504	3	1.0
2289	10504	3	1.0
2290	10504	3	1.0
2291	10504	3	1.0
2292	10504	3	1.0
2293	10504	3	1.0
2294	10504	3	1.0
2295	10504	3	1.0
2296	10504	3	1.0
2297	10504	3	1.0
2298	10504	3	1.0
2299	10504	3	1.0
2300	10504	3	1.0
2301	10504	3	1.0
2302	10504	3	1.0
2303	10504	3	1.0
2304	10504	3	1.0
2305	10504	3	1.0
2306	10504	3	1.0
2307	10504	3	1.0
2308	10504	3	1.0
2309	10504	3	1.0
2310	10504	3	1.0
2311	10504	3	1.0
2312	10504	3	1.0
2313	10504	3	1.0
2314	10504	3	1.0
2315	10504	3	1.0
2316	10504	3	1.0
2317	10504	3	1.0
2318	10504	3	1.0
2319	10504	3	1.0
2320	10504	3	1.0
2321	10504	3	1.0
2322	10504	3	1.0
2323	10504	3	1.0
1436	10505	3	1.0
1440	10506	3	1.0
1441	10506	3	1.0
1442	10506	3	1.0
1443	10507	3	1.0
1444	10507	3	1.0
1445	10507	3	1.0
1446	10507	3	1.0
1447	10507	3	1.0
1448	10507	3	1.0
1449	10508	3	1.0
1450	10509	3	1.0
1456	10510	3	1.0
1457	10510	3	1.0
1458	10510	3	1.0
1459	10510	3	1.0
1532	10511	3	1.0
1540	10512	3	1.0
1544	10513	3	1.0
1547	10514	3	1.0
2554	10514	3	1.0
2555	10514	3	1.0
2556	10514	3	1.0
2557	10514	3	1.0
1567	10515	3	1.0
1573	10516	3	1.0
2502	10516	3	1.0
2503	10516	3	1.0
1674	10517	3	1.0
1675	10518	3	1.0
1676	10518	3	1.0
1677	10518	3	1.0
1678	10518	3	1.0
1679	10518	3	1.0
2951	10518	3	1.0
2952	10518	3	1.0
2953	10518	3	1.0
1703	10519	3	1.0
1704	10519	3	1.0
1705	10519	3	1.0
1706	10519	3	1.0
1707	10519	3	1.0
1708	10519	3	1.0
1709	10519	3	1.0
1710	10519	3	1.0
1711	10519	3	1.0
1712	10519	3	1.0
2463	10519	3	1.0
2464	10519	3	1.0
2465	10519	3	1.0
2466	10519	3	1.0
1714	10520	3	1.0
1715	10520	3	1.0
1719	10521	3	1.0
1733	10522	3	1.0
1734	10522	3	1.0
1735	10522	3	1.0
1736	10522	3	1.0
1737	10522	3	1.0
2509	10522	3	1.0
2510	10522	3	1.0
2511	10522	3	1.0
2939	10522	3	1.0
1738	10523	3	1.0
1739	10523	3	1.0
1740	10523	3	1.0
2652	10523	3	1.0
2653	10523	3	1.0
2654	10523	3	1.0
2655	10523	3	1.0
2656	10523	3	1.0
1744	10524	3	1.0
1745	10524	3	1.0
1746	10524	3	1.0
1747	10524	3	1.0
1748	10524	3	1.0
1749	10524	3	1.0
1750	10524	3	1.0
1751	10524	3	1.0
1752	10524	3	1.0
2736	10524	3	1.0
2737	10524	3	1.0
2738	10524	3	1.0
2739	10524	3	1.0
2740	10524	3	1.0
1753	10525	3	1.0
1754	10525	3	1.0
1755	10525	3	1.0
1756	10525	3	1.0
1757	10525	3	1.0
1787	10526	3	1.0
1788	10526	3	1.0
1789	10526	3	1.0
1837	10527	3	1.0
2512	10527	3	1.0
2513	10527	3	1.0
1838	10528	3	1.0
1848	10529	3	1.0
2672	10529	3	1.0
1863	10530	3	1.0
1864	10530	3	1.0
1908	10531	3	1.0
1909	10531	3	1.0
1910	10531	3	1.0
1911	10531	3	1.0
1912	10531	3	1.0
1932	10532	3	1.0
2028	10533	3	1.0
2054	10534	3	1.0
2055	10534	3	1.0
2056	10535	3	1.0
2064	10536	3	1.0
2918	10536	3	1.0
2065	10537	3	1.0
2066	10537	3	1.0
2067	10538	3	1.0
2068	10538	3	1.0
2108	10539	3	1.0
2845	10539	3	1.0
2115	10540	3	1.0
2116	10540	3	1.0
2117	10541	3	1.0
2281	10541	3	1.0
2120	10542	3	1.0
2121	10543	3	1.0
2134	10544	3	1.0
2135	10544	3	1.0
2136	10544	3	1.0
2137	10544	3	1.0
2138	10544	3	1.0
2144	10544	3	1.0
2145	10544	3	1.0
2146	10544	3	1.0
2147	10544	3	1.0
2148	10544	3	1.0
2150	10544	3	1.0
2151	10544	3	1.0
2152	10544	3	1.0
2153	10544	3	1.0
2154	10544	3	1.0
2155	10544	3	1.0
2156	10544	3	1.0
2157	10544	3	1.0
2159	10544	3	1.0
2882	10544	3	1.0
2883	10544	3	1.0
2884	10544	3	1.0
2176	10545	3	1.0
2177	10546	3	1.0
2178	10546	3	1.0
2445	10546	3	1.0
2446	10546	3	1.0
2487	10546	3	1.0
2488	10546	3	1.0
2489	10546	3	1.0
2490	10546	3	1.0
2611	10546	3	1.0
2759	10546	3	1.0
2938	10546	3	1.0
2183	10547	3	1.0
2184	10547	3	1.0
2185	10547	3	1.0
2186	10547	3	1.0
2188	10548	3	1.0
2206	10549	3	1.0
2207	10549	3	1.0
2227	10550	3	1.0
2228	10550	3	1.0
2229	10551	3	1.0
2230	10551	3	1.0
2231	10551	3	1.0
2232	10551	3	1.0
2233	10551	3	1.0
2234	10551	3	1.0
2235	10551	3	1.0
2236	10551	3	1.0
2237	10551	3	1.0
2238	10551	3	1.0
2239	10551	3	1.0
2240	10551	3	1.0
2241	10551	3	1.0
2242	10551	3	1.0
2279	10552	3	1.0
2324	10553	3	1.0
2355	10554	3	1.0
2356	10554	3	1.0
2357	10554	3	1.0
2363	10555	3	1.0
2364	10556	3	1.0
2365	10557	3	1.0
2366	10558	3	1.0
2440	10559	3	1.0
2441	10559	3	1.0
2444	10560	3	1.0
2460	10561	3	1.0
2461	10562	3	1.0
2462	10562	3	1.0
2480	10563	3	1.0
2500	10564	3	1.0
2514	10565	3	1.0
2515	10565	3	1.0
2533	10566	3	1.0
2534	10567	3	1.0
2539	10568	3	1.0
2540	10569	3	1.0
2929	10569	3	1.0
2984	10569	3	1.0
2541	10570	3	1.0
2542	10571	3	1.0
2543	10571	3	1.0
2987	10571	3	1.0
2988	10571	3	1.0
2989	10571	3	1.0
2569	10572	3	1.0
2571	10573	3	1.0
2670	10574	3	1.0
2693	10575	3	1.0
2694	10576	3	1.0
2750	10577	3	1.0
2751	10577	3	1.0
2752	10577	3	1.0
2753	10578	3	1.0
2873	10579	3	1.0
2879	10580	3	1.0
2885	10581	3	1.0
2912	10582	3	1.0
2920	10583	3	1.0
2921	10584	3	1.0
2931	10585	3	1.0
2940	10586	3	1.0
2946	10587	3	1.0
2947	10587	3	1.0
2957	10588	3	1.0
2958	10588	3	1.0
2959	10588	3	1.0
2960	10588	3	1.0
2961	10588	3	1.0
2962	10588	3	1.0
2963	10588	3	1.0
2964	10588	3	1.0
2991	10589	3	1.0
10279	0	4	1.0
10279	2990	4	1.0
10280	1	4	1.0
10280	57	4	1.0
10281	2	4	1.0
10281	58	4	1.0
10282	3	4	1.0
10282	18	4	1.0
10282	19	4	1.0
10282	20	4	1.0
10282	21	4	1.0
10283	4	4	1.0
10284	5	4	1.0
10285	6	4	1.0
10285	293	4	1.0
10285	294	4	1.0
10285	295	4	1.0
10285	296	4	1.0
10285	297	4	1.0
10285	298	4	1.0
10285	299	4	1.0
10285	300	4	1.0
10285	301	4	1.0
10285	302	4	1.0
10285	303	4	1.0
10285	304	4	1.0
10285	305	4	1.0
10285	306	4	1.0
10285	307	4	1.0
10285	308	4	1.0
10285	309	4	1.0
10285	310	4	1.0
10285	311	4	1.0
10285	312	4	1.0
10285	313	4	1.0
10285	314	4	1.0
10285	315	4	1.0
10285	316	4	1.0
10285	317	4	1.0
10285	318	4	1.0
10285	319	4	1.0
10285	320	4	1.0
10285	321	4	1.0
10285	322	4	1.0
10285	324	4	1.0
10285	325	4	1.0
10285	326	4	1.0
10285	327	4	1.0
10285	328	4	1.0
10285	329	4	1.0
10285	330	4	1.0
10285	331	4	1.0
10285	332	4	1.0
10285	333	4	1.0
10285	334	4	1.0
10285	1476	4	1.0
10285	1477	4	1.0
10285	1478	4	1.0
10285	1479	4	1.0
10285	1480	4	1.0
10285	1481	4	1.0
10285	1482	4	1.0
10285	1483	4	1.0
10285	1484	4	1.0
10285	1486	4	1.0
10285	1487	4	1.0
10285	1488	4	1.0
10285	1489	4	1.0
10285	1490	4	1.0
10285	1491	4	1.0
10285	1492	4	1.0
10285	1493	4	1.0
10285	1494	4	1.0
10285	1495	4	1.0
10285	1496	4	1.0
10285	1497	4	1.0
10285	1498	4	1.0
10285	1499	4	1.0
10285	1500	4	1.0
10285	1501	4	1.0
10285	1502	4	1.0
10285	1503	4	1.0
10285	1504	4	1.0
10285	1505	4	1.0
10285	1506	4	1.0
10285	1507	4	1.0
10285	1508	4	1.0
10285	1509	4	1.0
10285	1510	4	1.0
10285	1511	4	1.0
10285	1512	4	1.0
10285	1513	4	1.0
10285	1515	4	1.0
10285	1516	4	1.0
10285	1517	4	1.0
10285	1519	4	1.0
10285	1520	4	1.0
10285	1521	4	1.0
10285	1522	4	1.0
10285	1523	4	1.0
10285	1524	4	1.0
10285	1525	4	1.0
10285	1526	4	1.0
10285	2369	4	1.0
10285	2370	4	1.0
10285	2371	4	1.0
10285	2372	4	1.0
10285	2373	4	1.0
10285	2374	4	1.0
10285	2375	4	1.0
10285	2376	4	1.0
10285	2377	4	1.0
10285	2378	4	1.0
10285	2379	4	1.0
10285	2380	4	1.0
10285	2381	4	1.0
10285	2382	4	1.0
10285	2383	4	1.0
10285	2384	4	1.0
10285	2385	4	1.0
10285	2386	4	1.0
10285	2387	4	1.0
10285	2388	4	1.0
10285	2389	4	1.0
10285	2390	4	1.0
10285	2391	4	1.0
10285	2392	4	1.0
10285	2393	4	1.0
10285	2394	4	1.0
10285	2395	4	1.0
10285	2396	4	1.0
10285	2397	4	1.0
10285	2398	4	1.0
10285	2399	4	1.0
10285	2400	4	1.0
10285	2401	4	1.0
10285	2402	4	1.0
10285	2403	4	1.0
10285	2404	4	1.0
10285	2405	4	1.0
10285	2406	4	1.0
10285	2407	4	1.0
10285	2408	4	1.0
10285	2409	4	1.0
10285	2410	4	1.0
10285	2411	4	1.0
10285	2412	4	1.0
10285	2413	4	1.0
10285	2414	4	1.0
10285	2415	4	1.0
10285	2416	4	1.0
10285	2417	4	1.0
10285	2418	4	1.0
10285	2419	4	1.0
10285	2420	4	1.0
10285	2421	4	1.0
10285	2422	4	1.0
10285	2423	4	1.0
10285	2424	4	1.0
10286	7	4	1.0
10286	227	4	1.0
10286	228	4	1.0
10287	8	4	1.0
10287	9	4	1.0
10287	10	4	1.0
10288	11	4	1.0
10289	12	4	1.0
10290	13	4	1.0
10291	14	4	1.0
10291	68	4	1.0
10292	15	4	1.0
10293	16	4	1.0
10293	183	4	1.0
10293	184	4	1.0
10293	215	4	1.0
10293	216	4	1.0
10293	2486	4	1.0
10294	17	4	1.0
10294	2535	4	1.0
10295	22	4	1.0
10295	24	4	1.0
10295	187	4	1.0
10295	188	4	1.0
10295	190	4	1.0
10295	191	4	1.0
10295	192	4	1.0
10295	193	4	1.0
10295	194	4	1.0
10295	195	4	1.0
10295	857	4	1.0
10295	858	4	1.0
10295	859	4	1.0
10295	1144	4	1.0
10295	1145	4	1.0
10295	1424	4	1.0
10295	1425	4	1.0
10295	2170	4	1.0
10295	2171	4	1.0
10295	2172	4	1.0
10295	2173	4	1.0
10295	2361	4	1.0
10295	2482	4	1.0
10295	2483	4	1.0
10295	2484	4	1.0
10295	2485	4	1.0
10295	2695	4	1.0
10295	2886	4	1.0
10295	2887	4	1.0
10296	23	4	1.0
10296	189	4	1.0
10297	25	4	1.0
10298	26	4	1.0
10298	27	4	1.0
10298	28	4	1.0
10298	29	4	1.0
10298	30	4	1.0
10298	31	4	1.0
10298	32	4	1.0
10298	196	4	1.0
10298	197	4	1.0
10298	198	4	1.0
10298	199	4	1.0
10298	200	4	1.0
10298	201	4	1.0
10298	202	4	1.0
10298	203	4	1.0
10298	861	4	1.0
10298	862	4	1.0
10298	863	4	1.0
10298	1146	4	1.0
10298	1147	4	1.0
10298	1426	4	1.0
10298	1427	4	1.0
10298	1428	4	1.0
10298	1429	4	1.0
10298	1430	4	1.0
10298	1431	4	1.0
10298	1432	4	1.0
10298	2367	4	1.0
10298	2368	4	1.0
10299	33	4	1.0
10299	34	4	1.0
10300	35	4	1.0
10301	36	4	1.0
10302	37	4	1.0
10302	38	4	1.0
10302	39	4	1.0
10302	40	4	1.0
10302	207	4	1.0
10302	208	4	1.0
10302	864	4	1.0
10302	865	4	1.0
10302	1148	4	1.0
10302	1149	4	1.0
10302	1150	4	1.0
10302	1433	4	1.0
10302	1952	4	1.0
10302	1953	4	1.0
10302	2168	4	1.0
10302	2169	4	1.0
10302	2481	4	1.0
10302	2930	4	1.0
10302	2932	4	1.0
10302	2933	4	1.0
10302	2934	4	1.0
10302	2935	4	1.0
10302	2936	4	1.0
10302	2937	4	1.0
10303	41	4	1.0
10304	42	4	1.0
10304	209	4	1.0
10305	43	4	1.0
10306	44	4	1.0
10306	210	4	1.0
10306	1053	4	1.0
10306	1054	4	1.0
10306	1055	4	1.0
10306	1056	4	1.0
10306	1057	4	1.0
10306	1058	4	1.0
10306	1059	4	1.0
10306	1060	4	1.0
10306	1061	4	1.0
10306	1062	4	1.0
10306	1063	4	1.0
10306	1064	4	1.0
10306	1065	4	1.0
10306	1066	4	1.0
10306	1067	4	1.0
10306	1068	4	1.0
10306	1069	4	1.0
10306	1070	4	1.0
10306	1071	4	1.0
10306	1072	4	1.0
10306	1073	4	1.0
10306	1074	4	1.0
10306	1075	4	1.0
10306	1076	4	1.0
10306	1077	4	1.0
10306	1078	4	1.0
10306	1079	4	1.0
10306	1080	4	1.0
10306	1082	4	1.0
10306	1083	4	1.0
10306	1084	4	1.0
10306	1088	4	1.0
10306	1089	4	1.0
10306	1090	4	1.0
10306	1091	4	1.0
10306	1092	4	1.0
10306	2696	4	1.0
10306	2801	4	1.0
10306	2802	4	1.0
10306	2803	4	1.0
10306	2804	4	1.0
10306	2805	4	1.0
10306	2806	4	1.0
10306	2807	4	1.0
10306	2808	4	1.0
10306	2809	4	1.0
10306	2810	4	1.0
10306	2811	4	1.0
10306	2812	4	1.0
10306	2813	4	1.0
10306	2814	4	1.0
10306	2815	4	1.0
10306	2816	4	1.0
10306	2817	4	1.0
10306	2818	4	1.0
10306	2819	4	1.0
10306	2820	4	1.0
10306	2821	4	1.0
10306	2822	4	1.0
10306	2823	4	1.0
10306	2824	4	1.0
10306	2825	4	1.0
10306	2826	4	1.0
10306	2827	4	1.0
10306	2828	4	1.0
10306	2829	4	1.0
10306	2830	4	1.0
10306	2831	4	1.0
10306	2832	4	1.0
10306	2833	4	1.0
10306	2834	4	1.0
10306	2835	4	1.0
10306	2836	4	1.0
10306	2837	4	1.0
10306	2838	4	1.0
10306	2839	4	1.0
10306	2840	4	1.0
10306	2841	4	1.0
10306	2842	4	1.0
10306	2843	4	1.0
10306	2844	4	1.0
10307	45	4	1.0
10307	217	4	1.0
10307	218	4	1.0
10307	1153	4	1.0
10307	2174	4	1.0
10307	2175	4	1.0
10307	2212	4	1.0
10307	2213	4	1.0
10307	2362	4	1.0
10307	2442	4	1.0
10307	2537	4	1.0
10307	2888	4	1.0
10307	2985	4	1.0
10307	2986	4	1.0
10308	46	4	1.0
10309	47	4	1.0
10309	48	4	1.0
10309	49	4	1.0
10309	50	4	1.0
10309	51	4	1.0
10309	52	4	1.0
10309	53	4	1.0
10309	54	4	1.0
10309	55	4	1.0
10310	56	4	1.0
10311	59	4	1.0
10311	60	4	1.0
10311	61	4	1.0
10311	212	4	1.0
10312	62	4	1.0
10312	63	4	1.0
10312	65	4	1.0
10312	213	4	1.0
10313	64	4	1.0
10314	66	4	1.0
10314	866	4	1.0
10315	67	4	1.0
10315	214	4	1.0
10316	69	4	1.0
10317	70	4	1.0
10317	71	4	1.0
10317	72	4	1.0
10318	73	4	1.0
10318	74	4	1.0
10318	75	4	1.0
10318	76	4	1.0
10318	77	4	1.0
10318	78	4	1.0
10318	79	4	1.0
10318	1529	4	1.0
10318	1530	4	1.0
10319	80	4	1.0
10319	81	4	1.0
10319	82	4	1.0
10320	83	4	1.0
10320	84	4	1.0
10320	85	4	1.0
10320	86	4	1.0
10320	87	4	1.0
10320	88	4	1.0
10320	89	4	1.0
10320	90	4	1.0
10320	91	4	1.0
10320	92	4	1.0
10320	93	4	1.0
10320	94	4	1.0
10320	95	4	1.0
10320	96	4	1.0
10320	97	4	1.0
10320	98	4	1.0
10321	99	4	1.0
10321	100	4	1.0
10321	101	4	1.0
10321	1238	4	1.0
10321	2992	4	1.0
10321	2993	4	1.0
10321	2994	4	1.0
10321	2995	4	1.0
10321	2996	4	1.0
10321	2997	4	1.0
10321	2998	4	1.0
10322	102	4	1.0
10322	103	4	1.0
10322	1239	4	1.0
10322	1240	4	1.0
10322	2353	4	1.0
10322	2354	4	1.0
10323	104	4	1.0
10323	105	4	1.0
10323	106	4	1.0
10323	107	4	1.0
10323	108	4	1.0
10323	109	4	1.0
10323	110	4	1.0
10323	111	4	1.0
10323	112	4	1.0
10323	113	4	1.0
10323	114	4	1.0
10323	115	4	1.0
10323	116	4	1.0
10323	1242	4	1.0
10323	1243	4	1.0
10323	1244	4	1.0
10323	1245	4	1.0
10323	1246	4	1.0
10323	1247	4	1.0
10323	1248	4	1.0
10323	1249	4	1.0
10323	1250	4	1.0
10323	1251	4	1.0
10324	117	4	1.0
10325	118	4	1.0
10325	119	4	1.0
10326	120	4	1.0
10326	121	4	1.0
10326	122	4	1.0
10327	123	4	1.0
10327	124	4	1.0
10327	125	4	1.0
10327	126	4	1.0
10327	127	4	1.0
10327	1700	4	1.0
10327	1701	4	1.0
10327	1702	4	1.0
10327	2469	4	1.0
10327	2470	4	1.0
10327	2471	4	1.0
10327	2472	4	1.0
10327	2473	4	1.0
10327	2474	4	1.0
10327	2475	4	1.0
10327	2476	4	1.0
10327	2477	4	1.0
10327	2478	4	1.0
10327	2479	4	1.0
10328	128	4	1.0
10329	129	4	1.0
10329	130	4	1.0
10330	131	4	1.0
10330	132	4	1.0
10330	133	4	1.0
10330	134	4	1.0
10330	135	4	1.0
10330	136	4	1.0
10330	137	4	1.0
10330	138	4	1.0
10330	139	4	1.0
10330	140	4	1.0
10330	1730	4	1.0
10330	1731	4	1.0
10330	1732	4	1.0
10330	2359	4	1.0
10331	141	4	1.0
10331	142	4	1.0
10331	143	4	1.0
10331	144	4	1.0
10332	145	4	1.0
10332	146	4	1.0
10333	147	4	1.0
10334	148	4	1.0
10335	149	4	1.0
10335	150	4	1.0
10335	151	4	1.0
10335	152	4	1.0
10335	153	4	1.0
10335	154	4	1.0
10335	155	4	1.0
10335	156	4	1.0
10335	157	4	1.0
10335	158	4	1.0
10335	159	4	1.0
10335	160	4	1.0
10335	161	4	1.0
10335	162	4	1.0
10335	163	4	1.0
10335	165	4	1.0
10335	166	4	1.0
10335	167	4	1.0
10335	168	4	1.0
10335	169	4	1.0
10335	1779	4	1.0
10335	1780	4	1.0
10335	1781	4	1.0
10335	1782	4	1.0
10335	1783	4	1.0
10335	1784	4	1.0
10335	1785	4	1.0
10335	1786	4	1.0
10335	2425	4	1.0
10335	2426	4	1.0
10335	2427	4	1.0
10335	2428	4	1.0
10335	2429	4	1.0
10335	2430	4	1.0
10335	2431	4	1.0
10335	2432	4	1.0
10335	2433	4	1.0
10335	2434	4	1.0
10335	2435	4	1.0
10335	2436	4	1.0
10335	2437	4	1.0
10335	2438	4	1.0
10335	2439	4	1.0
10336	164	4	1.0
10336	1401	4	1.0
10336	1402	4	1.0
10336	1403	4	1.0
10337	170	4	1.0
10337	171	4	1.0
10337	1416	4	1.0
10337	1417	4	1.0
10338	172	4	1.0
10338	173	4	1.0
10338	174	4	1.0
10338	175	4	1.0
10338	176	4	1.0
10338	177	4	1.0
10338	178	4	1.0
10338	179	4	1.0
10338	180	4	1.0
10338	181	4	1.0
10338	1805	4	1.0
10338	1806	4	1.0
10338	1807	4	1.0
10338	1808	4	1.0
10338	1809	4	1.0
10338	1810	4	1.0
10338	1811	4	1.0
10338	1812	4	1.0
10338	1813	4	1.0
10338	1814	4	1.0
10338	1815	4	1.0
10339	182	4	1.0
10340	185	4	1.0
10340	186	4	1.0
10340	2758	4	1.0
10341	204	4	1.0
10342	205	4	1.0
10343	206	4	1.0
10344	211	4	1.0
10344	776	4	1.0
10344	777	4	1.0
10344	778	4	1.0
10344	779	4	1.0
10344	780	4	1.0
10344	781	4	1.0
10344	782	4	1.0
10344	783	4	1.0
10344	784	4	1.0
10344	785	4	1.0
10344	786	4	1.0
10344	787	4	1.0
10344	788	4	1.0
10344	789	4	1.0
10344	790	4	1.0
10344	791	4	1.0
10344	792	4	1.0
10344	793	4	1.0
10344	794	4	1.0
10344	795	4	1.0
10344	796	4	1.0
10344	797	4	1.0
10344	798	4	1.0
10344	799	4	1.0
10344	800	4	1.0
10344	801	4	1.0
10344	1816	4	1.0
10344	1817	4	1.0
10344	1818	4	1.0
10344	1819	4	1.0
10344	1820	4	1.0
10344	1821	4	1.0
10344	1822	4	1.0
10344	1823	4	1.0
10344	1824	4	1.0
10344	1825	4	1.0
10344	1826	4	1.0
10344	1827	4	1.0
10344	1828	4	1.0
10344	1829	4	1.0
10344	1830	4	1.0
10344	1831	4	1.0
10344	1832	4	1.0
10344	1833	4	1.0
10344	1834	4	1.0
10344	1835	4	1.0
10344	1836	4	1.0
10344	2574	4	1.0
10344	2575	4	1.0
10344	2576	4	1.0
10344	2577	4	1.0
10344	2578	4	1.0
10344	2579	4	1.0
10344	2580	4	1.0
10344	2581	4	1.0
10344	2582	4	1.0
10344	2583	4	1.0
10344	2584	4	1.0
10344	2585	4	1.0
10344	2586	4	1.0
10344	2587	4	1.0
10344	2588	4	1.0
10344	2589	4	1.0
10344	2590	4	1.0
10344	2591	4	1.0
10344	2592	4	1.0
10344	2593	4	1.0
10344	2594	4	1.0
10344	2595	4	1.0
10344	2596	4	1.0
10344	2597	4	1.0
10345	219	4	1.0
10345	220	4	1.0
10345	221	4	1.0
10345	222	4	1.0
10345	223	4	1.0
10345	224	4	1.0
10345	225	4	1.0
10345	226	4	1.0
10345	1437	4	1.0
10345	1438	4	1.0
10345	1439	4	1.0
10346	229	4	1.0
10346	230	4	1.0
10346	231	4	1.0
10346	1451	4	1.0
10346	1452	4	1.0
10347	232	4	1.0
10347	233	4	1.0
10347	1846	4	1.0
10348	234	4	1.0
10348	236	4	1.0
10348	237	4	1.0
10348	242	4	1.0
10348	246	4	1.0
10348	249	4	1.0
10349	235	4	1.0
10349	238	4	1.0
10349	239	4	1.0
10349	240	4	1.0
10349	241	4	1.0
10349	243	4	1.0
10349	244	4	1.0
10349	245	4	1.0
10349	247	4	1.0
10349	248	4	1.0
10349	250	4	1.0
10349	251	4	1.0
10349	252	4	1.0
10349	253	4	1.0
10349	254	4	1.0
10349	1460	4	1.0
10349	1461	4	1.0
10349	1462	4	1.0
10349	1463	4	1.0
10349	1464	4	1.0
10349	1465	4	1.0
10349	1466	4	1.0
10349	1467	4	1.0
10349	1468	4	1.0
10349	1469	4	1.0
10349	1470	4	1.0
10349	1471	4	1.0
10349	1472	4	1.0
10349	1473	4	1.0
10349	1474	4	1.0
10349	2520	4	1.0
10349	2521	4	1.0
10349	2522	4	1.0
10349	2523	4	1.0
10349	2524	4	1.0
10349	2525	4	1.0
10349	2526	4	1.0
10349	2527	4	1.0
10349	2528	4	1.0
10349	2529	4	1.0
10349	2530	4	1.0
10349	2531	4	1.0
10349	2532	4	1.0
10350	255	4	1.0
10350	256	4	1.0
10350	257	4	1.0
10350	258	4	1.0
10350	259	4	1.0
10350	260	4	1.0
10350	261	4	1.0
10350	262	4	1.0
10350	263	4	1.0
10350	264	4	1.0
10350	265	4	1.0
10350	266	4	1.0
10350	267	4	1.0
10350	268	4	1.0
10350	269	4	1.0
10350	270	4	1.0
10350	271	4	1.0
10350	272	4	1.0
10350	273	4	1.0
10350	274	4	1.0
10350	275	4	1.0
10350	276	4	1.0
10350	277	4	1.0
10350	278	4	1.0
10350	279	4	1.0
10350	280	4	1.0
10350	281	4	1.0
10350	282	4	1.0
10350	283	4	1.0
10350	284	4	1.0
10350	285	4	1.0
10350	286	4	1.0
10350	287	4	1.0
10350	288	4	1.0
10350	1865	4	1.0
10350	1866	4	1.0
10350	1867	4	1.0
10350	1868	4	1.0
10350	1869	4	1.0
10350	1870	4	1.0
10350	1871	4	1.0
10350	1872	4	1.0
10350	1873	4	1.0
10350	1874	4	1.0
10350	1875	4	1.0
10350	1876	4	1.0
10350	1877	4	1.0
10350	1878	4	1.0
10350	1879	4	1.0
10350	1880	4	1.0
10350	1881	4	1.0
10350	1882	4	1.0
10350	1883	4	1.0
10350	1884	4	1.0
10350	1885	4	1.0
10350	1886	4	1.0
10350	1887	4	1.0
10350	1888	4	1.0
10350	1889	4	1.0
10350	2558	4	1.0
10350	2559	4	1.0
10350	2560	4	1.0
10350	2561	4	1.0
10350	2562	4	1.0
10350	2563	4	1.0
10350	2564	4	1.0
10350	2565	4	1.0
10350	2566	4	1.0
10350	2567	4	1.0
10351	289	4	1.0
10352	290	4	1.0
10352	2516	4	1.0
10352	2517	4	1.0
10352	2518	4	1.0
10352	2519	4	1.0
10353	291	4	1.0
10353	1475	4	1.0
10354	292	4	1.0
10354	323	4	1.0
10354	1485	4	1.0
10354	1514	4	1.0
10354	1518	4	1.0
10355	335	4	1.0
10355	336	4	1.0
10355	337	4	1.0
10355	683	4	1.0
10355	684	4	1.0
10355	1794	4	1.0
10355	1890	4	1.0
10355	1891	4	1.0
10355	1892	4	1.0
10355	2448	4	1.0
10355	2449	4	1.0
10355	2450	4	1.0
10355	2616	4	1.0
10355	2617	4	1.0
10355	2618	4	1.0
10355	2619	4	1.0
10355	2620	4	1.0
10356	338	4	1.0
10356	339	4	1.0
10356	340	4	1.0
10356	341	4	1.0
10356	2688	4	1.0
10356	2689	4	1.0
10357	342	4	1.0
10357	343	4	1.0
10357	344	4	1.0
10357	345	4	1.0
10357	1531	4	1.0
10358	346	4	1.0
10359	347	4	1.0
10359	348	4	1.0
10359	349	4	1.0
10359	2224	4	1.0
10359	2225	4	1.0
10360	350	4	1.0
10360	351	4	1.0
10360	352	4	1.0
10360	354	4	1.0
10360	355	4	1.0
10360	356	4	1.0
10360	357	4	1.0
10360	358	4	1.0
10360	359	4	1.0
10360	360	4	1.0
10360	361	4	1.0
10360	362	4	1.0
10360	363	4	1.0
10360	1152	4	1.0
10360	1893	4	1.0
10360	1894	4	1.0
10360	1895	4	1.0
10360	1896	4	1.0
10360	1897	4	1.0
10360	1898	4	1.0
10360	1899	4	1.0
10360	2552	4	1.0
10360	2553	4	1.0
10361	353	4	1.0
10362	364	4	1.0
10362	1839	4	1.0
10362	1844	4	1.0
10363	365	4	1.0
10363	366	4	1.0
10363	367	4	1.0
10363	368	4	1.0
10363	369	4	1.0
10363	1533	4	1.0
10363	1534	4	1.0
10363	1535	4	1.0
10363	1536	4	1.0
10363	1537	4	1.0
10363	1538	4	1.0
10363	1539	4	1.0
10364	370	4	1.0
10364	371	4	1.0
10365	372	4	1.0
10365	373	4	1.0
10365	374	4	1.0
10366	375	4	1.0
10366	376	4	1.0
10366	377	4	1.0
10366	1541	4	1.0
10366	1542	4	1.0
10366	1543	4	1.0
10367	378	4	1.0
10368	379	4	1.0
10368	380	4	1.0
10368	381	4	1.0
10368	382	4	1.0
10368	383	4	1.0
10368	384	4	1.0
10369	385	4	1.0
10369	386	4	1.0
10369	387	4	1.0
10369	388	4	1.0
10369	1548	4	1.0
10369	1549	4	1.0
10369	1550	4	1.0
10369	1551	4	1.0
10369	1552	4	1.0
10369	2505	4	1.0
10369	2506	4	1.0
10369	2507	4	1.0
10369	2508	4	1.0
10370	389	4	1.0
10370	390	4	1.0
10370	391	4	1.0
10370	392	4	1.0
10370	393	4	1.0
10370	394	4	1.0
10370	395	4	1.0
10370	1553	4	1.0
10370	1554	4	1.0
10370	1555	4	1.0
10370	1556	4	1.0
10370	1557	4	1.0
10370	1558	4	1.0
10370	1559	4	1.0
10370	1560	4	1.0
10370	1561	4	1.0
10370	1562	4	1.0
10370	1563	4	1.0
10370	1564	4	1.0
10370	1565	4	1.0
10370	1566	4	1.0
10370	1568	4	1.0
10370	1569	4	1.0
10370	1570	4	1.0
10370	1571	4	1.0
10370	1572	4	1.0
10370	2598	4	1.0
10370	2599	4	1.0
10370	2600	4	1.0
10370	2601	4	1.0
10370	2602	4	1.0
10370	2603	4	1.0
10370	2604	4	1.0
10370	2605	4	1.0
10371	396	4	1.0
10372	397	4	1.0
10372	398	4	1.0
10372	399	4	1.0
10372	400	4	1.0
10372	401	4	1.0
10372	402	4	1.0
10372	403	4	1.0
10372	404	4	1.0
10372	405	4	1.0
10372	406	4	1.0
10372	407	4	1.0
10372	408	4	1.0
10372	409	4	1.0
10372	410	4	1.0
10372	412	4	1.0
10372	413	4	1.0
10372	414	4	1.0
10372	415	4	1.0
10372	416	4	1.0
10372	1574	4	1.0
10372	1575	4	1.0
10372	1576	4	1.0
10372	1577	4	1.0
10372	1578	4	1.0
10372	1579	4	1.0
10372	1580	4	1.0
10372	1581	4	1.0
10372	1582	4	1.0
10372	1583	4	1.0
10372	1584	4	1.0
10372	1585	4	1.0
10373	411	4	1.0
10374	417	4	1.0
10374	418	4	1.0
10374	1586	4	1.0
10374	1587	4	1.0
10374	1588	4	1.0
10374	1589	4	1.0
10374	1590	4	1.0
10374	1591	4	1.0
10375	419	4	1.0
10375	420	4	1.0
10375	421	4	1.0
10375	422	4	1.0
10375	423	4	1.0
10375	424	4	1.0
10375	425	4	1.0
10375	426	4	1.0
10375	427	4	1.0
10375	428	4	1.0
10375	429	4	1.0
10375	430	4	1.0
10375	431	4	1.0
10375	432	4	1.0
10375	434	4	1.0
10375	435	4	1.0
10375	436	4	1.0
10375	437	4	1.0
10375	438	4	1.0
10375	439	4	1.0
10375	440	4	1.0
10375	441	4	1.0
10375	444	4	1.0
10375	445	4	1.0
10375	446	4	1.0
10375	447	4	1.0
10375	448	4	1.0
10375	449	4	1.0
10375	450	4	1.0
10376	433	4	1.0
10376	1592	4	1.0
10376	1593	4	1.0
10376	1594	4	1.0
10376	1595	4	1.0
10376	1596	4	1.0
10376	1597	4	1.0
10376	1598	4	1.0
10376	1599	4	1.0
10376	1600	4	1.0
10376	1601	4	1.0
10376	1602	4	1.0
10376	1603	4	1.0
10376	1604	4	1.0
10376	1605	4	1.0
10376	1606	4	1.0
10376	1607	4	1.0
10376	2847	4	1.0
10376	2848	4	1.0
10376	2849	4	1.0
10376	2850	4	1.0
10376	2851	4	1.0
10376	2852	4	1.0
10376	2853	4	1.0
10376	2854	4	1.0
10376	2855	4	1.0
10376	2856	4	1.0
10376	2857	4	1.0
10376	2858	4	1.0
10376	2859	4	1.0
10376	2860	4	1.0
10376	2861	4	1.0
10376	2862	4	1.0
10376	2863	4	1.0
10376	2864	4	1.0
10377	442	4	1.0
10377	443	4	1.0
10378	451	4	1.0
10379	452	4	1.0
10379	453	4	1.0
10379	454	4	1.0
10379	455	4	1.0
10379	456	4	1.0
10379	457	4	1.0
10379	458	4	1.0
10379	459	4	1.0
10379	460	4	1.0
10379	461	4	1.0
10379	462	4	1.0
10379	463	4	1.0
10379	464	4	1.0
10379	465	4	1.0
10379	466	4	1.0
10379	467	4	1.0
10379	468	4	1.0
10379	469	4	1.0
10379	470	4	1.0
10379	471	4	1.0
10379	472	4	1.0
10379	473	4	1.0
10379	474	4	1.0
10379	475	4	1.0
10379	476	4	1.0
10379	477	4	1.0
10379	478	4	1.0
10379	479	4	1.0
10379	480	4	1.0
10379	481	4	1.0
10379	482	4	1.0
10379	483	4	1.0
10379	484	4	1.0
10379	485	4	1.0
10379	486	4	1.0
10379	487	4	1.0
10379	488	4	1.0
10379	489	4	1.0
10379	491	4	1.0
10379	492	4	1.0
10379	493	4	1.0
10379	494	4	1.0
10379	495	4	1.0
10379	496	4	1.0
10379	497	4	1.0
10379	498	4	1.0
10379	499	4	1.0
10379	500	4	1.0
10379	501	4	1.0
10379	502	4	1.0
10379	503	4	1.0
10379	504	4	1.0
10379	505	4	1.0
10379	506	4	1.0
10379	507	4	1.0
10379	508	4	1.0
10379	509	4	1.0
10379	510	4	1.0
10379	511	4	1.0
10379	512	4	1.0
10379	513	4	1.0
10379	514	4	1.0
10379	515	4	1.0
10379	516	4	1.0
10379	517	4	1.0
10379	518	4	1.0
10379	519	4	1.0
10379	520	4	1.0
10379	521	4	1.0
10379	522	4	1.0
10379	523	4	1.0
10379	524	4	1.0
10379	525	4	1.0
10379	526	4	1.0
10379	527	4	1.0
10379	528	4	1.0
10379	529	4	1.0
10379	530	4	1.0
10379	531	4	1.0
10379	532	4	1.0
10379	533	4	1.0
10379	534	4	1.0
10379	535	4	1.0
10379	536	4	1.0
10379	537	4	1.0
10379	538	4	1.0
10379	1608	4	1.0
10379	1609	4	1.0
10379	1610	4	1.0
10379	1611	4	1.0
10379	1612	4	1.0
10379	1613	4	1.0
10379	1614	4	1.0
10379	1615	4	1.0
10379	1616	4	1.0
10379	1617	4	1.0
10379	1618	4	1.0
10379	1619	4	1.0
10379	1620	4	1.0
10379	1621	4	1.0
10379	1622	4	1.0
10379	1623	4	1.0
10379	1624	4	1.0
10379	1625	4	1.0
10379	1626	4	1.0
10379	1627	4	1.0
10379	1628	4	1.0
10379	1629	4	1.0
10379	1630	4	1.0
10379	1631	4	1.0
10379	1632	4	1.0
10379	1633	4	1.0
10379	1634	4	1.0
10379	1635	4	1.0
10379	1636	4	1.0
10379	1637	4	1.0
10379	1638	4	1.0
10379	1639	4	1.0
10379	1640	4	1.0
10379	1641	4	1.0
10379	1642	4	1.0
10379	1643	4	1.0
10379	1644	4	1.0
10379	1645	4	1.0
10379	1646	4	1.0
10379	1647	4	1.0
10379	1648	4	1.0
10379	1649	4	1.0
10379	1650	4	1.0
10379	1651	4	1.0
10379	1652	4	1.0
10379	1653	4	1.0
10379	1654	4	1.0
10379	1655	4	1.0
10379	1656	4	1.0
10379	1657	4	1.0
10379	1658	4	1.0
10379	1659	4	1.0
10379	1660	4	1.0
10379	1661	4	1.0
10379	1662	4	1.0
10379	1663	4	1.0
10379	1664	4	1.0
10379	1665	4	1.0
10379	1666	4	1.0
10379	1667	4	1.0
10379	1668	4	1.0
10379	1669	4	1.0
10379	1670	4	1.0
10379	1671	4	1.0
10379	1672	4	1.0
10379	1673	4	1.0
10379	1923	4	1.0
10379	2754	4	1.0
10379	2755	4	1.0
10379	2846	4	1.0
10380	490	4	1.0
10381	539	4	1.0
10381	540	4	1.0
10381	541	4	1.0
10381	542	4	1.0
10381	543	4	1.0
10381	544	4	1.0
10381	545	4	1.0
10381	546	4	1.0
10381	547	4	1.0
10381	548	4	1.0
10381	549	4	1.0
10381	550	4	1.0
10381	551	4	1.0
10381	552	4	1.0
10381	553	4	1.0
10381	554	4	1.0
10381	555	4	1.0
10381	556	4	1.0
10381	557	4	1.0
10381	558	4	1.0
10381	559	4	1.0
10381	560	4	1.0
10381	561	4	1.0
10381	562	4	1.0
10381	563	4	1.0
10381	2214	4	1.0
10381	2215	4	1.0
10381	2216	4	1.0
10381	2217	4	1.0
10381	2218	4	1.0
10381	2219	4	1.0
10381	2220	4	1.0
10381	2221	4	1.0
10381	2222	4	1.0
10381	2223	4	1.0
10381	2612	4	1.0
10381	2613	4	1.0
10381	2614	4	1.0
10381	2615	4	1.0
10382	564	4	1.0
10382	2467	4	1.0
10382	2468	4	1.0
10383	565	4	1.0
10384	566	4	1.0
10384	567	4	1.0
10384	568	4	1.0
10384	569	4	1.0
10384	570	4	1.0
10384	571	4	1.0
10384	572	4	1.0
10384	1680	4	1.0
10384	1681	4	1.0
10384	1682	4	1.0
10384	1683	4	1.0
10384	1684	4	1.0
10384	1685	4	1.0
10384	1686	4	1.0
10384	1687	4	1.0
10385	573	4	1.0
10386	574	4	1.0
10386	575	4	1.0
10386	576	4	1.0
10386	577	4	1.0
10386	2069	4	1.0
10386	2070	4	1.0
10386	2071	4	1.0
10386	2072	4	1.0
10386	2782	4	1.0
10386	2783	4	1.0
10387	578	4	1.0
10387	579	4	1.0
10387	580	4	1.0
10387	581	4	1.0
10387	582	4	1.0
10387	583	4	1.0
10387	584	4	1.0
10387	1688	4	1.0
10387	1689	4	1.0
10387	1690	4	1.0
10387	1691	4	1.0
10387	1692	4	1.0
10387	1693	4	1.0
10387	1694	4	1.0
10387	1695	4	1.0
10387	1696	4	1.0
10387	1697	4	1.0
10387	1698	4	1.0
10387	1699	4	1.0
10387	2544	4	1.0
10387	2545	4	1.0
10387	2546	4	1.0
10387	2547	4	1.0
10387	2548	4	1.0
10387	2549	4	1.0
10387	2550	4	1.0
10387	2551	4	1.0
10388	585	4	1.0
10388	590	4	1.0
10389	586	4	1.0
10389	587	4	1.0
10389	588	4	1.0
10389	589	4	1.0
10389	591	4	1.0
10389	592	4	1.0
10389	593	4	1.0
10390	594	4	1.0
10391	595	4	1.0
10392	596	4	1.0
10392	597	4	1.0
10392	598	4	1.0
10392	599	4	1.0
10393	600	4	1.0
10393	601	4	1.0
10393	2073	4	1.0
10393	2074	4	1.0
10393	2075	4	1.0
10393	2667	4	1.0
10393	2668	4	1.0
10393	2669	4	1.0
10394	602	4	1.0
10394	603	4	1.0
10394	1713	4	1.0
10395	604	4	1.0
10395	605	4	1.0
10395	606	4	1.0
10396	607	4	1.0
10397	608	4	1.0
10397	609	4	1.0
10397	610	4	1.0
10397	1716	4	1.0
10398	611	4	1.0
10398	612	4	1.0
10398	613	4	1.0
10398	615	4	1.0
10398	616	4	1.0
10398	617	4	1.0
10398	618	4	1.0
10398	619	4	1.0
10398	620	4	1.0
10398	621	4	1.0
10398	622	4	1.0
10398	623	4	1.0
10398	624	4	1.0
10398	625	4	1.0
10398	626	4	1.0
10398	627	4	1.0
10398	628	4	1.0
10398	1717	4	1.0
10398	1718	4	1.0
10398	1720	4	1.0
10398	1721	4	1.0
10398	1722	4	1.0
10398	1723	4	1.0
10398	1724	4	1.0
10398	1725	4	1.0
10398	1726	4	1.0
10398	1727	4	1.0
10398	2662	4	1.0
10398	2663	4	1.0
10398	2664	4	1.0
10398	2665	4	1.0
10398	2666	4	1.0
10399	614	4	1.0
10400	629	4	1.0
10400	630	4	1.0
10400	631	4	1.0
10400	632	4	1.0
10400	633	4	1.0
10401	634	4	1.0
10401	635	4	1.0
10401	1728	4	1.0
10401	1729	4	1.0
10401	2504	4	1.0
10402	636	4	1.0
10403	637	4	1.0
10403	2099	4	1.0
10403	2100	4	1.0
10404	638	4	1.0
10405	639	4	1.0
10406	640	4	1.0
10406	641	4	1.0
10406	642	4	1.0
10406	643	4	1.0
10406	644	4	1.0
10406	645	4	1.0
10406	646	4	1.0
10407	647	4	1.0
10407	648	4	1.0
10407	649	4	1.0
10407	650	4	1.0
10407	651	4	1.0
10407	652	4	1.0
10407	1741	4	1.0
10407	1742	4	1.0
10407	1743	4	1.0
10408	653	4	1.0
10408	654	4	1.0
10408	655	4	1.0
10408	656	4	1.0
10408	657	4	1.0
10408	658	4	1.0
10408	659	4	1.0
10408	660	4	1.0
10408	661	4	1.0
10409	662	4	1.0
10410	663	4	1.0
10410	664	4	1.0
10410	665	4	1.0
10410	1928	4	1.0
10410	1929	4	1.0
10410	2671	4	1.0
10411	666	4	1.0
10411	1758	4	1.0
10411	1759	4	1.0
10412	667	4	1.0
10412	668	4	1.0
10412	669	4	1.0
10412	1768	4	1.0
10412	1769	4	1.0
10412	1770	4	1.0
10412	1771	4	1.0
10412	1772	4	1.0
10413	670	4	1.0
10413	671	4	1.0
10413	672	4	1.0
10413	1773	4	1.0
10413	1774	4	1.0
10413	2447	4	1.0
10414	673	4	1.0
10414	674	4	1.0
10414	675	4	1.0
10414	676	4	1.0
10414	2047	4	1.0
10414	2048	4	1.0
10415	677	4	1.0
10415	1790	4	1.0
10416	678	4	1.0
10416	679	4	1.0
10416	680	4	1.0
10416	1791	4	1.0
10416	1792	4	1.0
10416	2451	4	1.0
10416	2452	4	1.0
10416	2453	4	1.0
10416	2454	4	1.0
10416	2455	4	1.0
10417	681	4	1.0
10417	1793	4	1.0
10417	2501	4	1.0
10418	682	4	1.0
10419	685	4	1.0
10419	686	4	1.0
10419	687	4	1.0
10419	688	4	1.0
10419	689	4	1.0
10419	690	4	1.0
10419	691	4	1.0
10419	692	4	1.0
10419	693	4	1.0
10419	694	4	1.0
10419	695	4	1.0
10419	696	4	1.0
10419	1795	4	1.0
10419	1796	4	1.0
10419	1797	4	1.0
10419	1798	4	1.0
10419	1799	4	1.0
10419	1800	4	1.0
10419	1801	4	1.0
10419	1802	4	1.0
10419	1803	4	1.0
10419	1804	4	1.0
10419	2491	4	1.0
10419	2492	4	1.0
10419	2493	4	1.0
10419	2494	4	1.0
10419	2495	4	1.0
10419	2496	4	1.0
10419	2497	4	1.0
10419	2498	4	1.0
10419	2499	4	1.0
10420	697	4	1.0
10420	698	4	1.0
10420	699	4	1.0
10420	700	4	1.0
10420	701	4	1.0
10420	702	4	1.0
10420	703	4	1.0
10420	704	4	1.0
10420	705	4	1.0
10420	706	4	1.0
10420	707	4	1.0
10420	708	4	1.0
10420	710	4	1.0
10420	711	4	1.0
10420	712	4	1.0
10420	713	4	1.0
10420	714	4	1.0
10420	715	4	1.0
10420	716	4	1.0
10420	717	4	1.0
10420	719	4	1.0
10420	720	4	1.0
10420	721	4	1.0
10420	722	4	1.0
10420	723	4	1.0
10420	724	4	1.0
10420	725	4	1.0
10420	726	4	1.0
10420	727	4	1.0
10420	728	4	1.0
10420	729	4	1.0
10420	730	4	1.0
10420	731	4	1.0
10420	732	4	1.0
10420	733	4	1.0
10420	734	4	1.0
10420	735	4	1.0
10420	736	4	1.0
10420	737	4	1.0
10420	738	4	1.0
10420	739	4	1.0
10420	740	4	1.0
10420	741	4	1.0
10420	742	4	1.0
10420	743	4	1.0
10420	744	4	1.0
10420	745	4	1.0
10420	746	4	1.0
10420	747	4	1.0
10420	748	4	1.0
10420	749	4	1.0
10420	751	4	1.0
10420	752	4	1.0
10420	753	4	1.0
10420	754	4	1.0
10420	755	4	1.0
10420	756	4	1.0
10420	757	4	1.0
10420	758	4	1.0
10420	759	4	1.0
10420	760	4	1.0
10420	761	4	1.0
10420	762	4	1.0
10420	763	4	1.0
10420	764	4	1.0
10420	1422	4	1.0
10420	1933	4	1.0
10420	1934	4	1.0
10420	1935	4	1.0
10420	1936	4	1.0
10420	1937	4	1.0
10420	1938	4	1.0
10420	1939	4	1.0
10420	1940	4	1.0
10420	1941	4	1.0
10420	1942	4	1.0
10420	1943	4	1.0
10420	1944	4	1.0
10420	1945	4	1.0
10420	1946	4	1.0
10420	1947	4	1.0
10420	1948	4	1.0
10420	1949	4	1.0
10420	1950	4	1.0
10420	1951	4	1.0
10420	2621	4	1.0
10420	2622	4	1.0
10420	2623	4	1.0
10420	2624	4	1.0
10420	2625	4	1.0
10420	2626	4	1.0
10420	2627	4	1.0
10420	2628	4	1.0
10420	2629	4	1.0
10420	2630	4	1.0
10420	2631	4	1.0
10420	2632	4	1.0
10420	2633	4	1.0
10420	2634	4	1.0
10420	2635	4	1.0
10420	2636	4	1.0
10420	2637	4	1.0
10420	2638	4	1.0
10420	2639	4	1.0
10420	2640	4	1.0
10420	2641	4	1.0
10420	2642	4	1.0
10420	2643	4	1.0
10420	2644	4	1.0
10420	2645	4	1.0
10420	2646	4	1.0
10420	2647	4	1.0
10420	2648	4	1.0
10420	2649	4	1.0
10420	2650	4	1.0
10421	709	4	1.0
10421	718	4	1.0
10421	750	4	1.0
10422	765	4	1.0
10422	766	4	1.0
10422	767	4	1.0
10422	768	4	1.0
10422	769	4	1.0
10422	770	4	1.0
10422	771	4	1.0
10422	772	4	1.0
10422	773	4	1.0
10422	774	4	1.0
10422	2456	4	1.0
10422	2457	4	1.0
10422	2458	4	1.0
10422	2459	4	1.0
10423	775	4	1.0
10424	802	4	1.0
10425	803	4	1.0
10426	804	4	1.0
10426	805	4	1.0
10426	806	4	1.0
10426	807	4	1.0
10426	808	4	1.0
10426	809	4	1.0
10426	810	4	1.0
10426	811	4	1.0
10426	812	4	1.0
10426	813	4	1.0
10426	814	4	1.0
10426	815	4	1.0
10426	816	4	1.0
10426	817	4	1.0
10426	818	4	1.0
10426	819	4	1.0
10426	820	4	1.0
10426	821	4	1.0
10426	822	4	1.0
10426	823	4	1.0
10426	824	4	1.0
10426	825	4	1.0
10426	826	4	1.0
10426	827	4	1.0
10426	828	4	1.0
10426	829	4	1.0
10426	830	4	1.0
10426	831	4	1.0
10426	832	4	1.0
10426	833	4	1.0
10426	834	4	1.0
10426	835	4	1.0
10426	836	4	1.0
10426	837	4	1.0
10426	838	4	1.0
10426	839	4	1.0
10426	840	4	1.0
10426	841	4	1.0
10426	842	4	1.0
10426	843	4	1.0
10426	844	4	1.0
10426	845	4	1.0
10426	846	4	1.0
10426	847	4	1.0
10426	848	4	1.0
10426	849	4	1.0
10426	850	4	1.0
10426	1130	4	1.0
10427	851	4	1.0
10427	852	4	1.0
10427	2125	4	1.0
10427	2126	4	1.0
10427	2127	4	1.0
10428	853	4	1.0
10428	854	4	1.0
10428	855	4	1.0
10428	856	4	1.0
10428	2280	4	1.0
10429	860	4	1.0
10430	867	4	1.0
10430	868	4	1.0
10430	2179	4	1.0
10431	869	4	1.0
10431	870	4	1.0
10431	871	4	1.0
10431	872	4	1.0
10431	2122	4	1.0
10431	2570	4	1.0
10431	2572	4	1.0
10431	2573	4	1.0
10432	873	4	1.0
10432	874	4	1.0
10432	875	4	1.0
10432	876	4	1.0
10432	877	4	1.0
10432	1845	4	1.0
10432	2651	4	1.0
10433	878	4	1.0
10434	879	4	1.0
10434	880	4	1.0
10434	881	4	1.0
10434	882	4	1.0
10434	883	4	1.0
10434	884	4	1.0
10434	885	4	1.0
10434	886	4	1.0
10434	887	4	1.0
10434	888	4	1.0
10435	889	4	1.0
10435	2757	4	1.0
10436	890	4	1.0
10437	891	4	1.0
10437	892	4	1.0
10437	893	4	1.0
10437	894	4	1.0
10437	2076	4	1.0
10437	2077	4	1.0
10437	2078	4	1.0
10437	2784	4	1.0
10437	2785	4	1.0
10437	2786	4	1.0
10437	2787	4	1.0
10437	2788	4	1.0
10437	2789	4	1.0
10437	2790	4	1.0
10438	895	4	1.0
10438	896	4	1.0
10438	897	4	1.0
10438	898	4	1.0
10438	899	4	1.0
10438	2062	4	1.0
10438	2063	4	1.0
10438	2657	4	1.0
10438	2658	4	1.0
10438	2659	4	1.0
10438	2660	4	1.0
10438	2661	4	1.0
10439	900	4	1.0
10439	901	4	1.0
10439	902	4	1.0
10439	903	4	1.0
10439	904	4	1.0
10439	905	4	1.0
10439	906	4	1.0
10439	907	4	1.0
10439	908	4	1.0
10439	909	4	1.0
10439	910	4	1.0
10439	911	4	1.0
10439	912	4	1.0
10439	913	4	1.0
10439	914	4	1.0
10439	915	4	1.0
10439	916	4	1.0
10439	917	4	1.0
10439	918	4	1.0
10439	2118	4	1.0
10440	919	4	1.0
10440	920	4	1.0
10440	921	4	1.0
10440	922	4	1.0
10440	923	4	1.0
10440	924	4	1.0
10440	1545	4	1.0
10440	1546	4	1.0
10440	2742	4	1.0
10440	2743	4	1.0
10440	2744	4	1.0
10440	2745	4	1.0
10440	2746	4	1.0
10440	2747	4	1.0
10440	2748	4	1.0
10441	925	4	1.0
10441	2139	4	1.0
10441	2140	4	1.0
10441	2141	4	1.0
10441	2142	4	1.0
10441	2143	4	1.0
10441	2149	4	1.0
10441	2158	4	1.0
10441	2606	4	1.0
10441	2607	4	1.0
10441	2608	4	1.0
10441	2609	4	1.0
10442	926	4	1.0
10442	927	4	1.0
10442	928	4	1.0
10442	929	4	1.0
10442	930	4	1.0
10442	931	4	1.0
10442	932	4	1.0
10442	933	4	1.0
10442	934	4	1.0
10442	935	4	1.0
10442	936	4	1.0
10442	937	4	1.0
10442	938	4	1.0
10442	939	4	1.0
10442	940	4	1.0
10442	941	4	1.0
10442	942	4	1.0
10442	943	4	1.0
10442	944	4	1.0
10442	945	4	1.0
10442	946	4	1.0
10442	1151	4	1.0
10442	2079	4	1.0
10442	2080	4	1.0
10442	2081	4	1.0
10442	2082	4	1.0
10442	2083	4	1.0
10442	2084	4	1.0
10442	2085	4	1.0
10442	2086	4	1.0
10442	2087	4	1.0
10442	2088	4	1.0
10442	2089	4	1.0
10442	2090	4	1.0
10442	2091	4	1.0
10442	2092	4	1.0
10442	2093	4	1.0
10442	2094	4	1.0
10442	2095	4	1.0
10442	2096	4	1.0
10442	2097	4	1.0
10442	2098	4	1.0
10442	2791	4	1.0
10442	2792	4	1.0
10442	2793	4	1.0
10442	2794	4	1.0
10442	2795	4	1.0
10442	2796	4	1.0
10442	2797	4	1.0
10442	2798	4	1.0
10442	2799	4	1.0
10442	2800	4	1.0
10443	947	4	1.0
10443	948	4	1.0
10443	949	4	1.0
10443	950	4	1.0
10443	951	4	1.0
10443	2208	4	1.0
10443	2209	4	1.0
10443	2210	4	1.0
10443	2211	4	1.0
10443	2874	4	1.0
10443	2875	4	1.0
10444	952	4	1.0
10444	953	4	1.0
10444	2101	4	1.0
10444	2102	4	1.0
10444	2103	4	1.0
10444	2104	4	1.0
10444	2105	4	1.0
10444	2106	4	1.0
10444	2107	4	1.0
10445	954	4	1.0
10445	955	4	1.0
10445	956	4	1.0
10445	957	4	1.0
10445	958	4	1.0
10445	959	4	1.0
10445	960	4	1.0
10445	961	4	1.0
10445	962	4	1.0
10445	963	4	1.0
10445	964	4	1.0
10445	1900	4	1.0
10445	1901	4	1.0
10445	1902	4	1.0
10445	1903	4	1.0
10445	1904	4	1.0
10445	1905	4	1.0
10445	1906	4	1.0
10445	1907	4	1.0
10445	2538	4	1.0
10445	2568	4	1.0
10446	965	4	1.0
10446	966	4	1.0
10446	967	4	1.0
10446	968	4	1.0
10446	969	4	1.0
10446	970	4	1.0
10446	971	4	1.0
10446	972	4	1.0
10446	973	4	1.0
10446	974	4	1.0
10446	975	4	1.0
10446	976	4	1.0
10446	977	4	1.0
10446	978	4	1.0
10446	979	4	1.0
10446	980	4	1.0
10446	981	4	1.0
10446	982	4	1.0
10446	983	4	1.0
10446	984	4	1.0
10446	985	4	1.0
10446	986	4	1.0
10447	987	4	1.0
10447	2187	4	1.0
10448	988	4	1.0
10448	989	4	1.0
10448	990	4	1.0
10448	991	4	1.0
10448	992	4	1.0
10448	993	4	1.0
10448	994	4	1.0
10448	995	4	1.0
10448	996	4	1.0
10448	997	4	1.0
10448	998	4	1.0
10448	999	4	1.0
10448	1000	4	1.0
10448	1001	4	1.0
10448	1913	4	1.0
10448	1914	4	1.0
10448	1915	4	1.0
10448	1916	4	1.0
10448	1917	4	1.0
10448	1918	4	1.0
10448	1919	4	1.0
10448	1920	4	1.0
10448	1921	4	1.0
10448	1922	4	1.0
10448	2684	4	1.0
10448	2685	4	1.0
10448	2686	4	1.0
10448	2687	4	1.0
10449	1002	4	1.0
10449	1003	4	1.0
10449	1004	4	1.0
10449	1005	4	1.0
10449	1006	4	1.0
10449	1007	4	1.0
10450	1008	4	1.0
10450	1009	4	1.0
10450	1010	4	1.0
10450	1011	4	1.0
10450	1012	4	1.0
10450	1013	4	1.0
10450	1014	4	1.0
10450	1015	4	1.0
10450	1016	4	1.0
10450	1017	4	1.0
10450	1018	4	1.0
10450	1019	4	1.0
10450	1020	4	1.0
10450	1021	4	1.0
10450	1022	4	1.0
10450	1023	4	1.0
10450	1024	4	1.0
10451	1025	4	1.0
10451	2180	4	1.0
10452	1026	4	1.0
10453	1027	4	1.0
10454	1028	4	1.0
10454	1029	4	1.0
10454	1030	4	1.0
10454	1031	4	1.0
10454	1032	4	1.0
10454	1033	4	1.0
10454	1034	4	1.0
10454	1035	4	1.0
10454	1036	4	1.0
10454	1037	4	1.0
10454	1038	4	1.0
10454	1039	4	1.0
10454	1040	4	1.0
10454	1041	4	1.0
10454	1042	4	1.0
10454	1043	4	1.0
10454	1044	4	1.0
10454	1045	4	1.0
10454	1046	4	1.0
10454	2865	4	1.0
10454	2866	4	1.0
10454	2867	4	1.0
10454	2868	4	1.0
10454	2869	4	1.0
10454	2870	4	1.0
10454	2871	4	1.0
10454	2872	4	1.0
10455	1047	4	1.0
10455	1048	4	1.0
10455	1049	4	1.0
10455	1050	4	1.0
10456	1051	4	1.0
10456	1052	4	1.0
10457	1081	4	1.0
10457	1085	4	1.0
10457	1086	4	1.0
10457	1087	4	1.0
10457	2999	4	1.0
10457	3000	4	1.0
10458	1093	4	1.0
10458	1094	4	1.0
10458	1095	4	1.0
10458	2109	4	1.0
10458	2110	4	1.0
10458	2111	4	1.0
10458	2756	4	1.0
10459	1096	4	1.0
10459	1097	4	1.0
10459	1098	4	1.0
10459	1099	4	1.0
10459	1100	4	1.0
10459	1924	4	1.0
10459	1925	4	1.0
10459	1926	4	1.0
10459	1927	4	1.0
10460	1101	4	1.0
10460	1102	4	1.0
10460	1103	4	1.0
10460	1760	4	1.0
10460	1761	4	1.0
10460	1762	4	1.0
10460	1763	4	1.0
10460	1764	4	1.0
10460	2880	4	1.0
10460	2881	4	1.0
10461	1104	4	1.0
10461	1765	4	1.0
10461	1766	4	1.0
10462	1105	4	1.0
10462	1106	4	1.0
10462	1107	4	1.0
10462	1108	4	1.0
10462	1109	4	1.0
10462	1767	4	1.0
10463	1110	4	1.0
10463	1111	4	1.0
10463	2128	4	1.0
10463	2129	4	1.0
10463	2130	4	1.0
10463	2876	4	1.0
10463	2877	4	1.0
10463	2878	4	1.0
10464	1112	4	1.0
10464	1113	4	1.0
10464	1114	4	1.0
10464	1115	4	1.0
10464	1116	4	1.0
10464	1117	4	1.0
10464	1118	4	1.0
10464	1119	4	1.0
10464	2160	4	1.0
10464	2161	4	1.0
10464	2162	4	1.0
10464	2163	4	1.0
10464	2164	4	1.0
10464	2165	4	1.0
10464	2166	4	1.0
10464	2167	4	1.0
10464	2922	4	1.0
10464	2923	4	1.0
10464	2924	4	1.0
10464	2925	4	1.0
10464	2926	4	1.0
10464	2927	4	1.0
10464	2928	4	1.0
10465	1120	4	1.0
10465	1930	4	1.0
10465	1931	4	1.0
10466	1121	4	1.0
10466	1122	4	1.0
10466	1123	4	1.0
10466	1124	4	1.0
10466	1125	4	1.0
10466	2026	4	1.0
10466	2027	4	1.0
10466	2029	4	1.0
10466	2030	4	1.0
10466	2031	4	1.0
10466	2032	4	1.0
10466	2033	4	1.0
10466	2034	4	1.0
10466	2760	4	1.0
10466	2761	4	1.0
10466	2762	4	1.0
10466	2763	4	1.0
10466	2764	4	1.0
10466	2765	4	1.0
10466	2766	4	1.0
10466	2767	4	1.0
10466	2768	4	1.0
10466	2769	4	1.0
10466	2770	4	1.0
10466	2771	4	1.0
10466	2772	4	1.0
10466	2773	4	1.0
10467	1126	4	1.0
10467	1127	4	1.0
10467	1128	4	1.0
10467	1129	4	1.0
10467	1775	4	1.0
10467	1776	4	1.0
10467	1777	4	1.0
10467	1778	4	1.0
10467	2781	4	1.0
10468	1131	4	1.0
10468	1132	4	1.0
10468	1133	4	1.0
10468	2123	4	1.0
10468	2124	4	1.0
10468	2690	4	1.0
10468	2691	4	1.0
10468	2692	4	1.0
10469	1134	4	1.0
10469	1135	4	1.0
10469	1136	4	1.0
10469	1137	4	1.0
10469	2035	4	1.0
10469	2036	4	1.0
10469	2037	4	1.0
10469	2038	4	1.0
10469	2039	4	1.0
10470	1138	4	1.0
10470	1139	4	1.0
10470	2741	4	1.0
10471	1140	4	1.0
10471	1141	4	1.0
10471	2942	4	1.0
10471	2943	4	1.0
10471	2944	4	1.0
10471	2945	4	1.0
10471	2954	4	1.0
10471	2955	4	1.0
10471	2956	4	1.0
10472	1142	4	1.0
10473	1143	4	1.0
10474	1154	4	1.0
10474	1155	4	1.0
10474	2360	4	1.0
10474	2536	4	1.0
10475	1156	4	1.0
10475	1157	4	1.0
10475	2057	4	1.0
10475	2058	4	1.0
10475	2059	4	1.0
10475	2060	4	1.0
10475	2061	4	1.0
10475	2917	4	1.0
10476	1158	4	1.0
10476	1159	4	1.0
10476	1160	4	1.0
10476	1161	4	1.0
10476	2040	4	1.0
10476	2041	4	1.0
10476	2042	4	1.0
10476	2043	4	1.0
10476	2044	4	1.0
10476	2045	4	1.0
10476	2046	4	1.0
10476	2774	4	1.0
10476	2775	4	1.0
10476	2776	4	1.0
10476	2777	4	1.0
10476	2778	4	1.0
10476	2779	4	1.0
10476	2780	4	1.0
10477	1162	4	1.0
10477	1163	4	1.0
10477	1164	4	1.0
10477	1165	4	1.0
10477	1166	4	1.0
10477	2189	4	1.0
10477	2190	4	1.0
10477	2191	4	1.0
10478	1167	4	1.0
10479	1168	4	1.0
10479	1169	4	1.0
10479	1527	4	1.0
10479	1528	4	1.0
10480	1170	4	1.0
10480	1171	4	1.0
10480	1172	4	1.0
10480	1173	4	1.0
10480	1174	4	1.0
10480	1175	4	1.0
10480	1176	4	1.0
10480	1177	4	1.0
10480	1178	4	1.0
10480	1179	4	1.0
10480	1180	4	1.0
10480	1181	4	1.0
10480	1182	4	1.0
10480	1183	4	1.0
10480	1184	4	1.0
10480	1185	4	1.0
10480	1186	4	1.0
10480	1187	4	1.0
10480	1188	4	1.0
10480	1189	4	1.0
10480	1190	4	1.0
10480	1191	4	1.0
10480	1192	4	1.0
10480	1193	4	1.0
10480	1194	4	1.0
10480	1195	4	1.0
10480	1196	4	1.0
10480	1197	4	1.0
10480	1198	4	1.0
10480	1199	4	1.0
10480	1200	4	1.0
10480	1201	4	1.0
10480	1202	4	1.0
10480	1203	4	1.0
10480	1204	4	1.0
10480	1205	4	1.0
10480	1206	4	1.0
10480	1207	4	1.0
10480	1208	4	1.0
10480	1209	4	1.0
10480	1210	4	1.0
10480	1211	4	1.0
10480	1212	4	1.0
10480	1213	4	1.0
10480	1214	4	1.0
10480	1215	4	1.0
10480	1216	4	1.0
10480	2243	4	1.0
10480	2244	4	1.0
10480	2245	4	1.0
10480	2246	4	1.0
10480	2247	4	1.0
10480	2248	4	1.0
10480	2249	4	1.0
10480	2250	4	1.0
10480	2251	4	1.0
10480	2252	4	1.0
10480	2253	4	1.0
10480	2254	4	1.0
10480	2255	4	1.0
10480	2256	4	1.0
10480	2257	4	1.0
10480	2258	4	1.0
10480	2259	4	1.0
10480	2260	4	1.0
10480	2261	4	1.0
10480	2262	4	1.0
10480	2263	4	1.0
10480	2264	4	1.0
10480	2265	4	1.0
10480	2266	4	1.0
10480	2267	4	1.0
10480	2268	4	1.0
10480	2269	4	1.0
10480	2270	4	1.0
10480	2271	4	1.0
10480	2272	4	1.0
10480	2273	4	1.0
10480	2274	4	1.0
10480	2275	4	1.0
10480	2276	4	1.0
10480	2277	4	1.0
10480	2278	4	1.0
10480	2749	4	1.0
10481	1217	4	1.0
10481	2982	4	1.0
10481	2983	4	1.0
10482	1218	4	1.0
10482	1219	4	1.0
10482	2358	4	1.0
10482	2941	4	1.0
10483	1220	4	1.0
10483	1221	4	1.0
10483	1222	4	1.0
10484	1223	4	1.0
10484	1225	4	1.0
10484	1226	4	1.0
10484	1227	4	1.0
10484	1228	4	1.0
10484	1229	4	1.0
10484	1230	4	1.0
10484	1231	4	1.0
10484	1232	4	1.0
10484	1233	4	1.0
10484	1234	4	1.0
10484	1235	4	1.0
10484	1236	4	1.0
10484	1237	4	1.0
10484	2192	4	1.0
10484	2193	4	1.0
10484	2195	4	1.0
10484	2196	4	1.0
10484	2198	4	1.0
10484	2199	4	1.0
10484	2200	4	1.0
10484	2202	4	1.0
10484	2204	4	1.0
10484	2205	4	1.0
10484	2965	4	1.0
10484	2966	4	1.0
10484	2967	4	1.0
10484	2968	4	1.0
10484	2969	4	1.0
10484	2970	4	1.0
10484	2971	4	1.0
10484	2972	4	1.0
10484	2973	4	1.0
10484	2974	4	1.0
10484	2975	4	1.0
10484	2976	4	1.0
10484	2977	4	1.0
10484	2978	4	1.0
10484	2979	4	1.0
10485	1224	4	1.0
10485	2194	4	1.0
10485	2197	4	1.0
10485	2201	4	1.0
10485	2203	4	1.0
10486	1241	4	1.0
10486	2119	4	1.0
10486	2980	4	1.0
10486	2981	4	1.0
10487	1252	4	1.0
10487	1254	4	1.0
10487	1255	4	1.0
10487	1256	4	1.0
10487	1257	4	1.0
10487	1258	4	1.0
10487	1259	4	1.0
10487	1260	4	1.0
10487	1261	4	1.0
10487	1262	4	1.0
10487	1263	4	1.0
10487	1264	4	1.0
10487	1265	4	1.0
10487	1266	4	1.0
10487	1267	4	1.0
10487	1268	4	1.0
10487	1269	4	1.0
10487	1270	4	1.0
10487	1271	4	1.0
10487	1272	4	1.0
10487	1273	4	1.0
10487	1274	4	1.0
10487	1275	4	1.0
10487	1276	4	1.0
10487	1277	4	1.0
10487	1278	4	1.0
10487	1279	4	1.0
10487	1280	4	1.0
10487	1281	4	1.0
10487	1282	4	1.0
10487	1283	4	1.0
10487	1284	4	1.0
10487	1285	4	1.0
10487	1286	4	1.0
10487	1287	4	1.0
10487	1288	4	1.0
10487	1289	4	1.0
10487	1290	4	1.0
10487	1291	4	1.0
10487	1292	4	1.0
10487	1293	4	1.0
10487	1294	4	1.0
10487	1295	4	1.0
10487	1296	4	1.0
10487	1297	4	1.0
10487	1298	4	1.0
10487	1299	4	1.0
10487	1300	4	1.0
10487	1301	4	1.0
10487	1302	4	1.0
10487	1303	4	1.0
10487	1304	4	1.0
10487	1305	4	1.0
10487	1306	4	1.0
10487	1307	4	1.0
10487	1308	4	1.0
10487	1309	4	1.0
10487	1310	4	1.0
10487	1311	4	1.0
10487	1312	4	1.0
10487	1313	4	1.0
10487	1314	4	1.0
10487	1315	4	1.0
10487	1316	4	1.0
10487	1317	4	1.0
10487	1318	4	1.0
10487	1319	4	1.0
10487	1320	4	1.0
10487	1321	4	1.0
10487	1322	4	1.0
10487	1323	4	1.0
10487	1324	4	1.0
10487	1325	4	1.0
10487	1326	4	1.0
10487	1327	4	1.0
10487	1328	4	1.0
10487	1329	4	1.0
10487	1330	4	1.0
10487	1331	4	1.0
10487	1332	4	1.0
10487	1333	4	1.0
10487	1334	4	1.0
10487	1335	4	1.0
10487	1336	4	1.0
10487	1337	4	1.0
10487	1338	4	1.0
10487	1339	4	1.0
10487	1340	4	1.0
10487	1341	4	1.0
10487	1342	4	1.0
10487	1343	4	1.0
10487	1344	4	1.0
10487	1345	4	1.0
10487	1346	4	1.0
10487	1347	4	1.0
10487	1348	4	1.0
10487	1434	4	1.0
10487	1954	4	1.0
10487	1955	4	1.0
10487	1956	4	1.0
10487	1957	4	1.0
10487	1958	4	1.0
10487	1959	4	1.0
10487	1960	4	1.0
10487	1961	4	1.0
10487	1962	4	1.0
10487	1963	4	1.0
10487	1964	4	1.0
10487	1965	4	1.0
10487	1966	4	1.0
10487	1967	4	1.0
10487	1968	4	1.0
10487	1969	4	1.0
10487	1970	4	1.0
10487	1971	4	1.0
10487	1972	4	1.0
10487	1973	4	1.0
10487	1974	4	1.0
10487	1975	4	1.0
10487	1976	4	1.0
10487	1977	4	1.0
10487	1978	4	1.0
10487	1979	4	1.0
10487	1980	4	1.0
10487	1981	4	1.0
10487	1982	4	1.0
10487	1983	4	1.0
10487	1984	4	1.0
10487	1985	4	1.0
10487	1986	4	1.0
10487	1987	4	1.0
10487	1988	4	1.0
10487	1989	4	1.0
10487	1990	4	1.0
10487	1991	4	1.0
10487	1992	4	1.0
10487	1993	4	1.0
10487	1994	4	1.0
10487	1995	4	1.0
10487	1996	4	1.0
10487	1997	4	1.0
10487	1998	4	1.0
10487	1999	4	1.0
10487	2000	4	1.0
10487	2001	4	1.0
10487	2002	4	1.0
10487	2003	4	1.0
10487	2004	4	1.0
10487	2005	4	1.0
10487	2006	4	1.0
10487	2007	4	1.0
10487	2008	4	1.0
10487	2009	4	1.0
10487	2010	4	1.0
10487	2011	4	1.0
10487	2012	4	1.0
10487	2013	4	1.0
10487	2014	4	1.0
10487	2015	4	1.0
10487	2016	4	1.0
10487	2017	4	1.0
10487	2018	4	1.0
10487	2019	4	1.0
10487	2020	4	1.0
10487	2021	4	1.0
10487	2022	4	1.0
10487	2023	4	1.0
10487	2024	4	1.0
10487	2443	4	1.0
10487	2610	4	1.0
10487	2889	4	1.0
10487	2890	4	1.0
10487	2891	4	1.0
10487	2892	4	1.0
10487	2893	4	1.0
10487	2894	4	1.0
10487	2895	4	1.0
10487	2896	4	1.0
10487	2897	4	1.0
10487	2898	4	1.0
10487	2899	4	1.0
10487	2900	4	1.0
10487	2901	4	1.0
10487	2902	4	1.0
10487	2903	4	1.0
10487	2904	4	1.0
10487	2905	4	1.0
10487	2906	4	1.0
10487	2907	4	1.0
10487	2908	4	1.0
10487	2909	4	1.0
10487	2910	4	1.0
10487	2911	4	1.0
10488	1253	4	1.0
10489	1349	4	1.0
10490	1350	4	1.0
10490	2181	4	1.0
10490	2182	4	1.0
10490	2950	4	1.0
10491	1351	4	1.0
10491	1352	4	1.0
10491	1353	4	1.0
10491	1354	4	1.0
10491	1355	4	1.0
10491	1356	4	1.0
10491	1357	4	1.0
10491	1358	4	1.0
10491	1359	4	1.0
10491	1360	4	1.0
10491	1361	4	1.0
10491	1362	4	1.0
10491	1363	4	1.0
10491	1364	4	1.0
10491	1365	4	1.0
10491	1366	4	1.0
10491	1367	4	1.0
10491	1368	4	1.0
10491	1369	4	1.0
10491	1370	4	1.0
10491	1371	4	1.0
10491	1372	4	1.0
10491	1373	4	1.0
10491	1374	4	1.0
10491	1375	4	1.0
10491	1376	4	1.0
10491	1377	4	1.0
10491	1378	4	1.0
10491	2325	4	1.0
10491	2326	4	1.0
10491	2327	4	1.0
10491	2328	4	1.0
10491	2329	4	1.0
10491	2330	4	1.0
10491	2331	4	1.0
10491	2332	4	1.0
10491	2333	4	1.0
10491	2334	4	1.0
10491	2335	4	1.0
10491	2336	4	1.0
10491	2337	4	1.0
10491	2338	4	1.0
10491	2339	4	1.0
10491	2340	4	1.0
10491	2341	4	1.0
10491	2342	4	1.0
10491	2343	4	1.0
10491	2344	4	1.0
10491	2345	4	1.0
10491	2346	4	1.0
10491	2347	4	1.0
10491	2348	4	1.0
10491	2349	4	1.0
10491	2350	4	1.0
10491	2351	4	1.0
10491	2352	4	1.0
10491	2697	4	1.0
10491	2698	4	1.0
10491	2699	4	1.0
10491	2700	4	1.0
10491	2701	4	1.0
10491	2702	4	1.0
10491	2703	4	1.0
10491	2704	4	1.0
10491	2705	4	1.0
10491	2706	4	1.0
10491	2707	4	1.0
10491	2708	4	1.0
10491	2709	4	1.0
10491	2710	4	1.0
10491	2711	4	1.0
10491	2712	4	1.0
10491	2713	4	1.0
10491	2714	4	1.0
10491	2715	4	1.0
10491	2716	4	1.0
10491	2717	4	1.0
10491	2718	4	1.0
10491	2719	4	1.0
10491	2720	4	1.0
10491	2721	4	1.0
10491	2722	4	1.0
10491	2723	4	1.0
10491	2724	4	1.0
10491	2725	4	1.0
10491	2726	4	1.0
10491	2727	4	1.0
10491	2728	4	1.0
10491	2729	4	1.0
10491	2730	4	1.0
10491	2731	4	1.0
10491	2732	4	1.0
10491	2733	4	1.0
10491	2734	4	1.0
10491	2735	4	1.0
10492	1379	4	1.0
10492	1380	4	1.0
10493	1381	4	1.0
10493	1382	4	1.0
10493	1383	4	1.0
10493	1384	4	1.0
10493	1385	4	1.0
10494	1386	4	1.0
10495	1387	4	1.0
10495	1388	4	1.0
10495	1389	4	1.0
10496	1390	4	1.0
10496	1391	4	1.0
10496	2025	4	1.0
10496	2948	4	1.0
10496	2949	4	1.0
10497	1392	4	1.0
10497	1393	4	1.0
10497	1394	4	1.0
10497	2112	4	1.0
10497	2113	4	1.0
10497	2114	4	1.0
10497	2919	4	1.0
10498	1395	4	1.0
10498	1396	4	1.0
10498	1397	4	1.0
10498	1398	4	1.0
10498	1399	4	1.0
10498	1400	4	1.0
10498	2049	4	1.0
10498	2050	4	1.0
10498	2051	4	1.0
10498	2052	4	1.0
10498	2053	4	1.0
10498	2913	4	1.0
10498	2914	4	1.0
10498	2915	4	1.0
10498	2916	4	1.0
10499	1404	4	1.0
10499	2226	4	1.0
10500	1405	4	1.0
10500	1406	4	1.0
10500	1407	4	1.0
10500	1408	4	1.0
10500	1409	4	1.0
10500	1410	4	1.0
10500	1411	4	1.0
10500	1412	4	1.0
10500	1413	4	1.0
10500	1414	4	1.0
10500	1415	4	1.0
10500	2673	4	1.0
10500	2674	4	1.0
10500	2675	4	1.0
10500	2676	4	1.0
10500	2677	4	1.0
10500	2678	4	1.0
10500	2679	4	1.0
10500	2680	4	1.0
10500	2681	4	1.0
10500	2682	4	1.0
10500	2683	4	1.0
10501	1418	4	1.0
10501	1419	4	1.0
10501	2131	4	1.0
10501	2132	4	1.0
10501	2133	4	1.0
10502	1420	4	1.0
10502	1421	4	1.0
10502	1840	4	1.0
10502	1841	4	1.0
10502	1842	4	1.0
10502	1843	4	1.0
10502	1847	4	1.0
10502	1849	4	1.0
10502	1850	4	1.0
10502	1851	4	1.0
10502	1852	4	1.0
10502	1853	4	1.0
10502	1854	4	1.0
10502	1855	4	1.0
10502	1856	4	1.0
10502	1857	4	1.0
10502	1858	4	1.0
10502	1859	4	1.0
10502	1860	4	1.0
10502	1861	4	1.0
10502	1862	4	1.0
10503	1423	4	1.0
10503	1453	4	1.0
10503	1454	4	1.0
10503	1455	4	1.0
10504	1435	4	1.0
10504	2282	4	1.0
10504	2283	4	1.0
10504	2284	4	1.0
10504	2285	4	1.0
10504	2286	4	1.0
10504	2287	4	1.0
10504	2288	4	1.0
10504	2289	4	1.0
10504	2290	4	1.0
10504	2291	4	1.0
10504	2292	4	1.0
10504	2293	4	1.0
10504	2294	4	1.0
10504	2295	4	1.0
10504	2296	4	1.0
10504	2297	4	1.0
10504	2298	4	1.0
10504	2299	4	1.0
10504	2300	4	1.0
10504	2301	4	1.0
10504	2302	4	1.0
10504	2303	4	1.0
10504	2304	4	1.0
10504	2305	4	1.0
10504	2306	4	1.0
10504	2307	4	1.0
10504	2308	4	1.0
10504	2309	4	1.0
10504	2310	4	1.0
10504	2311	4	1.0
10504	2312	4	1.0
10504	2313	4	1.0
10504	2314	4	1.0
10504	2315	4	1.0
10504	2316	4	1.0
10504	2317	4	1.0
10504	2318	4	1.0
10504	2319	4	1.0
10504	2320	4	1.0
10504	2321	4	1.0
10504	2322	4	1.0
10504	2323	4	1.0
10505	1436	4	1.0
10506	1440	4	1.0
10506	1441	4	1.0
10506	1442	4	1.0
10507	1443	4	1.0
10507	1444	4	1.0
10507	1445	4	1.0
10507	1446	4	1.0
10507	1447	4	1.0
10507	1448	4	1.0
10508	1449	4	1.0
10509	1450	4	1.0
10510	1456	4	1.0
10510	1457	4	1.0
10510	1458	4	1.0
10510	1459	4	1.0
10511	1532	4	1.0
10512	1540	4	1.0
10513	1544	4	1.0
10514	1547	4	1.0
10514	2554	4	1.0
10514	2555	4	1.0
10514	2556	4	1.0
10514	2557	4	1.0
10515	1567	4	1.0
10516	1573	4	1.0
10516	2502	4	1.0
10516	2503	4	1.0
10517	1674	4	1.0
10518	1675	4	1.0
10518	1676	4	1.0
10518	1677	4	1.0
10518	1678	4	1.0
10518	1679	4	1.0
10518	2951	4	1.0
10518	2952	4	1.0
10518	2953	4	1.0
10519	1703	4	1.0
10519	1704	4	1.0
10519	1705	4	1.0
10519	1706	4	1.0
10519	1707	4	1.0
10519	1708	4	1.0
10519	1709	4	1.0
10519	1710	4	1.0
10519	1711	4	1.0
10519	1712	4	1.0
10519	2463	4	1.0
10519	2464	4	1.0
10519	2465	4	1.0
10519	2466	4	1.0
10520	1714	4	1.0
10520	1715	4	1.0
10521	1719	4	1.0
10522	1733	4	1.0
10522	1734	4	1.0
10522	1735	4	1.0
10522	1736	4	1.0
10522	1737	4	1.0
10522	2509	4	1.0
10522	2510	4	1.0
10522	2511	4	1.0
10522	2939	4	1.0
10523	1738	4	1.0
10523	1739	4	1.0
10523	1740	4	1.0
10523	2652	4	1.0
10523	2653	4	1.0
10523	2654	4	1.0
10523	2655	4	1.0
10523	2656	4	1.0
10524	1744	4	1.0
10524	1745	4	1.0
10524	1746	4	1.0
10524	1747	4	1.0
10524	1748	4	1.0
10524	1749	4	1.0
10524	1750	4	1.0
10524	1751	4	1.0
10524	1752	4	1.0
10524	2736	4	1.0
10524	2737	4	1.0
10524	2738	4	1.0
10524	2739	4	1.0
10524	2740	4	1.0
10525	1753	4	1.0
10525	1754	4	1.0
10525	1755	4	1.0
10525	1756	4	1.0
10525	1757	4	1.0
10526	1787	4	1.0
10526	1788	4	1.0
10526	1789	4	1.0
10527	1837	4	1.0
10527	2512	4	1.0
10527	2513	4	1.0
10528	1838	4	1.0
10529	1848	4	1.0
10529	2672	4	1.0
10530	1863	4	1.0
10530	1864	4	1.0
10531	1908	4	1.0
10531	1909	4	1.0
10531	1910	4	1.0
10531	1911	4	1.0
10531	1912	4	1.0
10532	1932	4	1.0
10533	2028	4	1.0
10534	2054	4	1.0
10534	2055	4	1.0
10535	2056	4	1.0
10536	2064	4	1.0
10536	2918	4	1.0
10537	2065	4	1.0
10537	2066	4	1.0
10538	2067	4	1.0
10538	2068	4	1.0
10539	2108	4	1.0
10539	2845	4	1.0
10540	2115	4	1.0
10540	2116	4	1.0
10541	2117	4	1.0
10541	2281	4	1.0
10542	2120	4	1.0
10543	2121	4	1.0
10544	2134	4	1.0
10544	2135	4	1.0
10544	2136	4	1.0
10544	2137	4	1.0
10544	2138	4	1.0
10544	2144	4	1.0
10544	2145	4	1.0
10544	2146	4	1.0
10544	2147	4	1.0
10544	2148	4	1.0
10544	2150	4	1.0
10544	2151	4	1.0
10544	2152	4	1.0
10544	2153	4	1.0
10544	2154	4	1.0
10544	2155	4	1.0
10544	2156	4	1.0
10544	2157	4	1.0
10544	2159	4	1.0
10544	2882	4	1.0
10544	2883	4	1.0
10544	2884	4	1.0
10545	2176	4	1.0
10546	2177	4	1.0
10546	2178	4	1.0
10546	2445	4	1.0
10546	2446	4	1.0
10546	2487	4	1.0
10546	2488	4	1.0
10546	2489	4	1.0
10546	2490	4	1.0
10546	2611	4	1.0
10546	2759	4	1.0
10546	2938	4	1.0
10547	2183	4	1.0
10547	2184	4	1.0
10547	2185	4	1.0
10547	2186	4	1.0
10548	2188	4	1.0
10549	2206	4	1.0
10549	2207	4	1.0
10550	2227	4	1.0
10550	2228	4	1.0
10551	2229	4	1.0
10551	2230	4	1.0
10551	2231	4	1.0
10551	2232	4	1.0
10551	2233	4	1.0
10551	2234	4	1.0
10551	2235	4	1.0
10551	2236	4	1.0
10551	2237	4	1.0
10551	2238	4	1.0
10551	2239	4	1.0
10551	2240	4	1.0
10551	2241	4	1.0
10551	2242	4	1.0
10552	2279	4	1.0
10553	2324	4	1.0
10554	2355	4	1.0
10554	2356	4	1.0
10554	2357	4	1.0
10555	2363	4	1.0
10556	2364	4	1.0
10557	2365	4	1.0
10558	2366	4	1.0
10559	2440	4	1.0
10559	2441	4	1.0
10560	2444	4	1.0
10561	2460	4	1.0
10562	2461	4	1.0
10562	2462	4	1.0
10563	2480	4	1.0
10564	2500	4	1.0
10565	2514	4	1.0
10565	2515	4	1.0
10566	2533	4	1.0
10567	2534	4	1.0
10568	2539	4	1.0
10569	2540	4	1.0
10569	2929	4	1.0
10569	2984	4	1.0
10570	2541	4	1.0
10571	2542	4	1.0
10571	2543	4	1.0
10571	2987	4	1.0
10571	2988	4	1.0
10571	2989	4	1.0
10572	2569	4	1.0
10573	2571	4	1.0
10574	2670	4	1.0
10575	2693	4	1.0
10576	2694	4	1.0
10577	2750	4	1.0
10577	2751	4	1.0
10577	2752	4	1.0
10578	2753	4	1.0
10579	2873	4	1.0
10580	2879	4	1.0
10581	2885	4	1.0
10582	2912	4	1.0
10583	2920	4	1.0
10584	2921	4	1.0
10585	2931	4	1.0
10586	2940	4	1.0
10587	2946	4	1.0
10587	2947	4	1.0
10588	2957	4	1.0
10588	2958	4	1.0
10588	2959	4	1.0
10588	2960	4	1.0
10588	2961	4	1.0
10588	2962	4	1.0
10588	2963	4	1.0
10588	2964	4	1.0
10589	2991	4	1.0
