0	1568	0	1.0
1	1905	0	1.0
1	2679	0	1.0
2	8	0	1.0
2	126	0	1.0
3	361	0	1.0
3	672	0	1.0
3	1302	0	1.0
3	1483	0	1.0
3	1595	0	1.0
3	1752	0	1.0
3	1867	0	1.0
4	248	0	1.0
4	1129	0	1.0
4	1581	0	1.0
5	32	0	1.0
6	966	0	1.0
8	1176	0	1.0
9	674	0	1.0
10	907	0	1.0
10	919	0	1.0
10	1127	0	1.0
10	1326	0	1.0
10	1944	0	1.0
11	1950	0	1.0
12	71	0	1.0
12	86	0	1.0
12	1598	0	1.0
13	2754	0	1.0
14	156	0	1.0
14	2420	0	1.0
15	500	0	1.0
15	1823	0	1.0
18	241	0	1.0
18	387	0	1.0
18	1303	0	1.0
19	124	0	1.0
19	134	0	1.0
19	145	0	1.0
19	1728	0	1.0
19	1731	0	1.0
19	2646	0	1.0
19	2647	0	1.0
20	74	0	1.0
20	535	0	1.0
20	544	0	1.0
20	546	0	1.0
20	862	0	1.0
20	1234	0	1.0
20	1267	0	1.0
20	1302	0	1.0
20	1339	0	1.0
20	1483	0	1.0
20	1592	0	1.0
20	1605	0	1.0
20	1716	0	1.0
20	2147	0	1.0
20	2258	0	1.0
21	2	0	1.0
21	8	0	1.0
21	123	0	1.0
21	126	0	1.0
21	174	0	1.0
21	506	0	1.0
21	1865	0	1.0
21	2212	0	1.0
21	2574	0	1.0
21	2638	0	1.0
21	2646	0	1.0
26	793	0	1.0
27	4	0	1.0
27	248	0	1.0
27	1129	0	1.0
27	1581	0	1.0
27	2165	0	1.0
28	8	0	1.0
28	138	0	1.0
28	215	0	1.0
28	253	0	1.0
29	295	0	1.0
29	432	0	1.0
29	668	0	1.0
29	1929	0	1.0
29	2001	0	1.0
29	2464	0	1.0
30	195	0	1.0
30	562	0	1.0
30	659	0	1.0
30	674	0	1.0
30	1099	0	1.0
30	1206	0	1.0
30	1230	0	1.0
30	1537	0	1.0
30	1760	0	1.0
30	1909	0	1.0
30	2258	0	1.0
30	2381	0	1.0
30	2430	0	1.0
30	2611	0	1.0
31	109	0	1.0
33	223	0	1.0
33	352	0	1.0
33	1893	0	1.0
33	2010	0	1.0
34	1676	0	1.0
34	2097	0	1.0
34	2243	0	1.0
34	2330	0	1.0
35	2738	0	1.0
36	38	0	1.0
36	169	0	1.0
36	251	0	1.0
36	307	0	1.0
36	871	0	1.0
36	1073	0	1.0
36	1658	0	1.0
36	1799	0	1.0
36	1981	0	1.0
36	2023	0	1.0
36	2058	0	1.0
36	2310	0	1.0
36	2641	0	1.0
37	8	0	1.0
37	149	0	1.0
38	169	0	1.0
38	2643	0	1.0
39	486	0	1.0
40	188	0	1.0
42	31	0	1.0
42	1492	0	1.0
44	90	0	1.0
44	108	0	1.0
46	145	0	1.0
46	586	0	1.0
46	1728	0	1.0
46	1731	0	1.0
49	50	0	1.0
49	237	0	1.0
49	427	0	1.0
49	469	0	1.0
49	486	0	1.0
49	490	0	1.0
49	677	0	1.0
49	975	0	1.0
49	1001	0	1.0
49	1135	0	1.0
49	1143	0	1.0
49	1302	0	1.0
49	2731	0	1.0
49	1428	0	1.0
49	1483	0	1.0
49	1537	0	1.0
49	1544	0	1.0
49	1595	0	1.0
49	1837	0	1.0
50	858	0	1.0
50	1284	0	1.0
50	1837	0	1.0
50	2268	0	1.0
51	183	0	1.0
51	469	0	1.0
51	490	0	1.0
51	512	0	1.0
51	1001	0	1.0
51	1028	0	1.0
51	1146	0	1.0
51	1172	0	1.0
51	1177	0	1.0
51	2731	0	1.0
51	1827	0	1.0
51	2197	0	1.0
51	2515	0	1.0
52	519	0	1.0
52	537	0	1.0
52	1354	0	1.0
52	1491	0	1.0
53	70	0	1.0
53	165	0	1.0
53	173	0	1.0
53	727	0	1.0
53	792	0	1.0
53	812	0	1.0
53	1091	0	1.0
53	1132	0	1.0
53	1318	0	1.0
53	1414	0	1.0
53	1484	0	1.0
53	1527	0	1.0
53	1537	0	1.0
53	1720	0	1.0
53	2240	0	1.0
53	2311	0	1.0
53	2355	0	1.0
53	2407	0	1.0
55	2538	0	1.0
55	2225	0	1.0
56	2242	0	1.0
58	613	0	1.0
58	2718	0	1.0
60	2705	0	1.0
60	715	0	1.0
60	993	0	1.0
60	1041	0	1.0
60	1645	0	1.0
62	537	0	1.0
62	1129	0	1.0
62	1277	0	1.0
62	1287	0	1.0
62	1852	0	1.0
62	2508	0	1.0
63	156	0	1.0
64	87	0	1.0
64	96	0	1.0
64	550	0	1.0
64	834	0	1.0
65	1369	0	1.0
65	2526	0	1.0
67	75	0	1.0
67	138	0	1.0
67	159	0	1.0
67	211	0	1.0
69	482	0	1.0
69	1152	0	1.0
69	1250	0	1.0
69	2508	0	1.0
70	150	0	1.0
70	916	0	1.0
70	1414	0	1.0
72	67	0	1.0
72	138	0	1.0
74	519	0	1.0
74	537	0	1.0
74	981	0	1.0
74	1004	0	1.0
74	1491	0	1.0
75	28	0	1.0
75	215	0	1.0
75	1984	0	1.0
75	2424	0	1.0
76	2326	0	1.0
77	1157	0	1.0
77	2734	0	1.0
77	2545	0	1.0
78	660	0	1.0
79	1928	0	1.0
80	242	0	1.0
80	406	0	1.0
80	735	0	1.0
80	822	0	1.0
80	1179	0	1.0
80	1730	0	1.0
80	2241	0	1.0
80	2272	0	1.0
80	2289	0	1.0
82	687	0	1.0
82	1312	0	1.0
82	2348	0	1.0
83	123	0	1.0
83	1043	0	1.0
83	2489	0	1.0
83	2634	0	1.0
84	86	0	1.0
84	1598	0	1.0
84	2607	0	1.0
87	1485	0	1.0
88	147	0	1.0
88	209	0	1.0
88	267	0	1.0
88	480	0	1.0
88	1300	0	1.0
88	1327	0	1.0
88	1799	0	1.0
88	1811	0	1.0
88	2058	0	1.0
88	2310	0	1.0
88	2614	0	1.0
88	2636	0	1.0
88	2639	0	1.0
88	2641	0	1.0
88	2643	0	1.0
88	2653	0	1.0
90	108	0	1.0
92	33	0	1.0
92	352	0	1.0
92	1258	0	1.0
92	1893	0	1.0
93	34	0	1.0
93	423	0	1.0
93	672	0	1.0
93	1302	0	1.0
93	1537	0	1.0
93	1752	0	1.0
93	1867	0	1.0
93	2187	0	1.0
94	2	0	1.0
94	167	0	1.0
94	290	0	1.0
94	518	0	1.0
94	1043	0	1.0
94	1278	0	1.0
94	2422	0	1.0
95	383	0	1.0
95	1100	0	1.0
95	1503	0	1.0
95	2268	0	1.0
95	2341	0	1.0
95	2689	0	1.0
96	834	0	1.0
97	183	0	1.0
97	312	0	1.0
97	888	0	1.0
97	976	0	1.0
97	1068	0	1.0
97	1185	0	1.0
97	1340	0	1.0
97	1394	0	1.0
97	1787	0	1.0
97	2741	0	1.0
97	2033	0	1.0
97	2515	0	1.0
97	2679	0	1.0
98	2138	0	1.0
98	2231	0	1.0
98	2297	0	1.0
98	2434	0	1.0
99	68	0	1.0
99	1072	0	1.0
99	1942	0	1.0
99	2124	0	1.0
99	2272	0	1.0
99	2312	0	1.0
99	2492	0	1.0
100	523	0	1.0
100	1638	0	1.0
100	1908	0	1.0
100	2096	0	1.0
100	2253	0	1.0
100	2630	0	1.0
101	225	0	1.0
101	319	0	1.0
101	336	0	1.0
101	405	0	1.0
101	558	0	1.0
101	638	0	1.0
101	723	0	1.0
101	859	0	1.0
101	866	0	1.0
101	945	0	1.0
101	1016	0	1.0
101	1071	0	1.0
101	1149	0	1.0
101	1160	0	1.0
101	1246	0	1.0
101	1301	0	1.0
101	1332	0	1.0
101	1355	0	1.0
101	1616	0	1.0
101	1624	0	1.0
101	1652	0	1.0
101	1763	0	1.0
101	1817	0	1.0
101	2030	0	1.0
101	2114	0	1.0
101	2217	0	1.0
101	2504	0	1.0
101	2668	0	1.0
102	413	0	1.0
102	457	0	1.0
102	725	0	1.0
102	1095	0	1.0
102	1138	0	1.0
102	1214	0	1.0
102	1454	0	1.0
102	1507	0	1.0
102	1972	0	1.0
102	1973	0	1.0
102	2102	0	1.0
102	2107	0	1.0
103	24	0	1.0
103	171	0	1.0
103	822	0	1.0
103	1969	0	1.0
104	120	0	1.0
104	1349	0	1.0
104	1393	0	1.0
104	1594	0	1.0
104	2273	0	1.0
104	2312	0	1.0
105	95	0	1.0
105	596	0	1.0
105	426	0	1.0
105	571	0	1.0
105	888	0	1.0
105	1287	0	1.0
105	1701	0	1.0
105	2381	0	1.0
105	2619	0	1.0
105	2685	0	1.0
105	2689	0	1.0
106	578	0	1.0
106	1121	0	1.0
106	1820	0	1.0
106	1821	0	1.0
106	1990	0	1.0
107	1604	0	1.0
107	1661	0	1.0
107	2101	0	1.0
110	507	0	1.0
110	903	0	1.0
110	2507	0	1.0
111	50	0	1.0
111	469	0	1.0
111	490	0	1.0
111	853	0	1.0
111	1001	0	1.0
111	1135	0	1.0
111	1146	0	1.0
111	1172	0	1.0
111	1177	0	1.0
111	1284	0	1.0
111	2731	0	1.0
111	1428	0	1.0
111	1562	0	1.0
111	1837	0	1.0
111	2173	0	1.0
111	2175	0	1.0
111	2268	0	1.0
111	2338	0	1.0
111	2508	0	1.0
112	59	0	1.0
112	514	0	1.0
112	1881	0	1.0
112	2351	0	1.0
113	33	0	1.0
113	223	0	1.0
113	352	0	1.0
113	1031	0	1.0
113	1258	0	1.0
113	1893	0	1.0
114	102	0	1.0
114	457	0	1.0
114	725	0	1.0
114	1095	0	1.0
114	1214	0	1.0
114	1454	0	1.0
114	1673	0	1.0
114	2102	0	1.0
114	2107	0	1.0
114	2232	0	1.0
115	340	0	1.0
115	697	0	1.0
115	1363	0	1.0
115	1896	0	1.0
115	2346	0	1.0
116	966	0	1.0
116	1345	0	1.0
116	2434	0	1.0
118	181	0	1.0
118	392	0	1.0
118	890	0	1.0
118	1430	0	1.0
118	1480	0	1.0
118	2014	0	1.0
118	2428	0	1.0
118	2527	0	1.0
119	21	0	1.0
119	167	0	1.0
119	257	0	1.0
119	1043	0	1.0
119	1278	0	1.0
119	2422	0	1.0
119	2638	0	1.0
122	1659	0	1.0
122	1986	0	1.0
122	1997	0	1.0
122	2113	0	1.0
123	8	0	1.0
123	506	0	1.0
123	2634	0	1.0
126	8	0	1.0
128	252	0	1.0
128	1376	0	1.0
129	460	0	1.0
130	2204	0	1.0
130	2584	0	1.0
130	2651	0	1.0
131	2545	0	1.0
134	124	0	1.0
134	145	0	1.0
134	1728	0	1.0
134	1731	0	1.0
134	2634	0	1.0
135	934	0	1.0
135	1589	0	1.0
136	34	0	1.0
136	237	0	1.0
136	296	0	1.0
136	499	0	1.0
136	1483	0	1.0
136	1676	0	1.0
136	2539	0	1.0
136	1860	0	1.0
136	2097	0	1.0
136	2258	0	1.0
136	2366	0	1.0
137	50	0	1.0
137	490	0	1.0
137	853	0	1.0
137	976	0	1.0
137	1001	0	1.0
137	1028	0	1.0
137	1177	0	1.0
137	1284	0	1.0
137	2731	0	1.0
137	1412	0	1.0
137	1534	0	1.0
137	1787	0	1.0
137	1837	0	1.0
137	2268	0	1.0
138	211	0	1.0
139	2144	0	1.0
139	2175	0	1.0
142	519	0	1.0
142	537	0	1.0
142	1003	0	1.0
142	2477	0	1.0
145	586	0	1.0
145	1731	0	1.0
146	2549	0	1.0
147	38	0	1.0
147	209	0	1.0
147	480	0	1.0
147	493	0	1.0
147	1130	0	1.0
147	1658	0	1.0
147	1799	0	1.0
147	1906	0	1.0
147	2058	0	1.0
147	2310	0	1.0
148	1	0	1.0
148	2699	0	1.0
148	187	0	1.0
148	208	0	1.0
148	318	0	1.0
148	872	0	1.0
148	1100	0	1.0
148	1421	0	1.0
148	1483	0	1.0
148	1685	0	1.0
148	1734	0	1.0
148	2258	0	1.0
148	2341	0	1.0
148	2595	0	1.0
148	2611	0	1.0
150	317	0	1.0
150	1098	0	1.0
150	1742	0	1.0
150	1951	0	1.0
150	2376	0	1.0
151	64	0	1.0
151	87	0	1.0
151	96	0	1.0
151	288	0	1.0
151	834	0	1.0
152	29	0	1.0
152	198	0	1.0
152	230	0	1.0
152	233	0	1.0
152	255	0	1.0
152	295	0	1.0
152	327	0	1.0
152	337	0	1.0
152	432	0	1.0
152	668	0	1.0
152	776	0	1.0
152	1709	0	1.0
152	1789	0	1.0
152	2001	0	1.0
152	2316	0	1.0
152	2464	0	1.0
153	789	0	1.0
153	1703	0	1.0
154	2632	0	1.0
157	175	0	1.0
158	592	0	1.0
159	138	0	1.0
159	253	0	1.0
160	859	0	1.0
160	866	0	1.0
160	945	0	1.0
160	1137	0	1.0
160	1255	0	1.0
160	1541	0	1.0
160	1624	0	1.0
160	2114	0	1.0
160	2668	0	1.0
160	2693	0	1.0
161	2203	0	1.0
162	1500	0	1.0
162	1891	0	1.0
164	185	0	1.0
166	149	0	1.0
166	2517	0	1.0
167	215	0	1.0
167	290	0	1.0
167	518	0	1.0
167	1278	0	1.0
167	2146	0	1.0
167	2424	0	1.0
172	459	0	1.0
172	842	0	1.0
173	610	0	1.0
173	1484	0	1.0
173	2311	0	1.0
174	67	0	1.0
174	75	0	1.0
174	211	0	1.0
174	215	0	1.0
174	2489	0	1.0
177	50	0	1.0
177	136	0	1.0
177	499	0	1.0
177	1135	0	1.0
177	1143	0	1.0
177	1412	0	1.0
177	1483	0	1.0
177	2539	0	1.0
177	1837	0	1.0
177	1867	0	1.0
177	2187	0	1.0
177	2258	0	1.0
177	2268	0	1.0
177	2508	0	1.0
179	2433	0	1.0
181	1268	0	1.0
182	578	0	1.0
182	1107	0	1.0
182	1820	0	1.0
182	1821	0	1.0
183	948	0	1.0
183	1068	0	1.0
183	2515	0	1.0
185	1464	0	1.0
187	886	0	1.0
187	1003	0	1.0
187	1046	0	1.0
187	1421	0	1.0
189	1035	0	1.0
189	1615	0	1.0
189	2752	0	1.0
189	2476	0	1.0
191	794	0	1.0
191	1568	0	1.0
193	617	0	1.0
193	904	0	1.0
193	1421	0	1.0
193	1841	0	1.0
193	1860	0	1.0
194	29	0	1.0
194	152	0	1.0
194	198	0	1.0
194	230	0	1.0
194	233	0	1.0
194	295	0	1.0
194	327	0	1.0
194	337	0	1.0
194	505	0	1.0
194	668	0	1.0
194	776	0	1.0
194	1626	0	1.0
194	1709	0	1.0
194	1789	0	1.0
194	1929	0	1.0
194	2001	0	1.0
194	2316	0	1.0
194	2464	0	1.0
195	562	0	1.0
195	578	0	1.0
195	1005	0	1.0
195	1206	0	1.0
195	2738	0	1.0
196	291	0	1.0
196	661	0	1.0
196	767	0	1.0
196	1668	0	1.0
196	2738	0	1.0
196	1905	0	1.0
196	2033	0	1.0
196	2105	0	1.0
196	2381	0	1.0
196	2569	0	1.0
196	2611	0	1.0
196	2679	0	1.0
197	466	0	1.0
197	700	0	1.0
197	1857	0	1.0
198	29	0	1.0
198	230	0	1.0
198	233	0	1.0
198	295	0	1.0
198	327	0	1.0
198	776	0	1.0
198	2001	0	1.0
198	2316	0	1.0
198	2635	0	1.0
200	377	0	1.0
201	282	0	1.0
201	877	0	1.0
201	1483	0	1.0
201	1983	0	1.0
201	2175	0	1.0
201	2187	0	1.0
201	2213	0	1.0
201	2277	0	1.0
201	2366	0	1.0
204	48	0	1.0
204	856	0	1.0
204	2222	0	1.0
205	1	0	1.0
205	195	0	1.0
205	356	0	1.0
205	519	0	1.0
205	537	0	1.0
205	562	0	1.0
205	981	0	1.0
205	1005	0	1.0
205	1099	0	1.0
205	1206	0	1.0
205	1389	0	1.0
205	1760	0	1.0
205	1780	0	1.0
205	1904	0	1.0
207	1	0	1.0
207	2699	0	1.0
207	2712	0	1.0
207	885	0	1.0
207	1369	0	1.0
207	1388	0	1.0
207	1483	0	1.0
207	2539	0	1.0
207	2033	0	1.0
207	2088	0	1.0
207	2105	0	1.0
207	2381	0	1.0
207	2519	0	1.0
207	2611	0	1.0
207	2694	0	1.0
208	393	0	1.0
209	267	0	1.0
210	2237	0	1.0
210	2414	0	1.0
211	138	0	1.0
213	1572	0	1.0
213	1591	0	1.0
214	1402	0	1.0
214	1470	0	1.0
215	138	0	1.0
217	90	0	1.0
217	256	0	1.0
217	1492	0	1.0
217	2131	0	1.0
217	2503	0	1.0
218	1427	0	1.0
218	1653	0	1.0
219	221	0	1.0
219	2490	0	1.0
220	423	0	1.0
220	615	0	1.0
220	855	0	1.0
220	899	0	1.0
220	907	0	1.0
220	915	0	1.0
220	919	0	1.0
220	982	0	1.0
220	1127	0	1.0
220	1129	0	1.0
220	1326	0	1.0
220	1396	0	1.0
220	1483	0	1.0
220	1535	0	1.0
220	1635	0	1.0
220	2539	0	1.0
220	1758	0	1.0
220	1847	0	1.0
220	1889	0	1.0
220	2283	0	1.0
220	2325	0	1.0
220	2337	0	1.0
220	2423	0	1.0
220	2473	0	1.0
220	2660	0	1.0
220	2675	0	1.0
220	2677	0	1.0
221	219	0	1.0
223	33	0	1.0
223	341	0	1.0
223	352	0	1.0
223	1893	0	1.0
224	223	0	1.0
224	1429	0	1.0
224	960	0	1.0
224	1480	0	1.0
224	1996	0	1.0
224	2049	0	1.0
224	2452	0	1.0
224	2509	0	1.0
224	2595	0	1.0
225	2114	0	1.0
226	862	0	1.0
226	981	0	1.0
226	1207	0	1.0
230	198	0	1.0
230	233	0	1.0
230	776	0	1.0
230	2001	0	1.0
230	2316	0	1.0
230	2635	0	1.0
233	295	0	1.0
233	337	0	1.0
233	432	0	1.0
233	668	0	1.0
233	1929	0	1.0
233	2001	0	1.0
233	2464	0	1.0
233	2635	0	1.0
234	474	0	1.0
234	2203	0	1.0
236	1390	0	1.0
237	535	0	1.0
237	848	0	1.0
238	31	0	1.0
238	256	0	1.0
238	1100	0	1.0
238	1735	0	1.0
238	2081	0	1.0
238	2131	0	1.0
238	2227	0	1.0
238	2544	0	1.0
238	2593	0	1.0
240	2450	0	1.0
240	2475	0	1.0
241	848	0	1.0
241	1483	0	1.0
241	1514	0	1.0
241	2033	0	1.0
241	2036	0	1.0
241	2341	0	1.0
241	2679	0	1.0
241	2689	0	1.0
244	892	0	1.0
244	951	0	1.0
244	2326	0	1.0
244	2646	0	1.0
245	848	0	1.0
245	1331	0	1.0
245	1840	0	1.0
246	79	0	1.0
246	1928	0	1.0
247	1631	0	1.0
249	50	0	1.0
249	237	0	1.0
249	848	0	1.0
249	975	0	1.0
249	1163	0	1.0
249	1483	0	1.0
249	1581	0	1.0
249	2144	0	1.0
251	38	0	1.0
251	1799	0	1.0
251	2002	0	1.0
251	2641	0	1.0
252	1376	0	1.0
252	1805	0	1.0
253	138	0	1.0
254	1337	0	1.0
254	1454	0	1.0
254	1772	0	1.0
256	31	0	1.0
256	109	0	1.0
256	1492	0	1.0
256	2186	0	1.0
256	2593	0	1.0
257	418	0	1.0
257	506	0	1.0
257	1007	0	1.0
257	1176	0	1.0
257	1984	0	1.0
257	2424	0	1.0
257	2474	0	1.0
258	638	0	1.0
258	807	0	1.0
258	933	0	1.0
258	1510	0	1.0
258	1903	0	1.0
258	2087	0	1.0
258	2188	0	1.0
258	2435	0	1.0
258	2479	0	1.0
259	4	0	1.0
259	27	0	1.0
259	2699	0	1.0
259	1129	0	1.0
259	1581	0	1.0
259	1639	0	1.0
259	1897	0	1.0
259	2165	0	1.0
259	2169	0	1.0
259	2258	0	1.0
259	2290	0	1.0
259	2755	0	1.0
259	2496	0	1.0
259	2529	0	1.0
259	2677	0	1.0
259	2683	0	1.0
259	2688	0	1.0
260	394	0	1.0
260	571	0	1.0
260	610	0	1.0
260	862	0	1.0
260	981	0	1.0
260	1094	0	1.0
260	1472	0	1.0
260	1484	0	1.0
260	1537	0	1.0
260	1613	0	1.0
260	1961	0	1.0
260	2218	0	1.0
260	2288	0	1.0
260	2513	0	1.0
261	117	0	1.0
261	2703	0	1.0
261	231	0	1.0
263	3	0	1.0
263	20	0	1.0
263	535	0	1.0
263	546	0	1.0
263	672	0	1.0
263	1100	0	1.0
263	1302	0	1.0
263	1339	0	1.0
263	1388	0	1.0
263	1483	0	1.0
263	1592	0	1.0
263	2381	0	1.0
263	2519	0	1.0
263	2685	0	1.0
263	2687	0	1.0
263	2694	0	1.0
265	70	0	1.0
265	420	0	1.0
265	607	0	1.0
265	610	0	1.0
265	863	0	1.0
265	916	0	1.0
265	990	0	1.0
265	1038	0	1.0
265	1091	0	1.0
265	1094	0	1.0
265	1318	0	1.0
265	1414	0	1.0
265	1484	0	1.0
265	1751	0	1.0
265	2355	0	1.0
265	2407	0	1.0
266	704	0	1.0
266	784	0	1.0
266	949	0	1.0
266	2627	0	1.0
267	209	0	1.0
268	2719	0	1.0
268	692	0	1.0
268	762	0	1.0
268	853	0	1.0
268	948	0	1.0
268	1068	0	1.0
268	1347	0	1.0
268	1838	0	1.0
268	2197	0	1.0
268	2347	0	1.0
269	141	0	1.0
269	340	0	1.0
269	1292	0	1.0
269	1896	0	1.0
269	2346	0	1.0
270	678	0	1.0
270	719	0	1.0
270	790	0	1.0
270	854	0	1.0
270	873	0	1.0
270	876	0	1.0
270	1034	0	1.0
270	1042	0	1.0
270	1627	0	1.0
270	2164	0	1.0
270	2176	0	1.0
271	1103	0	1.0
271	1771	0	1.0
271	2136	0	1.0
271	2304	0	1.0
272	27	0	1.0
272	217	0	1.0
272	241	0	1.0
272	249	0	1.0
272	259	0	1.0
272	1100	0	1.0
272	1388	0	1.0
272	1897	0	1.0
272	2081	0	1.0
272	2290	0	1.0
272	2755	0	1.0
272	2758	0	1.0
272	2503	0	1.0
272	2529	0	1.0
272	2675	0	1.0
272	2683	0	1.0
273	143	0	1.0
273	371	0	1.0
273	1199	0	1.0
273	1291	0	1.0
273	1455	0	1.0
273	1609	0	1.0
273	1641	0	1.0
273	1790	0	1.0
273	2508	0	1.0
274	187	0	1.0
274	552	0	1.0
274	693	0	1.0
274	1003	0	1.0
274	1249	0	1.0
274	1557	0	1.0
274	2020	0	1.0
274	2074	0	1.0
275	1015	0	1.0
275	1232	0	1.0
275	1285	0	1.0
275	1850	0	1.0
276	3	0	1.0
276	4	0	1.0
276	27	0	1.0
276	65	0	1.0
276	248	0	1.0
276	249	0	1.0
276	259	0	1.0
276	597	0	1.0
276	303	0	1.0
276	1100	0	1.0
276	1129	0	1.0
276	1253	0	1.0
276	1302	0	1.0
276	1483	0	1.0
276	1581	0	1.0
276	1735	0	1.0
276	1770	0	1.0
276	1915	0	1.0
276	1974	0	1.0
276	2165	0	1.0
276	2169	0	1.0
276	2258	0	1.0
276	2755	0	1.0
276	2341	0	1.0
276	2496	0	1.0
276	2683	0	1.0
276	2688	0	1.0
277	176	0	1.0
277	1378	0	1.0
277	1576	0	1.0
277	1579	0	1.0
277	1590	0	1.0
277	1699	0	1.0
277	1901	0	1.0
277	2164	0	1.0
277	2176	0	1.0
277	2263	0	1.0
277	2401	0	1.0
278	34	0	1.0
278	109	0	1.0
278	136	0	1.0
278	2712	0	1.0
278	2714	0	1.0
278	281	0	1.0
278	901	0	1.0
278	1302	0	1.0
278	1369	0	1.0
278	1483	0	1.0
278	1537	0	1.0
278	1676	0	1.0
278	2539	0	1.0
278	1792	0	1.0
278	2097	0	1.0
280	861	0	1.0
281	20	0	1.0
281	34	0	1.0
281	136	0	1.0
281	594	0	1.0
281	296	0	1.0
281	499	0	1.0
281	1195	0	1.0
281	1483	0	1.0
281	1647	0	1.0
281	2270	0	1.0
281	2366	0	1.0
281	2519	0	1.0
282	1983	0	1.0
283	592	0	1.0
283	2133	0	1.0
284	544	0	1.0
284	1276	0	1.0
284	1277	0	1.0
284	2573	0	1.0
287	440	0	1.0
287	681	0	1.0
287	900	0	1.0
287	1297	0	1.0
287	1532	0	1.0
287	1861	0	1.0
287	2235	0	1.0
288	26	0	1.0
288	64	0	1.0
288	87	0	1.0
288	96	0	1.0
288	151	0	1.0
288	834	0	1.0
289	20	0	1.0
289	136	0	1.0
289	143	0	1.0
289	296	0	1.0
289	887	0	1.0
289	1004	0	1.0
289	1302	0	1.0
289	1483	0	1.0
289	1595	0	1.0
289	1882	0	1.0
289	2147	0	1.0
289	2187	0	1.0
289	2219	0	1.0
289	2258	0	1.0
289	2277	0	1.0
289	2335	0	1.0
289	2519	0	1.0
289	2611	0	1.0
290	2	0	1.0
290	167	0	1.0
290	174	0	1.0
290	518	0	1.0
290	2489	0	1.0
291	208	0	1.0
291	660	0	1.0
291	755	0	1.0
291	986	0	1.0
291	1144	0	1.0
292	453	0	1.0
293	346	0	1.0
293	2619	0	1.0
294	604	0	1.0
294	918	0	1.0
294	1459	0	1.0
294	1608	0	1.0
294	1703	0	1.0
294	1849	0	1.0
294	2469	0	1.0
295	337	0	1.0
295	432	0	1.0
295	668	0	1.0
295	1626	0	1.0
295	1929	0	1.0
295	2464	0	1.0
296	34	0	1.0
296	74	0	1.0
296	1676	0	1.0
296	1860	0	1.0
296	1992	0	1.0
296	2219	0	1.0
296	2338	0	1.0
299	6	0	1.0
299	116	0	1.0
299	702	0	1.0
299	846	0	1.0
299	1061	0	1.0
299	1282	0	1.0
299	1766	0	1.0
299	2186	0	1.0
299	2231	0	1.0
300	858	0	1.0
302	1771	0	1.0
302	1804	0	1.0
302	1894	0	1.0
303	39	0	1.0
303	284	0	1.0
303	817	0	1.0
303	1046	0	1.0
303	1131	0	1.0
303	1163	0	1.0
303	1537	0	1.0
303	2612	0	1.0
306	354	0	1.0
306	369	0	1.0
306	1667	0	1.0
306	2054	0	1.0
308	405	0	1.0
308	849	0	1.0
308	880	0	1.0
308	891	0	1.0
308	1346	0	1.0
308	1943	0	1.0
308	2114	0	1.0
308	2119	0	1.0
308	2463	0	1.0
309	1544	0	1.0
309	2508	0	1.0
311	1470	0	1.0
311	2296	0	1.0
312	504	0	1.0
312	1185	0	1.0
312	1340	0	1.0
312	1428	0	1.0
312	2741	0	1.0
312	2515	0	1.0
314	1353	0	1.0
314	1457	0	1.0
314	2373	0	1.0
316	587	0	1.0
316	612	0	1.0
316	654	0	1.0
316	701	0	1.0
316	1307	0	1.0
316	1402	0	1.0
316	1574	0	1.0
316	1591	0	1.0
316	1890	0	1.0
316	1901	0	1.0
316	1966	0	1.0
316	2568	0	1.0
318	393	0	1.0
318	848	0	1.0
318	1032	0	1.0
318	1514	0	1.0
318	1841	0	1.0
318	2330	0	1.0
318	2381	0	1.0
318	2595	0	1.0
319	405	0	1.0
319	849	0	1.0
319	859	0	1.0
319	880	0	1.0
319	1016	0	1.0
319	1071	0	1.0
319	1149	0	1.0
319	1160	0	1.0
319	1255	0	1.0
319	1815	0	1.0
319	2114	0	1.0
319	2504	0	1.0
320	905	0	1.0
320	917	0	1.0
320	971	0	1.0
320	1568	0	1.0
326	1753	0	1.0
327	29	0	1.0
327	295	0	1.0
327	432	0	1.0
327	668	0	1.0
327	1929	0	1.0
327	2001	0	1.0
327	2464	0	1.0
327	2635	0	1.0
329	325	0	1.0
329	382	0	1.0
329	547	0	1.0
331	894	0	1.0
331	1072	0	1.0
331	1082	0	1.0
331	2007	0	1.0
332	346	0	1.0
332	2619	0	1.0
333	298	0	1.0
334	998	0	1.0
334	1410	0	1.0
334	1584	0	1.0
334	2427	0	1.0
336	225	0	1.0
336	319	0	1.0
336	405	0	1.0
336	685	0	1.0
336	849	0	1.0
336	859	0	1.0
336	880	0	1.0
336	1016	0	1.0
336	1071	0	1.0
336	1149	0	1.0
336	1255	0	1.0
336	1308	0	1.0
336	1593	0	1.0
336	1616	0	1.0
336	1624	0	1.0
336	1652	0	1.0
336	1763	0	1.0
336	2114	0	1.0
336	2155	0	1.0
336	2504	0	1.0
337	432	0	1.0
340	141	0	1.0
340	1896	0	1.0
340	2346	0	1.0
341	352	0	1.0
343	1075	0	1.0
343	1147	0	1.0
344	1033	0	1.0
344	1681	0	1.0
347	8	0	1.0
347	1007	0	1.0
347	1865	0	1.0
347	2212	0	1.0
347	2424	0	1.0
349	345	0	1.0
350	395	0	1.0
350	1471	0	1.0
350	2220	0	1.0
350	2506	0	1.0
351	38	0	1.0
351	169	0	1.0
351	209	0	1.0
351	267	0	1.0
351	1029	0	1.0
351	1658	0	1.0
351	2637	0	1.0
351	2641	0	1.0
354	369	0	1.0
354	1667	0	1.0
356	1904	0	1.0
356	1909	0	1.0
356	2430	0	1.0
357	449	0	1.0
357	1395	0	1.0
357	1585	0	1.0
357	1746	0	1.0
357	2250	0	1.0
358	589	0	1.0
358	697	0	1.0
358	1896	0	1.0
361	560	0	1.0
361	886	0	1.0
361	1838	0	1.0
361	2223	0	1.0
362	425	0	1.0
362	452	0	1.0
362	604	0	1.0
362	655	0	1.0
362	667	0	1.0
362	1039	0	1.0
362	1040	0	1.0
362	1298	0	1.0
362	1555	0	1.0
362	1608	0	1.0
362	2019	0	1.0
362	2046	0	1.0
362	2172	0	1.0
362	2664	0	1.0
364	1937	0	1.0
365	1377	0	1.0
365	1850	0	1.0
366	1524	0	1.0
367	476	0	1.0
367	817	0	1.0
367	848	0	1.0
367	1421	0	1.0
368	8	0	1.0
368	123	0	1.0
368	126	0	1.0
368	506	0	1.0
368	1176	0	1.0
368	1865	0	1.0
368	2134	0	1.0
368	2146	0	1.0
368	2393	0	1.0
368	2638	0	1.0
371	504	0	1.0
371	690	0	1.0
371	1162	0	1.0
373	127	0	1.0
373	227	0	1.0
373	547	0	1.0
373	2454	0	1.0
374	813	0	1.0
374	2093	0	1.0
375	2704	0	1.0
375	345	0	1.0
376	590	0	1.0
376	1850	0	1.0
379	1538	0	1.0
380	750	0	1.0
380	1107	0	1.0
380	1121	0	1.0
380	1401	0	1.0
380	1700	0	1.0
380	1821	0	1.0
380	2062	0	1.0
380	2072	0	1.0
380	2150	0	1.0
381	1438	0	1.0
381	1673	0	1.0
381	1826	0	1.0
381	1926	0	1.0
381	2370	0	1.0
383	78	0	1.0
383	393	0	1.0
383	414	0	1.0
383	981	0	1.0
383	1032	0	1.0
383	1392	0	1.0
383	1668	0	1.0
383	1961	0	1.0
384	490	0	1.0
384	626	0	1.0
384	2719	0	1.0
384	762	0	1.0
384	948	0	1.0
384	1126	0	1.0
384	1347	0	1.0
384	1534	0	1.0
384	2347	0	1.0
386	1362	0	1.0
388	574	0	1.0
388	585	0	1.0
392	441	0	1.0
392	623	0	1.0
392	681	0	1.0
392	1258	0	1.0
392	2383	0	1.0
394	634	0	1.0
394	862	0	1.0
394	981	0	1.0
394	1961	0	1.0
394	1998	0	1.0
394	2033	0	1.0
394	2595	0	1.0
394	2679	0	1.0
395	1471	0	1.0
395	1932	0	1.0
395	2343	0	1.0
395	2506	0	1.0
396	813	0	1.0
396	1747	0	1.0
396	2382	0	1.0
397	2328	0	1.0
397	2501	0	1.0
398	624	0	1.0
399	164	0	1.0
399	185	0	1.0
399	1464	0	1.0
399	2109	0	1.0
399	2492	0	1.0
402	802	0	1.0
402	1335	0	1.0
402	2096	0	1.0
402	2131	0	1.0
402	2758	0	1.0
402	2452	0	1.0
402	2595	0	1.0
402	2625	0	1.0
402	2630	0	1.0
403	958	0	1.0
403	1710	0	1.0
403	2054	0	1.0
403	2511	0	1.0
404	1148	0	1.0
404	1191	0	1.0
404	1552	0	1.0
404	1692	0	1.0
404	1842	0	1.0
404	2063	0	1.0
404	2432	0	1.0
404	2510	0	1.0
405	2114	0	1.0
406	1400	0	1.0
406	1805	0	1.0
406	2459	0	1.0
407	1391	0	1.0
407	1690	0	1.0
408	2129	0	1.0
410	127	0	1.0
410	155	0	1.0
410	2492	0	1.0
412	1257	0	1.0
413	457	0	1.0
413	725	0	1.0
413	741	0	1.0
413	1214	0	1.0
413	1337	0	1.0
413	1454	0	1.0
413	1972	0	1.0
413	2102	0	1.0
413	2107	0	1.0
414	796	0	1.0
414	1208	0	1.0
415	1996	0	1.0
416	219	0	1.0
416	1194	0	1.0
416	2005	0	1.0
418	67	0	1.0
418	75	0	1.0
418	1984	0	1.0
420	165	0	1.0
420	727	0	1.0
420	2355	0	1.0
420	2616	0	1.0
421	2419	0	1.0
422	1711	0	1.0
422	2198	0	1.0
422	2367	0	1.0
423	907	0	1.0
427	39	0	1.0
427	237	0	1.0
427	486	0	1.0
427	543	0	1.0
427	975	0	1.0
427	1738	0	1.0
428	1869	0	1.0
428	2364	0	1.0
430	956	0	1.0
430	1066	0	1.0
430	2276	0	1.0
431	13	0	1.0
431	245	0	1.0
431	476	0	1.0
431	845	0	1.0
431	848	0	1.0
431	1171	0	1.0
431	1315	0	1.0
431	1331	0	1.0
431	1385	0	1.0
431	1504	0	1.0
431	1585	0	1.0
431	1840	0	1.0
431	2167	0	1.0
431	2258	0	1.0
431	2300	0	1.0
431	2309	0	1.0
433	15	0	1.0
433	394	0	1.0
433	500	0	1.0
433	554	0	1.0
433	571	0	1.0
433	973	0	1.0
433	986	0	1.0
433	1144	0	1.0
433	1809	0	1.0
433	1823	0	1.0
433	2218	0	1.0
433	2277	0	1.0
433	2366	0	1.0
433	2611	0	1.0
434	75	0	1.0
434	418	0	1.0
434	1984	0	1.0
434	2146	0	1.0
434	2424	0	1.0
434	2474	0	1.0
435	989	0	1.0
435	1380	0	1.0
435	2418	0	1.0
436	383	0	1.0
436	394	0	1.0
436	845	0	1.0
436	1171	0	1.0
436	1392	0	1.0
436	1668	0	1.0
436	2218	0	1.0
437	533	0	1.0
437	539	0	1.0
437	650	0	1.0
437	717	0	1.0
437	1025	0	1.0
437	1044	0	1.0
437	1290	0	1.0
438	520	0	1.0
438	1976	0	1.0
438	2426	0	1.0
440	239	0	1.0
440	2558	0	1.0
441	681	0	1.0
442	1373	0	1.0
442	1515	0	1.0
442	1785	0	1.0
442	2363	0	1.0
443	402	0	1.0
443	462	0	1.0
443	484	0	1.0
443	802	0	1.0
443	889	0	1.0
443	1101	0	1.0
443	1567	0	1.0
443	1638	0	1.0
443	2096	0	1.0
443	2170	0	1.0
443	2253	0	1.0
443	2758	0	1.0
443	2452	0	1.0
443	2503	0	1.0
443	2526	0	1.0
443	2630	0	1.0
443	2650	0	1.0
444	39	0	1.0
444	187	0	1.0
444	197	0	1.0
444	486	0	1.0
444	872	0	1.0
444	886	0	1.0
444	1046	0	1.0
444	1759	0	1.0
444	1827	0	1.0
444	1857	0	1.0
445	939	0	1.0
445	1901	0	1.0
445	2164	0	1.0
445	2176	0	1.0
448	354	0	1.0
448	1667	0	1.0
448	2054	0	1.0
450	209	0	1.0
450	251	0	1.0
450	267	0	1.0
450	473	0	1.0
450	493	0	1.0
450	705	0	1.0
450	1073	0	1.0
450	1286	0	1.0
450	1300	0	1.0
450	1658	0	1.0
450	1799	0	1.0
450	2023	0	1.0
450	2058	0	1.0
450	2207	0	1.0
450	2398	0	1.0
450	2637	0	1.0
450	2639	0	1.0
450	2641	0	1.0
450	2645	0	1.0
451	164	0	1.0
451	185	0	1.0
451	1072	0	1.0
451	2007	0	1.0
452	415	0	1.0
452	425	0	1.0
452	1039	0	1.0
452	1298	0	1.0
452	1467	0	1.0
452	1608	0	1.0
452	1819	0	1.0
452	2019	0	1.0
452	2655	0	1.0
454	1629	0	1.0
455	958	0	1.0
455	1111	0	1.0
455	1771	0	1.0
455	2262	0	1.0
456	1299	0	1.0
457	725	0	1.0
457	1214	0	1.0
457	1454	0	1.0
457	1826	0	1.0
457	1999	0	1.0
457	2102	0	1.0
457	2107	0	1.0
458	33	0	1.0
458	92	0	1.0
458	113	0	1.0
458	223	0	1.0
458	341	0	1.0
458	352	0	1.0
458	643	0	1.0
458	1031	0	1.0
458	1117	0	1.0
458	1258	0	1.0
458	1893	0	1.0
462	484	0	1.0
462	2096	0	1.0
462	2625	0	1.0
462	2630	0	1.0
462	2650	0	1.0
463	50	0	1.0
463	137	0	1.0
463	490	0	1.0
463	2717	0	1.0
463	650	0	1.0
463	858	0	1.0
463	1001	0	1.0
463	1028	0	1.0
463	1146	0	1.0
463	1284	0	1.0
463	2731	0	1.0
463	1837	0	1.0
464	2453	0	1.0
465	533	0	1.0
465	539	0	1.0
465	650	0	1.0
465	717	0	1.0
465	780	0	1.0
465	1025	0	1.0
467	388	0	1.0
467	574	0	1.0
468	33	0	1.0
468	223	0	1.0
469	1428	0	1.0
469	1562	0	1.0
471	757	0	1.0
473	38	0	1.0
473	169	0	1.0
473	209	0	1.0
473	267	0	1.0
473	351	0	1.0
473	1658	0	1.0
473	1799	0	1.0
473	2310	0	1.0
473	2637	0	1.0
473	2641	0	1.0
474	2203	0	1.0
475	170	0	1.0
475	828	0	1.0
477	356	0	1.0
477	562	0	1.0
477	1005	0	1.0
477	1099	0	1.0
477	1206	0	1.0
477	1230	0	1.0
477	1272	0	1.0
477	1904	0	1.0
477	1909	0	1.0
477	2430	0	1.0
478	216	0	1.0
478	1705	0	1.0
480	267	0	1.0
480	2643	0	1.0
483	445	0	1.0
483	534	0	1.0
483	632	0	1.0
483	664	0	1.0
483	873	0	1.0
483	1002	0	1.0
483	1069	0	1.0
483	1251	0	1.0
483	1422	0	1.0
483	1590	0	1.0
483	1856	0	1.0
483	1895	0	1.0
483	2155	0	1.0
483	2164	0	1.0
483	2215	0	1.0
483	2228	0	1.0
483	2667	0	1.0
484	462	0	1.0
484	1101	0	1.0
484	2096	0	1.0
484	2758	0	1.0
484	2625	0	1.0
484	2630	0	1.0
484	2650	0	1.0
485	1820	0	1.0
488	764	0	1.0
490	183	0	1.0
490	2717	0	1.0
490	836	0	1.0
490	948	0	1.0
490	1001	0	1.0
490	1126	0	1.0
490	2731	0	1.0
490	1428	0	1.0
490	1534	0	1.0
490	1837	0	1.0
491	325	0	1.0
491	591	0	1.0
493	38	0	1.0
493	301	0	1.0
495	1972	0	1.0
495	2206	0	1.0
497	854	0	1.0
497	1850	0	1.0
497	2059	0	1.0
498	628	0	1.0
499	34	0	1.0
499	296	0	1.0
499	1676	0	1.0
499	1860	0	1.0
499	1867	0	1.0
503	14	0	1.0
503	294	0	1.0
503	810	0	1.0
503	891	0	1.0
503	1510	0	1.0
503	1727	0	1.0
503	1849	0	1.0
503	2743	0	1.0
503	2747	0	1.0
505	337	0	1.0
505	668	0	1.0
505	1626	0	1.0
505	1929	0	1.0
506	8	0	1.0
506	123	0	1.0
506	1176	0	1.0
506	1865	0	1.0
506	2212	0	1.0
506	2574	0	1.0
507	903	0	1.0
507	2472	0	1.0
507	2507	0	1.0
508	1276	0	1.0
508	2573	0	1.0
508	2591	0	1.0
509	1140	0	1.0
509	1395	0	1.0
509	1502	0	1.0
509	1637	0	1.0
509	1710	0	1.0
509	1746	0	1.0
509	2250	0	1.0
511	315	0	1.0
511	2315	0	1.0
516	346	0	1.0
516	482	0	1.0
516	907	0	1.0
516	1635	0	1.0
516	2280	0	1.0
516	2619	0	1.0
518	75	0	1.0
518	290	0	1.0
518	418	0	1.0
518	1984	0	1.0
518	2204	0	1.0
519	143	0	1.0
519	537	0	1.0
519	1004	0	1.0
520	1976	0	1.0
521	176	0	1.0
522	773	0	1.0
522	1423	0	1.0
522	1786	0	1.0
522	1931	0	1.0
522	1942	0	1.0
522	2124	0	1.0
522	2460	0	1.0
523	2096	0	1.0
523	2253	0	1.0
523	2630	0	1.0
525	859	0	1.0
525	866	0	1.0
525	1301	0	1.0
525	1501	0	1.0
525	1616	0	1.0
525	1763	0	1.0
525	1817	0	1.0
528	233	0	1.0
528	776	0	1.0
528	2001	0	1.0
528	2635	0	1.0
529	353	0	1.0
529	741	0	1.0
529	1972	0	1.0
529	1999	0	1.0
529	2252	0	1.0
530	613	0	1.0
530	1467	0	1.0
530	2092	0	1.0
531	212	0	1.0
532	393	0	1.0
532	672	0	1.0
532	1100	0	1.0
532	1483	0	1.0
532	2519	0	1.0
532	2685	0	1.0
532	2689	0	1.0
533	1025	0	1.0
533	1500	0	1.0
533	1891	0	1.0
533	2173	0	1.0
534	1422	0	1.0
534	1856	0	1.0
534	2228	0	1.0
536	2184	0	1.0
540	1401	0	1.0
540	1821	0	1.0
540	2072	0	1.0
540	2508	0	1.0
543	1516	0	1.0
543	1701	0	1.0
543	2045	0	1.0
544	535	0	1.0
544	537	0	1.0
544	1277	0	1.0
544	2612	0	1.0
545	414	0	1.0
545	544	0	1.0
545	546	0	1.0
545	881	0	1.0
545	1249	0	1.0
545	1267	0	1.0
545	1339	0	1.0
545	1586	0	1.0
545	1716	0	1.0
545	2193	0	1.0
545	2612	0	1.0
546	535	0	1.0
546	544	0	1.0
546	617	0	1.0
546	1267	0	1.0
546	1605	0	1.0
546	1716	0	1.0
548	1162	0	1.0
549	1408	0	1.0
549	1538	0	1.0
549	2144	0	1.0
550	96	0	1.0
550	834	0	1.0
551	333	0	1.0
552	293	0	1.0
552	332	0	1.0
552	346	0	1.0
552	907	0	1.0
552	1537	0	1.0
552	2619	0	1.0
553	325	0	1.0
553	591	0	1.0
554	52	0	1.0
554	65	0	1.0
554	142	0	1.0
554	394	0	1.0
554	433	0	1.0
554	519	0	1.0
554	537	0	1.0
554	571	0	1.0
554	1004	0	1.0
554	1389	0	1.0
554	1491	0	1.0
554	1939	0	1.0
554	2036	0	1.0
554	2218	0	1.0
554	2277	0	1.0
554	2526	0	1.0
554	2595	0	1.0
555	1116	0	1.0
555	2629	0	1.0
555	2632	0	1.0
556	106	0	1.0
556	182	0	1.0
556	1107	0	1.0
556	1121	0	1.0
556	1700	0	1.0
556	1820	0	1.0
556	1821	0	1.0
556	1990	0	1.0
557	430	0	1.0
557	809	0	1.0
557	956	0	1.0
557	1564	0	1.0
557	1832	0	1.0
557	2008	0	1.0
557	2276	0	1.0
558	1332	0	1.0
561	1084	0	1.0
561	1410	0	1.0
564	226	0	1.0
564	394	0	1.0
564	862	0	1.0
564	914	0	1.0
564	981	0	1.0
564	1080	0	1.0
564	1207	0	1.0
564	1613	0	1.0
564	1961	0	1.0
564	1998	0	1.0
564	2288	0	1.0
567	1698	0	1.0
568	378	0	1.0
568	1556	0	1.0
568	1791	0	1.0
569	15	0	1.0
569	1144	0	1.0
569	1630	0	1.0
569	1823	0	1.0
569	1824	0	1.0
569	2044	0	1.0
570	1879	0	1.0
571	78	0	1.0
571	383	0	1.0
571	394	0	1.0
571	578	0	1.0
571	634	0	1.0
571	660	0	1.0
571	1668	0	1.0
571	1716	0	1.0
571	1939	0	1.0
571	2033	0	1.0
571	2105	0	1.0
571	2218	0	1.0
571	2679	0	1.0
572	767	0	1.0
572	957	0	1.0
572	970	0	1.0
572	1238	0	1.0
572	1342	0	1.0
572	1450	0	1.0
572	2178	0	1.0
572	2321	0	1.0
572	2528	0	1.0
573	437	0	1.0
573	465	0	1.0
573	533	0	1.0
573	539	0	1.0
573	650	0	1.0
573	717	0	1.0
573	729	0	1.0
573	780	0	1.0
573	803	0	1.0
573	928	0	1.0
573	964	0	1.0
573	969	0	1.0
573	1025	0	1.0
576	2164	0	1.0
579	10	0	1.0
579	356	0	1.0
579	367	0	1.0
579	423	0	1.0
579	614	0	1.0
579	907	0	1.0
579	1099	0	1.0
579	1127	0	1.0
579	1230	0	1.0
579	1272	0	1.0
579	1326	0	1.0
579	1396	0	1.0
579	1676	0	1.0
579	1874	0	1.0
579	1889	0	1.0
579	1904	0	1.0
579	1909	0	1.0
579	2430	0	1.0
579	2660	0	1.0
581	2747	0	1.0
583	445	0	1.0
583	632	0	1.0
583	873	0	1.0
583	1069	0	1.0
583	1087	0	1.0
583	1141	0	1.0
583	1251	0	1.0
583	1579	0	1.0
583	1590	0	1.0
583	1901	0	1.0
583	2164	0	1.0
583	2176	0	1.0
583	2188	0	1.0
583	2438	0	1.0
587	612	0	1.0
587	983	0	1.0
587	1307	0	1.0
587	1574	0	1.0
587	1622	0	1.0
587	2541	0	1.0
587	1966	0	1.0
588	64	0	1.0
588	2181	0	1.0
589	340	0	1.0
589	697	0	1.0
589	1896	0	1.0
589	2346	0	1.0
590	701	0	1.0
590	1275	0	1.0
590	1672	0	1.0
590	1747	0	1.0
590	1850	0	1.0
591	325	0	1.0
592	158	0	1.0
594	1	0	1.0
594	20	0	1.0
594	34	0	1.0
594	50	0	1.0
594	136	0	1.0
594	177	0	1.0
594	241	0	1.0
594	281	0	1.0
594	1143	0	1.0
594	1483	0	1.0
594	1803	0	1.0
594	2097	0	1.0
594	2244	0	1.0
594	2258	0	1.0
594	2441	0	1.0
594	2519	0	1.0
594	2677	0	1.0
594	2686	0	1.0
595	1079	0	1.0
596	4	0	1.0
596	27	0	1.0
596	90	0	1.0
596	2712	0	1.0
596	248	0	1.0
596	249	0	1.0
596	259	0	1.0
596	1129	0	1.0
596	1388	0	1.0
596	1483	0	1.0
596	1581	0	1.0
596	2539	0	1.0
596	1770	0	1.0
596	2165	0	1.0
596	2169	0	1.0
596	2227	0	1.0
596	2755	0	1.0
596	2496	0	1.0
596	2529	0	1.0
596	2583	0	1.0
596	2675	0	1.0
596	2688	0	1.0
597	2766	0	1.0
597	27	0	1.0
597	90	0	1.0
597	241	0	1.0
597	249	0	1.0
597	726	0	1.0
597	1151	0	1.0
597	1607	0	1.0
597	1639	0	1.0
597	1770	0	1.0
597	1897	0	1.0
597	2070	0	1.0
597	2169	0	1.0
597	2270	0	1.0
597	2755	0	1.0
597	2496	0	1.0
597	2529	0	1.0
597	2677	0	1.0
597	2688	0	1.0
598	2545	0	1.0
600	891	0	1.0
601	2508	0	1.0
603	618	0	1.0
603	782	0	1.0
603	1455	0	1.0
603	1544	0	1.0
603	1609	0	1.0
612	311	0	1.0
612	983	0	1.0
612	1543	0	1.0
612	1622	0	1.0
612	1966	0	1.0
612	2666	0	1.0
614	907	0	1.0
614	1127	0	1.0
615	10	0	1.0
615	423	0	1.0
615	614	0	1.0
615	907	0	1.0
615	1127	0	1.0
615	1874	0	1.0
617	2619	0	1.0
619	1437	0	1.0
619	1886	0	1.0
621	1529	0	1.0
622	460	0	1.0
626	1030	0	1.0
626	1534	0	1.0
632	576	0	1.0
632	873	0	1.0
632	1069	0	1.0
632	1087	0	1.0
632	1141	0	1.0
632	1579	0	1.0
632	2164	0	1.0
632	2176	0	1.0
633	654	0	1.0
633	1591	0	1.0
633	1879	0	1.0
633	2556	0	1.0
634	35	0	1.0
634	660	0	1.0
636	344	0	1.0
636	627	0	1.0
636	2042	0	1.0
637	507	0	1.0
637	751	0	1.0
637	756	0	1.0
637	903	0	1.0
637	947	0	1.0
637	2734	0	1.0
637	1948	0	1.0
637	1964	0	1.0
637	2543	0	1.0
638	225	0	1.0
638	405	0	1.0
638	849	0	1.0
638	880	0	1.0
638	1071	0	1.0
638	1255	0	1.0
638	1834	0	1.0
638	2114	0	1.0
638	2504	0	1.0
639	1791	0	1.0
640	706	0	1.0
641	302	0	1.0
641	754	0	1.0
641	943	0	1.0
641	1111	0	1.0
642	2216	0	1.0
643	33	0	1.0
643	352	0	1.0
643	2550	0	1.0
645	210	0	1.0
645	440	0	1.0
645	829	0	1.0
645	1258	0	1.0
645	1532	0	1.0
645	2076	0	1.0
645	2346	0	1.0
646	2095	0	1.0
646	2417	0	1.0
647	333	0	1.0
648	798	0	1.0
648	1241	0	1.0
648	2221	0	1.0
648	2476	0	1.0
650	322	0	1.0
650	729	0	1.0
650	948	0	1.0
650	1891	0	1.0
650	2173	0	1.0
650	2347	0	1.0
652	871	0	1.0
652	1556	0	1.0
652	1559	0	1.0
652	1658	0	1.0
652	1981	0	1.0
653	301	0	1.0
653	351	0	1.0
653	1658	0	1.0
653	1799	0	1.0
653	2058	0	1.0
653	2637	0	1.0
653	2641	0	1.0
654	349	0	1.0
654	612	0	1.0
654	1307	0	1.0
654	1543	0	1.0
654	2541	0	1.0
654	1879	0	1.0
654	1966	0	1.0
655	1239	0	1.0
655	2127	0	1.0
657	819	0	1.0
658	469	0	1.0
658	504	0	1.0
659	1099	0	1.0
659	1909	0	1.0
662	895	0	1.0
662	2500	0	1.0
663	1793	0	1.0
663	1950	0	1.0
664	1373	0	1.0
664	1422	0	1.0
664	1515	0	1.0
664	1785	0	1.0
664	2160	0	1.0
664	2228	0	1.0
664	2667	0	1.0
667	1298	0	1.0
667	1608	0	1.0
667	1970	0	1.0
667	2019	0	1.0
667	2655	0	1.0
668	337	0	1.0
669	343	0	1.0
669	1075	0	1.0
669	1417	0	1.0
669	1697	0	1.0
669	1917	0	1.0
669	2744	0	1.0
669	2305	0	1.0
670	2492	0	1.0
672	423	0	1.0
672	2717	0	1.0
672	615	0	1.0
672	855	0	1.0
672	907	0	1.0
672	1295	0	1.0
672	1302	0	1.0
672	1595	0	1.0
672	1759	0	1.0
672	1860	0	1.0
672	2283	0	1.0
672	2487	0	1.0
672	2660	0	1.0
675	38	0	1.0
675	76	0	1.0
675	147	0	1.0
675	169	0	1.0
675	209	0	1.0
675	251	0	1.0
675	267	0	1.0
675	351	0	1.0
675	473	0	1.0
675	1029	0	1.0
675	1073	0	1.0
675	1113	0	1.0
675	1130	0	1.0
675	1300	0	1.0
675	1658	0	1.0
675	1775	0	1.0
675	1799	0	1.0
675	1906	0	1.0
675	2023	0	1.0
675	2310	0	1.0
675	2635	0	1.0
675	2636	0	1.0
675	2637	0	1.0
675	2639	0	1.0
675	2641	0	1.0
677	39	0	1.0
677	187	0	1.0
677	197	0	1.0
677	300	0	1.0
677	444	0	1.0
677	486	0	1.0
677	872	0	1.0
677	1685	0	1.0
677	1759	0	1.0
677	1857	0	1.0
678	873	0	1.0
678	1579	0	1.0
678	2164	0	1.0
685	176	0	1.0
685	225	0	1.0
685	405	0	1.0
685	521	0	1.0
685	849	0	1.0
685	859	0	1.0
685	1481	0	1.0
685	2022	0	1.0
685	2114	0	1.0
685	2164	0	1.0
685	2176	0	1.0
685	2504	0	1.0
688	1124	0	1.0
688	1515	0	1.0
688	1785	0	1.0
689	504	0	1.0
689	690	0	1.0
689	1162	0	1.0
689	1207	0	1.0
690	504	0	1.0
690	1162	0	1.0
692	560	0	1.0
692	626	0	1.0
692	762	0	1.0
692	836	0	1.0
692	1126	0	1.0
692	1146	0	1.0
692	1347	0	1.0
692	1534	0	1.0
692	1838	0	1.0
692	1891	0	1.0
692	2173	0	1.0
692	2347	0	1.0
692	2358	0	1.0
694	1161	0	1.0
695	1712	0	1.0
696	370	0	1.0
696	576	0	1.0
696	632	0	1.0
696	678	0	1.0
696	873	0	1.0
696	1087	0	1.0
696	2164	0	1.0
696	2176	0	1.0
697	340	0	1.0
697	1836	0	1.0
697	1896	0	1.0
699	2722	0	1.0
699	1896	0	1.0
699	2554	0	1.0
701	144	0	1.0
701	345	0	1.0
701	396	0	1.0
701	1402	0	1.0
701	1579	0	1.0
701	2382	0	1.0
702	227	0	1.0
704	85	0	1.0
704	2627	0	1.0
705	251	0	1.0
705	1312	0	1.0
705	1799	0	1.0
705	2348	0	1.0
706	2063	0	1.0
707	488	0	1.0
707	686	0	1.0
707	1648	0	1.0
707	1912	0	1.0
708	962	0	1.0
708	1294	0	1.0
708	2034	0	1.0
708	2511	0	1.0
709	473	0	1.0
709	1300	0	1.0
709	1496	0	1.0
709	1799	0	1.0
709	2023	0	1.0
709	2636	0	1.0
709	2637	0	1.0
709	2641	0	1.0
709	2653	0	1.0
712	235	0	1.0
713	2545	0	1.0
714	2716	0	1.0
716	323	0	1.0
716	342	0	1.0
716	595	0	1.0
716	907	0	1.0
716	996	0	1.0
716	1145	0	1.0
716	1937	0	1.0
717	539	0	1.0
717	1025	0	1.0
718	176	0	1.0
718	521	0	1.0
718	701	0	1.0
718	1481	0	1.0
718	1850	0	1.0
718	1901	0	1.0
718	2176	0	1.0
719	396	0	1.0
719	1275	0	1.0
719	1762	0	1.0
719	1966	0	1.0
719	2100	0	1.0
719	2382	0	1.0
719	2495	0	1.0
720	623	0	1.0
720	751	0	1.0
720	756	0	1.0
720	2734	0	1.0
723	685	0	1.0
723	859	0	1.0
723	866	0	1.0
723	1301	0	1.0
723	1355	0	1.0
723	1616	0	1.0
723	1624	0	1.0
723	1763	0	1.0
723	2114	0	1.0
723	2693	0	1.0
724	602	0	1.0
724	913	0	1.0
724	2633	0	1.0
725	457	0	1.0
725	1826	0	1.0
725	2102	0	1.0
725	2370	0	1.0
726	2766	0	1.0
726	2699	0	1.0
726	578	0	1.0
726	1100	0	1.0
726	1483	0	1.0
726	1820	0	1.0
726	2441	0	1.0
726	2452	0	1.0
727	1132	0	1.0
727	2616	0	1.0
732	966	0	1.0
732	1345	0	1.0
732	1766	0	1.0
732	1828	0	1.0
732	1871	0	1.0
732	2434	0	1.0
734	469	0	1.0
734	504	0	1.0
734	548	0	1.0
734	1162	0	1.0
735	406	0	1.0
735	2289	0	1.0
736	385	0	1.0
736	909	0	1.0
736	1193	0	1.0
736	1327	0	1.0
736	2199	0	1.0
736	2379	0	1.0
736	2614	0	1.0
737	1354	0	1.0
737	1837	0	1.0
739	26	0	1.0
739	2245	0	1.0
740	1129	0	1.0
740	1277	0	1.0
740	1287	0	1.0
740	2193	0	1.0
740	2612	0	1.0
741	1972	0	1.0
741	1999	0	1.0
742	414	0	1.0
742	543	0	1.0
742	881	0	1.0
742	1123	0	1.0
742	1131	0	1.0
742	1208	0	1.0
742	1586	0	1.0
742	1701	0	1.0
742	2045	0	1.0
742	2193	0	1.0
743	2738	0	1.0
743	1830	0	1.0
743	2528	0	1.0
743	2534	0	1.0
747	44	0	1.0
747	90	0	1.0
747	109	0	1.0
747	706	0	1.0
747	1398	0	1.0
747	1905	0	1.0
747	2026	0	1.0
747	2047	0	1.0
747	2063	0	1.0
747	2754	0	1.0
747	2503	0	1.0
749	501	0	1.0
749	1632	0	1.0
749	1799	0	1.0
749	2238	0	1.0
750	310	0	1.0
751	2734	0	1.0
751	2543	0	1.0
752	223	0	1.0
752	341	0	1.0
752	392	0	1.0
752	514	0	1.0
752	1429	0	1.0
752	623	0	1.0
752	1440	0	1.0
752	980	0	1.0
752	1223	0	1.0
752	1268	0	1.0
752	1487	0	1.0
752	1545	0	1.0
752	1862	0	1.0
752	1881	0	1.0
752	2049	0	1.0
752	2414	0	1.0
752	2498	0	1.0
752	2560	0	1.0
753	955	0	1.0
754	943	0	1.0
754	1804	0	1.0
758	415	0	1.0
758	781	0	1.0
758	1694	0	1.0
759	1469	0	1.0
760	1575	0	1.0
761	333	0	1.0
761	757	0	1.0
761	2144	0	1.0
762	322	0	1.0
762	948	0	1.0
762	1068	0	1.0
762	1126	0	1.0
762	2173	0	1.0
762	2347	0	1.0
766	2741	0	1.0
768	1861	0	1.0
768	2151	0	1.0
769	608	0	1.0
770	77	0	1.0
770	2545	0	1.0
771	655	0	1.0
771	1805	0	1.0
771	2058	0	1.0
771	2641	0	1.0
772	213	0	1.0
772	1329	0	1.0
772	1572	0	1.0
772	1591	0	1.0
772	1879	0	1.0
772	2556	0	1.0
772	2471	0	1.0
774	1968	0	1.0
775	382	0	1.0
775	1949	0	1.0
776	29	0	1.0
776	233	0	1.0
776	295	0	1.0
776	337	0	1.0
776	432	0	1.0
776	668	0	1.0
776	1929	0	1.0
776	2001	0	1.0
776	2464	0	1.0
776	2635	0	1.0
777	1575	0	1.0
778	642	0	1.0
778	1260	0	1.0
778	2216	0	1.0
779	1601	0	1.0
780	729	0	1.0
780	1025	0	1.0
783	1555	0	1.0
784	85	0	1.0
784	704	0	1.0
786	1404	0	1.0
786	2129	0	1.0
788	1999	0	1.0
789	2747	0	1.0
790	590	0	1.0
790	374	0	1.0
790	376	0	1.0
790	396	0	1.0
790	813	0	1.0
790	1137	0	1.0
790	1166	0	1.0
790	1275	0	1.0
790	1424	0	1.0
790	1672	0	1.0
790	1747	0	1.0
790	1850	0	1.0
790	1863	0	1.0
790	1980	0	1.0
790	2060	0	1.0
790	2100	0	1.0
790	2382	0	1.0
790	2401	0	1.0
790	2497	0	1.0
791	601	0	1.0
791	1199	0	1.0
791	1426	0	1.0
791	1455	0	1.0
791	1609	0	1.0
791	1790	0	1.0
791	2265	0	1.0
791	2508	0	1.0
793	1549	0	1.0
793	2245	0	1.0
797	646	0	1.0
797	1937	0	1.0
797	2044	0	1.0
798	831	0	1.0
798	1241	0	1.0
798	1615	0	1.0
798	1620	0	1.0
798	2221	0	1.0
798	2306	0	1.0
798	2476	0	1.0
799	445	0	1.0
799	897	0	1.0
799	1141	0	1.0
799	1878	0	1.0
799	2176	0	1.0
801	1505	0	1.0
801	1878	0	1.0
802	462	0	1.0
802	1101	0	1.0
802	2096	0	1.0
802	2758	0	1.0
802	2595	0	1.0
802	2625	0	1.0
802	2630	0	1.0
802	2650	0	1.0
803	533	0	1.0
803	539	0	1.0
803	650	0	1.0
803	717	0	1.0
803	1025	0	1.0
803	1838	0	1.0
804	179	0	1.0
804	1373	0	1.0
804	1515	0	1.0
804	1785	0	1.0
804	2363	0	1.0
804	2462	0	1.0
805	440	0	1.0
805	1357	0	1.0
806	2207	0	1.0
808	885	0	1.0
808	1908	0	1.0
808	1996	0	1.0
808	2754	0	1.0
808	2758	0	1.0
808	2452	0	1.0
808	2611	0	1.0
808	2630	0	1.0
810	1816	0	1.0
811	1011	0	1.0
811	2118	0	1.0
811	2542	0	1.0
811	2663	0	1.0
812	420	0	1.0
812	727	0	1.0
812	1091	0	1.0
812	1132	0	1.0
812	1414	0	1.0
812	1484	0	1.0
812	2311	0	1.0
812	2355	0	1.0
812	2407	0	1.0
812	2616	0	1.0
813	2093	0	1.0
814	285	0	1.0
814	1714	0	1.0
814	1870	0	1.0
814	2384	0	1.0
815	1066	0	1.0
816	1896	0	1.0
820	1767	0	1.0
821	1294	0	1.0
821	1580	0	1.0
822	24	0	1.0
822	2257	0	1.0
823	346	0	1.0
823	907	0	1.0
823	1635	0	1.0
823	2097	0	1.0
823	2619	0	1.0
826	1621	0	1.0
826	2120	0	1.0
828	809	0	1.0
830	419	0	1.0
831	1615	0	1.0
831	1620	0	1.0
831	2221	0	1.0
831	2752	0	1.0
831	2306	0	1.0
831	2476	0	1.0
832	508	0	1.0
832	1276	0	1.0
832	1921	0	1.0
832	2573	0	1.0
832	2591	0	1.0
832	2633	0	1.0
833	344	0	1.0
833	1526	0	1.0
834	1896	0	1.0
835	1575	0	1.0
836	1534	0	1.0
836	2347	0	1.0
837	842	0	1.0
840	2705	0	1.0
840	715	0	1.0
840	993	0	1.0
840	2058	0	1.0
841	537	0	1.0
841	858	0	1.0
841	1491	0	1.0
843	2717	0	1.0
843	762	0	1.0
843	1028	0	1.0
849	405	0	1.0
849	859	0	1.0
849	880	0	1.0
849	2114	0	1.0
849	2504	0	1.0
850	88	0	1.0
850	147	0	1.0
850	450	0	1.0
850	473	0	1.0
850	709	0	1.0
850	1029	0	1.0
850	1184	0	1.0
850	1286	0	1.0
850	1558	0	1.0
850	2310	0	1.0
850	2637	0	1.0
850	2639	0	1.0
850	2643	0	1.0
850	2645	0	1.0
852	1791	0	1.0
853	490	0	1.0
853	626	0	1.0
853	2719	0	1.0
853	762	0	1.0
853	836	0	1.0
853	948	0	1.0
853	1030	0	1.0
853	1068	0	1.0
853	1126	0	1.0
853	1146	0	1.0
853	1347	0	1.0
853	2731	0	1.0
853	1534	0	1.0
853	1787	0	1.0
853	2515	0	1.0
854	497	0	1.0
854	576	0	1.0
854	632	0	1.0
854	1034	0	1.0
854	1251	0	1.0
854	2164	0	1.0
854	2176	0	1.0
854	2263	0	1.0
860	1490	0	1.0
860	1681	0	1.0
860	1822	0	1.0
860	2122	0	1.0
860	2194	0	1.0
863	744	0	1.0
863	847	0	1.0
863	2531	0	1.0
864	2291	0	1.0
865	1304	0	1.0
866	225	0	1.0
866	859	0	1.0
866	1016	0	1.0
866	1018	0	1.0
866	1149	0	1.0
866	1616	0	1.0
866	1624	0	1.0
867	2128	0	1.0
868	1277	0	1.0
868	1287	0	1.0
868	2193	0	1.0
868	2612	0	1.0
869	1450	0	1.0
869	2118	0	1.0
871	38	0	1.0
871	1420	0	1.0
871	1558	0	1.0
871	1658	0	1.0
871	2058	0	1.0
871	2310	0	1.0
871	2641	0	1.0
872	39	0	1.0
872	187	0	1.0
872	393	0	1.0
872	414	0	1.0
872	486	0	1.0
872	1055	0	1.0
872	1421	0	1.0
872	1860	0	1.0
873	2164	0	1.0
873	2176	0	1.0
874	2401	0	1.0
877	282	0	1.0
877	887	0	1.0
877	975	0	1.0
877	1983	0	1.0
879	728	0	1.0
879	1951	0	1.0
879	2376	0	1.0
879	2616	0	1.0
880	405	0	1.0
880	2504	0	1.0
881	342	0	1.0
881	414	0	1.0
881	1123	0	1.0
881	1208	0	1.0
881	1249	0	1.0
881	1586	0	1.0
881	1759	0	1.0
883	789	0	1.0
885	1521	0	1.0
885	2754	0	1.0
885	2452	0	1.0
885	2625	0	1.0
885	2650	0	1.0
886	486	0	1.0
886	2223	0	1.0
887	2738	0	1.0
887	2036	0	1.0
887	2178	0	1.0
887	2330	0	1.0
887	2528	0	1.0
888	2741	0	1.0
889	443	0	1.0
889	1335	0	1.0
889	1533	0	1.0
889	2170	0	1.0
889	2253	0	1.0
889	2758	0	1.0
889	2526	0	1.0
889	2625	0	1.0
889	2630	0	1.0
889	2650	0	1.0
890	56	0	1.0
896	952	0	1.0
899	10	0	1.0
899	423	0	1.0
899	614	0	1.0
899	615	0	1.0
899	907	0	1.0
899	1396	0	1.0
899	1889	0	1.0
899	2325	0	1.0
899	2337	0	1.0
899	2380	0	1.0
899	2660	0	1.0
901	34	0	1.0
901	193	0	1.0
901	237	0	1.0
901	535	0	1.0
901	848	0	1.0
901	904	0	1.0
901	1131	0	1.0
901	1302	0	1.0
901	1483	0	1.0
901	1860	0	1.0
901	2341	0	1.0
901	2381	0	1.0
901	2685	0	1.0
901	2689	0	1.0
903	2472	0	1.0
905	2617	0	1.0
906	2703	0	1.0
906	1432	0	1.0
906	1479	0	1.0
906	2112	0	1.0
906	2235	0	1.0
906	2498	0	1.0
907	716	0	1.0
907	855	0	1.0
907	1145	0	1.0
907	1396	0	1.0
907	2223	0	1.0
907	2660	0	1.0
909	1946	0	1.0
909	2161	0	1.0
909	2345	0	1.0
909	2618	0	1.0
910	20	0	1.0
910	2712	0	1.0
910	241	0	1.0
910	318	0	1.0
910	545	0	1.0
910	672	0	1.0
910	881	0	1.0
910	1100	0	1.0
910	1302	0	1.0
910	1388	0	1.0
910	1592	0	1.0
910	2159	0	1.0
910	2258	0	1.0
910	2694	0	1.0
911	535	0	1.0
911	1121	0	1.0
911	1277	0	1.0
911	2477	0	1.0
912	2298	0	1.0
914	504	0	1.0
914	734	0	1.0
914	1162	0	1.0
914	1998	0	1.0
914	2513	0	1.0
915	423	0	1.0
915	614	0	1.0
915	615	0	1.0
915	855	0	1.0
915	907	0	1.0
915	1129	0	1.0
915	1245	0	1.0
915	1302	0	1.0
915	1326	0	1.0
915	1396	0	1.0
915	1758	0	1.0
915	1889	0	1.0
915	2337	0	1.0
915	2423	0	1.0
915	2473	0	1.0
915	2612	0	1.0
915	2660	0	1.0
919	10	0	1.0
919	423	0	1.0
919	907	0	1.0
919	1127	0	1.0
919	1326	0	1.0
919	1396	0	1.0
919	1889	0	1.0
919	1944	0	1.0
919	2325	0	1.0
919	2660	0	1.0
920	1711	0	1.0
920	2141	0	1.0
920	2367	0	1.0
921	333	0	1.0
926	578	0	1.0
926	1401	0	1.0
926	1820	0	1.0
928	465	0	1.0
928	539	0	1.0
928	717	0	1.0
928	780	0	1.0
928	1025	0	1.0
932	253	0	1.0
932	2420	0	1.0
933	939	0	1.0
933	1087	0	1.0
933	1579	0	1.0
933	1590	0	1.0
933	1901	0	1.0
933	2164	0	1.0
933	2176	0	1.0
933	2188	0	1.0
935	1651	0	1.0
935	2451	0	1.0
936	679	0	1.0
937	2256	0	1.0
938	529	0	1.0
938	2252	0	1.0
939	2176	0	1.0
940	1010	0	1.0
941	449	0	1.0
941	485	0	1.0
941	673	0	1.0
941	863	0	1.0
941	1401	0	1.0
941	1484	0	1.0
941	1820	0	1.0
944	648	0	1.0
944	798	0	1.0
944	831	0	1.0
944	1241	0	1.0
944	1620	0	1.0
944	2221	0	1.0
944	2306	0	1.0
944	2476	0	1.0
945	859	0	1.0
945	1624	0	1.0
945	2691	0	1.0
946	469	0	1.0
946	658	0	1.0
946	1641	0	1.0
946	2508	0	1.0
948	2515	0	1.0
949	85	0	1.0
949	257	0	1.0
949	704	0	1.0
949	2424	0	1.0
949	2627	0	1.0
950	2128	0	1.0
953	2707	0	1.0
953	789	0	1.0
953	1311	0	1.0
953	1703	0	1.0
953	1816	0	1.0
957	219	0	1.0
957	605	0	1.0
957	1194	0	1.0
957	1342	0	1.0
957	1399	0	1.0
957	1450	0	1.0
957	1568	0	1.0
957	1777	0	1.0
957	2005	0	1.0
958	1771	0	1.0
960	1268	0	1.0
960	1480	0	1.0
961	70	0	1.0
961	607	0	1.0
961	727	0	1.0
961	792	0	1.0
961	812	0	1.0
961	1091	0	1.0
961	1131	0	1.0
961	1132	0	1.0
961	1318	0	1.0
961	1414	0	1.0
961	1527	0	1.0
961	2240	0	1.0
961	2355	0	1.0
961	2407	0	1.0
963	1830	0	1.0
963	2758	0	1.0
963	2595	0	1.0
964	437	0	1.0
964	465	0	1.0
964	533	0	1.0
964	539	0	1.0
964	717	0	1.0
964	780	0	1.0
964	803	0	1.0
964	928	0	1.0
964	1025	0	1.0
965	525	0	1.0
965	723	0	1.0
965	866	0	1.0
965	1149	0	1.0
965	1301	0	1.0
965	1355	0	1.0
965	1501	0	1.0
965	1616	0	1.0
965	1763	0	1.0
965	2030	0	1.0
965	2114	0	1.0
968	447	0	1.0
968	979	0	1.0
968	1319	0	1.0
968	2469	0	1.0
969	437	0	1.0
969	465	0	1.0
969	533	0	1.0
969	539	0	1.0
969	717	0	1.0
969	803	0	1.0
969	928	0	1.0
969	946	0	1.0
969	1025	0	1.0
971	1399	0	1.0
971	1568	0	1.0
972	625	0	1.0
972	988	0	1.0
972	2345	0	1.0
972	2618	0	1.0
973	15	0	1.0
973	500	0	1.0
973	986	0	1.0
973	1823	0	1.0
973	2473	0	1.0
974	1422	0	1.0
974	2228	0	1.0
975	486	0	1.0
975	848	0	1.0
975	981	0	1.0
976	836	0	1.0
976	1185	0	1.0
976	1340	0	1.0
976	2515	0	1.0
977	540	0	1.0
977	912	0	1.0
977	1426	0	1.0
977	2538	0	1.0
977	1609	0	1.0
977	1641	0	1.0
977	1912	0	1.0
977	1952	0	1.0
980	2259	0	1.0
981	537	0	1.0
981	862	0	1.0
981	1207	0	1.0
982	10	0	1.0
982	423	0	1.0
982	614	0	1.0
982	615	0	1.0
982	907	0	1.0
982	919	0	1.0
982	1127	0	1.0
982	2283	0	1.0
982	2337	0	1.0
982	2660	0	1.0
983	311	0	1.0
983	1622	0	1.0
984	200	0	1.0
984	377	0	1.0
984	504	0	1.0
984	601	0	1.0
984	862	0	1.0
984	1080	0	1.0
984	1961	0	1.0
984	2484	0	1.0
984	2508	0	1.0
986	500	0	1.0
987	1762	0	1.0
988	2345	0	1.0
989	435	0	1.0
989	1380	0	1.0
989	2260	0	1.0
989	2418	0	1.0
990	165	0	1.0
990	173	0	1.0
990	420	0	1.0
990	607	0	1.0
990	727	0	1.0
990	812	0	1.0
990	1091	0	1.0
990	1132	0	1.0
990	1414	0	1.0
990	1484	0	1.0
990	2311	0	1.0
990	2355	0	1.0
991	616	0	1.0
991	1467	0	1.0
992	1200	0	1.0
993	2705	0	1.0
993	1041	0	1.0
994	211	0	1.0
994	1663	0	1.0
994	2104	0	1.0
996	595	0	1.0
996	907	0	1.0
996	1937	0	1.0
997	2247	0	1.0
1000	603	0	1.0
1000	618	0	1.0
1000	782	0	1.0
1000	1428	0	1.0
1000	1455	0	1.0
1000	1583	0	1.0
1000	1654	0	1.0
1000	1912	0	1.0
1001	50	0	1.0
1001	200	0	1.0
1001	490	0	1.0
1001	888	0	1.0
1001	1028	0	1.0
1001	1284	0	1.0
1001	2731	0	1.0
1001	1412	0	1.0
1001	1428	0	1.0
1001	1837	0	1.0
1001	1891	0	1.0
1001	2173	0	1.0
1001	2268	0	1.0
1002	534	0	1.0
1002	1225	0	1.0
1002	1422	0	1.0
1002	1856	0	1.0
1002	2191	0	1.0
1002	2228	0	1.0
1002	2314	0	1.0
1002	2667	0	1.0
1005	562	0	1.0
1005	1129	0	1.0
1005	1206	0	1.0
1006	525	0	1.0
1006	723	0	1.0
1006	859	0	1.0
1006	866	0	1.0
1006	945	0	1.0
1006	974	0	1.0
1006	1002	0	1.0
1006	1149	0	1.0
1006	1301	0	1.0
1006	1422	0	1.0
1006	1616	0	1.0
1006	2030	0	1.0
1006	2114	0	1.0
1006	2191	0	1.0
1006	2228	0	1.0
1006	2667	0	1.0
1007	347	0	1.0
1007	418	0	1.0
1007	1142	0	1.0
1007	1456	0	1.0
1007	1984	0	1.0
1007	2146	0	1.0
1007	2474	0	1.0
1007	2633	0	1.0
1008	2367	0	1.0
1009	1239	0	1.0
1011	1330	0	1.0
1011	2296	0	1.0
1011	2542	0	1.0
1011	2663	0	1.0
1013	1495	0	1.0
1014	8	0	1.0
1014	123	0	1.0
1014	134	0	1.0
1014	158	0	1.0
1014	283	0	1.0
1014	506	0	1.0
1014	592	0	1.0
1014	1728	0	1.0
1014	2133	0	1.0
1015	375	0	1.0
1015	814	0	1.0
1015	1232	0	1.0
1015	1863	0	1.0
1015	2556	0	1.0
1016	225	0	1.0
1016	405	0	1.0
1016	880	0	1.0
1016	1378	0	1.0
1018	225	0	1.0
1018	405	0	1.0
1018	880	0	1.0
1018	1071	0	1.0
1018	2114	0	1.0
1020	1423	0	1.0
1021	494	0	1.0
1022	1512	0	1.0
1022	1820	0	1.0
1022	2248	0	1.0
1023	1756	0	1.0
1023	2299	0	1.0
1024	1154	0	1.0
1024	1824	0	1.0
1026	950	0	1.0
1026	2128	0	1.0
1030	836	0	1.0
1030	1534	0	1.0
1030	2515	0	1.0
1031	33	0	1.0
1031	223	0	1.0
1031	468	0	1.0
1031	1051	0	1.0
1031	1893	0	1.0
1035	794	0	1.0
1035	1771	0	1.0
1036	1384	0	1.0
1037	2730	0	1.0
1037	1494	0	1.0
1038	1238	0	1.0
1038	1283	0	1.0
1038	1924	0	1.0
1040	1298	0	1.0
1041	2705	0	1.0
1041	1645	0	1.0
1042	144	0	1.0
1042	277	0	1.0
1042	304	0	1.0
1042	497	0	1.0
1042	666	0	1.0
1042	678	0	1.0
1042	696	0	1.0
1042	701	0	1.0
1042	876	0	1.0
1042	1034	0	1.0
1042	1069	0	1.0
1042	1275	0	1.0
1042	1377	0	1.0
1042	1579	0	1.0
1042	1627	0	1.0
1042	1850	0	1.0
1042	1878	0	1.0
1042	2100	0	1.0
1042	2155	0	1.0
1042	2164	0	1.0
1042	2369	0	1.0
1042	2382	0	1.0
1043	2	0	1.0
1043	21	0	1.0
1043	75	0	1.0
1043	123	0	1.0
1043	126	0	1.0
1043	174	0	1.0
1043	215	0	1.0
1043	1278	0	1.0
1043	2134	0	1.0
1043	2212	0	1.0
1043	2574	0	1.0
1045	439	0	1.0
1045	951	0	1.0
1045	2342	0	1.0
1046	187	0	1.0
1046	466	0	1.0
1046	886	0	1.0
1046	1276	0	1.0
1047	507	0	1.0
1047	581	0	1.0
1047	789	0	1.0
1047	1311	0	1.0
1047	2747	0	1.0
1047	2350	0	1.0
1048	407	0	1.0
1048	438	0	1.0
1048	705	0	1.0
1048	741	0	1.0
1048	1138	0	1.0
1048	1367	0	1.0
1048	1391	0	1.0
1048	1957	0	1.0
1048	2348	0	1.0
1048	2402	0	1.0
1049	715	0	1.0
1049	992	0	1.0
1049	993	0	1.0
1049	1041	0	1.0
1049	1645	0	1.0
1052	344	0	1.0
1052	627	0	1.0
1052	636	0	1.0
1052	1526	0	1.0
1052	2419	0	1.0
1053	345	0	1.0
1053	804	0	1.0
1053	1182	0	1.0
1053	1373	0	1.0
1053	1515	0	1.0
1053	1808	0	1.0
1053	1935	0	1.0
1054	825	0	1.0
1055	1700	0	1.0
1055	1820	0	1.0
1055	1907	0	1.0
1055	1990	0	1.0
1057	1677	0	1.0
1058	1510	0	1.0
1058	1578	0	1.0
1058	2747	0	1.0
1060	2202	0	1.0
1061	164	0	1.0
1061	399	0	1.0
1061	846	0	1.0
1061	2109	0	1.0
1062	1813	0	1.0
1062	2181	0	1.0
1062	2233	0	1.0
1063	353	0	1.0
1063	1391	0	1.0
1063	1690	0	1.0
1063	2063	0	1.0
1063	2069	0	1.0
1063	2102	0	1.0
1063	2107	0	1.0
1064	1423	0	1.0
1064	2449	0	1.0
1065	804	0	1.0
1065	857	0	1.0
1065	1182	0	1.0
1065	1373	0	1.0
1065	1515	0	1.0
1065	1785	0	1.0
1065	1808	0	1.0
1065	2363	0	1.0
1068	762	0	1.0
1068	836	0	1.0
1068	948	0	1.0
1068	1126	0	1.0
1068	1185	0	1.0
1068	1534	0	1.0
1068	2515	0	1.0
1069	445	0	1.0
1069	873	0	1.0
1069	1087	0	1.0
1069	1579	0	1.0
1069	2164	0	1.0
1069	2176	0	1.0
1071	225	0	1.0
1071	405	0	1.0
1071	880	0	1.0
1073	38	0	1.0
1073	1658	0	1.0
1073	1799	0	1.0
1076	583	0	1.0
1076	701	0	1.0
1076	1087	0	1.0
1076	1901	0	1.0
1076	2164	0	1.0
1076	2176	0	1.0
1077	809	0	1.0
1078	1638	0	1.0
1078	2096	0	1.0
1078	2758	0	1.0
1078	2630	0	1.0
1078	2650	0	1.0
1081	226	0	1.0
1081	862	0	1.0
1081	981	0	1.0
1085	590	0	1.0
1085	719	0	1.0
1085	1212	0	1.0
1085	1275	0	1.0
1085	1672	0	1.0
1085	1747	0	1.0
1085	1850	0	1.0
1085	2100	0	1.0
1085	2495	0	1.0
1085	2497	0	1.0
1086	164	0	1.0
1086	185	0	1.0
1086	1464	0	1.0
1088	6	0	1.0
1088	66	0	1.0
1088	116	0	1.0
1088	190	0	1.0
1088	966	0	1.0
1088	1061	0	1.0
1088	1282	0	1.0
1088	1345	0	1.0
1088	1766	0	1.0
1088	1871	0	1.0
1088	2149	0	1.0
1088	2186	0	1.0
1088	2434	0	1.0
1090	38	0	1.0
1090	76	0	1.0
1090	88	0	1.0
1090	147	0	1.0
1090	209	0	1.0
1090	251	0	1.0
1090	267	0	1.0
1090	480	0	1.0
1090	1029	0	1.0
1090	1300	0	1.0
1090	2310	0	1.0
1090	2641	0	1.0
1090	2643	0	1.0
1090	2645	0	1.0
1090	2653	0	1.0
1091	165	0	1.0
1091	610	0	1.0
1092	1741	0	1.0
1093	50	0	1.0
1093	384	0	1.0
1093	463	0	1.0
1093	490	0	1.0
1093	2719	0	1.0
1093	836	0	1.0
1093	1028	0	1.0
1093	1126	0	1.0
1093	2197	0	1.0
1094	794	0	1.0
1094	917	0	1.0
1095	102	0	1.0
1095	114	0	1.0
1095	457	0	1.0
1095	725	0	1.0
1095	844	0	1.0
1095	1138	0	1.0
1095	1214	0	1.0
1095	1454	0	1.0
1095	1507	0	1.0
1095	1926	0	1.0
1095	1999	0	1.0
1095	2102	0	1.0
1095	2107	0	1.0
1095	2232	0	1.0
1097	635	0	1.0
1099	562	0	1.0
1099	1909	0	1.0
1099	2430	0	1.0
1100	148	0	1.0
1100	208	0	1.0
1100	535	0	1.0
1100	872	0	1.0
1100	904	0	1.0
1100	1234	0	1.0
1100	1267	0	1.0
1100	1421	0	1.0
1100	1503	0	1.0
1100	1557	0	1.0
1100	1592	0	1.0
1100	1647	0	1.0
1100	1685	0	1.0
1100	1716	0	1.0
1100	1852	0	1.0
1100	2105	0	1.0
1100	2147	0	1.0
1100	2258	0	1.0
1100	2341	0	1.0
1100	2381	0	1.0
1100	2685	0	1.0
1101	2608	0	1.0
1101	2630	0	1.0
1101	2650	0	1.0
1102	1521	0	1.0
1102	1905	0	1.0
1102	2758	0	1.0
1102	2650	0	1.0
1103	1080	0	1.0
1107	578	0	1.0
1107	1121	0	1.0
1107	1820	0	1.0
1107	1821	0	1.0
1107	2205	0	1.0
1108	413	0	1.0
1108	457	0	1.0
1108	725	0	1.0
1108	1214	0	1.0
1108	1454	0	1.0
1108	1507	0	1.0
1108	1826	0	1.0
1108	1999	0	1.0
1108	2102	0	1.0
1108	2107	0	1.0
1109	2556	0	1.0
1109	2098	0	1.0
1109	2408	0	1.0
1110	371	0	1.0
1110	504	0	1.0
1110	548	0	1.0
1110	689	0	1.0
1110	690	0	1.0
1110	914	0	1.0
1110	1162	0	1.0
1110	1207	0	1.0
1110	1961	0	1.0
1111	221	0	1.0
1111	302	0	1.0
1111	641	0	1.0
1111	971	0	1.0
1111	1804	0	1.0
1111	1894	0	1.0
1113	38	0	1.0
1113	169	0	1.0
1113	209	0	1.0
1113	267	0	1.0
1113	351	0	1.0
1113	745	0	1.0
1113	1300	0	1.0
1113	1658	0	1.0
1113	1799	0	1.0
1113	2636	0	1.0
1113	2637	0	1.0
1113	2639	0	1.0
1113	2641	0	1.0
1116	2632	0	1.0
1117	33	0	1.0
1117	223	0	1.0
1117	341	0	1.0
1117	1893	0	1.0
1119	1194	0	1.0
1119	1611	0	1.0
1119	1777	0	1.0
1119	2540	0	1.0
1119	2357	0	1.0
1119	2416	0	1.0
1119	2659	0	1.0
1120	2362	0	1.0
1120	2573	0	1.0
1120	2591	0	1.0
1120	2633	0	1.0
1122	369	0	1.0
1122	2054	0	1.0
1123	796	0	1.0
1123	1208	0	1.0
1123	1249	0	1.0
1123	1586	0	1.0
1124	1257	0	1.0
1124	2160	0	1.0
1124	2433	0	1.0
1124	2501	0	1.0
1128	1505	0	1.0
1129	248	0	1.0
1129	1581	0	1.0
1129	2165	0	1.0
1131	1860	0	1.0
1134	13	0	1.0
1134	165	0	1.0
1134	420	0	1.0
1134	578	0	1.0
1134	610	0	1.0
1134	727	0	1.0
1134	812	0	1.0
1134	1091	0	1.0
1134	1132	0	1.0
1134	1318	0	1.0
1134	1484	0	1.0
1134	1633	0	1.0
1134	1720	0	1.0
1134	2311	0	1.0
1134	2758	0	1.0
1134	2355	0	1.0
1134	2407	0	1.0
1134	2595	0	1.0
1135	109	0	1.0
1135	1284	0	1.0
1135	1428	0	1.0
1135	1837	0	1.0
1135	2268	0	1.0
1135	2508	0	1.0
1137	345	0	1.0
1137	374	0	1.0
1137	701	0	1.0
1137	813	0	1.0
1137	1232	0	1.0
1137	1375	0	1.0
1137	1714	0	1.0
1137	1747	0	1.0
1137	1850	0	1.0
1137	1980	0	1.0
1137	2093	0	1.0
1137	2322	0	1.0
1137	2382	0	1.0
1137	2384	0	1.0
1140	1637	0	1.0
1141	370	0	1.0
1141	576	0	1.0
1141	632	0	1.0
1141	799	0	1.0
1141	873	0	1.0
1141	933	0	1.0
1141	1069	0	1.0
1141	1087	0	1.0
1141	1579	0	1.0
1141	1590	0	1.0
1141	2164	0	1.0
1141	2176	0	1.0
1142	257	0	1.0
1142	347	0	1.0
1142	418	0	1.0
1142	1007	0	1.0
1142	1984	0	1.0
1142	2104	0	1.0
1142	2146	0	1.0
1142	2424	0	1.0
1142	2474	0	1.0
1143	50	0	1.0
1143	858	0	1.0
1143	1135	0	1.0
1143	1676	0	1.0
1143	1837	0	1.0
1143	2268	0	1.0
1143	2508	0	1.0
1144	500	0	1.0
1144	1080	0	1.0
1145	595	0	1.0
1145	907	0	1.0
1145	996	0	1.0
1145	1395	0	1.0
1145	1937	0	1.0
1145	2095	0	1.0
1145	2250	0	1.0
1146	504	0	1.0
1146	2717	0	1.0
1146	658	0	1.0
1146	762	0	1.0
1146	836	0	1.0
1146	948	0	1.0
1146	1028	0	1.0
1146	1347	0	1.0
1146	1428	0	1.0
1146	1534	0	1.0
1146	2347	0	1.0
1146	2508	0	1.0
1148	2510	0	1.0
1149	445	0	1.0
1149	685	0	1.0
1149	859	0	1.0
1149	1018	0	1.0
1149	1501	0	1.0
1149	1616	0	1.0
1149	1763	0	1.0
1149	2176	0	1.0
1150	38	0	1.0
1150	169	0	1.0
1150	301	0	1.0
1150	351	0	1.0
1150	493	0	1.0
1150	1658	0	1.0
1150	1799	0	1.0
1150	2058	0	1.0
1150	2348	0	1.0
1150	2637	0	1.0
1151	182	0	1.0
1151	578	0	1.0
1151	1080	0	1.0
1151	1107	0	1.0
1151	1700	0	1.0
1151	1820	0	1.0
1151	1821	0	1.0
1151	1990	0	1.0
1151	2205	0	1.0
1153	2233	0	1.0
1153	2548	0	1.0
1155	1555	0	1.0
1155	1608	0	1.0
1155	2192	0	1.0
1156	1400	0	1.0
1158	1854	0	1.0
1159	496	0	1.0
1159	1147	0	1.0
1159	1938	0	1.0
1160	225	0	1.0
1160	405	0	1.0
1160	849	0	1.0
1160	880	0	1.0
1160	1016	0	1.0
1160	1071	0	1.0
1160	1308	0	1.0
1160	1652	0	1.0
1160	2114	0	1.0
1160	2504	0	1.0
1163	911	0	1.0
1163	1121	0	1.0
1163	1277	0	1.0
1163	2007	0	1.0
1163	2612	0	1.0
1165	9	0	1.0
1165	1129	0	1.0
1165	1171	0	1.0
1165	1276	0	1.0
1165	1581	0	1.0
1166	590	0	1.0
1166	1275	0	1.0
1166	1747	0	1.0
1166	1850	0	1.0
1166	2214	0	1.0
1166	2382	0	1.0
1167	988	0	1.0
1167	2730	0	1.0
1167	1449	0	1.0
1167	1912	0	1.0
1167	2359	0	1.0
1169	1356	0	1.0
1169	2231	0	1.0
1169	2297	0	1.0
1170	216	0	1.0
1170	343	0	1.0
1170	1075	0	1.0
1170	1417	0	1.0
1170	2744	0	1.0
1170	2305	0	1.0
1171	845	0	1.0
1172	469	0	1.0
1172	1428	0	1.0
1172	1562	0	1.0
1172	1827	0	1.0
1173	189	0	1.0
1173	831	0	1.0
1173	1035	0	1.0
1173	1615	0	1.0
1173	1620	0	1.0
1173	2752	0	1.0
1173	2306	0	1.0
1173	2476	0	1.0
1174	401	0	1.0
1174	485	0	1.0
1174	737	0	1.0
1174	851	0	1.0
1174	1055	0	1.0
1174	1107	0	1.0
1174	1151	0	1.0
1174	1248	0	1.0
1174	1700	0	1.0
1174	1820	0	1.0
1174	1933	0	1.0
1174	2150	0	1.0
1174	2508	0	1.0
1174	2671	0	1.0
1176	1887	0	1.0
1176	1940	0	1.0
1176	2212	0	1.0
1177	469	0	1.0
1177	1172	0	1.0
1177	1428	0	1.0
1181	1429	0	1.0
1183	1242	0	1.0
1183	1298	0	1.0
1183	1608	0	1.0
1183	2655	0	1.0
1184	60	0	1.0
1184	2705	0	1.0
1184	840	0	1.0
1184	993	0	1.0
1184	1041	0	1.0
1184	1645	0	1.0
1185	2515	0	1.0
1188	1701	0	1.0
1188	2750	0	1.0
1189	147	0	1.0
1189	169	0	1.0
1189	2711	0	1.0
1189	267	0	1.0
1189	450	0	1.0
1189	473	0	1.0
1189	493	0	1.0
1189	871	0	1.0
1189	1029	0	1.0
1189	1286	0	1.0
1189	1300	0	1.0
1189	1658	0	1.0
1189	1775	0	1.0
1189	1799	0	1.0
1189	2023	0	1.0
1189	2310	0	1.0
1189	2425	0	1.0
1191	844	0	1.0
1191	2510	0	1.0
1193	2179	0	1.0
1193	2614	0	1.0
1193	2643	0	1.0
1194	416	0	1.0
1194	2005	0	1.0
1195	537	0	1.0
1195	1852	0	1.0
1196	2131	0	1.0
1196	2452	0	1.0
1197	1722	0	1.0
1199	689	0	1.0
1199	1379	0	1.0
1199	1455	0	1.0
1199	1609	0	1.0
1199	1952	0	1.0
1199	2508	0	1.0
1201	1390	0	1.0
1203	298	0	1.0
1203	469	0	1.0
1203	504	0	1.0
1203	658	0	1.0
1203	689	0	1.0
1203	690	0	1.0
1203	914	0	1.0
1203	946	0	1.0
1203	1110	0	1.0
1203	1162	0	1.0
1203	1177	0	1.0
1203	1428	0	1.0
1203	1455	0	1.0
1203	1641	0	1.0
1203	2265	0	1.0
1206	2738	0	1.0
1209	2153	0	1.0
1209	2210	0	1.0
1211	164	0	1.0
1211	185	0	1.0
1211	410	0	1.0
1211	1464	0	1.0
1212	590	0	1.0
1212	1085	0	1.0
1212	1275	0	1.0
1212	1424	0	1.0
1212	1747	0	1.0
1212	1850	0	1.0
1212	2060	0	1.0
1212	2100	0	1.0
1213	769	0	1.0
1213	2338	0	1.0
1214	1322	0	1.0
1214	1842	0	1.0
1214	1999	0	1.0
1214	2102	0	1.0
1215	2408	0	1.0
1216	1841	0	1.0
1217	38	0	1.0
1217	147	0	1.0
1217	169	0	1.0
1217	2711	0	1.0
1217	473	0	1.0
1217	675	0	1.0
1217	1286	0	1.0
1217	1496	0	1.0
1217	1799	0	1.0
1217	2058	0	1.0
1217	2310	0	1.0
1217	2425	0	1.0
1217	2636	0	1.0
1217	2641	0	1.0
1219	425	0	1.0
1225	534	0	1.0
1225	1856	0	1.0
1226	2758	0	1.0
1227	524	0	1.0
1229	495	0	1.0
1229	1391	0	1.0
1229	2206	0	1.0
1232	345	0	1.0
1232	1588	0	1.0
1233	128	0	1.0
1233	735	0	1.0
1233	822	0	1.0
1233	1179	0	1.0
1233	2053	0	1.0
1233	2429	0	1.0
1234	74	0	1.0
1234	486	0	1.0
1234	519	0	1.0
1234	535	0	1.0
1234	537	0	1.0
1234	544	0	1.0
1234	862	0	1.0
1234	1267	0	1.0
1234	1339	0	1.0
1234	1592	0	1.0
1234	1605	0	1.0
1234	1716	0	1.0
1234	1852	0	1.0
1234	2612	0	1.0
1234	2689	0	1.0
1235	1309	0	1.0
1235	1725	0	1.0
1235	2077	0	1.0
1236	313	0	1.0
1237	2046	0	1.0
1237	2506	0	1.0
1240	713	0	1.0
1240	2545	0	1.0
1241	831	0	1.0
1241	1620	0	1.0
1241	2221	0	1.0
1241	2306	0	1.0
1241	2476	0	1.0
1242	1298	0	1.0
1242	2092	0	1.0
1243	670	0	1.0
1243	894	0	1.0
1243	2124	0	1.0
1243	2460	0	1.0
1244	1420	0	1.0
1246	814	0	1.0
1246	859	0	1.0
1246	1808	0	1.0
1246	1817	0	1.0
1246	1818	0	1.0
1246	1935	0	1.0
1246	2030	0	1.0
1246	2668	0	1.0
1246	2691	0	1.0
1250	482	0	1.0
1250	1965	0	1.0
1251	873	0	1.0
1251	1087	0	1.0
1251	1457	0	1.0
1251	1670	0	1.0
1251	2164	0	1.0
1251	2176	0	1.0
1252	703	0	1.0
1252	800	0	1.0
1252	1125	0	1.0
1252	2745	0	1.0
1253	142	0	1.0
1253	245	0	1.0
1253	303	0	1.0
1253	332	0	1.0
1253	367	0	1.0
1253	552	0	1.0
1253	817	0	1.0
1253	848	0	1.0
1253	975	0	1.0
1253	1003	0	1.0
1253	1421	0	1.0
1253	1759	0	1.0
1253	2143	0	1.0
1255	405	0	1.0
1255	849	0	1.0
1255	880	0	1.0
1255	2114	0	1.0
1255	2504	0	1.0
1257	1182	0	1.0
1258	33	0	1.0
1258	89	0	1.0
1258	392	0	1.0
1258	834	0	1.0
1258	1893	0	1.0
1258	2050	0	1.0
1261	1517	0	1.0
1262	1092	0	1.0
1262	1741	0	1.0
1264	469	0	1.0
1264	1379	0	1.0
1264	1583	0	1.0
1264	1654	0	1.0
1264	1912	0	1.0
1264	2421	0	1.0
1265	313	0	1.0
1265	1236	0	1.0
1267	535	0	1.0
1267	671	0	1.0
1267	862	0	1.0
1267	1605	0	1.0
1267	1852	0	1.0
1269	109	0	1.0
1269	486	0	1.0
1269	858	0	1.0
1269	1250	0	1.0
1269	1284	0	1.0
1269	1412	0	1.0
1271	319	0	1.0
1271	891	0	1.0
1271	1815	0	1.0
1271	2749	0	1.0
1272	356	0	1.0
1272	1230	0	1.0
1272	1904	0	1.0
1272	1909	0	1.0
1272	2430	0	1.0
1273	1737	0	1.0
1274	731	0	1.0
1275	590	0	1.0
1275	374	0	1.0
1275	396	0	1.0
1275	1579	0	1.0
1275	1747	0	1.0
1275	1850	0	1.0
1275	2214	0	1.0
1275	2382	0	1.0
1284	2268	0	1.0
1285	389	0	1.0
1285	1714	0	1.0
1286	38	0	1.0
1286	169	0	1.0
1286	450	0	1.0
1286	1150	0	1.0
1286	1300	0	1.0
1286	1799	0	1.0
1286	2310	0	1.0
1286	2348	0	1.0
1288	1700	0	1.0
1288	1820	0	1.0
1288	2074	0	1.0
1288	2468	0	1.0
1288	2508	0	1.0
1289	2229	0	1.0
1290	729	0	1.0
1291	371	0	1.0
1291	504	0	1.0
1291	689	0	1.0
1291	734	0	1.0
1291	914	0	1.0
1291	1110	0	1.0
1291	1162	0	1.0
1291	1207	0	1.0
1291	1472	0	1.0
1291	1613	0	1.0
1291	1998	0	1.0
1291	2288	0	1.0
1292	131	0	1.0
1295	361	0	1.0
1295	2717	0	1.0
1295	907	0	1.0
1295	1145	0	1.0
1295	1537	0	1.0
1295	1635	0	1.0
1295	1937	0	1.0
1295	2223	0	1.0
1295	2487	0	1.0
1296	212	0	1.0
1296	531	0	1.0
1297	210	0	1.0
1297	441	0	1.0
1297	805	0	1.0
1297	834	0	1.0
1297	1178	0	1.0
1297	1733	0	1.0
1297	2678	0	1.0
1298	2092	0	1.0
1299	1689	0	1.0
1299	2669	0	1.0
1300	38	0	1.0
1300	169	0	1.0
1300	209	0	1.0
1300	267	0	1.0
1300	480	0	1.0
1300	1029	0	1.0
1300	1658	0	1.0
1300	2310	0	1.0
1300	2637	0	1.0
1300	2639	0	1.0
1300	2643	0	1.0
1301	859	0	1.0
1301	866	0	1.0
1301	945	0	1.0
1301	1018	0	1.0
1301	1616	0	1.0
1301	1624	0	1.0
1303	387	0	1.0
1306	967	0	1.0
1306	1092	0	1.0
1306	1209	0	1.0
1306	1262	0	1.0
1306	1658	0	1.0
1306	1741	0	1.0
1306	2153	0	1.0
1306	2210	0	1.0
1306	2631	0	1.0
1306	2636	0	1.0
1307	311	0	1.0
1307	612	0	1.0
1307	983	0	1.0
1307	1622	0	1.0
1307	1879	0	1.0
1307	1966	0	1.0
1308	405	0	1.0
1308	849	0	1.0
1308	880	0	1.0
1308	2114	0	1.0
1308	2504	0	1.0
1310	331	0	1.0
1310	894	0	1.0
1310	2007	0	1.0
1310	2183	0	1.0
1310	2524	0	1.0
1311	789	0	1.0
1314	133	0	1.0
1314	602	0	1.0
1314	724	0	1.0
1314	913	0	1.0
1314	2340	0	1.0
1315	744	0	1.0
1315	1331	0	1.0
1315	1840	0	1.0
1318	70	0	1.0
1318	165	0	1.0
1318	420	0	1.0
1318	607	0	1.0
1318	727	0	1.0
1318	792	0	1.0
1318	1091	0	1.0
1318	1132	0	1.0
1318	1414	0	1.0
1318	1484	0	1.0
1318	1527	0	1.0
1318	2240	0	1.0
1318	2311	0	1.0
1318	2355	0	1.0
1318	2407	0	1.0
1319	1945	0	1.0
1320	980	0	1.0
1320	2259	0	1.0
1321	1453	0	1.0
1322	254	0	1.0
1322	1214	0	1.0
1322	1454	0	1.0
1323	859	0	1.0
1323	866	0	1.0
1323	945	0	1.0
1323	1301	0	1.0
1323	1355	0	1.0
1323	1501	0	1.0
1323	1624	0	1.0
1323	2114	0	1.0
1323	2693	0	1.0
1324	1029	0	1.0
1324	1420	0	1.0
1324	1658	0	1.0
1326	907	0	1.0
1327	209	0	1.0
1327	267	0	1.0
1327	1193	0	1.0
1327	2179	0	1.0
1327	2614	0	1.0
1327	2643	0	1.0
1328	782	0	1.0
1329	1591	0	1.0
1329	2556	0	1.0
1329	2009	0	1.0
1330	2663	0	1.0
1333	335	0	1.0
1333	494	0	1.0
1333	1244	0	1.0
1334	168	0	1.0
1334	345	0	1.0
1334	397	0	1.0
1334	1378	0	1.0
1334	1576	0	1.0
1334	1693	0	1.0
1334	2328	0	1.0
1335	108	0	1.0
1335	402	0	1.0
1335	443	0	1.0
1335	885	0	1.0
1335	889	0	1.0
1335	1102	0	1.0
1335	1398	0	1.0
1335	1567	0	1.0
1335	1638	0	1.0
1335	1905	0	1.0
1335	2081	0	1.0
1335	2096	0	1.0
1335	2131	0	1.0
1335	2170	0	1.0
1335	2253	0	1.0
1335	2758	0	1.0
1335	2452	0	1.0
1335	2503	0	1.0
1335	2526	0	1.0
1335	2595	0	1.0
1335	2625	0	1.0
1335	2630	0	1.0
1335	2650	0	1.0
1337	2171	0	1.0
1338	534	0	1.0
1338	1257	0	1.0
1338	1856	0	1.0
1338	2563	0	1.0
1339	535	0	1.0
1339	544	0	1.0
1339	817	0	1.0
1339	1267	0	1.0
1339	1277	0	1.0
1339	1605	0	1.0
1339	2565	0	1.0
1340	2741	0	1.0
1341	2453	0	1.0
1343	2116	0	1.0
1344	335	0	1.0
1344	624	0	1.0
1346	2119	0	1.0
1346	2177	0	1.0
1346	2505	0	1.0
1347	836	0	1.0
1347	948	0	1.0
1347	1534	0	1.0
1347	2347	0	1.0
1347	2484	0	1.0
1348	1499	0	1.0
1348	2260	0	1.0
1349	1969	0	1.0
1349	2101	0	1.0
1350	889	0	1.0
1350	1475	0	1.0
1350	2081	0	1.0
1350	2758	0	1.0
1350	2534	0	1.0
1351	815	0	1.0
1351	1564	0	1.0
1351	1795	0	1.0
1351	1806	0	1.0
1351	1832	0	1.0
1351	1967	0	1.0
1352	179	0	1.0
1352	324	0	1.0
1352	1182	0	1.0
1352	1808	0	1.0
1353	1457	0	1.0
1353	2373	0	1.0
1355	859	0	1.0
1355	1149	0	1.0
1355	1616	0	1.0
1355	1624	0	1.0
1355	1763	0	1.0
1355	1815	0	1.0
1358	57	0	1.0
1359	785	0	1.0
1361	43	0	1.0
1364	527	0	1.0
1364	655	0	1.0
1364	2127	0	1.0
1364	2292	0	1.0
1365	22	0	1.0
1365	125	0	1.0
1365	2229	0	1.0
1368	1055	0	1.0
1368	1820	0	1.0
1368	1907	0	1.0
1368	1990	0	1.0
1369	1032	0	1.0
1369	1385	0	1.0
1369	1905	0	1.0
1369	2611	0	1.0
1370	1148	0	1.0
1370	1316	0	1.0
1370	1552	0	1.0
1370	1692	0	1.0
1370	1989	0	1.0
1370	2445	0	1.0
1372	1182	0	1.0
1373	1182	0	1.0
1373	2363	0	1.0
1374	2525	0	1.0
1375	374	0	1.0
1375	1747	0	1.0
1375	1850	0	1.0
1375	2093	0	1.0
1375	2214	0	1.0
1375	2382	0	1.0
1376	1805	0	1.0
1377	1927	0	1.0
1379	580	0	1.0
1382	1356	0	1.0
1383	78	0	1.0
1383	755	0	1.0
1383	2105	0	1.0
1383	2131	0	1.0
1383	2452	0	1.0
1383	2611	0	1.0
1383	2677	0	1.0
1383	2685	0	1.0
1384	2756	0	1.0
1385	13	0	1.0
1385	2569	0	1.0
1388	44	0	1.0
1388	241	0	1.0
1388	1483	0	1.0
1388	1647	0	1.0
1388	1860	0	1.0
1388	1882	0	1.0
1388	2452	0	1.0
1389	52	0	1.0
1389	142	0	1.0
1389	519	0	1.0
1389	537	0	1.0
1389	1004	0	1.0
1389	1354	0	1.0
1389	1491	0	1.0
1391	125	0	1.0
1391	2206	0	1.0
1392	78	0	1.0
1392	660	0	1.0
1392	755	0	1.0
1392	1998	0	1.0
1393	2035	0	1.0
1393	2230	0	1.0
1393	2273	0	1.0
1394	836	0	1.0
1394	976	0	1.0
1394	1068	0	1.0
1394	1185	0	1.0
1394	1340	0	1.0
1394	1534	0	1.0
1394	1787	0	1.0
1394	2741	0	1.0
1394	2515	0	1.0
1395	1637	0	1.0
1395	2095	0	1.0
1396	143	0	1.0
1396	907	0	1.0
1399	191	0	1.0
1399	1294	0	1.0
1399	1568	0	1.0
1403	1745	0	1.0
1403	2383	0	1.0
1407	844	0	1.0
1407	998	0	1.0
1407	1423	0	1.0
1407	1786	0	1.0
1407	1949	0	1.0
1409	43	0	1.0
1412	1284	0	1.0
1412	2268	0	1.0
1415	997	0	1.0
1415	1480	0	1.0
1415	2247	0	1.0
1416	2389	0	1.0
1421	143	0	1.0
1424	957	0	1.0
1424	1850	0	1.0
1426	912	0	1.0
1426	1428	0	1.0
1426	1583	0	1.0
1426	1609	0	1.0
1426	1912	0	1.0
1428	469	0	1.0
1428	1562	0	1.0
1429	1487	0	1.0
1429	1545	0	1.0
1430	598	0	1.0
1431	335	0	1.0
1431	1333	0	1.0
1431	1584	0	1.0
1431	2195	0	1.0
1431	2286	0	1.0
1431	2292	0	1.0
1431	2427	0	1.0
1432	884	0	1.0
1432	1477	0	1.0
1432	2558	0	1.0
1435	1891	0	1.0
1435	2173	0	1.0
1436	2016	0	1.0
1438	934	0	1.0
1438	1673	0	1.0
1439	1478	0	1.0
1439	2546	0	1.0
1439	2412	0	1.0
1441	1722	0	1.0
1448	1884	0	1.0
1450	957	0	1.0
1451	905	0	1.0
1452	253	0	1.0
1452	932	0	1.0
1452	1278	0	1.0
1455	2508	0	1.0
1458	419	0	1.0
1463	628	0	1.0
1464	185	0	1.0
1468	1365	0	1.0
1470	1839	0	1.0
1471	425	0	1.0
1471	2506	0	1.0
1472	862	0	1.0
1472	981	0	1.0
1472	1207	0	1.0
1472	1998	0	1.0
1473	2758	0	1.0
1473	2452	0	1.0
1474	578	0	1.0
1474	2738	0	1.0
1476	428	0	1.0
1476	1869	0	1.0
1476	2364	0	1.0
1482	1398	0	1.0
1482	1536	0	1.0
1482	1905	0	1.0
1483	34	0	1.0
1483	237	0	1.0
1483	296	0	1.0
1483	427	0	1.0
1483	499	0	1.0
1483	975	0	1.0
1483	1302	0	1.0
1483	1595	0	1.0
1483	1676	0	1.0
1483	1759	0	1.0
1483	1882	0	1.0
1483	2036	0	1.0
1483	2097	0	1.0
1483	2187	0	1.0
1483	2219	0	1.0
1483	2258	0	1.0
1483	2335	0	1.0
1483	2366	0	1.0
1483	2381	0	1.0
1484	165	0	1.0
1484	173	0	1.0
1484	610	0	1.0
1484	1091	0	1.0
1484	1132	0	1.0
1484	2311	0	1.0
1485	1292	0	1.0
1486	366	0	1.0
1486	459	0	1.0
1486	985	0	1.0
1486	1259	0	1.0
1486	1524	0	1.0
1489	210	0	1.0
1489	825	0	1.0
1489	1733	0	1.0
1492	31	0	1.0
1492	109	0	1.0
1493	2509	0	1.0
1494	1912	0	1.0
1495	1816	0	1.0
1496	38	0	1.0
1496	871	0	1.0
1496	1658	0	1.0
1496	2639	0	1.0
1496	2641	0	1.0
1501	859	0	1.0
1501	1149	0	1.0
1501	1616	0	1.0
1501	1850	0	1.0
1502	962	0	1.0
1502	1140	0	1.0
1502	1710	0	1.0
1502	2054	0	1.0
1503	208	0	1.0
1503	414	0	1.0
1503	796	0	1.0
1504	245	0	1.0
1504	848	0	1.0
1504	1315	0	1.0
1504	1331	0	1.0
1504	1680	0	1.0
1504	1840	0	1.0
1504	2167	0	1.0
1507	413	0	1.0
1507	725	0	1.0
1507	844	0	1.0
1507	1214	0	1.0
1507	1972	0	1.0
1507	2107	0	1.0
1510	789	0	1.0
1514	109	0	1.0
1514	393	0	1.0
1514	535	0	1.0
1514	767	0	1.0
1514	1267	0	1.0
1514	1280	0	1.0
1514	1421	0	1.0
1514	2036	0	1.0
1514	2330	0	1.0
1514	2528	0	1.0
1514	2595	0	1.0
1515	1182	0	1.0
1515	1373	0	1.0
1516	2144	0	1.0
1517	1261	0	1.0
1519	1951	0	1.0
1520	1074	0	1.0
1520	1357	0	1.0
1520	1404	0	1.0
1520	1876	0	1.0
1520	2558	0	1.0
1521	1773	0	1.0
1521	2096	0	1.0
1521	2630	0	1.0
1522	106	0	1.0
1522	182	0	1.0
1522	393	0	1.0
1522	414	0	1.0
1522	556	0	1.0
1522	1107	0	1.0
1522	1151	0	1.0
1522	1516	0	1.0
1522	1700	0	1.0
1522	1821	0	1.0
1522	1899	0	1.0
1522	1990	0	1.0
1523	963	0	1.0
1523	1830	0	1.0
1525	608	0	1.0
1525	700	0	1.0
1525	1079	0	1.0
1526	409	0	1.0
1526	2492	0	1.0
1531	353	0	1.0
1531	741	0	1.0
1531	2252	0	1.0
1532	1733	0	1.0
1534	2515	0	1.0
1535	482	0	1.0
1535	2166	0	1.0
1536	1398	0	1.0
1536	2738	0	1.0
1536	2528	0	1.0
1537	346	0	1.0
1537	617	0	1.0
1537	671	0	1.0
1537	1276	0	1.0
1537	2619	0	1.0
1538	896	0	1.0
1541	859	0	1.0
1541	866	0	1.0
1541	945	0	1.0
1541	1501	0	1.0
1541	1593	0	1.0
1541	1616	0	1.0
1541	1624	0	1.0
1541	1817	0	1.0
1541	2217	0	1.0
1541	2668	0	1.0
1542	494	0	1.0
1542	1584	0	1.0
1542	1750	0	1.0
1542	1854	0	1.0
1543	311	0	1.0
1543	612	0	1.0
1543	983	0	1.0
1543	1622	0	1.0
1545	1487	0	1.0
1547	1434	0	1.0
1547	1341	0	1.0
1547	2453	0	1.0
1552	1148	0	1.0
1552	1649	0	1.0
1552	1989	0	1.0
1552	2510	0	1.0
1554	2080	0	1.0
1556	655	0	1.0
1556	871	0	1.0
1556	1558	0	1.0
1556	1559	0	1.0
1556	2058	0	1.0
1556	2310	0	1.0
1557	187	0	1.0
1557	393	0	1.0
1557	1277	0	1.0
1557	1326	0	1.0
1557	1421	0	1.0
1557	2595	0	1.0
1557	2612	0	1.0
1558	267	0	1.0
1558	871	0	1.0
1559	1658	0	1.0
1559	2310	0	1.0
1562	333	0	1.0
1566	2221	0	1.0
1567	108	0	1.0
1567	1398	0	1.0
1567	2754	0	1.0
1567	2503	0	1.0
1567	2595	0	1.0
1568	191	0	1.0
1569	2008	0	1.0
1570	2645	0	1.0
1572	1470	0	1.0
1572	1591	0	1.0
1572	2471	0	1.0
1574	2541	0	1.0
1575	760	0	1.0
1576	168	0	1.0
1576	1378	0	1.0
1576	1850	0	1.0
1577	909	0	1.0
1577	988	0	1.0
1577	2730	0	1.0
1577	1428	0	1.0
1577	1494	0	1.0
1577	1912	0	1.0
1577	1946	0	1.0
1579	446	0	1.0
1579	939	0	1.0
1579	1087	0	1.0
1579	1590	0	1.0
1579	1859	0	1.0
1579	1901	0	1.0
1579	2164	0	1.0
1579	2176	0	1.0
1580	1294	0	1.0
1580	1568	0	1.0
1581	1129	0	1.0
1581	2477	0	1.0
1582	325	0	1.0
1582	2406	0	1.0
1583	1428	0	1.0
1584	1565	0	1.0
1584	2427	0	1.0
1587	1404	0	1.0
1587	2396	0	1.0
1588	1470	0	1.0
1588	1839	0	1.0
1588	2327	0	1.0
1590	2176	0	1.0
1590	2188	0	1.0
1592	193	0	1.0
1592	535	0	1.0
1592	617	0	1.0
1592	1605	0	1.0
1592	1841	0	1.0
1592	2565	0	1.0
1593	345	0	1.0
1593	859	0	1.0
1593	866	0	1.0
1593	1149	0	1.0
1593	1160	0	1.0
1593	1501	0	1.0
1593	1616	0	1.0
1593	1624	0	1.0
1593	1850	0	1.0
1593	2114	0	1.0
1593	2217	0	1.0
1594	2230	0	1.0
1595	282	0	1.0
1595	296	0	1.0
1595	672	0	1.0
1595	904	0	1.0
1595	1483	0	1.0
1595	1860	0	1.0
1595	1885	0	1.0
1595	1983	0	1.0
1595	2258	0	1.0
1595	2452	0	1.0
1597	453	0	1.0
1597	1139	0	1.0
1597	2443	0	1.0
1599	1399	0	1.0
1599	1475	0	1.0
1599	2540	0	1.0
1599	2357	0	1.0
1602	1786	0	1.0
1602	2116	0	1.0
1603	1444	0	1.0
1607	4	0	1.0
1607	1129	0	1.0
1607	1151	0	1.0
1607	1581	0	1.0
1607	2070	0	1.0
1607	2165	0	1.0
1609	2508	0	1.0
1611	1739	0	1.0
1611	2416	0	1.0
1612	164	0	1.0
1612	1072	0	1.0
1613	226	0	1.0
1613	862	0	1.0
1613	914	0	1.0
1613	981	0	1.0
1613	1207	0	1.0
1613	1961	0	1.0
1613	1998	0	1.0
1613	2565	0	1.0
1615	2752	0	1.0
1616	859	0	1.0
1616	1149	0	1.0
1616	1624	0	1.0
1616	1763	0	1.0
1616	2691	0	1.0
1618	1798	0	1.0
1622	311	0	1.0
1622	983	0	1.0
1622	1307	0	1.0
1622	1572	0	1.0
1622	1966	0	1.0
1624	225	0	1.0
1624	859	0	1.0
1624	2114	0	1.0
1624	2691	0	1.0
1625	1024	0	1.0
1625	1154	0	1.0
1625	1451	0	1.0
1625	2034	0	1.0
1625	2090	0	1.0
1625	2262	0	1.0
1625	2695	0	1.0
1627	876	0	1.0
1627	1034	0	1.0
1627	2176	0	1.0
1628	1855	0	1.0
1628	2633	0	1.0
1628	2698	0	1.0
1629	325	0	1.0
1630	794	0	1.0
1630	1637	0	1.0
1632	307	0	1.0
1632	955	0	1.0
1632	1156	0	1.0
1632	1552	0	1.0
1632	2238	0	1.0
1633	578	0	1.0
1633	767	0	1.0
1633	1474	0	1.0
1633	2738	0	1.0
1635	907	0	1.0
1638	1521	0	1.0
1638	2096	0	1.0
1638	2253	0	1.0
1638	2758	0	1.0
1638	2625	0	1.0
1638	2630	0	1.0
1638	2650	0	1.0
1639	4	0	1.0
1639	27	0	1.0
1639	65	0	1.0
1639	109	0	1.0
1639	2699	0	1.0
1639	248	0	1.0
1639	1129	0	1.0
1639	1483	0	1.0
1639	1581	0	1.0
1639	1770	0	1.0
1639	2165	0	1.0
1639	2169	0	1.0
1639	2388	0	1.0
1639	2496	0	1.0
1639	2526	0	1.0
1639	2529	0	1.0
1640	109	0	1.0
1640	256	0	1.0
1640	1273	0	1.0
1640	2131	0	1.0
1640	2297	0	1.0
1641	601	0	1.0
1641	2456	0	1.0
1641	2508	0	1.0
1643	139	0	1.0
1643	1151	0	1.0
1643	2144	0	1.0
1644	1988	0	1.0
1644	1995	0	1.0
1644	2083	0	1.0
1644	2151	0	1.0
1644	2361	0	1.0
1644	2410	0	1.0
1646	508	0	1.0
1646	1276	0	1.0
1646	2738	0	1.0
1646	2573	0	1.0
1646	2633	0	1.0
1647	394	0	1.0
1647	537	0	1.0
1647	1389	0	1.0
1647	1483	0	1.0
1647	1491	0	1.0
1647	1845	0	1.0
1647	1882	0	1.0
1647	2079	0	1.0
1647	2131	0	1.0
1648	686	0	1.0
1651	2451	0	1.0
1652	225	0	1.0
1652	405	0	1.0
1652	880	0	1.0
1652	1016	0	1.0
1652	1018	0	1.0
1652	1071	0	1.0
1652	2114	0	1.0
1654	1428	0	1.0
1654	1583	0	1.0
1655	367	0	1.0
1655	482	0	1.0
1655	1103	0	1.0
1655	1154	0	1.0
1655	1824	0	1.0
1658	38	0	1.0
1658	2439	0	1.0
1659	1986	0	1.0
1659	1997	0	1.0
1659	2113	0	1.0
1662	1948	0	1.0
1663	994	0	1.0
1663	1209	0	1.0
1663	2138	0	1.0
1663	2153	0	1.0
1663	2210	0	1.0
1665	1629	0	1.0
1666	1566	0	1.0
1668	78	0	1.0
1668	660	0	1.0
1668	862	0	1.0
1668	1032	0	1.0
1668	2738	0	1.0
1668	1998	0	1.0
1668	2330	0	1.0
1668	2365	0	1.0
1669	1406	0	1.0
1672	590	0	1.0
1672	396	0	1.0
1672	1850	0	1.0
1673	1926	0	1.0
1673	2370	0	1.0
1673	2400	0	1.0
1676	486	0	1.0
1676	1860	0	1.0
1676	2097	0	1.0
1678	1080	0	1.0
1678	2144	0	1.0
1679	2266	0	1.0
1679	2308	0	1.0
1682	940	0	1.0
1682	1010	0	1.0
1683	1493	0	1.0
1684	870	0	1.0
1684	2141	0	1.0
1685	39	0	1.0
1685	187	0	1.0
1685	872	0	1.0
1685	1046	0	1.0
1685	1421	0	1.0
1685	1557	0	1.0
1686	500	0	1.0
1686	986	0	1.0
1686	1144	0	1.0
1686	1823	0	1.0
1690	1972	0	1.0
1692	1316	0	1.0
1695	139	0	1.0
1695	298	0	1.0
1695	333	0	1.0
1695	551	0	1.0
1695	1643	0	1.0
1695	2144	0	1.0
1695	2175	0	1.0
1695	2254	0	1.0
1696	469	0	1.0
1696	1000	0	1.0
1702	819	0	1.0
1703	789	0	1.0
1704	138	0	1.0
1704	215	0	1.0
1704	2420	0	1.0
1705	2506	0	1.0
1708	325	0	1.0
1709	255	0	1.0
1709	337	0	1.0
1709	432	0	1.0
1709	668	0	1.0
1709	1929	0	1.0
1709	2464	0	1.0
1711	2141	0	1.0
1713	2151	0	1.0
1716	39	0	1.0
1716	535	0	1.0
1716	544	0	1.0
1716	660	0	1.0
1716	862	0	1.0
1716	1080	0	1.0
1716	1267	0	1.0
1716	1605	0	1.0
1716	2565	0	1.0
1717	363	0	1.0
1720	70	0	1.0
1720	607	0	1.0
1720	727	0	1.0
1720	792	0	1.0
1720	812	0	1.0
1720	848	0	1.0
1720	1091	0	1.0
1720	1103	0	1.0
1720	1132	0	1.0
1720	1318	0	1.0
1720	1414	0	1.0
1720	1484	0	1.0
1720	1527	0	1.0
1720	2240	0	1.0
1720	2355	0	1.0
1720	2407	0	1.0
1720	2616	0	1.0
1723	2361	0	1.0
1726	77	0	1.0
1726	292	0	1.0
1726	770	0	1.0
1727	1945	0	1.0
1728	145	0	1.0
1728	586	0	1.0
1728	1731	0	1.0
1729	1259	0	1.0
1729	1303	0	1.0
1729	2461	0	1.0
1731	586	0	1.0
1732	331	0	1.0
1732	1072	0	1.0
1732	1082	0	1.0
1732	1277	0	1.0
1732	1931	0	1.0
1732	1942	0	1.0
1732	2415	0	1.0
1733	440	0	1.0
1733	805	0	1.0
1733	825	0	1.0
1733	1861	0	1.0
1733	1876	0	1.0
1734	9	0	1.0
1734	1032	0	1.0
1734	1474	0	1.0
1734	1633	0	1.0
1734	2738	0	1.0
1734	2452	0	1.0
1734	2595	0	1.0
1735	31	0	1.0
1735	217	0	1.0
1735	2131	0	1.0
1735	2169	0	1.0
1735	2503	0	1.0
1735	2593	0	1.0
1736	1535	0	1.0
1736	2152	0	1.0
1736	2166	0	1.0
1736	2413	0	1.0
1737	1273	0	1.0
1737	2434	0	1.0
1738	845	0	1.0
1738	1710	0	1.0
1739	2416	0	1.0
1742	317	0	1.0
1742	792	0	1.0
1742	1098	0	1.0
1743	164	0	1.0
1743	1464	0	1.0
1746	1395	0	1.0
1746	2095	0	1.0
1746	2250	0	1.0
1746	2404	0	1.0
1749	82	0	1.0
1749	705	0	1.0
1749	1312	0	1.0
1749	1957	0	1.0
1749	2348	0	1.0
1750	2508	0	1.0
1751	165	0	1.0
1751	610	0	1.0
1751	727	0	1.0
1751	767	0	1.0
1751	916	0	1.0
1751	1091	0	1.0
1751	1132	0	1.0
1751	1238	0	1.0
1751	1280	0	1.0
1751	1283	0	1.0
1751	2178	0	1.0
1751	2355	0	1.0
1751	2407	0	1.0
1752	1326	0	1.0
1752	1860	0	1.0
1752	1889	0	1.0
1754	181	0	1.0
1754	1268	0	1.0
1754	2558	0	1.0
1755	1596	0	1.0
1758	907	0	1.0
1758	1396	0	1.0
1758	1889	0	1.0
1758	2660	0	1.0
1759	1860	0	1.0
1759	2633	0	1.0
1760	195	0	1.0
1760	562	0	1.0
1760	659	0	1.0
1760	1005	0	1.0
1760	2131	0	1.0
1760	2452	0	1.0
1763	225	0	1.0
1763	685	0	1.0
1763	859	0	1.0
1763	1149	0	1.0
1763	1616	0	1.0
1763	1624	0	1.0
1763	1699	0	1.0
1763	2114	0	1.0
1764	22	0	1.0
1764	38	0	1.0
1764	251	0	1.0
1764	493	0	1.0
1764	653	0	1.0
1764	1073	0	1.0
1764	1658	0	1.0
1764	1799	0	1.0
1764	2058	0	1.0
1764	2200	0	1.0
1764	2398	0	1.0
1764	2641	0	1.0
1766	6	0	1.0
1766	966	0	1.0
1766	1345	0	1.0
1770	1216	0	1.0
1770	1759	0	1.0
1770	2131	0	1.0
1770	2227	0	1.0
1770	2452	0	1.0
1770	2528	0	1.0
1771	794	0	1.0
1774	1982	0	1.0
1775	169	0	1.0
1775	209	0	1.0
1775	520	0	1.0
1775	871	0	1.0
1775	1300	0	1.0
1775	1324	0	1.0
1775	1658	0	1.0
1775	2058	0	1.0
1775	2310	0	1.0
1776	2143	0	1.0
1776	2593	0	1.0
1778	1360	0	1.0
1779	2231	0	1.0
1779	2297	0	1.0
1779	2434	0	1.0
1781	694	0	1.0
1781	1761	0	1.0
1781	2354	0	1.0
1781	2674	0	1.0
1782	321	0	1.0
1785	179	0	1.0
1785	804	0	1.0
1785	2462	0	1.0
1787	976	0	1.0
1787	1068	0	1.0
1787	1126	0	1.0
1787	1185	0	1.0
1787	1534	0	1.0
1787	2347	0	1.0
1789	198	0	1.0
1789	230	0	1.0
1789	233	0	1.0
1789	255	0	1.0
1789	295	0	1.0
1789	337	0	1.0
1789	505	0	1.0
1789	528	0	1.0
1789	776	0	1.0
1789	1709	0	1.0
1789	2001	0	1.0
1789	2316	0	1.0
1790	1455	0	1.0
1790	2508	0	1.0
1792	136	0	1.0
1792	594	0	1.0
1792	278	0	1.0
1792	281	0	1.0
1792	289	0	1.0
1792	901	0	1.0
1792	1483	0	1.0
1792	1676	0	1.0
1792	1803	0	1.0
1792	2097	0	1.0
1792	2338	0	1.0
1792	2508	0	1.0
1792	2683	0	1.0
1792	2694	0	1.0
1794	2701	0	1.0
1794	756	0	1.0
1794	770	0	1.0
1794	1058	0	1.0
1794	1157	0	1.0
1794	1240	0	1.0
1794	1510	0	1.0
1794	2734	0	1.0
1794	1598	0	1.0
1794	2545	0	1.0
1794	2747	0	1.0
1799	38	0	1.0
1799	169	0	1.0
1799	209	0	1.0
1799	267	0	1.0
1799	351	0	1.0
1799	1029	0	1.0
1799	1130	0	1.0
1799	1300	0	1.0
1799	1658	0	1.0
1799	1906	0	1.0
1799	2058	0	1.0
1799	2310	0	1.0
1799	2449	0	1.0
1799	2637	0	1.0
1799	2639	0	1.0
1799	2641	0	1.0
1800	372	0	1.0
1800	779	0	1.0
1800	1052	0	1.0
1800	2078	0	1.0
1801	1919	0	1.0
1803	34	0	1.0
1803	50	0	1.0
1803	237	0	1.0
1803	296	0	1.0
1803	1992	0	1.0
1803	2219	0	1.0
1809	500	0	1.0
1809	973	0	1.0
1809	986	0	1.0
1809	1823	0	1.0
1810	1223	0	1.0
1811	38	0	1.0
1811	147	0	1.0
1811	209	0	1.0
1811	251	0	1.0
1811	267	0	1.0
1811	480	0	1.0
1811	493	0	1.0
1811	1029	0	1.0
1811	1658	0	1.0
1811	1775	0	1.0
1811	2310	0	1.0
1811	2637	0	1.0
1811	2639	0	1.0
1811	2641	0	1.0
1812	756	0	1.0
1812	1510	0	1.0
1812	2734	0	1.0
1812	2545	0	1.0
1814	1571	0	1.0
1816	604	0	1.0
1816	1495	0	1.0
1816	2493	0	1.0
1817	804	0	1.0
1817	859	0	1.0
1817	945	0	1.0
1817	1182	0	1.0
1817	1593	0	1.0
1817	1616	0	1.0
1817	1624	0	1.0
1817	1808	0	1.0
1817	1935	0	1.0
1817	2668	0	1.0
1819	2092	0	1.0
1821	1401	0	1.0
1821	2477	0	1.0
1822	1681	0	1.0
1825	1970	0	1.0
1826	1926	0	1.0
1827	608	0	1.0
1827	611	0	1.0
1827	700	0	1.0
1827	1079	0	1.0
1827	1080	0	1.0
1827	1500	0	1.0
1828	91	0	1.0
1828	256	0	1.0
1828	1492	0	1.0
1828	2388	0	1.0
1828	2434	0	1.0
1828	2593	0	1.0
1829	604	0	1.0
1829	1608	0	1.0
1831	91	0	1.0
1831	2227	0	1.0
1832	1564	0	1.0
1836	340	0	1.0
1836	1896	0	1.0
1836	2346	0	1.0
1837	1544	0	1.0
1837	2268	0	1.0
1838	560	0	1.0
1839	1470	0	1.0
1839	2327	0	1.0
1840	1136	0	1.0
1840	1680	0	1.0
1842	1148	0	1.0
1842	1316	0	1.0
1842	2445	0	1.0
1845	486	0	1.0
1845	519	0	1.0
1845	537	0	1.0
1845	981	0	1.0
1845	1004	0	1.0
1845	1354	0	1.0
1845	1491	0	1.0
1847	10	0	1.0
1847	423	0	1.0
1847	614	0	1.0
1847	907	0	1.0
1847	919	0	1.0
1847	1396	0	1.0
1847	1889	0	1.0
1847	2325	0	1.0
1847	2473	0	1.0
1847	2660	0	1.0
1849	891	0	1.0
1849	1971	0	1.0
1849	2469	0	1.0
1852	2477	0	1.0
1859	1848	0	1.0
1861	825	0	1.0
1862	697	0	1.0
1862	1810	0	1.0
1862	2414	0	1.0
1865	8	0	1.0
1865	123	0	1.0
1867	1284	0	1.0
1867	2187	0	1.0
1870	285	0	1.0
1870	1588	0	1.0
1870	1839	0	1.0
1870	2327	0	1.0
1871	966	0	1.0
1871	1928	0	1.0
1871	2434	0	1.0
1871	2656	0	1.0
1874	535	0	1.0
1875	2361	0	1.0
1876	1357	0	1.0
1876	1404	0	1.0
1878	1505	0	1.0
1879	654	0	1.0
1879	1372	0	1.0
1879	1572	0	1.0
1879	1591	0	1.0
1882	1032	0	1.0
1882	2131	0	1.0
1882	2441	0	1.0
1882	2595	0	1.0
1885	34	0	1.0
1885	39	0	1.0
1885	296	0	1.0
1885	318	0	1.0
1885	393	0	1.0
1885	904	0	1.0
1885	1032	0	1.0
1885	1131	0	1.0
1885	1860	0	1.0
1885	1899	0	1.0
1893	623	0	1.0
1893	681	0	1.0
1894	1294	0	1.0
1894	1804	0	1.0
1895	1590	0	1.0
1895	1603	0	1.0
1895	2164	0	1.0
1895	2176	0	1.0
1895	2188	0	1.0
1897	217	0	1.0
1897	2033	0	1.0
1897	2589	0	1.0
1897	2595	0	1.0
1897	2648	0	1.0
1897	2679	0	1.0
1898	1710	0	1.0
1898	2054	0	1.0
1899	106	0	1.0
1899	182	0	1.0
1899	318	0	1.0
1899	393	0	1.0
1899	556	0	1.0
1899	578	0	1.0
1899	1151	0	1.0
1899	1522	0	1.0
1899	1821	0	1.0
1899	2062	0	1.0
1901	2176	0	1.0
1905	35	0	1.0
1905	1398	0	1.0
1905	1536	0	1.0
1905	2033	0	1.0
1905	2679	0	1.0
1906	38	0	1.0
1906	1029	0	1.0
1907	1401	0	1.0
1908	2452	0	1.0
1908	2625	0	1.0
1908	2650	0	1.0
1909	1904	0	1.0
1909	2430	0	1.0
1910	2722	0	1.0
1912	1544	0	1.0
1913	31	0	1.0
1913	109	0	1.0
1913	1492	0	1.0
1913	1653	0	1.0
1913	1770	0	1.0
1913	1828	0	1.0
1913	2047	0	1.0
1913	2544	0	1.0
1913	2388	0	1.0
1913	2593	0	1.0
1915	256	0	1.0
1915	721	0	1.0
1915	889	0	1.0
1915	1974	0	1.0
1915	2036	0	1.0
1915	2047	0	1.0
1915	2227	0	1.0
1915	2544	0	1.0
1916	2009	0	1.0
1916	2471	0	1.0
1922	952	0	1.0
1924	1238	0	1.0
1924	2178	0	1.0
1929	432	0	1.0
1930	209	0	1.0
1930	789	0	1.0
1930	1881	0	1.0
1931	451	0	1.0
1931	894	0	1.0
1931	1072	0	1.0
1931	1423	0	1.0
1931	2492	0	1.0
1935	804	0	1.0
1935	1373	0	1.0
1935	1515	0	1.0
1935	1808	0	1.0
1935	2363	0	1.0
1936	109	0	1.0
1936	256	0	1.0
1936	1492	0	1.0
1936	2047	0	1.0
1936	2131	0	1.0
1936	2388	0	1.0
1939	78	0	1.0
1939	383	0	1.0
1939	394	0	1.0
1939	634	0	1.0
1939	660	0	1.0
1939	1668	0	1.0
1939	1716	0	1.0
1939	2033	0	1.0
1939	2218	0	1.0
1939	2679	0	1.0
1941	680	0	1.0
1941	1138	0	1.0
1941	1690	0	1.0
1941	1972	0	1.0
1941	1999	0	1.0
1941	2069	0	1.0
1941	2102	0	1.0
1941	2107	0	1.0
1941	2196	0	1.0
1942	451	0	1.0
1942	1072	0	1.0
1942	1082	0	1.0
1942	2007	0	1.0
1942	2492	0	1.0
1946	363	0	1.0
1946	625	0	1.0
1946	2618	0	1.0
1952	601	0	1.0
1952	1455	0	1.0
1952	2508	0	1.0
1953	1691	0	1.0
1953	2161	0	1.0
1955	318	0	1.0
1955	848	0	1.0
1955	911	0	1.0
1955	1100	0	1.0
1955	1163	0	1.0
1955	1685	0	1.0
1955	2331	0	1.0
1955	2689	0	1.0
1956	630	0	1.0
1960	412	0	1.0
1960	1785	0	1.0
1960	2373	0	1.0
1961	200	0	1.0
1961	377	0	1.0
1961	601	0	1.0
1961	862	0	1.0
1961	2508	0	1.0
1962	2002	0	1.0
1967	1511	0	1.0
1967	1564	0	1.0
1967	1806	0	1.0
1967	1832	0	1.0
1973	353	0	1.0
1973	741	0	1.0
1973	1690	0	1.0
1973	1972	0	1.0
1974	256	0	1.0
1974	2544	0	1.0
1974	2640	0	1.0
1980	1747	0	1.0
1981	38	0	1.0
1981	169	0	1.0
1981	267	0	1.0
1981	871	0	1.0
1981	1029	0	1.0
1981	1231	0	1.0
1981	1559	0	1.0
1981	1658	0	1.0
1981	2058	0	1.0
1981	2310	0	1.0
1984	159	0	1.0
1984	253	0	1.0
1988	942	0	1.0
1988	2027	0	1.0
1988	2083	0	1.0
1991	2450	0	1.0
1992	2338	0	1.0
1993	1603	0	1.0
1993	2443	0	1.0
1996	2557	0	1.0
1998	226	0	1.0
1998	394	0	1.0
1998	862	0	1.0
1998	2288	0	1.0
1998	2508	0	1.0
2000	71	0	1.0
2000	2707	0	1.0
2000	305	0	1.0
2000	1930	0	1.0
2001	432	0	1.0
2001	668	0	1.0
2001	1929	0	1.0
2001	2464	0	1.0
2001	2635	0	1.0
2003	96	0	1.0
2003	550	0	1.0
2003	834	0	1.0
2003	1062	0	1.0
2003	2017	0	1.0
2003	2181	0	1.0
2005	416	0	1.0
2006	1528	0	1.0
2009	1329	0	1.0
2009	1916	0	1.0
2010	2066	0	1.0
2011	360	0	1.0
2011	1786	0	1.0
2013	1807	0	1.0
2013	2234	0	1.0
2015	902	0	1.0
2016	1436	0	1.0
2016	781	0	1.0
2016	2255	0	1.0
2017	2181	0	1.0
2017	2548	0	1.0
2018	629	0	1.0
2018	991	0	1.0
2018	1970	0	1.0
2019	425	0	1.0
2019	1039	0	1.0
2019	1298	0	1.0
2019	1608	0	1.0
2020	537	0	1.0
2020	1107	0	1.0
2020	1700	0	1.0
2020	1820	0	1.0
2020	2074	0	1.0
2020	2205	0	1.0
2020	2477	0	1.0
2021	1552	0	1.0
2021	2171	0	1.0
2021	2510	0	1.0
2022	176	0	1.0
2022	521	0	1.0
2022	1481	0	1.0
2023	38	0	1.0
2023	147	0	1.0
2023	169	0	1.0
2023	267	0	1.0
2023	473	0	1.0
2023	493	0	1.0
2023	871	0	1.0
2023	1029	0	1.0
2023	1150	0	1.0
2023	1558	0	1.0
2023	1658	0	1.0
2023	2310	0	1.0
2023	2639	0	1.0
2024	1979	0	1.0
2025	1128	0	1.0
2025	1505	0	1.0
2025	1878	0	1.0
2026	1343	0	1.0
2026	1398	0	1.0
2026	1642	0	1.0
2026	2063	0	1.0
2030	405	0	1.0
2030	859	0	1.0
2030	1336	0	1.0
2030	1378	0	1.0
2030	1616	0	1.0
2030	1624	0	1.0
2032	14	0	1.0
2032	156	0	1.0
2033	2158	0	1.0
2033	2528	0	1.0
2036	2178	0	1.0
2037	223	0	1.0
2037	834	0	1.0
2037	1520	0	1.0
2037	1733	0	1.0
2038	2559	0	1.0
2038	1629	0	1.0
2039	1426	0	1.0
2039	2141	0	1.0
2039	2508	0	1.0
2040	106	0	1.0
2040	310	0	1.0
2040	578	0	1.0
2040	1121	0	1.0
2040	1385	0	1.0
2040	1581	0	1.0
2040	1700	0	1.0
2040	1820	0	1.0
2040	1821	0	1.0
2041	212	0	1.0
2041	1299	0	1.0
2041	1958	0	1.0
2041	2323	0	1.0
2041	2522	0	1.0
2043	38	0	1.0
2043	351	0	1.0
2043	789	0	1.0
2043	1113	0	1.0
2043	1799	0	1.0
2043	2058	0	1.0
2043	2641	0	1.0
2044	1637	0	1.0
2044	2095	0	1.0
2046	1390	0	1.0
2047	2082	0	1.0
2049	1440	0	1.0
2049	697	0	1.0
2049	2414	0	1.0
2054	1667	0	1.0
2055	825	0	1.0
2055	1054	0	1.0
2055	1489	0	1.0
2055	1532	0	1.0
2055	1733	0	1.0
2055	1861	0	1.0
2055	1896	0	1.0
2057	1118	0	1.0
2057	1673	0	1.0
2057	1926	0	1.0
2057	2370	0	1.0
2057	2400	0	1.0
2058	169	0	1.0
2058	203	0	1.0
2058	2449	0	1.0
2060	590	0	1.0
2060	374	0	1.0
2060	376	0	1.0
2060	396	0	1.0
2060	719	0	1.0
2060	1275	0	1.0
2060	1336	0	1.0
2060	1747	0	1.0
2060	1850	0	1.0
2060	1980	0	1.0
2060	2100	0	1.0
2060	2495	0	1.0
2062	401	0	1.0
2062	1820	0	1.0
2065	1866	0	1.0
2067	181	0	1.0
2067	681	0	1.0
2067	1115	0	1.0
2067	1432	0	1.0
2067	1477	0	1.0
2067	2014	0	1.0
2067	2377	0	1.0
2067	2509	0	1.0
2070	248	0	1.0
2070	1129	0	1.0
2070	1820	0	1.0
2073	488	0	1.0
2073	1648	0	1.0
2074	108	0	1.0
2074	2508	0	1.0
2076	141	0	1.0
2076	269	0	1.0
2076	340	0	1.0
2076	589	0	1.0
2076	697	0	1.0
2076	1896	0	1.0
2076	2346	0	1.0
2077	2389	0	1.0
2079	519	0	1.0
2079	537	0	1.0
2079	601	0	1.0
2079	975	0	1.0
2079	1004	0	1.0
2079	1195	0	1.0
2079	1961	0	1.0
2079	2508	0	1.0
2080	1640	0	1.0
2081	2253	0	1.0
2081	2758	0	1.0
2081	2608	0	1.0
2084	129	0	1.0
2084	460	0	1.0
2088	78	0	1.0
2088	571	0	1.0
2088	634	0	1.0
2088	986	0	1.0
2088	1668	0	1.0
2088	1939	0	1.0
2088	2105	0	1.0
2088	2218	0	1.0
2088	2288	0	1.0
2088	2365	0	1.0
2088	2381	0	1.0
2090	133	0	1.0
2090	781	0	1.0
2091	2095	0	1.0
2095	1637	0	1.0
2096	2630	0	1.0
2098	1109	0	1.0
2100	1747	0	1.0
2100	2214	0	1.0
2102	1337	0	1.0
2102	1454	0	1.0
2102	2107	0	1.0
2105	78	0	1.0
2105	291	0	1.0
2105	383	0	1.0
2105	394	0	1.0
2105	634	0	1.0
2105	755	0	1.0
2105	981	0	1.0
2105	1102	0	1.0
2105	1392	0	1.0
2105	1668	0	1.0
2105	2452	0	1.0
2109	164	0	1.0
2109	185	0	1.0
2109	1072	0	1.0
2110	1933	0	1.0
2110	2508	0	1.0
2111	2432	0	1.0
2112	1268	0	1.0
2114	405	0	1.0
2114	880	0	1.0
2115	633	0	1.0
2115	654	0	1.0
2115	1591	0	1.0
2115	1879	0	1.0
2115	2568	0	1.0
2115	2662	0	1.0
2118	794	0	1.0
2118	1835	0	1.0
2121	2525	0	1.0
2124	409	0	1.0
2124	451	0	1.0
2124	517	0	1.0
2124	670	0	1.0
2124	894	0	1.0
2124	1072	0	1.0
2124	1082	0	1.0
2124	1612	0	1.0
2124	1931	0	1.0
2124	2007	0	1.0
2124	2415	0	1.0
2124	2460	0	1.0
2124	2492	0	1.0
2124	2664	0	1.0
2125	13	0	1.0
2125	31	0	1.0
2125	256	0	1.0
2125	1221	0	1.0
2125	1273	0	1.0
2125	1640	0	1.0
2125	1653	0	1.0
2125	1735	0	1.0
2125	2319	0	1.0
2125	2388	0	1.0
2125	2583	0	1.0
2125	2593	0	1.0
2128	867	0	1.0
2128	950	0	1.0
2132	618	0	1.0
2132	912	0	1.0
2132	1674	0	1.0
2134	123	0	1.0
2134	138	0	1.0
2134	215	0	1.0
2134	506	0	1.0
2134	1176	0	1.0
2134	1887	0	1.0
2135	840	0	1.0
2135	1496	0	1.0
2135	1948	0	1.0
2135	2117	0	1.0
2135	2372	0	1.0
2140	590	0	1.0
2140	396	0	1.0
2140	1275	0	1.0
2140	1850	0	1.0
2140	2060	0	1.0
2140	2495	0	1.0
2142	603	0	1.0
2142	1426	0	1.0
2143	1253	0	1.0
2143	1460	0	1.0
2143	2742	0	1.0
2143	2249	0	1.0
2145	575	0	1.0
2145	2421	0	1.0
2146	1176	0	1.0
2146	1887	0	1.0
2147	544	0	1.0
2147	1234	0	1.0
2147	1267	0	1.0
2147	1605	0	1.0
2147	1852	0	1.0
2147	2366	0	1.0
2147	2381	0	1.0
2147	2595	0	1.0
2147	2612	0	1.0
2147	2689	0	1.0
2149	6	0	1.0
2149	1427	0	1.0
2149	1737	0	1.0
2149	1766	0	1.0
2152	851	0	1.0
2152	1248	0	1.0
2152	2166	0	1.0
2155	225	0	1.0
2155	277	0	1.0
2155	405	0	1.0
2155	445	0	1.0
2155	576	0	1.0
2155	632	0	1.0
2155	685	0	1.0
2155	849	0	1.0
2155	873	0	1.0
2155	880	0	1.0
2155	1069	0	1.0
2155	1087	0	1.0
2155	2114	0	1.0
2155	2164	0	1.0
2155	2263	0	1.0
2155	2504	0	1.0
2158	2738	0	1.0
2159	1276	0	1.0
2159	2738	0	1.0
2160	1182	0	1.0
2160	1257	0	1.0
2161	363	0	1.0
2161	1411	0	1.0
2161	1843	0	1.0
2164	873	0	1.0
2164	1579	0	1.0
2164	1895	0	1.0
2164	1901	0	1.0
2164	2176	0	1.0
2165	248	0	1.0
2165	1129	0	1.0
2165	1581	0	1.0
2166	851	0	1.0
2167	848	0	1.0
2167	1331	0	1.0
2167	1680	0	1.0
2167	1840	0	1.0
2169	27	0	1.0
2169	31	0	1.0
2169	65	0	1.0
2169	109	0	1.0
2169	256	0	1.0
2169	1129	0	1.0
2169	1492	0	1.0
2169	1581	0	1.0
2169	1770	0	1.0
2169	1936	0	1.0
2169	2047	0	1.0
2169	2131	0	1.0
2169	2165	0	1.0
2169	2388	0	1.0
2169	2452	0	1.0
2169	2526	0	1.0
2169	2595	0	1.0
2170	2096	0	1.0
2170	2630	0	1.0
2172	604	0	1.0
2172	1039	0	1.0
2172	1298	0	1.0
2172	1459	0	1.0
2172	1608	0	1.0
2172	1825	0	1.0
2172	1829	0	1.0
2172	2019	0	1.0
2173	2347	0	1.0
2175	333	0	1.0
2175	2144	0	1.0
2176	939	0	1.0
2179	169	0	1.0
2179	2643	0	1.0
2181	1062	0	1.0
2181	2233	0	1.0
2184	1294	0	1.0
2184	2623	0	1.0
2187	361	0	1.0
2187	2036	0	1.0
2187	2097	0	1.0
2187	2508	0	1.0
2190	662	0	1.0
2190	895	0	1.0
2190	2500	0	1.0
2191	534	0	1.0
2191	1225	0	1.0
2191	1856	0	1.0
2191	2667	0	1.0
2195	398	0	1.0
2195	494	0	1.0
2195	1118	0	1.0
2197	183	0	1.0
2197	268	0	1.0
2197	322	0	1.0
2197	384	0	1.0
2197	490	0	1.0
2197	533	0	1.0
2197	2717	0	1.0
2197	626	0	1.0
2197	650	0	1.0
2197	762	0	1.0
2197	836	0	1.0
2197	853	0	1.0
2197	948	0	1.0
2197	976	0	1.0
2197	1028	0	1.0
2197	1030	0	1.0
2197	1068	0	1.0
2197	1126	0	1.0
2197	1146	0	1.0
2197	1347	0	1.0
2197	1500	0	1.0
2197	1534	0	1.0
2197	2347	0	1.0
2197	2358	0	1.0
2197	2515	0	1.0
2199	385	0	1.0
2199	2379	0	1.0
2200	493	0	1.0
2200	1073	0	1.0
2200	1799	0	1.0
2200	2398	0	1.0
2200	2641	0	1.0
2201	1459	0	1.0
2202	2123	0	1.0
2203	234	0	1.0
2204	2651	0	1.0
2206	495	0	1.0
2207	38	0	1.0
2207	267	0	1.0
2207	493	0	1.0
2207	763	0	1.0
2207	871	0	1.0
2207	1139	0	1.0
2207	1658	0	1.0
2207	1799	0	1.0
2207	2310	0	1.0
2207	2637	0	1.0
2207	2639	0	1.0
2207	2641	0	1.0
2207	2643	0	1.0
2209	646	0	1.0
2209	1746	0	1.0
2209	2250	0	1.0
2209	2417	0	1.0
2212	8	0	1.0
2212	123	0	1.0
2212	126	0	1.0
2212	506	0	1.0
2212	1865	0	1.0
2212	2393	0	1.0
2212	2574	0	1.0
2212	2646	0	1.0
2213	142	0	1.0
2213	282	0	1.0
2213	519	0	1.0
2213	537	0	1.0
2213	554	0	1.0
2213	877	0	1.0
2213	904	0	1.0
2213	1003	0	1.0
2213	1004	0	1.0
2213	1759	0	1.0
2213	2740	0	1.0
2213	1983	0	1.0
2213	2175	0	1.0
2213	2219	0	1.0
2213	2277	0	1.0
2213	2366	0	1.0
2215	445	0	1.0
2215	576	0	1.0
2215	807	0	1.0
2215	933	0	1.0
2215	1346	0	1.0
2215	1579	0	1.0
2215	1590	0	1.0
2215	1895	0	1.0
2215	2176	0	1.0
2215	2188	0	1.0
2216	439	0	1.0
2216	1798	0	1.0
2217	859	0	1.0
2217	866	0	1.0
2217	945	0	1.0
2217	1149	0	1.0
2217	1501	0	1.0
2217	1593	0	1.0
2217	1616	0	1.0
2217	1624	0	1.0
2217	1763	0	1.0
2217	2030	0	1.0
2217	2668	0	1.0
2218	634	0	1.0
2218	1939	0	1.0
2218	2036	0	1.0
2220	1471	0	1.0
2220	1705	0	1.0
2220	1932	0	1.0
2220	2506	0	1.0
2221	1566	0	1.0
2222	48	0	1.0
2227	9	0	1.0
2227	13	0	1.0
2227	109	0	1.0
2227	256	0	1.0
2227	2047	0	1.0
2227	2503	0	1.0
2229	1365	0	1.0
2231	2138	0	1.0
2231	2297	0	1.0
2232	102	0	1.0
2232	457	0	1.0
2232	725	0	1.0
2232	1108	0	1.0
2232	1214	0	1.0
2232	1454	0	1.0
2232	1507	0	1.0
2232	1826	0	1.0
2232	2102	0	1.0
2232	2107	0	1.0
2233	1062	0	1.0
2233	1813	0	1.0
2233	2181	0	1.0
2234	1807	0	1.0
2235	681	0	1.0
2235	884	0	1.0
2235	890	0	1.0
2235	900	0	1.0
2235	997	0	1.0
2235	1178	0	1.0
2235	1432	0	1.0
2235	1268	0	1.0
2235	1477	0	1.0
2235	1493	0	1.0
2235	2050	0	1.0
2235	2112	0	1.0
2235	2558	0	1.0
2235	2509	0	1.0
2235	2678	0	1.0
2238	501	0	1.0
2240	165	0	1.0
2240	727	0	1.0
2240	1180	0	1.0
2240	2355	0	1.0
2240	2616	0	1.0
2241	1376	0	1.0
2244	39	0	1.0
2244	486	0	1.0
2244	1269	0	1.0
2244	1676	0	1.0
2246	1628	0	1.0
2246	1855	0	1.0
2249	2742	0	1.0
2250	1395	0	1.0
2250	2095	0	1.0
2250	2404	0	1.0
2250	2417	0	1.0
2253	2096	0	1.0
2253	2630	0	1.0
2254	139	0	1.0
2254	2144	0	1.0
2254	2175	0	1.0
2255	1436	0	1.0
2258	187	0	1.0
2258	578	0	1.0
2258	848	0	1.0
2258	1234	0	1.0
2258	1331	0	1.0
2258	1716	0	1.0
2258	1852	0	1.0
2258	2167	0	1.0
2258	2335	0	1.0
2258	2595	0	1.0
2258	2689	0	1.0
2262	2416	0	1.0
2263	176	0	1.0
2263	445	0	1.0
2263	521	0	1.0
2263	576	0	1.0
2263	632	0	1.0
2263	873	0	1.0
2263	1069	0	1.0
2263	1087	0	1.0
2263	1251	0	1.0
2263	1579	0	1.0
2263	2164	0	1.0
2263	2176	0	1.0
2263	2332	0	1.0
2264	408	0	1.0
2264	1437	0	1.0
2264	786	0	1.0
2264	1404	0	1.0
2264	1861	0	1.0
2264	2083	0	1.0
2264	2129	0	1.0
2264	2410	0	1.0
2264	2470	0	1.0
2264	2595	0	1.0
2265	601	0	1.0
2265	2456	0	1.0
2265	2508	0	1.0
2267	819	0	1.0
2269	2435	0	1.0
2270	2766	0	1.0
2270	556	0	1.0
2270	578	0	1.0
2270	726	0	1.0
2270	1522	0	1.0
2270	1643	0	1.0
2270	1820	0	1.0
2270	1821	0	1.0
2270	2685	0	1.0
2270	2694	0	1.0
2273	1393	0	1.0
2277	142	0	1.0
2277	282	0	1.0
2277	537	0	1.0
2277	1939	0	1.0
2277	2036	0	1.0
2277	2213	0	1.0
2277	2366	0	1.0
2277	2381	0	1.0
2277	2595	0	1.0
2279	697	0	1.0
2283	423	0	1.0
2283	2717	0	1.0
2283	615	0	1.0
2283	855	0	1.0
2283	907	0	1.0
2283	996	0	1.0
2283	1127	0	1.0
2283	1145	0	1.0
2283	1295	0	1.0
2283	1396	0	1.0
2283	1889	0	1.0
2283	2487	0	1.0
2283	2660	0	1.0
2284	284	0	1.0
2284	544	0	1.0
2284	1121	0	1.0
2284	1276	0	1.0
2284	1277	0	1.0
2284	1287	0	1.0
2285	1283	0	1.0
2285	1924	0	1.0
2285	2178	0	1.0
2286	1565	0	1.0
2287	1723	0	1.0
2287	1875	0	1.0
2288	862	0	1.0
2288	981	0	1.0
2288	1998	0	1.0
2288	2513	0	1.0
2290	217	0	1.0
2290	264	0	1.0
2290	1492	0	1.0
2290	1567	0	1.0
2290	2227	0	1.0
2290	2754	0	1.0
2290	2381	0	1.0
2290	2589	0	1.0
2290	2611	0	1.0
2292	527	0	1.0
2292	2127	0	1.0
2293	212	0	1.0
2293	809	0	1.0
2300	1283	0	1.0
2300	1924	0	1.0
2301	1257	0	1.0
2301	2433	0	1.0
2301	2457	0	1.0
2302	656	0	1.0
2302	828	0	1.0
2303	1462	0	1.0
2307	2339	0	1.0
2308	2266	0	1.0
2309	848	0	1.0
2309	1331	0	1.0
2309	1680	0	1.0
2309	1840	0	1.0
2309	2167	0	1.0
2310	169	0	1.0
2310	1029	0	1.0
2312	121	0	1.0
2312	1528	0	1.0
2312	1661	0	1.0
2313	1220	0	1.0
2316	29	0	1.0
2316	295	0	1.0
2316	327	0	1.0
2316	432	0	1.0
2316	668	0	1.0
2316	776	0	1.0
2316	1929	0	1.0
2316	2001	0	1.0
2316	2464	0	1.0
2317	2122	0	1.0
2323	2094	0	1.0
2323	2522	0	1.0
2325	907	0	1.0
2325	1326	0	1.0
2326	131	0	1.0
2326	1292	0	1.0
2327	1839	0	1.0
2328	2408	0	1.0
2331	187	0	1.0
2331	848	0	1.0
2331	872	0	1.0
2331	1100	0	1.0
2331	1276	0	1.0
2331	1302	0	1.0
2331	1483	0	1.0
2331	1734	0	1.0
2331	1882	0	1.0
2331	2258	0	1.0
2331	2595	0	1.0
2331	2685	0	1.0
2332	1481	0	1.0
2333	1718	0	1.0
2335	34	0	1.0
2335	74	0	1.0
2335	486	0	1.0
2335	537	0	1.0
2335	975	0	1.0
2335	981	0	1.0
2335	1206	0	1.0
2335	2219	0	1.0
2336	399	0	1.0
2336	1061	0	1.0
2336	1211	0	1.0
2336	1854	0	1.0
2336	2109	0	1.0
2337	10	0	1.0
2337	220	0	1.0
2337	423	0	1.0
2337	614	0	1.0
2337	615	0	1.0
2337	907	0	1.0
2337	919	0	1.0
2337	982	0	1.0
2337	1127	0	1.0
2337	1326	0	1.0
2337	1396	0	1.0
2337	1758	0	1.0
2337	1847	0	1.0
2337	1889	0	1.0
2337	1944	0	1.0
2337	2280	0	1.0
2337	2283	0	1.0
2337	2325	0	1.0
2337	2423	0	1.0
2337	2473	0	1.0
2337	2660	0	1.0
2341	187	0	1.0
2341	245	0	1.0
2341	476	0	1.0
2341	578	0	1.0
2341	848	0	1.0
2341	872	0	1.0
2341	904	0	1.0
2341	1483	0	1.0
2341	2036	0	1.0
2341	2258	0	1.0
2341	2544	0	1.0
2341	2335	0	1.0
2341	2413	0	1.0
2341	2595	0	1.0
2341	2685	0	1.0
2343	1932	0	1.0
2343	2506	0	1.0
2346	340	0	1.0
2346	1896	0	1.0
2348	789	0	1.0
2348	1658	0	1.0
2349	322	0	1.0
2349	1304	0	1.0
2350	1601	0	1.0
2351	1753	0	1.0
2353	1434	0	1.0
2353	1404	0	1.0
2353	2396	0	1.0
2353	2453	0	1.0
2354	2552	0	1.0
2354	1761	0	1.0
2354	1781	0	1.0
2354	2674	0	1.0
2355	165	0	1.0
2355	1132	0	1.0
2355	2616	0	1.0
2356	485	0	1.0
2356	2727	0	1.0
2356	2074	0	1.0
2356	2110	0	1.0
2356	2468	0	1.0
2356	2508	0	1.0
2357	2416	0	1.0
2358	762	0	1.0
2358	1126	0	1.0
2358	1347	0	1.0
2358	1891	0	1.0
2358	2173	0	1.0
2358	2347	0	1.0
2360	1405	0	1.0
2363	179	0	1.0
2363	1808	0	1.0
2364	1869	0	1.0
2366	1983	0	1.0
2367	2141	0	1.0
2369	225	0	1.0
2369	405	0	1.0
2369	849	0	1.0
2369	880	0	1.0
2369	1255	0	1.0
2369	1336	0	1.0
2369	1550	0	1.0
2369	1864	0	1.0
2369	2114	0	1.0
2369	2373	0	1.0
2369	2504	0	1.0
2370	1673	0	1.0
2370	1926	0	1.0
2370	2400	0	1.0
2372	1496	0	1.0
2372	2117	0	1.0
2375	686	0	1.0
2375	1428	0	1.0
2375	1583	0	1.0
2375	1654	0	1.0
2375	1912	0	1.0
2376	728	0	1.0
2377	2396	0	1.0
2377	2453	0	1.0
2379	363	0	1.0
2381	1032	0	1.0
2382	813	0	1.0
2382	1762	0	1.0
2382	1966	0	1.0
2386	851	0	1.0
2386	1535	0	1.0
2386	1736	0	1.0
2386	2152	0	1.0
2386	2166	0	1.0
2386	2413	0	1.0
2387	2326	0	1.0
2388	31	0	1.0
2388	109	0	1.0
2388	1492	0	1.0
2388	1868	0	1.0
2392	486	0	1.0
2392	1040	0	1.0
2393	8	0	1.0
2393	123	0	1.0
2393	506	0	1.0
2393	1176	0	1.0
2394	2563	0	1.0
2398	38	0	1.0
2398	169	0	1.0
2398	251	0	1.0
2398	1150	0	1.0
2398	1799	0	1.0
2398	2310	0	1.0
2399	2029	0	1.0
2399	2524	0	1.0
2400	1118	0	1.0
2400	1926	0	1.0
2400	2370	0	1.0
2402	125	0	1.0
2402	1138	0	1.0
2404	1637	0	1.0
2404	2095	0	1.0
2407	610	0	1.0
2407	1414	0	1.0
2408	633	0	1.0
2410	2129	0	1.0
2410	2361	0	1.0
2412	2210	0	1.0
2413	851	0	1.0
2413	1003	0	1.0
2413	2166	0	1.0
2415	1072	0	1.0
2415	1082	0	1.0
2415	1612	0	1.0
2417	1637	0	1.0
2417	2044	0	1.0
2417	2095	0	1.0
2418	2222	0	1.0
2420	2634	0	1.0
2421	575	0	1.0
2422	2	0	1.0
2422	1043	0	1.0
2422	1278	0	1.0
2423	10	0	1.0
2423	423	0	1.0
2423	614	0	1.0
2423	907	0	1.0
2423	919	0	1.0
2423	1396	0	1.0
2423	1889	0	1.0
2423	1944	0	1.0
2423	2660	0	1.0
2424	506	0	1.0
2424	1984	0	1.0
2425	147	0	1.0
2425	2711	0	1.0
2425	251	0	1.0
2425	473	0	1.0
2425	1300	0	1.0
2425	1799	0	1.0
2425	2058	0	1.0
2425	2439	0	1.0
2426	1976	0	1.0
2429	1969	0	1.0
2431	382	0	1.0
2431	547	0	1.0
2431	2192	0	1.0
2431	2397	0	1.0
2433	1372	0	1.0
2435	2119	0	1.0
2436	247	0	1.0
2436	820	0	1.0
2436	1631	0	1.0
2436	1767	0	1.0
2437	461	0	1.0
2437	896	0	1.0
2437	952	0	1.0
2437	2723	0	1.0
2437	1227	0	1.0
2437	1922	0	1.0
2438	1699	0	1.0
2438	2164	0	1.0
2438	2176	0	1.0
2441	2033	0	1.0
2441	2158	0	1.0
2441	2679	0	1.0
2442	325	0	1.0
2442	2066	0	1.0
2449	169	0	1.0
2449	2643	0	1.0
2451	1651	0	1.0
2452	1474	0	1.0
2452	2738	0	1.0
2452	1996	0	1.0
2452	2131	0	1.0
2452	2170	0	1.0
2452	2595	0	1.0
2452	2679	0	1.0
2453	1341	0	1.0
2454	547	0	1.0
2455	547	0	1.0
2455	1027	0	1.0
2455	2231	0	1.0
2456	601	0	1.0
2457	1372	0	1.0
2458	36	0	1.0
2458	82	0	1.0
2458	307	0	1.0
2458	705	0	1.0
2458	1312	0	1.0
2458	1658	0	1.0
2458	1799	0	1.0
2458	1981	0	1.0
2458	2023	0	1.0
2458	2207	0	1.0
2458	2439	0	1.0
2461	1259	0	1.0
2463	308	0	1.0
2463	2559	0	1.0
2464	432	0	1.0
2464	668	0	1.0
2464	1929	0	1.0
2465	541	0	1.0
2465	2034	0	1.0
2465	2390	0	1.0
2468	180	0	1.0
2468	526	0	1.0
2468	535	0	1.0
2468	601	0	1.0
2468	2727	0	1.0
2468	2074	0	1.0
2468	2456	0	1.0
2468	2508	0	1.0
2470	623	0	1.0
2470	768	0	1.0
2470	1733	0	1.0
2470	1810	0	1.0
2470	1862	0	1.0
2471	1591	0	1.0
2471	1916	0	1.0
2471	2009	0	1.0
2473	907	0	1.0
2473	1127	0	1.0
2474	257	0	1.0
2474	347	0	1.0
2474	1007	0	1.0
2474	1292	0	1.0
2474	2646	0	1.0
2475	2450	0	1.0
2476	1615	0	1.0
2476	2752	0	1.0
2482	774	0	1.0
2482	1968	0	1.0
2483	2345	0	1.0
2483	2491	0	1.0
2485	1640	0	1.0
2487	560	0	1.0
2487	886	0	1.0
2487	907	0	1.0
2487	1046	0	1.0
2487	2223	0	1.0
2488	527	0	1.0
2488	1239	0	1.0
2489	19	0	1.0
2489	586	0	1.0
2489	1728	0	1.0
2489	1731	0	1.0
2490	1399	0	1.0
2491	618	0	1.0
2495	590	0	1.0
2495	1850	0	1.0
2496	4	0	1.0
2496	27	0	1.0
2496	65	0	1.0
2496	195	0	1.0
2496	1129	0	1.0
2496	1581	0	1.0
2496	1770	0	1.0
2496	2169	0	1.0
2496	2258	0	1.0
2496	2388	0	1.0
2496	2526	0	1.0
2496	2528	0	1.0
2497	1747	0	1.0
2498	1479	0	1.0
2498	2550	0	1.0
2499	2540	0	1.0
2499	2118	0	1.0
2504	405	0	1.0
2504	849	0	1.0
2511	1580	0	1.0
2513	601	0	1.0
2513	862	0	1.0
2513	1207	0	1.0
2513	1961	0	1.0
2513	1998	0	1.0
2518	121	0	1.0
2518	1393	0	1.0
2518	2230	0	1.0
2518	2273	0	1.0
2518	2312	0	1.0
2519	3	0	1.0
2519	2699	0	1.0
2519	148	0	1.0
2519	2712	0	1.0
2519	393	0	1.0
2519	532	0	1.0
2519	672	0	1.0
2519	1100	0	1.0
2519	1483	0	1.0
2519	1595	0	1.0
2519	2539	0	1.0
2519	1860	0	1.0
2519	1882	0	1.0
2519	2105	0	1.0
2519	2147	0	1.0
2519	2341	0	1.0
2519	2528	0	1.0
2519	2677	0	1.0
2519	2685	0	1.0
2519	2689	0	1.0
2520	228	0	1.0
2520	2450	0	1.0
2520	2475	0	1.0
2521	725	0	1.0
2521	1063	0	1.0
2521	1214	0	1.0
2521	1941	0	1.0
2521	2102	0	1.0
2523	423	0	1.0
2523	482	0	1.0
2523	899	0	1.0
2523	907	0	1.0
2523	1655	0	1.0
2523	1820	0	1.0
2523	2473	0	1.0
2523	2660	0	1.0
2527	170	0	1.0
2527	960	0	1.0
2527	1268	0	1.0
2527	1480	0	1.0
2527	1996	0	1.0
2528	35	0	1.0
2528	2738	0	1.0
2529	4	0	1.0
2529	27	0	1.0
2529	248	0	1.0
2529	1129	0	1.0
2529	1581	0	1.0
2529	2165	0	1.0
2530	2082	0	1.0
2530	2503	0	1.0
2532	70	0	1.0
2532	607	0	1.0
2532	610	0	1.0
2532	848	0	1.0
2532	901	0	1.0
2532	961	0	1.0
2532	1024	0	1.0
2532	1318	0	1.0
2532	1414	0	1.0
2532	1720	0	1.0
2532	2144	0	1.0
2532	2407	0	1.0
2533	232	0	1.0
2533	2657	0	1.0
2534	170	0	1.0
2535	2	0	1.0
2535	94	0	1.0
2535	1043	0	1.0
2535	2422	0	1.0
2537	211	0	1.0
2537	2412	0	1.0
2537	2467	0	1.0
2539	1	0	1.0
2539	2699	0	1.0
2539	2712	0	1.0
2539	237	0	1.0
2539	249	0	1.0
2539	414	0	1.0
2539	499	0	1.0
2539	535	0	1.0
2539	740	0	1.0
2539	848	0	1.0
2539	901	0	1.0
2539	1032	0	1.0
2539	1302	0	1.0
2539	1483	0	1.0
2539	1537	0	1.0
2539	1595	0	1.0
2539	1752	0	1.0
2539	1759	0	1.0
2539	1770	0	1.0
2539	2740	0	1.0
2539	1841	0	1.0
2539	1860	0	1.0
2539	1955	0	1.0
2539	2036	0	1.0
2539	2277	0	1.0
2539	2519	0	1.0
2539	2677	0	1.0
2539	2679	0	1.0
2539	2683	0	1.0
2539	2685	0	1.0
2539	2689	0	1.0
2539	2694	0	1.0
2540	2416	0	1.0
2541	612	0	1.0
2541	983	0	1.0
2541	1622	0	1.0
2542	1330	0	1.0
2542	2663	0	1.0
2546	598	0	1.0
2546	1707	0	1.0
2546	2545	0	1.0
2547	875	0	1.0
2548	64	0	1.0
2548	1062	0	1.0
2548	1813	0	1.0
2548	2017	0	1.0
2548	2181	0	1.0
2548	2233	0	1.0
2551	235	0	1.0
2551	712	0	1.0
2551	1851	0	1.0
2553	2010	0	1.0
2553	2440	0	1.0
2553	2761	0	1.0
2555	89	0	1.0
2555	340	0	1.0
2555	699	0	1.0
2555	2722	0	1.0
2555	2346	0	1.0
2556	1591	0	1.0
2560	89	0	1.0
2560	115	0	1.0
2560	269	0	1.0
2560	358	0	1.0
2560	589	0	1.0
2560	697	0	1.0
2560	699	0	1.0
2560	1896	0	1.0
2560	2049	0	1.0
2561	349	0	1.0
2561	1402	0	1.0
2561	1879	0	1.0
2561	2568	0	1.0
2563	2394	0	1.0
2566	503	0	1.0
2566	711	0	1.0
2566	891	0	1.0
2566	918	0	1.0
2566	953	0	1.0
2566	1013	0	1.0
2566	2725	0	1.0
2566	1271	0	1.0
2566	1703	0	1.0
2566	1727	0	1.0
2566	2743	0	1.0
2566	2447	0	1.0
2568	213	0	1.0
2568	349	0	1.0
2568	612	0	1.0
2568	1307	0	1.0
2568	1402	0	1.0
2568	1572	0	1.0
2570	538	0	1.0
2571	107	0	1.0
2571	1604	0	1.0
2572	94	0	1.0
2572	119	0	1.0
2572	167	0	1.0
2572	215	0	1.0
2572	290	0	1.0
2572	518	0	1.0
2572	1278	0	1.0
2573	2633	0	1.0
2574	123	0	1.0
2574	126	0	1.0
2574	506	0	1.0
2574	1176	0	1.0
2574	1865	0	1.0
2574	1940	0	1.0
2574	2212	0	1.0
2575	2333	0	1.0
2576	388	0	1.0
2576	467	0	1.0
2576	585	0	1.0
2577	2701	0	1.0
2577	1309	0	1.0
2577	1509	0	1.0
2577	1725	0	1.0
2577	1798	0	1.0
2577	2077	0	1.0
2577	2350	0	1.0
2578	82	0	1.0
2578	2711	0	1.0
2578	473	0	1.0
2578	705	0	1.0
2578	1150	0	1.0
2578	1217	0	1.0
2578	1312	0	1.0
2578	1749	0	1.0
2578	2348	0	1.0
2578	2425	0	1.0
2578	2637	0	1.0
2579	1729	0	1.0
2579	2624	0	1.0
2580	1138	0	1.0
2580	1973	0	1.0
2581	1083	0	1.0
2582	2231	0	1.0
2582	2297	0	1.0
2583	1936	0	1.0
2583	2047	0	1.0
2583	2131	0	1.0
2583	2227	0	1.0
2583	2544	0	1.0
2583	2388	0	1.0
2583	2441	0	1.0
2583	2586	0	1.0
2583	2590	0	1.0
2584	2326	0	1.0
2584	2387	0	1.0
2584	2646	0	1.0
2585	1671	0	1.0
2585	1936	0	1.0
2585	2131	0	1.0
2585	2169	0	1.0
2585	2227	0	1.0
2585	2544	0	1.0
2585	2589	0	1.0
2586	13	0	1.0
2586	31	0	1.0
2586	109	0	1.0
2586	256	0	1.0
2586	1492	0	1.0
2586	2047	0	1.0
2586	2544	0	1.0
2586	2388	0	1.0
2586	2503	0	1.0
2587	116	0	1.0
2587	1737	0	1.0
2588	1718	0	1.0
2588	2333	0	1.0
2589	217	0	1.0
2589	2047	0	1.0
2590	42	0	1.0
2590	256	0	1.0
2590	1770	0	1.0
2590	2047	0	1.0
2590	2227	0	1.0
2590	2544	0	1.0
2590	2388	0	1.0
2592	98	0	1.0
2592	1868	0	1.0
2592	2227	0	1.0
2592	2231	0	1.0
2592	2544	0	1.0
2592	2388	0	1.0
2593	31	0	1.0
2593	109	0	1.0
2593	256	0	1.0
2593	2131	0	1.0
2593	2388	0	1.0
2594	79	0	1.0
2594	1871	0	1.0
2594	1928	0	1.0
2594	2131	0	1.0
2594	2333	0	1.0
2594	2434	0	1.0
2594	2575	0	1.0
2595	9	0	1.0
2595	1032	0	1.0
2595	1474	0	1.0
2595	1633	0	1.0
2595	2738	0	1.0
2596	2576	0	1.0
2596	2581	0	1.0
2598	2759	0	1.0
2598	2678	0	1.0
2599	1299	0	1.0
2599	2605	0	1.0
2599	2669	0	1.0
2600	440	0	1.0
2600	825	0	1.0
2600	1178	0	1.0
2600	1297	0	1.0
2600	1489	0	1.0
2600	1547	0	1.0
2600	1733	0	1.0
2600	1861	0	1.0
2601	438	0	1.0
2601	705	0	1.0
2601	806	0	1.0
2601	2111	0	1.0
2601	2432	0	1.0
2602	633	0	1.0
2602	876	0	1.0
2602	1422	0	1.0
2602	1850	0	1.0
2602	1856	0	1.0
2602	2059	0	1.0
2602	2100	0	1.0
2602	2191	0	1.0
2602	2497	0	1.0
2605	1299	0	1.0
2605	2082	0	1.0
2605	2669	0	1.0
2606	16	0	1.0
2606	2708	0	1.0
2606	506	0	1.0
2606	1176	0	1.0
2606	1278	0	1.0
2606	2104	0	1.0
2606	2179	0	1.0
2606	2261	0	1.0
2606	2449	0	1.0
2606	2535	0	1.0
2608	1474	0	1.0
2609	1276	0	1.0
2610	2081	0	1.0
2610	2452	0	1.0
2610	2625	0	1.0
2610	2648	0	1.0
2611	2738	0	1.0
2611	2754	0	1.0
2612	1277	0	1.0
2613	508	0	1.0
2613	1120	0	1.0
2613	1276	0	1.0
2613	2362	0	1.0
2613	2573	0	1.0
2613	2591	0	1.0
2613	2609	0	1.0
2614	2643	0	1.0
2615	462	0	1.0
2615	1521	0	1.0
2615	1773	0	1.0
2615	2096	0	1.0
2615	2630	0	1.0
2615	2650	0	1.0
2621	321	0	1.0
2623	957	0	1.0
2623	1280	0	1.0
2623	2068	0	1.0
2623	2300	0	1.0
2625	1533	0	1.0
2625	2096	0	1.0
2625	2630	0	1.0
2626	400	0	1.0
2626	815	0	1.0
2626	1066	0	1.0
2626	1766	0	1.0
2628	1	0	1.0
2628	3	0	1.0
2628	30	0	1.0
2628	44	0	1.0
2628	2699	0	1.0
2628	148	0	1.0
2628	187	0	1.0
2628	195	0	1.0
2628	207	0	1.0
2628	2712	0	1.0
2628	241	0	1.0
2628	594	0	1.0
2628	2714	0	1.0
2628	278	0	1.0
2628	289	0	1.0
2628	443	0	1.0
2628	532	0	1.0
2628	901	0	1.0
2628	1078	0	1.0
2628	1165	0	1.0
2628	1198	0	1.0
2628	1302	0	1.0
2628	1335	0	1.0
2628	1383	0	1.0
2628	1388	0	1.0
2628	1389	0	1.0
2628	1483	0	1.0
2628	1638	0	1.0
2628	1647	0	1.0
2628	2539	0	1.0
2628	1735	0	1.0
2628	1751	0	1.0
2628	2740	0	1.0
2628	1845	0	1.0
2628	1882	0	1.0
2628	2036	0	1.0
2628	2113	0	1.0
2628	2131	0	1.0
2628	2158	0	1.0
2628	2253	0	1.0
2628	2277	0	1.0
2628	2544	0	1.0
2628	2758	0	1.0
2628	2341	0	1.0
2628	2452	0	1.0
2628	2615	0	1.0
2628	2676	0	1.0
2628	2683	0	1.0
2628	2684	0	1.0
2628	2686	0	1.0
2628	2689	0	1.0
2629	2632	0	1.0
2635	169	0	1.0
2635	432	0	1.0
2636	38	0	1.0
2636	125	0	1.0
2636	147	0	1.0
2636	169	0	1.0
2636	209	0	1.0
2636	251	0	1.0
2636	267	0	1.0
2636	351	0	1.0
2636	473	0	1.0
2636	1029	0	1.0
2636	1073	0	1.0
2636	1113	0	1.0
2636	1130	0	1.0
2636	1300	0	1.0
2636	1658	0	1.0
2636	1775	0	1.0
2636	1799	0	1.0
2636	1811	0	1.0
2636	1906	0	1.0
2636	2310	0	1.0
2636	2635	0	1.0
2636	2637	0	1.0
2636	2639	0	1.0
2636	2641	0	1.0
2637	38	0	1.0
2637	169	0	1.0
2637	209	0	1.0
2637	267	0	1.0
2637	351	0	1.0
2637	1029	0	1.0
2637	1658	0	1.0
2637	2058	0	1.0
2637	2310	0	1.0
2637	2641	0	1.0
2637	2643	0	1.0
2638	8	0	1.0
2638	123	0	1.0
2638	126	0	1.0
2638	2393	0	1.0
2639	38	0	1.0
2639	267	0	1.0
2639	1658	0	1.0
2639	2310	0	1.0
2639	2643	0	1.0
2640	109	0	1.0
2640	2544	0	1.0
2640	2503	0	1.0
2640	2644	0	1.0
2641	38	0	1.0
2641	169	0	1.0
2641	209	0	1.0
2641	267	0	1.0
2641	351	0	1.0
2641	493	0	1.0
2641	1029	0	1.0
2641	1130	0	1.0
2641	1658	0	1.0
2641	1906	0	1.0
2641	2058	0	1.0
2641	2310	0	1.0
2641	2637	0	1.0
2644	2047	0	1.0
2644	2082	0	1.0
2644	2544	0	1.0
2644	2503	0	1.0
2644	2530	0	1.0
2644	2640	0	1.0
2646	8	0	1.0
2646	21	0	1.0
2646	123	0	1.0
2646	126	0	1.0
2646	134	0	1.0
2646	506	0	1.0
2646	1176	0	1.0
2646	1728	0	1.0
2646	2212	0	1.0
2646	2393	0	1.0
2646	2574	0	1.0
2646	2638	0	1.0
2646	2647	0	1.0
2647	37	0	1.0
2647	123	0	1.0
2647	124	0	1.0
2647	134	0	1.0
2647	1176	0	1.0
2647	2212	0	1.0
2647	2638	0	1.0
2648	108	0	1.0
2648	2503	0	1.0
2649	684	0	1.0
2649	838	0	1.0
2650	2630	0	1.0
2652	19	0	1.0
2652	257	0	1.0
2652	1007	0	1.0
2652	1142	0	1.0
2652	1292	0	1.0
2652	1728	0	1.0
2652	2326	0	1.0
2652	2424	0	1.0
2652	2474	0	1.0
2652	2646	0	1.0
2653	209	0	1.0
2653	267	0	1.0
2653	480	0	1.0
2653	2310	0	1.0
2653	2639	0	1.0
2654	1461	0	1.0
2654	2239	0	1.0
2655	425	0	1.0
2655	1298	0	1.0
2655	1608	0	1.0
2655	2092	0	1.0
2656	1928	0	1.0
2656	2231	0	1.0
2656	2434	0	1.0
2659	1739	0	1.0
2659	1777	0	1.0
2659	2416	0	1.0
2660	855	0	1.0
2660	907	0	1.0
2660	1127	0	1.0
2660	1326	0	1.0
2660	1396	0	1.0
2660	1635	0	1.0
2660	1889	0	1.0
2662	633	0	1.0
2662	1591	0	1.0
2662	2556	0	1.0
2663	1330	0	1.0
2663	2542	0	1.0
2665	1604	0	1.0
2666	311	0	1.0
2666	612	0	1.0
2666	983	0	1.0
2666	1543	0	1.0
2666	1622	0	1.0
2666	2541	0	1.0
2666	2471	0	1.0
2667	1856	0	1.0
2668	859	0	1.0
2668	1616	0	1.0
2668	1624	0	1.0
2668	1863	0	1.0
2671	2072	0	1.0
2671	2150	0	1.0
2671	2616	0	1.0
2675	3	0	1.0
2675	4	0	1.0
2675	27	0	1.0
2675	65	0	1.0
2675	2712	0	1.0
2675	248	0	1.0
2675	259	0	1.0
2675	596	0	1.0
2675	303	0	1.0
2675	1100	0	1.0
2675	1129	0	1.0
2675	1253	0	1.0
2675	1302	0	1.0
2675	1483	0	1.0
2675	1581	0	1.0
2675	1735	0	1.0
2675	1770	0	1.0
2675	1915	0	1.0
2675	1974	0	1.0
2675	2165	0	1.0
2675	2169	0	1.0
2675	2755	0	1.0
2675	2341	0	1.0
2675	2496	0	1.0
2675	2676	0	1.0
2675	2683	0	1.0
2675	2688	0	1.0
2675	2689	0	1.0
2676	2699	0	1.0
2676	1302	0	1.0
2676	1483	0	1.0
2676	2147	0	1.0
2676	2689	0	1.0
2677	44	0	1.0
2677	2699	0	1.0
2677	1483	0	1.0
2677	1647	0	1.0
2677	1860	0	1.0
2677	2452	0	1.0
2677	2685	0	1.0
2679	2528	0	1.0
2680	34	0	1.0
2680	2699	0	1.0
2680	2712	0	1.0
2680	532	0	1.0
2680	975	0	1.0
2680	1302	0	1.0
2680	1483	0	1.0
2680	2519	0	1.0
2680	2615	0	1.0
2680	2676	0	1.0
2680	2683	0	1.0
2682	4	0	1.0
2682	27	0	1.0
2682	2699	0	1.0
2682	1129	0	1.0
2682	1581	0	1.0
2682	1639	0	1.0
2682	2165	0	1.0
2682	2169	0	1.0
2682	2755	0	1.0
2682	2496	0	1.0
2682	2529	0	1.0
2682	2677	0	1.0
2682	2683	0	1.0
2682	2689	0	1.0
2683	50	0	1.0
2683	2699	0	1.0
2683	237	0	1.0
2683	848	0	1.0
2683	975	0	1.0
2683	1163	0	1.0
2683	1483	0	1.0
2683	1581	0	1.0
2683	2144	0	1.0
2684	2766	0	1.0
2684	532	0	1.0
2684	556	0	1.0
2684	578	0	1.0
2684	1522	0	1.0
2684	1820	0	1.0
2684	1821	0	1.0
2684	2685	0	1.0
2685	241	0	1.0
2685	848	0	1.0
2685	1514	0	1.0
2685	2036	0	1.0
2685	2689	0	1.0
2686	44	0	1.0
2686	2699	0	1.0
2686	1199	0	1.0
2686	1389	0	1.0
2686	1491	0	1.0
2686	1647	0	1.0
2686	1845	0	1.0
2686	2079	0	1.0
2686	2685	0	1.0
2686	2690	0	1.0
2687	2712	0	1.0
2687	241	0	1.0
2687	2381	0	1.0
2687	2694	0	1.0
2688	4	0	1.0
2688	27	0	1.0
2688	65	0	1.0
2688	109	0	1.0
2688	2699	0	1.0
2688	248	0	1.0
2688	1129	0	1.0
2688	1483	0	1.0
2688	1581	0	1.0
2688	2165	0	1.0
2688	2169	0	1.0
2688	2388	0	1.0
2688	2496	0	1.0
2688	2526	0	1.0
2688	2529	0	1.0
2688	2685	0	1.0
2689	578	0	1.0
2689	848	0	1.0
2689	1331	0	1.0
2689	2335	0	1.0
2690	2699	0	1.0
2690	148	0	1.0
2690	208	0	1.0
2690	414	0	1.0
2690	535	0	1.0
2690	1267	0	1.0
2690	1421	0	1.0
2690	1483	0	1.0
2690	1503	0	1.0
2690	1557	0	1.0
2690	1592	0	1.0
2690	1647	0	1.0
2690	1685	0	1.0
2690	2105	0	1.0
2690	2147	0	1.0
2690	2341	0	1.0
2690	2685	0	1.0
2690	2689	0	1.0
2691	1149	0	1.0
2691	1624	0	1.0
2692	189	0	1.0
2692	302	0	1.0
2692	754	0	1.0
2692	798	0	1.0
2692	831	0	1.0
2692	847	0	1.0
2692	944	0	1.0
2692	1173	0	1.0
2692	1241	0	1.0
2692	1615	0	1.0
2692	1620	0	1.0
2692	2476	0	1.0
2693	225	0	1.0
2693	525	0	1.0
2693	723	0	1.0
2693	859	0	1.0
2693	866	0	1.0
2693	1149	0	1.0
2693	1301	0	1.0
2693	1501	0	1.0
2693	2114	0	1.0
2694	2699	0	1.0
2694	393	0	1.0
2694	414	0	1.0
2694	672	0	1.0
2694	1483	0	1.0
2694	1503	0	1.0
2694	2341	0	1.0
2694	2381	0	1.0
2694	2519	0	1.0
2694	2685	0	1.0
2694	2689	0	1.0
2694	2690	0	1.0
2695	2034	0	1.0
2696	445	0	1.0
2696	576	0	1.0
2696	799	0	1.0
2696	933	0	1.0
2696	939	0	1.0
2696	1087	0	1.0
2696	1251	0	1.0
2696	1590	0	1.0
2696	1901	0	1.0
2696	2164	0	1.0
2696	2176	0	1.0
2696	2438	0	1.0
2697	604	0	1.0
2697	783	0	1.0
2697	1155	0	1.0
2697	1361	0	1.0
2697	1459	0	1.0
2697	1555	0	1.0
2697	1825	0	1.0
2698	1628	0	1.0
2698	2246	0	1.0
2698	2357	0	1.0
2699	1302	0	1.0
2700	2764	0	1.0
2701	439	0	1.0
2701	751	0	1.0
2701	756	0	1.0
2701	1309	0	1.0
2701	1510	0	1.0
2702	1441	0	1.0
2702	1381	0	1.0
2702	1788	0	1.0
2702	1932	0	1.0
2704	214	0	1.0
2704	285	0	1.0
2704	345	0	1.0
2704	349	0	1.0
2704	1588	0	1.0
2704	2486	0	1.0
2707	520	0	1.0
2707	1976	0	1.0
2708	63	0	1.0
2708	140	0	1.0
2708	2032	0	1.0
2709	180	0	1.0
2709	485	0	1.0
2709	540	0	1.0
2709	737	0	1.0
2709	1288	0	1.0
2709	2020	0	1.0
2709	2074	0	1.0
2709	2110	0	1.0
2709	2356	0	1.0
2709	2468	0	1.0
2710	403	0	1.0
2710	461	0	1.0
2710	896	0	1.0
2710	952	0	1.0
2710	958	0	1.0
2710	2723	0	1.0
2710	1538	0	1.0
2710	1580	0	1.0
2710	1710	0	1.0
2710	1922	0	1.0
2710	2437	0	1.0
2710	2511	0	1.0
2711	38	0	1.0
2711	209	0	1.0
2711	267	0	1.0
2711	473	0	1.0
2711	1150	0	1.0
2711	1300	0	1.0
2711	1658	0	1.0
2711	2310	0	1.0
2711	2637	0	1.0
2711	2639	0	1.0
2711	2641	0	1.0
2712	2699	0	1.0
2712	901	0	1.0
2712	1483	0	1.0
2712	2341	0	1.0
2712	2452	0	1.0
2712	2519	0	1.0
2712	2677	0	1.0
2712	2684	0	1.0
2712	2685	0	1.0
2712	2689	0	1.0
2712	2690	0	1.0
2712	2694	0	1.0
2713	642	0	1.0
2713	778	0	1.0
2713	947	0	1.0
2713	1485	0	1.0
2713	2216	0	1.0
2714	34	0	1.0
2714	2699	0	1.0
2714	2712	0	1.0
2714	278	0	1.0
2714	281	0	1.0
2714	499	0	1.0
2714	901	0	1.0
2714	1302	0	1.0
2714	1483	0	1.0
2714	1792	0	1.0
2714	2097	0	1.0
2714	2676	0	1.0
2714	2677	0	1.0
2714	2685	0	1.0
2714	2686	0	1.0
2715	2770	0	1.0
2717	322	0	1.0
2717	858	0	1.0
2717	1126	0	1.0
2717	1435	0	1.0
2719	183	0	1.0
2719	626	0	1.0
2719	650	0	1.0
2719	762	0	1.0
2719	948	0	1.0
2719	1068	0	1.0
2719	1347	0	1.0
2719	2347	0	1.0
2720	588	0	1.0
2720	1062	0	1.0
2720	1153	0	1.0
2720	2181	0	1.0
2720	2548	0	1.0
2723	524	0	1.0
2726	2234	0	1.0
2727	2508	0	1.0
2728	108	0	1.0
2728	2699	0	1.0
2728	241	0	1.0
2728	726	0	1.0
2728	1100	0	1.0
2728	1102	0	1.0
2728	1388	0	1.0
2728	1483	0	1.0
2728	1882	0	1.0
2728	1897	0	1.0
2728	2033	0	1.0
2728	2081	0	1.0
2728	2131	0	1.0
2728	2158	0	1.0
2728	2258	0	1.0
2728	2754	0	1.0
2728	2758	0	1.0
2728	2341	0	1.0
2728	2441	0	1.0
2728	2569	0	1.0
2728	2595	0	1.0
2728	2610	0	1.0
2728	2611	0	1.0
2728	2679	0	1.0
2730	988	0	1.0
2730	1912	0	1.0
2731	490	0	1.0
2731	1001	0	1.0
2731	1028	0	1.0
2731	1126	0	1.0
2731	1284	0	1.0
2731	1837	0	1.0
2731	2268	0	1.0
2731	2508	0	1.0
2733	1197	0	1.0
2733	1618	0	1.0
2733	1722	0	1.0
2734	2545	0	1.0
2735	1774	0	1.0
2735	1843	0	1.0
2735	1982	0	1.0
2739	461	0	1.0
2739	896	0	1.0
2739	952	0	1.0
2739	1922	0	1.0
2739	2411	0	1.0
2739	2437	0	1.0
2739	2511	0	1.0
2740	3	0	1.0
2740	2699	0	1.0
2740	142	0	1.0
2740	282	0	1.0
2740	499	0	1.0
2740	537	0	1.0
2740	672	0	1.0
2740	904	0	1.0
2740	1003	0	1.0
2740	1483	0	1.0
2740	2539	0	1.0
2740	1860	0	1.0
2740	1939	0	1.0
2740	2036	0	1.0
2740	2213	0	1.0
2740	2277	0	1.0
2740	2519	0	1.0
2740	2595	0	1.0
2740	2685	0	1.0
2741	888	0	1.0
2742	1460	0	1.0
2743	891	0	1.0
2743	1056	0	1.0
2743	1849	0	1.0
2743	2749	0	1.0
2743	2469	0	1.0
2745	47	0	1.0
2745	186	0	1.0
2746	1637	0	1.0
2747	789	0	1.0
2747	1510	0	1.0
2747	2734	0	1.0
2747	1812	0	1.0
2752	1615	0	1.0
2755	4	0	1.0
2755	27	0	1.0
2755	65	0	1.0
2755	2712	0	1.0
2755	217	0	1.0
2755	249	0	1.0
2755	1483	0	1.0
2755	1770	0	1.0
2755	2169	0	1.0
2755	2496	0	1.0
2755	2503	0	1.0
2755	2529	0	1.0
2755	2688	0	1.0
2755	2689	0	1.0
2757	2770	0	1.0
2757	1360	0	1.0
2757	1991	0	1.0
2757	2475	0	1.0
2758	1474	0	1.0
2758	1521	0	1.0
2758	1533	0	1.0
2758	2170	0	1.0
2758	2253	0	1.0
2758	2630	0	1.0
2759	1178	0	1.0
2759	1608	0	1.0
2759	2744	0	1.0
2762	756	0	1.0
2762	1309	0	1.0
2762	2734	0	1.0
2762	1798	0	1.0
2763	1854	0	1.0
2765	1634	0	1.0
2766	1821	0	1.0
2770	2715	0	1.0
2770	2757	0	1.0
2772	142	0	1.0
2772	482	0	1.0
2772	519	0	1.0
2772	537	0	1.0
2772	554	0	1.0
2772	658	0	1.0
2772	1004	0	1.0
2772	1354	0	1.0
2772	1389	0	1.0
2772	1491	0	1.0
2772	1647	0	1.0
2772	1655	0	1.0
2772	1845	0	1.0
2772	2079	0	1.0
2772	2265	0	1.0
2772	2508	0	1.0
2772	2686	0	1.0
0	2773	1	1.0
1	2774	1	1.0
1	2775	1	1.0
241	2775	1	1.0
885	2775	1	1.0
2036	2775	1	1.0
2685	2775	1	1.0
1	2776	1	1.0
1	2777	1	1.0
1	2778	1	1.0
50	2778	1	1.0
241	2778	1	1.0
461	2778	1	1.0
1284	2778	1	1.0
2036	2778	1	1.0
2685	2778	1	1.0
2699	2778	1	1.0
2	2779	1	1.0
126	2779	1	1.0
2	2780	1	1.0
2	2781	1	1.0
126	2781	1	1.0
3	2782	1	1.0
249	2782	1	1.0
276	2782	1	1.0
560	2782	1	1.0
1867	2782	1	1.0
2187	2782	1	1.0
2675	2782	1	1.0
2683	2782	1	1.0
3	2783	1	1.0
249	2783	1	1.0
276	2783	1	1.0
282	2783	1	1.0
1613	2783	1	1.0
1867	2783	1	1.0
2187	2783	1	1.0
2675	2783	1	1.0
2683	2783	1	1.0
4	2784	1	1.0
276	2784	1	1.0
2675	2784	1	1.0
4	2785	1	1.0
4	2786	1	1.0
4	2787	1	1.0
1195	2787	1	1.0
4	2788	1	1.0
4	2789	1	1.0
4	2790	1	1.0
4	2791	1	1.0
1129	2791	1	1.0
2165	2791	1	1.0
2539	2791	1	1.0
4	2792	1	1.0
1129	2792	1	1.0
1195	2792	1	1.0
1245	2792	1	1.0
1581	2792	1	1.0
2165	2792	1	1.0
4	2793	1	1.0
248	2793	1	1.0
1171	2793	1	1.0
1461	2793	1	1.0
2239	2793	1	1.0
5	2794	1	1.0
5	2795	1	1.0
32	2795	1	1.0
5	2796	1	1.0
5	2797	1	1.0
32	2797	1	1.0
5	2798	1	1.0
5	2799	1	1.0
32	2799	1	1.0
6	2800	1	1.0
1766	2800	1	1.0
6	2801	1	1.0
6	2802	1	1.0
6	2803	1	1.0
6	2804	1	1.0
1607	2804	1	1.0
6	2805	1	1.0
6	2806	1	1.0
6	2807	1	1.0
1607	2807	1	1.0
6	2808	1	1.0
116	2808	1	1.0
966	2808	1	1.0
1088	2808	1	1.0
1766	2808	1	1.0
7	2809	1	1.0
125	2809	1	1.0
745	2809	1	1.0
7	2810	1	1.0
7	2811	1	1.0
125	2811	1	1.0
7	2812	1	1.0
8	2813	1	1.0
21	2813	1	1.0
174	2813	1	1.0
1043	2813	1	1.0
1865	2813	1	1.0
2212	2813	1	1.0
2535	2813	1	1.0
2638	2813	1	1.0
2646	2813	1	1.0
8	2814	1	1.0
174	2814	1	1.0
770	2814	1	1.0
1043	2814	1	1.0
1865	2814	1	1.0
2646	2814	1	1.0
9	2815	1	1.0
1831	2815	1	1.0
2544	2815	1	1.0
9	2816	1	1.0
259	2816	1	1.0
1770	2816	1	1.0
2682	2816	1	1.0
9	2817	1	1.0
1831	2817	1	1.0
10	2818	1	1.0
564	2818	1	1.0
791	2818	1	1.0
982	2818	1	1.0
1326	2818	1	1.0
1998	2818	1	1.0
10	2819	1	1.0
78	2819	1	1.0
1668	2819	1	1.0
1998	2819	1	1.0
10	2820	1	1.0
982	2820	1	1.0
10	2821	1	1.0
78	2821	1	1.0
207	2821	1	1.0
564	2821	1	1.0
660	2821	1	1.0
832	2821	1	1.0
982	2821	1	1.0
1326	2821	1	1.0
1668	2821	1	1.0
1998	2821	1	1.0
2519	2821	1	1.0
11	2822	1	1.0
11	2823	1	1.0
1950	2823	1	1.0
11	2824	1	1.0
12	2825	1	1.0
12	2826	1	1.0
12	2827	1	1.0
12	2828	1	1.0
12	2829	1	1.0
12	2830	1	1.0
12	2831	1	1.0
13	2832	1	1.0
2569	2832	1	1.0
2754	2832	1	1.0
13	2833	1	1.0
1831	2833	1	1.0
2754	2833	1	1.0
13	2834	1	1.0
272	2834	1	1.0
1398	2834	1	1.0
1536	2834	1	1.0
1567	2834	1	1.0
2290	2834	1	1.0
2569	2834	1	1.0
2611	2834	1	1.0
2754	2834	1	1.0
14	2835	1	1.0
2032	2835	1	1.0
14	2836	1	1.0
2032	2836	1	1.0
14	2837	1	1.0
156	2837	1	1.0
2032	2837	1	1.0
15	2838	1	1.0
1144	2838	1	1.0
15	2839	1	1.0
1144	2839	1	1.0
1180	2839	1	1.0
15	2840	1	1.0
1144	2840	1	1.0
15	2841	1	1.0
1144	2841	1	1.0
1180	2841	1	1.0
2532	2841	1	1.0
16	2842	1	1.0
16	2843	1	1.0
17	2844	1	1.0
1532	2844	1	1.0
17	2845	1	1.0
17	2846	1	1.0
131	2846	1	1.0
2326	2846	1	1.0
17	2847	1	1.0
17	2848	1	1.0
164	2848	1	1.0
2109	2848	1	1.0
17	2849	1	1.0
164	2849	1	1.0
589	2849	1	1.0
1178	2849	1	1.0
1854	2849	1	1.0
2049	2849	1	1.0
2109	2849	1	1.0
2584	2849	1	1.0
2678	2849	1	1.0
17	2850	1	1.0
2326	2850	1	1.0
17	2851	1	1.0
2326	2851	1	1.0
2584	2851	1	1.0
18	2852	1	1.0
18	2853	1	1.0
260	2853	1	1.0
2740	2853	1	1.0
18	2854	1	1.0
18	2855	1	1.0
260	2855	1	1.0
394	2855	1	1.0
571	2855	1	1.0
660	2855	1	1.0
1939	2855	1	1.0
2088	2855	1	1.0
2218	2855	1	1.0
2740	2855	1	1.0
19	2856	1	1.0
19	2857	1	1.0
19	2858	1	1.0
145	2858	1	1.0
20	2859	1	1.0
1234	2859	1	1.0
1267	2859	1	1.0
1605	2859	1	1.0
2147	2859	1	1.0
2258	2859	1	1.0
2689	2859	1	1.0
20	2860	1	1.0
597	2860	1	1.0
1483	2860	1	1.0
2258	2860	1	1.0
2676	2860	1	1.0
2689	2860	1	1.0
20	2861	1	1.0
136	2861	1	1.0
177	2861	1	1.0
281	2861	1	1.0
289	2861	1	1.0
601	2861	1	1.0
1483	2861	1	1.0
2219	2861	1	1.0
2331	2861	1	1.0
2676	2861	1	1.0
2680	2861	1	1.0
2683	2861	1	1.0
20	2862	1	1.0
289	2862	1	1.0
594	2862	1	1.0
597	2862	1	1.0
887	2862	1	1.0
1234	2862	1	1.0
1331	2862	1	1.0
1412	2862	1	1.0
1483	2862	1	1.0
1605	2862	1	1.0
2070	2862	1	1.0
2147	2862	1	1.0
2258	2862	1	1.0
2676	2862	1	1.0
2689	2862	1	1.0
21	2863	1	1.0
72	2863	1	1.0
174	2863	1	1.0
215	2863	1	1.0
1043	2863	1	1.0
1278	2863	1	1.0
2535	2863	1	1.0
21	2864	1	1.0
28	2864	1	1.0
67	2864	1	1.0
72	2864	1	1.0
138	2864	1	1.0
159	2864	1	1.0
174	2864	1	1.0
211	2864	1	1.0
215	2864	1	1.0
253	2864	1	1.0
290	2864	1	1.0
932	2864	1	1.0
1043	2864	1	1.0
2535	2864	1	1.0
22	2865	1	1.0
1772	2865	1	1.0
22	2866	1	1.0
1365	2866	1	1.0
22	2867	1	1.0
1365	2867	1	1.0
22	2868	1	1.0
1365	2868	1	1.0
23	2869	1	1.0
23	2870	1	1.0
24	2871	1	1.0
822	2871	1	1.0
24	2872	1	1.0
24	2873	1	1.0
24	2874	1	1.0
25	2875	1	1.0
604	2875	1	1.0
25	2876	1	1.0
1703	2876	1	1.0
25	2877	1	1.0
604	2877	1	1.0
1324	2877	1	1.0
1703	2877	1	1.0
25	2878	1	1.0
25	2879	1	1.0
2089	2879	1	1.0
2183	2879	1	1.0
26	2880	1	1.0
26	2881	1	1.0
26	2882	1	1.0
26	2883	1	1.0
27	2884	1	1.0
2529	2884	1	1.0
27	2885	1	1.0
2529	2885	1	1.0
27	2886	1	1.0
2529	2886	1	1.0
28	2887	1	1.0
704	2887	1	1.0
949	2887	1	1.0
28	2888	1	1.0
29	2889	1	1.0
668	2889	1	1.0
29	2890	1	1.0
668	2890	1	1.0
29	2891	1	1.0
668	2891	1	1.0
1570	2891	1	1.0
30	2892	1	1.0
30	2893	1	1.0
383	2893	1	1.0
393	2893	1	1.0
532	2893	1	1.0
872	2893	1	1.0
2687	2893	1	1.0
2694	2893	1	1.0
30	2894	1	1.0
383	2894	1	1.0
393	2894	1	1.0
414	2894	1	1.0
476	2894	1	1.0
532	2894	1	1.0
617	2894	1	1.0
872	2894	1	1.0
901	2894	1	1.0
952	2894	1	1.0
1503	2894	1	1.0
2270	2894	1	1.0
2684	2894	1	1.0
2694	2894	1	1.0
2712	2894	1	1.0
31	2895	1	1.0
109	2895	1	1.0
256	2895	1	1.0
1492	2895	1	1.0
1828	2895	1	1.0
1936	2895	1	1.0
2169	2895	1	1.0
2388	2895	1	1.0
2583	2895	1	1.0
2586	2895	1	1.0
2593	2895	1	1.0
31	2896	1	1.0
2583	2896	1	1.0
31	2897	1	1.0
1492	2897	1	1.0
2388	2897	1	1.0
31	2898	1	1.0
35	2898	1	1.0
109	2898	1	1.0
195	2898	1	1.0
256	2898	1	1.0
578	2898	1	1.0
1206	2898	1	1.0
1474	2898	1	1.0
1492	2898	1	1.0
1633	2898	1	1.0
1653	2898	1	1.0
1828	2898	1	1.0
2169	2898	1	1.0
2388	2898	1	1.0
2452	2898	1	1.0
2526	2898	1	1.0
2528	2898	1	1.0
2593	2898	1	1.0
2595	2898	1	1.0
2608	2898	1	1.0
2738	2898	1	1.0
31	2899	1	1.0
79	2899	1	1.0
109	2899	1	1.0
256	2899	1	1.0
456	2899	1	1.0
1492	2899	1	1.0
1776	2899	1	1.0
1828	2899	1	1.0
1936	2899	1	1.0
2169	2899	1	1.0
2281	2899	1	1.0
2388	2899	1	1.0
2583	2899	1	1.0
2585	2899	1	1.0
2586	2899	1	1.0
2593	2899	1	1.0
32	2900	1	1.0
32	2901	1	1.0
32	2902	1	1.0
33	2903	1	1.0
113	2903	1	1.0
2010	2903	1	1.0
33	2904	1	1.0
2066	2904	1	1.0
33	2905	1	1.0
33	2906	1	1.0
33	2907	1	1.0
223	2907	1	1.0
1253	2907	1	1.0
34	2908	1	1.0
34	2909	1	1.0
70	2909	1	1.0
34	2910	1	1.0
70	2910	1	1.0
2532	2910	1	1.0
34	2911	1	1.0
35	2912	1	1.0
35	2913	1	1.0
35	2914	1	1.0
35	2915	1	1.0
35	2916	1	1.0
1206	2916	1	1.0
36	2917	1	1.0
36	2918	1	1.0
36	2919	1	1.0
82	2919	1	1.0
36	2920	1	1.0
38	2920	1	1.0
1090	2920	1	1.0
2398	2920	1	1.0
36	2921	1	1.0
82	2921	1	1.0
1892	2921	1	1.0
37	2922	1	1.0
37	2923	1	1.0
38	2924	1	1.0
1217	2924	1	1.0
2425	2924	1	1.0
2711	2924	1	1.0
38	2925	1	1.0
1090	2925	1	1.0
1217	2925	1	1.0
2425	2925	1	1.0
2711	2925	1	1.0
38	2926	1	1.0
39	2927	1	1.0
136	2927	1	1.0
281	2927	1	1.0
1676	2927	1	1.0
2097	2927	1	1.0
39	2928	1	1.0
136	2928	1	1.0
177	2928	1	1.0
281	2928	1	1.0
289	2928	1	1.0
499	2928	1	1.0
1143	2928	1	1.0
1483	2928	1	1.0
1676	2928	1	1.0
1852	2928	1	1.0
2097	2928	1	1.0
2331	2928	1	1.0
2477	2928	1	1.0
39	2929	1	1.0
142	2929	1	1.0
249	2929	1	1.0
537	2929	1	1.0
728	2929	1	1.0
975	2929	1	1.0
981	2929	1	1.0
2072	2929	1	1.0
2335	2929	1	1.0
2413	2929	1	1.0
2683	2929	1	1.0
40	2930	1	1.0
230	2930	1	1.0
40	2931	1	1.0
784	2931	1	1.0
1745	2931	1	1.0
40	2932	1	1.0
40	2933	1	1.0
40	2934	1	1.0
40	2935	1	1.0
784	2935	1	1.0
1745	2935	1	1.0
40	2936	1	1.0
40	2937	1	1.0
40	2938	1	1.0
1558	2938	1	1.0
40	2939	1	1.0
1558	2939	1	1.0
41	2940	1	1.0
41	2941	1	1.0
41	2942	1	1.0
41	2943	1	1.0
42	2944	1	1.0
42	2945	1	1.0
43	2946	1	1.0
1361	2946	1	1.0
1409	2946	1	1.0
2172	2946	1	1.0
43	2947	1	1.0
299	2947	1	1.0
1361	2947	1	1.0
1409	2947	1	1.0
1829	2947	1	1.0
1888	2947	1	1.0
1979	2947	1	1.0
2208	2947	1	1.0
2549	2947	1	1.0
2597	2947	1	1.0
2654	2947	1	1.0
43	2948	1	1.0
1409	2948	1	1.0
43	2949	1	1.0
631	2949	1	1.0
765	2949	1	1.0
936	2949	1	1.0
1409	2949	1	1.0
1530	2949	1	1.0
43	2950	1	1.0
44	2951	1	1.0
90	2951	1	1.0
108	2951	1	1.0
1369	2951	1	1.0
1897	2951	1	1.0
2227	2951	1	1.0
2381	2951	1	1.0
44	2952	1	1.0
90	2952	1	1.0
108	2952	1	1.0
44	2953	1	1.0
1102	2953	1	1.0
1533	2953	1	1.0
2758	2953	1	1.0
44	2954	1	1.0
90	2954	1	1.0
885	2954	1	1.0
1102	2954	1	1.0
1335	2954	1	1.0
1369	2954	1	1.0
1533	2954	1	1.0
2081	2954	1	1.0
2381	2954	1	1.0
2758	2954	1	1.0
45	2955	1	1.0
45	2956	1	1.0
46	2957	1	1.0
1728	2957	1	1.0
46	2958	1	1.0
1728	2958	1	1.0
46	2959	1	1.0
1164	2959	1	1.0
1728	2959	1	1.0
47	2960	1	1.0
47	2961	1	1.0
1528	2961	1	1.0
2312	2961	1	1.0
47	2962	1	1.0
48	2963	1	1.0
204	2963	1	1.0
48	2964	1	1.0
48	2965	1	1.0
48	2966	1	1.0
49	2967	1	1.0
49	2968	1	1.0
1955	2968	1	1.0
50	2969	1	1.0
1284	2969	1	1.0
50	2970	1	1.0
237	2970	1	1.0
1435	2970	1	1.0
50	2971	1	1.0
111	2971	1	1.0
540	2971	1	1.0
601	2971	1	1.0
791	2971	1	1.0
1428	2971	1	1.0
51	2972	1	1.0
51	2973	1	1.0
273	2973	1	1.0
51	2974	1	1.0
51	2975	1	1.0
865	2975	1	1.0
51	2976	1	1.0
51	2977	1	1.0
969	2977	1	1.0
1028	2977	1	1.0
2731	2977	1	1.0
51	2978	1	1.0
2349	2978	1	1.0
52	2979	1	1.0
52	2980	1	1.0
54	2980	1	1.0
367	2980	1	1.0
1537	2980	1	1.0
1655	2980	1	1.0
53	2981	1	1.0
53	2982	1	1.0
165	2982	1	1.0
1091	2982	1	1.0
1720	2982	1	1.0
53	2983	1	1.0
53	2984	1	1.0
54	2985	1	1.0
1537	2985	1	1.0
54	2986	1	1.0
1537	2986	1	1.0
1752	2986	1	1.0
55	2987	1	1.0
55	2988	1	1.0
55	2989	1	1.0
56	2990	1	1.0
2242	2990	1	1.0
56	2991	1	1.0
56	2992	1	1.0
890	2992	1	1.0
57	2993	1	1.0
1662	2993	1	1.0
1948	2993	1	1.0
57	2994	1	1.0
57	2995	1	1.0
1358	2995	1	1.0
57	2996	1	1.0
1662	2996	1	1.0
1948	2996	1	1.0
58	2997	1	1.0
58	2998	1	1.0
323	2998	1	1.0
537	2998	1	1.0
2718	2998	1	1.0
2755	2998	1	1.0
58	2999	1	1.0
58	3000	1	1.0
1390	3000	1	1.0
2718	3000	1	1.0
58	3001	1	1.0
59	3002	1	1.0
59	3003	1	1.0
59	3004	1	1.0
60	3005	1	1.0
60	3006	1	1.0
652	3006	1	1.0
655	3006	1	1.0
1041	3006	1	1.0
1231	3006	1	1.0
1559	3006	1	1.0
1645	3006	1	1.0
60	3007	1	1.0
527	3007	1	1.0
1041	3007	1	1.0
1645	3007	1	1.0
60	3008	1	1.0
60	3009	1	1.0
60	3010	1	1.0
1041	3010	1	1.0
1645	3010	1	1.0
60	3011	1	1.0
60	3012	1	1.0
1041	3012	1	1.0
1645	3012	1	1.0
60	3013	1	1.0
1041	3013	1	1.0
60	3014	1	1.0
1041	3014	1	1.0
1645	3014	1	1.0
60	3015	1	1.0
1041	3015	1	1.0
1645	3015	1	1.0
60	3016	1	1.0
527	3016	1	1.0
652	3016	1	1.0
655	3016	1	1.0
1041	3016	1	1.0
1231	3016	1	1.0
1364	3016	1	1.0
1559	3016	1	1.0
1645	3016	1	1.0
1805	3016	1	1.0
61	3017	1	1.0
61	3018	1	1.0
61	3019	1	1.0
61	3020	1	1.0
62	3021	1	1.0
1230	3021	1	1.0
62	3022	1	1.0
62	3023	1	1.0
466	3023	1	1.0
593	3023	1	1.0
1230	3023	1	1.0
63	3024	1	1.0
63	3025	1	1.0
63	3026	1	1.0
63	3027	1	1.0
63	3028	1	1.0
63	3029	1	1.0
64	3030	1	1.0
96	3030	1	1.0
550	3030	1	1.0
588	3030	1	1.0
2017	3030	1	1.0
64	3031	1	1.0
588	3031	1	1.0
834	3031	1	1.0
64	3032	1	1.0
834	3032	1	1.0
64	3033	1	1.0
834	3033	1	1.0
64	3034	1	1.0
834	3034	1	1.0
64	3035	1	1.0
588	3035	1	1.0
64	3036	1	1.0
550	3036	1	1.0
2017	3036	1	1.0
64	3037	1	1.0
588	3037	1	1.0
65	3038	1	1.0
1369	3038	1	1.0
65	3039	1	1.0
671	3039	1	1.0
1369	3039	1	1.0
1646	3039	1	1.0
2496	3039	1	1.0
66	3040	1	1.0
67	3041	1	1.0
159	3041	1	1.0
211	3041	1	1.0
253	3041	1	1.0
932	3041	1	1.0
2535	3041	1	1.0
68	3042	1	1.0
68	3043	1	1.0
68	3044	1	1.0
69	3045	1	1.0
1250	3045	1	1.0
69	3046	1	1.0
69	3047	1	1.0
1107	3047	1	1.0
1250	3047	1	1.0
70	3048	1	1.0
2532	3048	1	1.0
70	3049	1	1.0
71	3050	1	1.0
71	3051	1	1.0
71	3052	1	1.0
71	3053	1	1.0
71	3054	1	1.0
72	3055	1	1.0
73	3056	1	1.0
73	3057	1	1.0
73	3058	1	1.0
73	3059	1	1.0
73	3060	1	1.0
73	3061	1	1.0
74	3062	1	1.0
1100	3062	1	1.0
2690	3062	1	1.0
74	3063	1	1.0
841	3063	1	1.0
1152	3063	1	1.0
2341	3063	1	1.0
75	3064	1	1.0
1558	3064	1	1.0
2474	3064	1	1.0
75	3065	1	1.0
1043	3065	1	1.0
75	3066	1	1.0
123	3066	1	1.0
368	3066	1	1.0
506	3066	1	1.0
2134	3066	1	1.0
2212	3066	1	1.0
2393	3066	1	1.0
2638	3066	1	1.0
76	3067	1	1.0
87	3067	1	1.0
76	3068	1	1.0
76	3069	1	1.0
76	3070	1	1.0
76	3071	1	1.0
76	3072	1	1.0
77	3073	1	1.0
77	3074	1	1.0
77	3075	1	1.0
77	3076	1	1.0
77	3077	1	1.0
78	3078	1	1.0
1668	3078	1	1.0
78	3079	1	1.0
564	3079	1	1.0
1668	3079	1	1.0
1998	3079	1	1.0
78	3080	1	1.0
148	3080	1	1.0
79	3081	1	1.0
1776	3081	1	1.0
2143	3081	1	1.0
2742	3081	1	1.0
79	3082	1	1.0
79	3083	1	1.0
80	3084	1	1.0
81	3085	1	1.0
81	3086	1	1.0
81	3087	1	1.0
82	3088	1	1.0
1749	3088	1	1.0
83	3089	1	1.0
2489	3089	1	1.0
83	3090	1	1.0
2489	3090	1	1.0
83	3091	1	1.0
84	3092	1	1.0
84	3093	1	1.0
84	3094	1	1.0
84	3095	1	1.0
85	3096	1	1.0
85	3097	1	1.0
86	3098	1	1.0
86	3099	1	1.0
87	3100	1	1.0
87	3101	1	1.0
87	3102	1	1.0
88	3103	1	1.0
480	3103	1	1.0
2639	3103	1	1.0
88	3104	1	1.0
480	3104	1	1.0
88	3105	1	1.0
152	3105	1	1.0
194	3105	1	1.0
198	3105	1	1.0
295	3105	1	1.0
432	3105	1	1.0
480	3105	1	1.0
1300	3105	1	1.0
2635	3105	1	1.0
2639	3105	1	1.0
89	3106	1	1.0
89	3107	1	1.0
89	3108	1	1.0
960	3108	1	1.0
1118	3108	1	1.0
2555	3108	1	1.0
2560	3108	1	1.0
89	3109	1	1.0
91	3110	1	1.0
91	3111	1	1.0
91	3112	1	1.0
724	3112	1	1.0
92	3113	1	1.0
1477	3113	1	1.0
1480	3113	1	1.0
1829	3113	1	1.0
92	3114	1	1.0
181	3114	1	1.0
92	3115	1	1.0
92	3116	1	1.0
1480	3116	1	1.0
92	3117	1	1.0
1477	3117	1	1.0
1829	3117	1	1.0
93	3118	1	1.0
423	3118	1	1.0
2338	3118	1	1.0
93	3119	1	1.0
836	3119	1	1.0
1347	3119	1	1.0
1500	3119	1	1.0
2173	3119	1	1.0
2338	3119	1	1.0
2347	3119	1	1.0
94	3120	1	1.0
215	3120	1	1.0
290	3120	1	1.0
2117	3120	1	1.0
2146	3120	1	1.0
2631	3120	1	1.0
94	3121	1	1.0
95	3122	1	1.0
95	3123	1	1.0
95	3124	1	1.0
95	3125	1	1.0
393	3125	1	1.0
617	3125	1	1.0
96	3126	1	1.0
1157	3126	1	1.0
96	3127	1	1.0
1157	3127	1	1.0
96	3128	1	1.0
151	3128	1	1.0
288	3128	1	1.0
96	3129	1	1.0
97	3130	1	1.0
97	3131	1	1.0
97	3132	1	1.0
888	3132	1	1.0
1394	3132	1	1.0
2741	3132	1	1.0
97	3133	1	1.0
888	3133	1	1.0
1394	3133	1	1.0
2741	3133	1	1.0
98	3134	1	1.0
98	3135	1	1.0
2297	3135	1	1.0
98	3136	1	1.0
2094	3136	1	1.0
98	3137	1	1.0
2297	3137	1	1.0
2592	3137	1	1.0
98	3138	1	1.0
2297	3138	1	1.0
98	3139	1	1.0
2094	3139	1	1.0
2297	3139	1	1.0
99	3140	1	1.0
99	3141	1	1.0
99	3142	1	1.0
99	3143	1	1.0
99	3144	1	1.0
99	3145	1	1.0
99	3146	1	1.0
99	3147	1	1.0
100	3148	1	1.0
100	3149	1	1.0
100	3150	1	1.0
101	3151	1	1.0
101	3152	1	1.0
101	3153	1	1.0
101	3154	1	1.0
101	3155	1	1.0
160	3155	1	1.0
525	3155	1	1.0
664	3155	1	1.0
723	3155	1	1.0
974	3155	1	1.0
1006	3155	1	1.0
1323	3155	1	1.0
1920	3155	1	1.0
101	3156	1	1.0
102	3157	1	1.0
114	3157	1	1.0
413	3157	1	1.0
1095	3157	1	1.0
2102	3157	1	1.0
102	3158	1	1.0
102	3159	1	1.0
1095	3159	1	1.0
102	3160	1	1.0
114	3160	1	1.0
1095	3160	1	1.0
2185	3160	1	1.0
2444	3160	1	1.0
102	3161	1	1.0
844	3161	1	1.0
1191	3161	1	1.0
2063	3161	1	1.0
2111	3161	1	1.0
2432	3161	1	1.0
102	3162	1	1.0
413	3162	1	1.0
2102	3162	1	1.0
2107	3162	1	1.0
102	3163	1	1.0
413	3163	1	1.0
2102	3163	1	1.0
2107	3163	1	1.0
103	3164	1	1.0
103	3165	1	1.0
103	3166	1	1.0
104	3167	1	1.0
104	3168	1	1.0
105	3169	1	1.0
105	3170	1	1.0
105	3171	1	1.0
106	3172	1	1.0
310	3172	1	1.0
508	3172	1	1.0
2040	3172	1	1.0
106	3173	1	1.0
106	3174	1	1.0
106	3175	1	1.0
342	3175	1	1.0
426	3175	1	1.0
508	3175	1	1.0
1705	3175	1	1.0
2591	3175	1	1.0
106	3176	1	1.0
107	3177	1	1.0
107	3178	1	1.0
109	3179	1	1.0
110	3180	1	1.0
110	3181	1	1.0
111	3182	1	1.0
111	3183	1	1.0
1792	3183	1	1.0
2283	3183	1	1.0
2532	3183	1	1.0
111	3184	1	1.0
220	3184	1	1.0
672	3184	1	1.0
907	3184	1	1.0
1295	3184	1	1.0
2283	3184	1	1.0
2487	3184	1	1.0
2532	3184	1	1.0
2717	3184	1	1.0
111	3185	1	1.0
469	3185	1	1.0
791	3185	1	1.0
1379	3185	1	1.0
1426	3185	1	1.0
1428	3185	1	1.0
1583	3185	1	1.0
111	3186	1	1.0
469	3186	1	1.0
601	3186	1	1.0
791	3186	1	1.0
1428	3186	1	1.0
2265	3186	1	1.0
2508	3186	1	1.0
111	3187	1	1.0
1177	3187	1	1.0
1203	3187	1	1.0
111	3188	1	1.0
601	3188	1	1.0
111	3189	1	1.0
469	3189	1	1.0
791	3189	1	1.0
1172	3189	1	1.0
1177	3189	1	1.0
1203	3189	1	1.0
1379	3189	1	1.0
1426	3189	1	1.0
1428	3189	1	1.0
1583	3189	1	1.0
111	3190	1	1.0
672	3190	1	1.0
1414	3190	1	1.0
1792	3190	1	1.0
2532	3190	1	1.0
112	3191	1	1.0
112	3192	1	1.0
112	3193	1	1.0
112	3194	1	1.0
112	3195	1	1.0
112	3196	1	1.0
2014	3196	1	1.0
113	3197	1	1.0
113	3198	1	1.0
113	3199	1	1.0
113	3200	1	1.0
589	3200	1	1.0
1061	3200	1	1.0
2527	3200	1	1.0
2555	3200	1	1.0
2560	3200	1	1.0
113	3201	1	1.0
392	3201	1	1.0
1054	3201	1	1.0
1178	3201	1	1.0
1357	3201	1	1.0
1489	3201	1	1.0
2237	3201	1	1.0
2555	3201	1	1.0
2560	3201	1	1.0
2678	3201	1	1.0
114	3202	1	1.0
114	3203	1	1.0
115	3204	1	1.0
115	3205	1	1.0
115	3206	1	1.0
115	3207	1	1.0
115	3208	1	1.0
115	3209	1	1.0
115	3210	1	1.0
115	3211	1	1.0
115	3212	1	1.0
115	3213	1	1.0
115	3214	1	1.0
115	3215	1	1.0
115	3216	1	1.0
115	3217	1	1.0
115	3218	1	1.0
116	3219	1	1.0
966	3219	1	1.0
116	3220	1	1.0
190	3220	1	1.0
1088	3220	1	1.0
1766	3220	1	1.0
117	3221	1	1.0
117	3222	1	1.0
117	3223	1	1.0
1012	3223	1	1.0
117	3224	1	1.0
117	3225	1	1.0
118	3226	1	1.0
2121	3226	1	1.0
2525	3226	1	1.0
118	3227	1	1.0
118	3228	1	1.0
118	3229	1	1.0
118	3230	1	1.0
118	3231	1	1.0
118	3232	1	1.0
479	3232	1	1.0
1374	3232	1	1.0
2121	3232	1	1.0
2525	3232	1	1.0
119	3233	1	1.0
167	3233	1	1.0
119	3234	1	1.0
119	3235	1	1.0
120	3236	1	1.0
120	3237	1	1.0
186	3237	1	1.0
2745	3237	1	1.0
120	3238	1	1.0
120	3239	1	1.0
121	3240	1	1.0
121	3241	1	1.0
122	3242	1	1.0
122	3243	1	1.0
123	3244	1	1.0
506	3244	1	1.0
2212	3244	1	1.0
2422	3244	1	1.0
2574	3244	1	1.0
2638	3244	1	1.0
124	3245	1	1.0
124	3246	1	1.0
175	3246	1	1.0
2647	3246	1	1.0
124	3247	1	1.0
134	3247	1	1.0
124	3248	1	1.0
2647	3248	1	1.0
125	3249	1	1.0
125	3250	1	1.0
126	3251	1	1.0
126	3252	1	1.0
127	3253	1	1.0
127	3254	1	1.0
128	3255	1	1.0
128	3256	1	1.0
128	3257	1	1.0
128	3258	1	1.0
129	3259	1	1.0
460	3259	1	1.0
2084	3259	1	1.0
129	3260	1	1.0
460	3260	1	1.0
2084	3260	1	1.0
2622	3260	1	1.0
129	3261	1	1.0
460	3261	1	1.0
2084	3261	1	1.0
2622	3261	1	1.0
129	3262	1	1.0
129	3263	1	1.0
2084	3263	1	1.0
129	3264	1	1.0
129	3265	1	1.0
129	3266	1	1.0
2084	3266	1	1.0
129	3267	1	1.0
2084	3267	1	1.0
129	3268	1	1.0
129	3269	1	1.0
129	3270	1	1.0
130	3271	1	1.0
130	3272	1	1.0
130	3273	1	1.0
130	3274	1	1.0
130	3275	1	1.0
130	3276	1	1.0
131	3277	1	1.0
131	3278	1	1.0
131	3279	1	1.0
267	3279	1	1.0
1558	3279	1	1.0
131	3280	1	1.0
132	3281	1	1.0
132	3282	1	1.0
132	3283	1	1.0
132	3284	1	1.0
133	3285	1	1.0
133	3286	1	1.0
613	3286	1	1.0
133	3287	1	1.0
2090	3287	1	1.0
134	3288	1	1.0
175	3288	1	1.0
134	3289	1	1.0
134	3290	1	1.0
135	3291	1	1.0
135	3292	1	1.0
1589	3292	1	1.0
135	3293	1	1.0
136	3294	1	1.0
177	3294	1	1.0
281	3294	1	1.0
499	3294	1	1.0
1143	3294	1	1.0
1676	3294	1	1.0
2097	3294	1	1.0
137	3295	1	1.0
137	3296	1	1.0
137	3297	1	1.0
137	3298	1	1.0
465	3298	1	1.0
964	3298	1	1.0
137	3299	1	1.0
139	3300	1	1.0
139	3301	1	1.0
139	3302	1	1.0
139	3303	1	1.0
2144	3303	1	1.0
2254	3303	1	1.0
140	3304	1	1.0
140	3305	1	1.0
140	3306	1	1.0
2708	3306	1	1.0
141	3307	1	1.0
141	3308	1	1.0
269	3308	1	1.0
141	3309	1	1.0
141	3310	1	1.0
142	3311	1	1.0
143	3312	1	1.0
2219	3312	1	1.0
143	3313	1	1.0
197	3313	1	1.0
700	3313	1	1.0
1949	3313	1	1.0
144	3314	1	1.0
1813	3314	1	1.0
2471	3314	1	1.0
144	3315	1	1.0
144	3316	1	1.0
1329	3316	1	1.0
1591	3316	1	1.0
2471	3316	1	1.0
2541	3316	1	1.0
2561	3316	1	1.0
145	3317	1	1.0
146	3318	1	1.0
146	3319	1	1.0
146	3320	1	1.0
146	3321	1	1.0
146	3322	1	1.0
1761	3322	1	1.0
2168	3322	1	1.0
2674	3322	1	1.0
147	3323	1	1.0
147	3324	1	1.0
147	3325	1	1.0
148	3326	1	1.0
1165	3326	1	1.0
1276	3326	1	1.0
148	3327	1	1.0
148	3328	1	1.0
1079	3328	1	1.0
1165	3328	1	1.0
1269	3328	1	1.0
1276	3328	1	1.0
1421	3328	1	1.0
2244	3328	1	1.0
149	3329	1	1.0
149	3330	1	1.0
163	3330	1	1.0
150	3331	1	1.0
2766	3331	1	1.0
150	3332	1	1.0
1742	3332	1	1.0
150	3333	1	1.0
673	3333	1	1.0
1368	3333	1	1.0
1700	3333	1	1.0
1742	3333	1	1.0
2040	3333	1	1.0
2072	3333	1	1.0
2766	3333	1	1.0
151	3334	1	1.0
151	3335	1	1.0
152	3336	1	1.0
152	3337	1	1.0
152	3338	1	1.0
194	3338	1	1.0
295	3338	1	1.0
152	3339	1	1.0
194	3339	1	1.0
198	3339	1	1.0
295	3339	1	1.0
432	3339	1	1.0
480	3339	1	1.0
2635	3339	1	1.0
2639	3339	1	1.0
152	3340	1	1.0
2449	3340	1	1.0
2635	3340	1	1.0
153	3341	1	1.0
153	3342	1	1.0
153	3343	1	1.0
153	3344	1	1.0
153	3345	1	1.0
154	3346	1	1.0
154	3347	1	1.0
154	3348	1	1.0
154	3349	1	1.0
154	3350	1	1.0
154	3351	1	1.0
154	3352	1	1.0
154	3353	1	1.0
154	3354	1	1.0
154	3355	1	1.0
154	3356	1	1.0
154	3357	1	1.0
154	3358	1	1.0
154	3359	1	1.0
155	3360	1	1.0
410	3360	1	1.0
156	3361	1	1.0
156	3362	1	1.0
156	3363	1	1.0
2708	3363	1	1.0
156	3364	1	1.0
157	3365	1	1.0
694	3365	1	1.0
2627	3365	1	1.0
157	3366	1	1.0
694	3366	1	1.0
157	3367	1	1.0
157	3368	1	1.0
158	3369	1	1.0
158	3370	1	1.0
592	3370	1	1.0
158	3371	1	1.0
160	3372	1	1.0
1323	3372	1	1.0
160	3373	1	1.0
664	3373	1	1.0
1006	3373	1	1.0
1515	3373	1	1.0
1870	3373	1	1.0
2384	3373	1	1.0
160	3374	1	1.0
664	3374	1	1.0
1870	3374	1	1.0
2384	3374	1	1.0
161	3375	1	1.0
161	3376	1	1.0
161	3377	1	1.0
162	3378	1	1.0
162	3379	1	1.0
162	3380	1	1.0
162	3381	1	1.0
1025	3381	1	1.0
163	3382	1	1.0
163	3383	1	1.0
163	3384	1	1.0
164	3385	1	1.0
1854	3385	1	1.0
2109	3385	1	1.0
164	3386	1	1.0
894	3386	1	1.0
1854	3386	1	1.0
2029	3386	1	1.0
2109	3386	1	1.0
164	3387	1	1.0
894	3387	1	1.0
1854	3387	1	1.0
2007	3387	1	1.0
2109	3387	1	1.0
2415	3387	1	1.0
165	3388	1	1.0
165	3389	1	1.0
1091	3389	1	1.0
1318	3389	1	1.0
165	3390	1	1.0
165	3391	1	1.0
166	3392	1	1.0
166	3393	1	1.0
166	3394	1	1.0
2517	3394	1	1.0
167	3395	1	1.0
1452	3395	1	1.0
167	3396	1	1.0
168	3397	1	1.0
168	3398	1	1.0
169	3399	1	1.0
2635	3399	1	1.0
170	3400	1	1.0
170	3401	1	1.0
310	3401	1	1.0
1830	3401	1	1.0
170	3402	1	1.0
170	3403	1	1.0
171	3404	1	1.0
1604	3404	1	1.0
171	3405	1	1.0
172	3406	1	1.0
842	3406	1	1.0
172	3407	1	1.0
459	3407	1	1.0
172	3408	1	1.0
172	3409	1	1.0
172	3410	1	1.0
172	3411	1	1.0
173	3412	1	1.0
1484	3412	1	1.0
2311	3412	1	1.0
173	3413	1	1.0
1484	3413	1	1.0
2311	3413	1	1.0
173	3414	1	1.0
1484	3414	1	1.0
2311	3414	1	1.0
173	3415	1	1.0
1484	3415	1	1.0
2311	3415	1	1.0
174	3416	1	1.0
1043	3416	1	1.0
175	3417	1	1.0
176	3418	1	1.0
176	3419	1	1.0
176	3420	1	1.0
1352	3420	1	1.0
177	3421	1	1.0
276	3421	1	1.0
1143	3421	1	1.0
1676	3421	1	1.0
2675	3421	1	1.0
178	3422	1	1.0
178	3423	1	1.0
178	3424	1	1.0
178	3425	1	1.0
178	3426	1	1.0
178	3427	1	1.0
178	3428	1	1.0
178	3429	1	1.0
178	3430	1	1.0
178	3431	1	1.0
179	3432	1	1.0
179	3433	1	1.0
790	3433	1	1.0
180	3434	1	1.0
180	3435	1	1.0
180	3436	1	1.0
181	3437	1	1.0
181	3438	1	1.0
181	3439	1	1.0
415	3439	1	1.0
1477	3439	1	1.0
181	3440	1	1.0
1477	3440	1	1.0
181	3441	1	1.0
181	3442	1	1.0
1477	3442	1	1.0
181	3443	1	1.0
2554	3443	1	1.0
182	3444	1	1.0
182	3445	1	1.0
182	3446	1	1.0
755	3446	1	1.0
182	3447	1	1.0
755	3447	1	1.0
2105	3447	1	1.0
183	3448	1	1.0
268	3448	1	1.0
322	3448	1	1.0
463	3448	1	1.0
490	3448	1	1.0
650	3448	1	1.0
853	3448	1	1.0
907	3448	1	1.0
948	3448	1	1.0
1028	3448	1	1.0
1068	3448	1	1.0
1295	3448	1	1.0
2197	3448	1	1.0
2717	3448	1	1.0
2719	3448	1	1.0
183	3449	1	1.0
273	3449	1	1.0
371	3449	1	1.0
504	3449	1	1.0
183	3450	1	1.0
2197	3450	1	1.0
183	3451	1	1.0
184	3452	1	1.0
184	3453	1	1.0
184	3454	1	1.0
185	3455	1	1.0
399	3455	1	1.0
1464	3455	1	1.0
185	3456	1	1.0
399	3456	1	1.0
1464	3456	1	1.0
186	3457	1	1.0
2745	3457	1	1.0
186	3458	1	1.0
186	3459	1	1.0
187	3460	1	1.0
1046	3460	1	1.0
187	3461	1	1.0
303	3461	1	1.0
486	3461	1	1.0
841	3461	1	1.0
858	3461	1	1.0
886	3461	1	1.0
1046	3461	1	1.0
1685	3461	1	1.0
187	3462	1	1.0
245	3462	1	1.0
486	3462	1	1.0
677	3462	1	1.0
841	3462	1	1.0
848	3462	1	1.0
858	3462	1	1.0
886	3462	1	1.0
1046	3462	1	1.0
1685	3462	1	1.0
188	3463	1	1.0
188	3464	1	1.0
188	3465	1	1.0
189	3466	1	1.0
2476	3466	1	1.0
189	3467	1	1.0
1615	3467	1	1.0
2476	3467	1	1.0
2752	3467	1	1.0
189	3468	1	1.0
2752	3468	1	1.0
189	3469	1	1.0
1615	3469	1	1.0
2476	3469	1	1.0
190	3470	1	1.0
190	3471	1	1.0
191	3472	1	1.0
1568	3472	1	1.0
191	3473	1	1.0
191	3474	1	1.0
191	3475	1	1.0
293	3475	1	1.0
1568	3475	1	1.0
2330	3475	1	1.0
192	3476	1	1.0
192	3477	1	1.0
192	3478	1	1.0
193	3479	1	1.0
2539	3479	1	1.0
193	3480	1	1.0
767	3480	1	1.0
1595	3480	1	1.0
1841	3480	1	1.0
193	3481	1	1.0
767	3481	1	1.0
1586	3481	1	1.0
1841	3481	1	1.0
193	3482	1	1.0
346	3482	1	1.0
535	3482	1	1.0
596	3482	1	1.0
726	3482	1	1.0
911	3482	1	1.0
1339	3482	1	1.0
2062	3482	1	1.0
2539	3482	1	1.0
2688	3482	1	1.0
194	3483	1	1.0
194	3484	1	1.0
505	3484	1	1.0
194	3485	1	1.0
505	3485	1	1.0
194	3486	1	1.0
505	3486	1	1.0
194	3487	1	1.0
505	3487	1	1.0
195	3488	1	1.0
1206	3488	1	1.0
195	3489	1	1.0
1206	3489	1	1.0
195	3490	1	1.0
1206	3490	1	1.0
1474	3490	1	1.0
2528	3490	1	1.0
2738	3490	1	1.0
196	3491	1	1.0
1111	3491	1	1.0
196	3492	1	1.0
196	3493	1	1.0
1038	3493	1	1.0
196	3494	1	1.0
196	3495	1	1.0
196	3496	1	1.0
356	3496	1	1.0
2670	3496	1	1.0
197	3497	1	1.0
197	3498	1	1.0
700	3498	1	1.0
1213	3498	1	1.0
197	3499	1	1.0
2376	3499	1	1.0
198	3500	1	1.0
198	3501	1	1.0
295	3501	1	1.0
199	3502	1	1.0
200	3503	1	1.0
377	3503	1	1.0
984	3503	1	1.0
1961	3503	1	1.0
200	3504	1	1.0
504	3504	1	1.0
200	3505	1	1.0
377	3505	1	1.0
984	3505	1	1.0
1961	3505	1	1.0
2079	3505	1	1.0
200	3506	1	1.0
377	3506	1	1.0
877	3506	1	1.0
901	3506	1	1.0
984	3506	1	1.0
1208	3506	1	1.0
1752	3506	1	1.0
1827	3506	1	1.0
1961	3506	1	1.0
1983	3506	1	1.0
2079	3506	1	1.0
201	3507	1	1.0
877	3507	1	1.0
1983	3507	1	1.0
201	3508	1	1.0
201	3509	1	1.0
201	3510	1	1.0
300	3510	1	1.0
1216	3510	1	1.0
1389	3510	1	1.0
1607	3510	1	1.0
202	3511	1	1.0
203	3512	1	1.0
203	3513	1	1.0
1403	3513	1	1.0
1745	3513	1	1.0
2383	3513	1	1.0
203	3514	1	1.0
1745	3514	1	1.0
203	3515	1	1.0
1403	3515	1	1.0
1745	3515	1	1.0
2383	3515	1	1.0
204	3516	1	1.0
204	3517	1	1.0
204	3518	1	1.0
205	3519	1	1.0
205	3520	1	1.0
205	3521	1	1.0
205	3522	1	1.0
205	3523	1	1.0
205	3524	1	1.0
206	3525	1	1.0
206	3526	1	1.0
207	3527	1	1.0
832	3527	1	1.0
2519	3527	1	1.0
207	3528	1	1.0
2519	3528	1	1.0
207	3529	1	1.0
564	3529	1	1.0
2519	3529	1	1.0
208	3530	1	1.0
556	3530	1	1.0
1921	3530	1	1.0
208	3531	1	1.0
209	3532	1	1.0
209	3533	1	1.0
209	3534	1	1.0
209	3535	1	1.0
209	3536	1	1.0
210	3537	1	1.0
210	3538	1	1.0
2346	3538	1	1.0
210	3539	1	1.0
1060	3539	1	1.0
1509	3539	1	1.0
212	3540	1	1.0
212	3541	1	1.0
828	3541	1	1.0
2302	3541	1	1.0
212	3542	1	1.0
809	3542	1	1.0
828	3542	1	1.0
2302	3542	1	1.0
213	3543	1	1.0
213	3544	1	1.0
1591	3544	1	1.0
214	3545	1	1.0
345	3545	1	1.0
349	3545	1	1.0
214	3546	1	1.0
214	3547	1	1.0
345	3547	1	1.0
349	3547	1	1.0
1053	3547	1	1.0
1232	3547	1	1.0
1588	3547	1	1.0
2704	3547	1	1.0
216	3548	1	1.0
216	3549	1	1.0
217	3550	1	1.0
1735	3550	1	1.0
217	3551	1	1.0
1735	3551	1	1.0
218	3552	1	1.0
218	3553	1	1.0
218	3554	1	1.0
219	3555	1	1.0
219	3556	1	1.0
416	3556	1	1.0
957	3556	1	1.0
1194	3556	1	1.0
1399	3556	1	1.0
1450	3556	1	1.0
1475	3556	1	1.0
1599	3556	1	1.0
2005	3556	1	1.0
2490	3556	1	1.0
220	3557	1	1.0
855	3557	1	1.0
915	3557	1	1.0
2473	3557	1	1.0
2660	3557	1	1.0
220	3558	1	1.0
1396	3558	1	1.0
2337	3558	1	1.0
220	3559	1	1.0
221	3560	1	1.0
221	3561	1	1.0
221	3562	1	1.0
222	3563	1	1.0
222	3564	1	1.0
222	3565	1	1.0
222	3566	1	1.0
222	3567	1	1.0
223	3568	1	1.0
1893	3568	1	1.0
223	3569	1	1.0
224	3570	1	1.0
224	3571	1	1.0
960	3571	1	1.0
1963	3571	1	1.0
1996	3571	1	1.0
2558	3571	1	1.0
225	3572	1	1.0
859	3572	1	1.0
1616	3572	1	1.0
2217	3572	1	1.0
2691	3572	1	1.0
225	3573	1	1.0
790	3573	1	1.0
859	3573	1	1.0
945	3573	1	1.0
1016	3573	1	1.0
1018	3573	1	1.0
1071	3573	1	1.0
1355	3573	1	1.0
1541	3573	1	1.0
1616	3573	1	1.0
1624	3573	1	1.0
1652	3573	1	1.0
1763	3573	1	1.0
1817	3573	1	1.0
1848	3573	1	1.0
1859	3573	1	1.0
1863	3573	1	1.0
2217	3573	1	1.0
2501	3573	1	1.0
2668	3573	1	1.0
2691	3573	1	1.0
226	3574	1	1.0
226	3575	1	1.0
1123	3575	1	1.0
1392	3575	1	1.0
226	3576	1	1.0
1123	3576	1	1.0
1280	3576	1	1.0
1303	3576	1	1.0
1392	3576	1	1.0
226	3577	1	1.0
419	3577	1	1.0
1676	3577	1	1.0
1852	3577	1	1.0
2097	3577	1	1.0
2147	3577	1	1.0
2477	3577	1	1.0
2683	3577	1	1.0
226	3578	1	1.0
1303	3578	1	1.0
1841	3578	1	1.0
227	3579	1	1.0
227	3580	1	1.0
227	3581	1	1.0
702	3581	1	1.0
2276	3581	1	1.0
227	3582	1	1.0
702	3582	1	1.0
228	3583	1	1.0
228	3584	1	1.0
228	3585	1	1.0
228	3586	1	1.0
228	3587	1	1.0
228	3588	1	1.0
228	3589	1	1.0
229	3590	1	1.0
229	3591	1	1.0
229	3592	1	1.0
229	3593	1	1.0
229	3594	1	1.0
229	3595	1	1.0
229	3596	1	1.0
230	3597	1	1.0
230	3598	1	1.0
230	3599	1	1.0
230	3600	1	1.0
230	3601	1	1.0
230	3602	1	1.0
231	3603	1	1.0
231	3604	1	1.0
231	3605	1	1.0
231	3606	1	1.0
232	3607	1	1.0
232	3608	1	1.0
232	3609	1	1.0
232	3610	1	1.0
232	3611	1	1.0
233	3612	1	1.0
233	3613	1	1.0
1789	3613	1	1.0
234	3614	1	1.0
474	3614	1	1.0
234	3615	1	1.0
474	3615	1	1.0
2203	3615	1	1.0
234	3616	1	1.0
235	3617	1	1.0
712	3617	1	1.0
2262	3617	1	1.0
2551	3617	1	1.0
235	3618	1	1.0
712	3618	1	1.0
2262	3618	1	1.0
2551	3618	1	1.0
235	3619	1	1.0
279	3619	1	1.0
1342	3619	1	1.0
2262	3619	1	1.0
2365	3619	1	1.0
236	3620	1	1.0
236	3621	1	1.0
236	3622	1	1.0
236	3623	1	1.0
237	3624	1	1.0
237	3625	1	1.0
238	3626	1	1.0
239	3627	1	1.0
440	3627	1	1.0
239	3628	1	1.0
239	3629	1	1.0
239	3630	1	1.0
239	3631	1	1.0
239	3632	1	1.0
239	3633	1	1.0
440	3633	1	1.0
240	3634	1	1.0
240	3635	1	1.0
242	3636	1	1.0
242	3637	1	1.0
242	3638	1	1.0
242	3639	1	1.0
242	3640	1	1.0
242	3641	1	1.0
242	3642	1	1.0
1072	3642	1	1.0
1082	3642	1	1.0
2459	3642	1	1.0
243	3643	1	1.0
1764	3643	1	1.0
243	3644	1	1.0
243	3645	1	1.0
243	3646	1	1.0
244	3647	1	1.0
244	3648	1	1.0
244	3649	1	1.0
245	3650	1	1.0
427	3650	1	1.0
535	3650	1	1.0
911	3650	1	1.0
2526	3650	1	1.0
2539	3650	1	1.0
245	3651	1	1.0
245	3652	1	1.0
427	3652	1	1.0
486	3652	1	1.0
886	3652	1	1.0
245	3653	1	1.0
427	3653	1	1.0
671	3653	1	1.0
848	3653	1	1.0
1955	3653	1	1.0
2072	3653	1	1.0
246	3654	1	1.0
246	3655	1	1.0
246	3656	1	1.0
1884	3656	1	1.0
246	3657	1	1.0
247	3658	1	1.0
247	3659	1	1.0
247	3660	1	1.0
247	3661	1	1.0
2235	3661	1	1.0
2626	3661	1	1.0
248	3662	1	1.0
248	3663	1	1.0
248	3664	1	1.0
249	3665	1	1.0
2683	3665	1	1.0
249	3666	1	1.0
2683	3666	1	1.0
249	3667	1	1.0
562	3667	1	1.0
2683	3667	1	1.0
249	3668	1	1.0
361	3668	1	1.0
1163	3668	1	1.0
2683	3668	1	1.0
249	3669	1	1.0
1613	3669	1	1.0
2683	3669	1	1.0
250	3670	1	1.0
2120	3670	1	1.0
250	3671	1	1.0
250	3672	1	1.0
251	3673	1	1.0
251	3674	1	1.0
252	3675	1	1.0
1252	3675	1	1.0
253	3676	1	1.0
254	3677	1	1.0
1454	3677	1	1.0
2108	3677	1	1.0
254	3678	1	1.0
1454	3678	1	1.0
254	3679	1	1.0
254	3680	1	1.0
1454	3680	1	1.0
254	3681	1	1.0
1454	3681	1	1.0
2108	3681	1	1.0
255	3682	1	1.0
255	3683	1	1.0
255	3684	1	1.0
255	3685	1	1.0
256	3686	1	1.0
257	3687	1	1.0
2424	3687	1	1.0
257	3688	1	1.0
347	3688	1	1.0
949	3688	1	1.0
2424	3688	1	1.0
257	3689	1	1.0
2634	3689	1	1.0
257	3690	1	1.0
257	3691	1	1.0
258	3692	1	1.0
933	3692	1	1.0
2087	3692	1	1.0
2696	3692	1	1.0
258	3693	1	1.0
1510	3693	1	1.0
258	3694	1	1.0
857	3694	1	1.0
259	3695	1	1.0
1897	3695	1	1.0
2682	3695	1	1.0
259	3696	1	1.0
1647	3696	1	1.0
1882	3696	1	1.0
2682	3696	1	1.0
259	3697	1	1.0
1388	3697	1	1.0
1882	3697	1	1.0
2677	3697	1	1.0
2682	3697	1	1.0
260	3698	1	1.0
260	3699	1	1.0
2218	3699	1	1.0
2740	3699	1	1.0
261	3700	1	1.0
261	3701	1	1.0
261	3702	1	1.0
261	3703	1	1.0
262	3704	1	1.0
262	3705	1	1.0
262	3706	1	1.0
262	3707	1	1.0
263	3708	1	1.0
263	3709	1	1.0
263	3710	1	1.0
264	3711	1	1.0
264	3712	1	1.0
276	3712	1	1.0
443	3712	1	1.0
1915	3712	1	1.0
1974	3712	1	1.0
2640	3712	1	1.0
2675	3712	1	1.0
264	3713	1	1.0
276	3713	1	1.0
1915	3713	1	1.0
1974	3713	1	1.0
2675	3713	1	1.0
265	3714	1	1.0
265	3715	1	1.0
265	3716	1	1.0
265	3717	1	1.0
431	3717	1	1.0
1840	3717	1	1.0
1965	3717	1	1.0
266	3718	1	1.0
840	3718	1	1.0
993	3718	1	1.0
1184	3718	1	1.0
266	3719	1	1.0
266	3720	1	1.0
2135	3720	1	1.0
266	3721	1	1.0
2631	3721	1	1.0
266	3722	1	1.0
266	3723	1	1.0
267	3724	1	1.0
771	3724	1	1.0
871	3724	1	1.0
1556	3724	1	1.0
1658	3724	1	1.0
1775	3724	1	1.0
2058	3724	1	1.0
267	3725	1	1.0
1558	3725	1	1.0
267	3726	1	1.0
267	3727	1	1.0
771	3727	1	1.0
871	3727	1	1.0
1658	3727	1	1.0
2058	3727	1	1.0
268	3728	1	1.0
268	3729	1	1.0
853	3729	1	1.0
1068	3729	1	1.0
1185	3729	1	1.0
2197	3729	1	1.0
268	3730	1	1.0
463	3730	1	1.0
2717	3730	1	1.0
2719	3730	1	1.0
269	3731	1	1.0
269	3732	1	1.0
269	3733	1	1.0
1292	3733	1	1.0
269	3734	1	1.0
599	3734	1	1.0
269	3735	1	1.0
681	3735	1	1.0
270	3736	1	1.0
270	3737	1	1.0
270	3738	1	1.0
270	3739	1	1.0
558	3739	1	1.0
270	3740	1	1.0
336	3740	1	1.0
271	3741	1	1.0
2136	3741	1	1.0
271	3742	1	1.0
455	3742	1	1.0
272	3743	1	1.0
2290	3743	1	1.0
272	3744	1	1.0
2611	3744	1	1.0
273	3745	1	1.0
273	3746	1	1.0
273	3747	1	1.0
371	3747	1	1.0
504	3747	1	1.0
273	3748	1	1.0
274	3749	1	1.0
274	3750	1	1.0
274	3751	1	1.0
595	3751	1	1.0
693	3751	1	1.0
2074	3751	1	1.0
275	3752	1	1.0
275	3753	1	1.0
277	3753	1	1.0
1160	3753	1	1.0
1901	3753	1	1.0
2332	3753	1	1.0
275	3754	1	1.0
277	3754	1	1.0
1160	3754	1	1.0
276	3755	1	1.0
2675	3755	1	1.0
276	3756	1	1.0
289	3756	1	1.0
1234	3756	1	1.0
2675	3756	1	1.0
276	3757	1	1.0
2675	3757	1	1.0
276	3758	1	1.0
443	3758	1	1.0
802	3758	1	1.0
889	3758	1	1.0
1335	3758	1	1.0
1915	3758	1	1.0
1974	3758	1	1.0
2170	3758	1	1.0
2640	3758	1	1.0
2675	3758	1	1.0
2758	3758	1	1.0
276	3759	1	1.0
2170	3759	1	1.0
2675	3759	1	1.0
276	3760	1	1.0
2047	3760	1	1.0
2675	3760	1	1.0
277	3761	1	1.0
278	3762	1	1.0
278	3763	1	1.0
278	3764	1	1.0
279	3765	1	1.0
280	3766	1	1.0
280	3767	1	1.0
280	3768	1	1.0
282	3769	1	1.0
282	3770	1	1.0
283	3771	1	1.0
283	3772	1	1.0
284	3773	1	1.0
284	3774	1	1.0
1003	3774	1	1.0
1253	3774	1	1.0
2166	3774	1	1.0
284	3775	1	1.0
603	3775	1	1.0
1000	3775	1	1.0
1435	3775	1	1.0
285	3776	1	1.0
285	3777	1	1.0
285	3778	1	1.0
286	3779	1	1.0
287	3780	1	1.0
287	3781	1	1.0
287	3782	1	1.0
287	3783	1	1.0
288	3784	1	1.0
288	3785	1	1.0
291	3786	1	1.0
291	3787	1	1.0
291	3788	1	1.0
2205	3788	1	1.0
291	3789	1	1.0
291	3790	1	1.0
292	3791	1	1.0
292	3792	1	1.0
1726	3792	1	1.0
292	3793	1	1.0
1726	3793	1	1.0
292	3794	1	1.0
292	3795	1	1.0
293	3796	1	1.0
552	3796	1	1.0
1639	3796	1	1.0
2243	3796	1	1.0
2688	3796	1	1.0
293	3797	1	1.0
952	3797	1	1.0
2243	3797	1	1.0
2330	3797	1	1.0
294	3798	1	1.0
294	3799	1	1.0
294	3800	1	1.0
1849	3800	1	1.0
2566	3800	1	1.0
2743	3800	1	1.0
294	3801	1	1.0
295	3802	1	1.0
295	3803	1	1.0
480	3803	1	1.0
2635	3803	1	1.0
2639	3803	1	1.0
296	3804	1	1.0
1803	3804	1	1.0
1992	3804	1	1.0
296	3805	1	1.0
1803	3805	1	1.0
296	3806	1	1.0
1803	3806	1	1.0
2020	3806	1	1.0
2714	3806	1	1.0
2755	3806	1	1.0
296	3807	1	1.0
1803	3807	1	1.0
1992	3807	1	1.0
2175	3807	1	1.0
297	3808	1	1.0
297	3809	1	1.0
297	3810	1	1.0
297	3811	1	1.0
297	3812	1	1.0
298	3813	1	1.0
333	3813	1	1.0
298	3814	1	1.0
333	3814	1	1.0
791	3814	1	1.0
298	3815	1	1.0
333	3815	1	1.0
2136	3815	1	1.0
2619	3815	1	1.0
299	3816	1	1.0
299	3817	1	1.0
300	3818	1	1.0
300	3819	1	1.0
1216	3819	1	1.0
300	3820	1	1.0
1389	3820	1	1.0
301	3821	1	1.0
301	3822	1	1.0
301	3823	1	1.0
301	3824	1	1.0
301	3825	1	1.0
302	3826	1	1.0
1804	3826	1	1.0
302	3827	1	1.0
1111	3827	1	1.0
1462	3827	1	1.0
1771	3827	1	1.0
1804	3827	1	1.0
2303	3827	1	1.0
302	3828	1	1.0
1111	3828	1	1.0
1462	3828	1	1.0
1804	3828	1	1.0
2303	3828	1	1.0
303	3829	1	1.0
303	3830	1	1.0
886	3830	1	1.0
304	3831	1	1.0
305	3832	1	1.0
305	3833	1	1.0
305	3834	1	1.0
306	3835	1	1.0
306	3836	1	1.0
403	3836	1	1.0
962	3836	1	1.0
1283	3836	1	1.0
1710	3836	1	1.0
1738	3836	1	1.0
1898	3836	1	1.0
1924	3836	1	1.0
2054	3836	1	1.0
2285	3836	1	1.0
2300	3836	1	1.0
2407	3836	1	1.0
306	3837	1	1.0
2054	3837	1	1.0
306	3838	1	1.0
428	3838	1	1.0
1476	3838	1	1.0
1869	3838	1	1.0
2364	3838	1	1.0
307	3839	1	1.0
407	3839	1	1.0
938	3839	1	1.0
1063	3839	1	1.0
1617	3839	1	1.0
1690	3839	1	1.0
1972	3839	1	1.0
307	3840	1	1.0
1063	3840	1	1.0
1690	3840	1	1.0
1972	3840	1	1.0
307	3841	1	1.0
308	3842	1	1.0
2463	3842	1	1.0
308	3843	1	1.0
309	3844	1	1.0
309	3845	1	1.0
309	3846	1	1.0
310	3847	1	1.0
310	3848	1	1.0
508	3848	1	1.0
1315	3848	1	1.0
2040	3848	1	1.0
2284	3848	1	1.0
2591	3848	1	1.0
2609	3848	1	1.0
310	3849	1	1.0
311	3850	1	1.0
311	3851	1	1.0
1002	3851	1	1.0
2022	3851	1	1.0
2296	3851	1	1.0
312	3852	1	1.0
312	3853	1	1.0
312	3854	1	1.0
312	3855	1	1.0
312	3856	1	1.0
312	3857	1	1.0
312	3858	1	1.0
2487	3858	1	1.0
312	3859	1	1.0
312	3860	1	1.0
313	3861	1	1.0
313	3862	1	1.0
1236	3862	1	1.0
1265	3862	1	1.0
314	3863	1	1.0
1353	3863	1	1.0
1457	3863	1	1.0
2373	3863	1	1.0
315	3864	1	1.0
315	3865	1	1.0
315	3866	1	1.0
641	3866	1	1.0
316	3867	1	1.0
587	3867	1	1.0
612	3867	1	1.0
654	3867	1	1.0
983	3867	1	1.0
1307	3867	1	1.0
1402	3867	1	1.0
1572	3867	1	1.0
1966	3867	1	1.0
2568	3867	1	1.0
317	3868	1	1.0
1990	3868	1	1.0
317	3869	1	1.0
317	3870	1	1.0
1990	3870	1	1.0
318	3871	1	1.0
1032	3871	1	1.0
318	3872	1	1.0
1032	3872	1	1.0
318	3873	1	1.0
318	3874	1	1.0
1885	3874	1	1.0
1899	3874	1	1.0
319	3875	1	1.0
319	3876	1	1.0
849	3876	1	1.0
1255	3876	1	1.0
1308	3876	1	1.0
2114	3876	1	1.0
319	3877	1	1.0
405	3877	1	1.0
849	3877	1	1.0
1255	3877	1	1.0
2114	3877	1	1.0
319	3878	1	1.0
336	3878	1	1.0
405	3878	1	1.0
849	3878	1	1.0
1255	3878	1	1.0
1257	3878	1	1.0
1308	3878	1	1.0
1338	3878	1	1.0
2114	3878	1	1.0
2160	3878	1	1.0
320	3879	1	1.0
917	3879	1	1.0
320	3880	1	1.0
821	3880	1	1.0
971	3880	1	1.0
1294	3880	1	1.0
1394	3880	1	1.0
1399	3880	1	1.0
1580	3880	1	1.0
320	3881	1	1.0
905	3881	1	1.0
917	3881	1	1.0
2617	3881	1	1.0
321	3882	1	1.0
321	3883	1	1.0
1732	3883	1	1.0
321	3884	1	1.0
321	3885	1	1.0
321	3886	1	1.0
321	3887	1	1.0
321	3888	1	1.0
322	3889	1	1.0
322	3890	1	1.0
322	3891	1	1.0
323	3892	1	1.0
716	3892	1	1.0
1366	3892	1	1.0
1937	3892	1	1.0
323	3893	1	1.0
646	3893	1	1.0
716	3893	1	1.0
797	3893	1	1.0
1145	3893	1	1.0
1366	3893	1	1.0
1937	3893	1	1.0
2209	3893	1	1.0
323	3894	1	1.0
323	3895	1	1.0
910	3895	1	1.0
996	3895	1	1.0
1366	3895	1	1.0
323	3896	1	1.0
996	3896	1	1.0
1366	3896	1	1.0
324	3897	1	1.0
324	3898	1	1.0
324	3899	1	1.0
374	3899	1	1.0
446	3899	1	1.0
1275	3899	1	1.0
2060	3899	1	1.0
2093	3899	1	1.0
2140	3899	1	1.0
2177	3899	1	1.0
324	3900	1	1.0
446	3900	1	1.0
325	3901	1	1.0
1708	3901	1	1.0
325	3902	1	1.0
325	3903	1	1.0
325	3904	1	1.0
326	3905	1	1.0
2313	3905	1	1.0
326	3906	1	1.0
2313	3906	1	1.0
326	3907	1	1.0
2313	3907	1	1.0
326	3908	1	1.0
326	3909	1	1.0
327	3910	1	1.0
327	3911	1	1.0
327	3912	1	1.0
327	3913	1	1.0
327	3914	1	1.0
328	3915	1	1.0
328	3916	1	1.0
453	3916	1	1.0
1597	3916	1	1.0
329	3917	1	1.0
329	3918	1	1.0
329	3919	1	1.0
472	3919	1	1.0
329	3920	1	1.0
329	3921	1	1.0
1721	3921	1	1.0
330	3922	1	1.0
330	3923	1	1.0
2087	3923	1	1.0
331	3924	1	1.0
1310	3924	1	1.0
2007	3924	1	1.0
331	3925	1	1.0
331	3926	1	1.0
1155	3926	1	1.0
331	3927	1	1.0
331	3928	1	1.0
331	3929	1	1.0
331	3930	1	1.0
1155	3930	1	1.0
1310	3930	1	1.0
2007	3930	1	1.0
332	3931	1	1.0
346	3931	1	1.0
332	3932	1	1.0
346	3932	1	1.0
2409	3932	1	1.0
333	3933	1	1.0
333	3934	1	1.0
334	3935	1	1.0
334	3936	1	1.0
334	3937	1	1.0
335	3938	1	1.0
335	3939	1	1.0
335	3940	1	1.0
1344	3940	1	1.0
335	3941	1	1.0
335	3942	1	1.0
336	3943	1	1.0
880	3943	1	1.0
1109	3943	1	1.0
1338	3943	1	1.0
2114	3943	1	1.0
336	3944	1	1.0
497	3944	1	1.0
336	3945	1	1.0
1015	3945	1	1.0
336	3946	1	1.0
336	3947	1	1.0
685	3947	1	1.0
1149	3947	1	1.0
1501	3947	1	1.0
1763	3947	1	1.0
2022	3947	1	1.0
337	3948	1	1.0
337	3949	1	1.0
351	3949	1	1.0
675	3949	1	1.0
1113	3949	1	1.0
1300	3949	1	1.0
1799	3949	1	1.0
2200	3949	1	1.0
2636	3949	1	1.0
2637	3949	1	1.0
2641	3949	1	1.0
337	3950	1	1.0
337	3951	1	1.0
338	3952	1	1.0
338	3953	1	1.0
338	3954	1	1.0
339	3955	1	1.0
339	3956	1	1.0
924	3956	1	1.0
339	3957	1	1.0
339	3958	1	1.0
738	3958	1	1.0
924	3958	1	1.0
2128	3958	1	1.0
339	3959	1	1.0
738	3959	1	1.0
340	3960	1	1.0
2076	3960	1	1.0
340	3961	1	1.0
2076	3961	1	1.0
340	3962	1	1.0
2076	3962	1	1.0
340	3963	1	1.0
1862	3963	1	1.0
2076	3963	1	1.0
341	3964	1	1.0
341	3965	1	1.0
399	3965	1	1.0
1464	3965	1	1.0
342	3966	1	1.0
508	3966	1	1.0
595	3966	1	1.0
1145	3966	1	1.0
342	3967	1	1.0
595	3967	1	1.0
1751	3967	1	1.0
342	3968	1	1.0
342	3969	1	1.0
545	3969	1	1.0
742	3969	1	1.0
881	3969	1	1.0
910	3969	1	1.0
1937	3969	1	1.0
343	3970	1	1.0
343	3971	1	1.0
343	3972	1	1.0
344	3973	1	1.0
787	3973	1	1.0
344	3974	1	1.0
787	3974	1	1.0
344	3975	1	1.0
787	3975	1	1.0
344	3976	1	1.0
345	3977	1	1.0
1541	3977	1	1.0
345	3978	1	1.0
346	3979	1	1.0
347	3980	1	1.0
347	3981	1	1.0
347	3982	1	1.0
949	3982	1	1.0
2424	3982	1	1.0
348	3983	1	1.0
348	3984	1	1.0
348	3985	1	1.0
348	3986	1	1.0
349	3987	1	1.0
350	3988	1	1.0
362	3988	1	1.0
395	3988	1	1.0
425	3988	1	1.0
1201	3988	1	1.0
1237	3988	1	1.0
1471	3988	1	1.0
1705	3988	1	1.0
1932	3988	1	1.0
2019	3988	1	1.0
2046	3988	1	1.0
2220	3988	1	1.0
2343	3988	1	1.0
2506	3988	1	1.0
350	3989	1	1.0
350	3990	1	1.0
351	3991	1	1.0
1113	3991	1	1.0
1300	3991	1	1.0
2641	3991	1	1.0
351	3992	1	1.0
675	3992	1	1.0
1113	3992	1	1.0
1799	3992	1	1.0
2636	3992	1	1.0
2637	3992	1	1.0
2641	3992	1	1.0
351	3993	1	1.0
450	3993	1	1.0
1286	3993	1	1.0
352	3994	1	1.0
352	3995	1	1.0
353	3996	1	1.0
529	3996	1	1.0
741	3996	1	1.0
1531	3996	1	1.0
1973	3996	1	1.0
353	3997	1	1.0
529	3997	1	1.0
1063	3997	1	1.0
1531	3997	1	1.0
1999	3997	1	1.0
354	3998	1	1.0
448	3998	1	1.0
354	3999	1	1.0
369	3999	1	1.0
448	3999	1	1.0
1122	3999	1	1.0
354	4000	1	1.0
355	4001	1	1.0
355	4002	1	1.0
355	4003	1	1.0
355	4004	1	1.0
355	4005	1	1.0
355	4006	1	1.0
355	4007	1	1.0
355	4008	1	1.0
356	4009	1	1.0
477	4009	1	1.0
356	4010	1	1.0
477	4010	1	1.0
356	4011	1	1.0
477	4011	1	1.0
356	4012	1	1.0
516	4012	1	1.0
1557	4012	1	1.0
357	4013	1	1.0
357	4014	1	1.0
364	4014	1	1.0
436	4014	1	1.0
449	4014	1	1.0
509	4014	1	1.0
646	4014	1	1.0
797	4014	1	1.0
1140	4014	1	1.0
1145	4014	1	1.0
1395	4014	1	1.0
1502	4014	1	1.0
1630	4014	1	1.0
1637	4014	1	1.0
1746	4014	1	1.0
2044	4014	1	1.0
2095	4014	1	1.0
2209	4014	1	1.0
2250	4014	1	1.0
2404	4014	1	1.0
2417	4014	1	1.0
2710	4014	1	1.0
2746	4014	1	1.0
358	4015	1	1.0
358	4016	1	1.0
358	4017	1	1.0
358	4018	1	1.0
358	4019	1	1.0
358	4020	1	1.0
358	4021	1	1.0
358	4022	1	1.0
358	4023	1	1.0
358	4024	1	1.0
358	4025	1	1.0
358	4026	1	1.0
358	4027	1	1.0
358	4028	1	1.0
359	4029	1	1.0
360	4030	1	1.0
2011	4030	1	1.0
361	4031	1	1.0
1838	4031	1	1.0
2223	4031	1	1.0
361	4032	1	1.0
1838	4032	1	1.0
2223	4032	1	1.0
362	4033	1	1.0
2019	4033	1	1.0
362	4034	1	1.0
362	4035	1	1.0
1039	4035	1	1.0
1415	4035	1	1.0
2019	4035	1	1.0
363	4036	1	1.0
1717	4036	1	1.0
1843	4036	1	1.0
2161	4036	1	1.0
363	4037	1	1.0
909	4037	1	1.0
1717	4037	1	1.0
1843	4037	1	1.0
1982	4037	1	1.0
2161	4037	1	1.0
2735	4037	1	1.0
363	4038	1	1.0
912	4038	1	1.0
1167	4038	1	1.0
1449	4038	1	1.0
2142	4038	1	1.0
364	4039	1	1.0
646	4039	1	1.0
2209	4039	1	1.0
2417	4039	1	1.0
364	4040	1	1.0
595	4040	1	1.0
365	4041	1	1.0
1377	4041	1	1.0
365	4042	1	1.0
1377	4042	1	1.0
365	4043	1	1.0
1377	4043	1	1.0
2003	4043	1	1.0
2017	4043	1	1.0
2548	4043	1	1.0
365	4044	1	1.0
1377	4044	1	1.0
365	4045	1	1.0
396	4045	1	1.0
719	4045	1	1.0
1377	4045	1	1.0
1762	4045	1	1.0
2382	4045	1	1.0
366	4046	1	1.0
1486	4046	1	1.0
366	4047	1	1.0
366	4048	1	1.0
1172	4048	1	1.0
1426	4048	1	1.0
366	4049	1	1.0
366	4050	1	1.0
565	4050	1	1.0
769	4050	1	1.0
896	4050	1	1.0
1524	4050	1	1.0
367	4051	1	1.0
367	4052	1	1.0
2079	4052	1	1.0
367	4053	1	1.0
367	4054	1	1.0
1151	4054	1	1.0
1522	4054	1	1.0
1643	4054	1	1.0
1820	4054	1	1.0
1874	4054	1	1.0
1885	4054	1	1.0
1899	4054	1	1.0
2193	4054	1	1.0
369	4055	1	1.0
370	4056	1	1.0
370	4057	1	1.0
370	4058	1	1.0
371	4059	1	1.0
372	4060	1	1.0
372	4061	1	1.0
373	4062	1	1.0
373	4063	1	1.0
373	4064	1	1.0
373	4065	1	1.0
374	4066	1	1.0
374	4067	1	1.0
2093	4067	1	1.0
374	4068	1	1.0
375	4069	1	1.0
2486	4069	1	1.0
375	4070	1	1.0
375	4071	1	1.0
375	4072	1	1.0
2486	4072	1	1.0
375	4073	1	1.0
376	4074	1	1.0
376	4075	1	1.0
590	4075	1	1.0
1166	4075	1	1.0
1346	4075	1	1.0
1501	4075	1	1.0
1850	4075	1	1.0
2214	4075	1	1.0
2497	4075	1	1.0
378	4076	1	1.0
378	4077	1	1.0
378	4078	1	1.0
378	4079	1	1.0
379	4080	1	1.0
549	4080	1	1.0
985	4080	1	1.0
379	4081	1	1.0
549	4081	1	1.0
1538	4081	1	1.0
379	4082	1	1.0
379	4083	1	1.0
549	4083	1	1.0
1538	4083	1	1.0
379	4084	1	1.0
549	4084	1	1.0
985	4084	1	1.0
1408	4084	1	1.0
1486	4084	1	1.0
380	4085	1	1.0
380	4086	1	1.0
380	4087	1	1.0
381	4088	1	1.0
381	4089	1	1.0
382	4090	1	1.0
382	4091	1	1.0
2431	4091	1	1.0
383	4092	1	1.0
532	4092	1	1.0
2270	4092	1	1.0
2684	4092	1	1.0
2694	4092	1	1.0
2712	4092	1	1.0
383	4093	1	1.0
384	4094	1	1.0
626	4094	1	1.0
1534	4094	1	1.0
2515	4094	1	1.0
384	4095	1	1.0
762	4095	1	1.0
384	4096	1	1.0
626	4096	1	1.0
762	4096	1	1.0
1534	4096	1	1.0
2197	4096	1	1.0
2515	4096	1	1.0
384	4097	1	1.0
384	4098	1	1.0
384	4099	1	1.0
843	4099	1	1.0
384	4100	1	1.0
626	4100	1	1.0
762	4100	1	1.0
843	4100	1	1.0
969	4100	1	1.0
1028	4100	1	1.0
1534	4100	1	1.0
2197	4100	1	1.0
2515	4100	1	1.0
2719	4100	1	1.0
385	4101	1	1.0
385	4102	1	1.0
385	4103	1	1.0
385	4104	1	1.0
385	4105	1	1.0
386	4106	1	1.0
386	4107	1	1.0
387	4108	1	1.0
387	4109	1	1.0
388	4110	1	1.0
388	4111	1	1.0
388	4112	1	1.0
389	4113	1	1.0
389	4114	1	1.0
1378	4114	1	1.0
390	4115	1	1.0
390	4116	1	1.0
390	4117	1	1.0
391	4118	1	1.0
391	4119	1	1.0
391	4120	1	1.0
391	4121	1	1.0
1052	4121	1	1.0
1197	4121	1	1.0
1359	4121	1	1.0
1561	4121	1	1.0
2702	4121	1	1.0
392	4122	1	1.0
1054	4122	1	1.0
1489	4122	1	1.0
392	4123	1	1.0
392	4124	1	1.0
392	4125	1	1.0
392	4126	1	1.0
1054	4126	1	1.0
1945	4126	1	1.0
393	4127	1	1.0
532	4127	1	1.0
2694	4127	1	1.0
394	4128	1	1.0
571	4128	1	1.0
1939	4128	1	1.0
2088	4128	1	1.0
394	4129	1	1.0
433	4129	1	1.0
554	4129	1	1.0
571	4129	1	1.0
973	4129	1	1.0
1809	4129	1	1.0
1939	4129	1	1.0
2088	4129	1	1.0
2213	4129	1	1.0
2218	4129	1	1.0
2277	4129	1	1.0
2740	4129	1	1.0
395	4130	1	1.0
395	4131	1	1.0
765	4131	1	1.0
396	4132	1	1.0
396	4133	1	1.0
396	4134	1	1.0
397	4135	1	1.0
397	4136	1	1.0
398	4137	1	1.0
398	4138	1	1.0
2195	4138	1	1.0
398	4139	1	1.0
398	4140	1	1.0
398	4141	1	1.0
398	4142	1	1.0
624	4142	1	1.0
1344	4142	1	1.0
1559	4142	1	1.0
398	4143	1	1.0
2195	4143	1	1.0
399	4144	1	1.0
399	4145	1	1.0
1464	4145	1	1.0
400	4146	1	1.0
400	4147	1	1.0
400	4148	1	1.0
400	4149	1	1.0
400	4150	1	1.0
2454	4150	1	1.0
400	4151	1	1.0
401	4152	1	1.0
401	4153	1	1.0
401	4154	1	1.0
2288	4154	1	1.0
402	4155	1	1.0
402	4156	1	1.0
885	4156	1	1.0
1388	4156	1	1.0
2625	4156	1	1.0
2677	4156	1	1.0
2758	4156	1	1.0
402	4157	1	1.0
885	4157	1	1.0
1473	4157	1	1.0
2452	4157	1	1.0
2610	4157	1	1.0
2625	4157	1	1.0
2758	4157	1	1.0
402	4158	1	1.0
885	4158	1	1.0
2608	4158	1	1.0
2625	4158	1	1.0
2758	4158	1	1.0
402	4159	1	1.0
885	4159	1	1.0
1770	4159	1	1.0
2105	4159	1	1.0
2147	4159	1	1.0
2452	4159	1	1.0
2595	4159	1	1.0
402	4160	1	1.0
2452	4160	1	1.0
2595	4160	1	1.0
402	4161	1	1.0
697	4161	1	1.0
885	4161	1	1.0
1770	4161	1	1.0
2227	4161	1	1.0
2452	4161	1	1.0
2595	4161	1	1.0
403	4162	1	1.0
708	4162	1	1.0
962	4162	1	1.0
1710	4162	1	1.0
1898	4162	1	1.0
403	4163	1	1.0
448	4163	1	1.0
708	4163	1	1.0
962	4163	1	1.0
1710	4163	1	1.0
1898	4163	1	1.0
403	4164	1	1.0
708	4164	1	1.0
962	4164	1	1.0
404	4165	1	1.0
404	4166	1	1.0
404	4167	1	1.0
1148	4167	1	1.0
1214	4167	1	1.0
2510	4167	1	1.0
406	4168	1	1.0
406	4169	1	1.0
406	4170	1	1.0
407	4171	1	1.0
2348	4171	1	1.0
407	4172	1	1.0
407	4173	1	1.0
407	4174	1	1.0
1063	4174	1	1.0
407	4175	1	1.0
407	4176	1	1.0
407	4177	1	1.0
2348	4177	1	1.0
407	4178	1	1.0
938	4178	1	1.0
408	4179	1	1.0
2396	4179	1	1.0
408	4180	1	1.0
925	4180	1	1.0
408	4181	1	1.0
2426	4181	1	1.0
408	4182	1	1.0
1434	4182	1	1.0
2353	4182	1	1.0
2396	4182	1	1.0
409	4183	1	1.0
2124	4183	1	1.0
409	4184	1	1.0
2124	4184	1	1.0
409	4185	1	1.0
410	4186	1	1.0
410	4187	1	1.0
410	4188	1	1.0
411	4189	1	1.0
1789	4189	1	1.0
411	4190	1	1.0
411	4191	1	1.0
1367	4191	1	1.0
411	4192	1	1.0
1367	4192	1	1.0
1789	4192	1	1.0
412	4193	1	1.0
412	4194	1	1.0
412	4195	1	1.0
801	4195	1	1.0
1900	4195	1	1.0
412	4196	1	1.0
801	4196	1	1.0
2087	4196	1	1.0
412	4197	1	1.0
801	4197	1	1.0
1900	4197	1	1.0
414	4198	1	1.0
1503	4198	1	1.0
415	4199	1	1.0
415	4200	1	1.0
415	4201	1	1.0
416	4202	1	1.0
416	4203	1	1.0
417	4204	1	1.0
417	4205	1	1.0
418	4206	1	1.0
434	4206	1	1.0
418	4207	1	1.0
1984	4207	1	1.0
419	4208	1	1.0
419	4209	1	1.0
830	4209	1	1.0
1458	4209	1	1.0
419	4210	1	1.0
830	4210	1	1.0
853	4210	1	1.0
948	4210	1	1.0
1068	4210	1	1.0
1458	4210	1	1.0
419	4211	1	1.0
999	4211	1	1.0
419	4212	1	1.0
1123	4212	1	1.0
2240	4212	1	1.0
419	4213	1	1.0
560	4213	1	1.0
420	4214	1	1.0
812	4214	1	1.0
990	4214	1	1.0
420	4215	1	1.0
727	4215	1	1.0
812	4215	1	1.0
919	4215	1	1.0
990	4215	1	1.0
1847	4215	1	1.0
2325	4215	1	1.0
2355	4215	1	1.0
2423	4215	1	1.0
2616	4215	1	1.0
420	4216	1	1.0
727	4216	1	1.0
812	4216	1	1.0
919	4216	1	1.0
1318	4216	1	1.0
1847	4216	1	1.0
1944	4216	1	1.0
2325	4216	1	1.0
2355	4216	1	1.0
2407	4216	1	1.0
2423	4216	1	1.0
2616	4216	1	1.0
421	4217	1	1.0
2234	4217	1	1.0
421	4218	1	1.0
421	4219	1	1.0
422	4219	1	1.0
1192	4219	1	1.0
1663	4219	1	1.0
2013	4219	1	1.0
2234	4219	1	1.0
2726	4219	1	1.0
422	4220	1	1.0
422	4221	1	1.0
424	4221	1	1.0
679	4221	1	1.0
936	4221	1	1.0
1743	4221	1	1.0
422	4222	1	1.0
2751	4222	1	1.0
422	4223	1	1.0
423	4224	1	1.0
423	4225	1	1.0
647	4225	1	1.0
423	4226	1	1.0
424	4227	1	1.0
424	4228	1	1.0
424	4229	1	1.0
424	4230	1	1.0
425	4231	1	1.0
425	4232	1	1.0
425	4233	1	1.0
1201	4233	1	1.0
1237	4233	1	1.0
1471	4233	1	1.0
1932	4233	1	1.0
2220	4233	1	1.0
2343	4233	1	1.0
2506	4233	1	1.0
425	4234	1	1.0
426	4235	1	1.0
426	4236	1	1.0
2024	4236	1	1.0
2319	4236	1	1.0
2772	4236	1	1.0
426	4237	1	1.0
2024	4237	1	1.0
2319	4237	1	1.0
2772	4237	1	1.0
426	4238	1	1.0
1979	4238	1	1.0
2024	4238	1	1.0
426	4239	1	1.0
1979	4239	1	1.0
426	4240	1	1.0
1112	4240	1	1.0
2205	4240	1	1.0
427	4241	1	1.0
975	4241	1	1.0
2072	4241	1	1.0
428	4242	1	1.0
1476	4242	1	1.0
428	4243	1	1.0
1869	4243	1	1.0
429	4244	1	1.0
429	4245	1	1.0
429	4246	1	1.0
430	4247	1	1.0
1569	4247	1	1.0
430	4248	1	1.0
956	4248	1	1.0
1837	4248	1	1.0
430	4249	1	1.0
1564	4249	1	1.0
1832	4249	1	1.0
430	4250	1	1.0
956	4250	1	1.0
431	4251	1	1.0
431	4252	1	1.0
1840	4252	1	1.0
431	4253	1	1.0
1840	4253	1	1.0
432	4254	1	1.0
433	4255	1	1.0
433	4256	1	1.0
973	4256	1	1.0
1809	4256	1	1.0
433	4257	1	1.0
434	4258	1	1.0
434	4259	1	1.0
435	4260	1	1.0
980	4260	1	1.0
989	4260	1	1.0
435	4261	1	1.0
989	4261	1	1.0
435	4262	1	1.0
980	4262	1	1.0
435	4263	1	1.0
989	4263	1	1.0
435	4264	1	1.0
1723	4264	1	1.0
1875	4264	1	1.0
2287	4264	1	1.0
2418	4264	1	1.0
435	4265	1	1.0
980	4265	1	1.0
435	4266	1	1.0
825	4266	1	1.0
980	4266	1	1.0
989	4266	1	1.0
436	4267	1	1.0
436	4268	1	1.0
437	4269	1	1.0
437	4270	1	1.0
803	4270	1	1.0
1044	4270	1	1.0
437	4271	1	1.0
803	4271	1	1.0
437	4272	1	1.0
539	4272	1	1.0
803	4272	1	1.0
964	4272	1	1.0
1162	4272	1	1.0
437	4273	1	1.0
647	4273	1	1.0
761	4273	1	1.0
1010	4273	1	1.0
1044	4273	1	1.0
1162	4273	1	1.0
438	4274	1	1.0
438	4275	1	1.0
438	4276	1	1.0
438	4277	1	1.0
439	4278	1	1.0
439	4279	1	1.0
439	4280	1	1.0
439	4281	1	1.0
439	4282	1	1.0
439	4283	1	1.0
439	4284	1	1.0
642	4284	1	1.0
2123	4284	1	1.0
2216	4284	1	1.0
439	4285	1	1.0
439	4286	1	1.0
439	4287	1	1.0
439	4288	1	1.0
439	4289	1	1.0
439	4290	1	1.0
439	4291	1	1.0
439	4292	1	1.0
440	4293	1	1.0
441	4294	1	1.0
441	4295	1	1.0
441	4296	1	1.0
441	4297	1	1.0
441	4298	1	1.0
441	4299	1	1.0
441	4300	1	1.0
1893	4300	1	1.0
441	4301	1	1.0
441	4302	1	1.0
442	4303	1	1.0
442	4304	1	1.0
1053	4304	1	1.0
1935	4304	1	1.0
2363	4304	1	1.0
442	4305	1	1.0
1053	4305	1	1.0
1111	4305	1	1.0
1808	4305	1	1.0
1935	4305	1	1.0
2363	4305	1	1.0
442	4306	1	1.0
442	4307	1	1.0
443	4308	1	1.0
802	4308	1	1.0
2615	4308	1	1.0
443	4309	1	1.0
802	4309	1	1.0
443	4310	1	1.0
484	4310	1	1.0
2644	4310	1	1.0
443	4311	1	1.0
462	4311	1	1.0
484	4311	1	1.0
802	4311	1	1.0
889	4311	1	1.0
1101	4311	1	1.0
1773	4311	1	1.0
2096	4311	1	1.0
2170	4311	1	1.0
2630	4311	1	1.0
2644	4311	1	1.0
2758	4311	1	1.0
443	4312	1	1.0
462	4312	1	1.0
484	4312	1	1.0
2096	4312	1	1.0
2630	4312	1	1.0
443	4313	1	1.0
1101	4313	1	1.0
1773	4313	1	1.0
443	4314	1	1.0
443	4315	1	1.0
443	4316	1	1.0
802	4316	1	1.0
2615	4316	1	1.0
443	4317	1	1.0
1974	4317	1	1.0
444	4318	1	1.0
677	4318	1	1.0
1340	4318	1	1.0
444	4319	1	1.0
677	4319	1	1.0
444	4320	1	1.0
677	4320	1	1.0
841	4320	1	1.0
952	4320	1	1.0
1046	4320	1	1.0
1152	4320	1	1.0
2341	4320	1	1.0
445	4321	1	1.0
939	4321	1	1.0
445	4322	1	1.0
632	4322	1	1.0
1069	4322	1	1.0
2155	4322	1	1.0
2164	4322	1	1.0
2263	4322	1	1.0
445	4323	1	1.0
2301	4323	1	1.0
2332	4323	1	1.0
446	4324	1	1.0
446	4325	1	1.0
447	4326	1	1.0
447	4327	1	1.0
448	4328	1	1.0
449	4329	1	1.0
449	4330	1	1.0
2044	4330	1	1.0
449	4331	1	1.0
2044	4331	1	1.0
449	4332	1	1.0
450	4333	1	1.0
1286	4333	1	1.0
450	4334	1	1.0
1286	4334	1	1.0
450	4335	1	1.0
450	4336	1	1.0
1286	4336	1	1.0
450	4337	1	1.0
1150	4337	1	1.0
1286	4337	1	1.0
2261	4337	1	1.0
450	4338	1	1.0
1286	4338	1	1.0
450	4339	1	1.0
951	4339	1	1.0
451	4340	1	1.0
1205	4340	1	1.0
451	4341	1	1.0
451	4342	1	1.0
451	4343	1	1.0
452	4344	1	1.0
452	4345	1	1.0
453	4346	1	1.0
453	4347	1	1.0
1597	4347	1	1.0
453	4348	1	1.0
1597	4348	1	1.0
454	4349	1	1.0
454	4350	1	1.0
455	4351	1	1.0
455	4352	1	1.0
455	4353	1	1.0
456	4354	1	1.0
456	4355	1	1.0
1118	4355	1	1.0
2744	4355	1	1.0
2759	4355	1	1.0
457	4356	1	1.0
457	4357	1	1.0
457	4358	1	1.0
457	4359	1	1.0
457	4360	1	1.0
457	4361	1	1.0
741	4361	1	1.0
1552	4361	1	1.0
2021	4361	1	1.0
2458	4361	1	1.0
458	4362	1	1.0
458	4363	1	1.0
458	4364	1	1.0
458	4365	1	1.0
951	4365	1	1.0
459	4366	1	1.0
459	4367	1	1.0
459	4368	1	1.0
460	4369	1	1.0
461	4370	1	1.0
461	4371	1	1.0
462	4372	1	1.0
484	4372	1	1.0
462	4373	1	1.0
484	4373	1	1.0
2096	4373	1	1.0
2630	4373	1	1.0
463	4374	1	1.0
1001	4374	1	1.0
463	4375	1	1.0
1093	4375	1	1.0
463	4376	1	1.0
463	4377	1	1.0
533	4377	1	1.0
573	4377	1	1.0
1001	4377	1	1.0
463	4378	1	1.0
573	4378	1	1.0
734	4378	1	1.0
914	4378	1	1.0
1001	4378	1	1.0
1291	4378	1	1.0
2717	4378	1	1.0
464	4379	1	1.0
464	4380	1	1.0
464	4381	1	1.0
464	4382	1	1.0
464	4383	1	1.0
1434	4383	1	1.0
465	4384	1	1.0
465	4385	1	1.0
964	4385	1	1.0
465	4386	1	1.0
466	4387	1	1.0
593	4387	1	1.0
1230	4387	1	1.0
466	4388	1	1.0
466	4389	1	1.0
466	4390	1	1.0
593	4390	1	1.0
1230	4390	1	1.0
466	4391	1	1.0
593	4391	1	1.0
466	4392	1	1.0
466	4393	1	1.0
466	4394	1	1.0
466	4395	1	1.0
466	4396	1	1.0
466	4397	1	1.0
593	4397	1	1.0
1230	4397	1	1.0
467	4398	1	1.0
468	4399	1	1.0
468	4400	1	1.0
468	4401	1	1.0
468	4402	1	1.0
468	4403	1	1.0
468	4404	1	1.0
468	4405	1	1.0
469	4406	1	1.0
1428	4406	1	1.0
1562	4406	1	1.0
469	4407	1	1.0
1379	4407	1	1.0
1426	4407	1	1.0
1428	4407	1	1.0
1583	4407	1	1.0
469	4408	1	1.0
1379	4408	1	1.0
1428	4408	1	1.0
469	4409	1	1.0
1428	4409	1	1.0
1562	4409	1	1.0
469	4410	1	1.0
469	4411	1	1.0
1037	4411	1	1.0
1379	4411	1	1.0
1428	4411	1	1.0
469	4412	1	1.0
601	4412	1	1.0
791	4412	1	1.0
1203	4412	1	1.0
1428	4412	1	1.0
2265	4412	1	1.0
2508	4412	1	1.0
470	4413	1	1.0
470	4414	1	1.0
470	4415	1	1.0
470	4416	1	1.0
471	4417	1	1.0
757	4417	1	1.0
471	4418	1	1.0
757	4418	1	1.0
472	4419	1	1.0
472	4420	1	1.0
473	4421	1	1.0
473	4422	1	1.0
473	4423	1	1.0
473	4424	1	1.0
2002	4424	1	1.0
473	4425	1	1.0
474	4426	1	1.0
475	4427	1	1.0
475	4428	1	1.0
475	4429	1	1.0
476	4430	1	1.0
478	4431	1	1.0
478	4432	1	1.0
478	4433	1	1.0
478	4434	1	1.0
1563	4434	1	1.0
478	4435	1	1.0
479	4436	1	1.0
479	4437	1	1.0
1374	4437	1	1.0
480	4438	1	1.0
2639	4438	1	1.0
481	4439	1	1.0
481	4440	1	1.0
481	4441	1	1.0
481	4442	1	1.0
481	4443	1	1.0
481	4444	1	1.0
481	4445	1	1.0
482	4446	1	1.0
560	4446	1	1.0
1535	4446	1	1.0
482	4447	1	1.0
482	4448	1	1.0
544	4448	1	1.0
817	4448	1	1.0
868	4448	1	1.0
1277	4448	1	1.0
1535	4448	1	1.0
1736	4448	1	1.0
2167	4448	1	1.0
2309	4448	1	1.0
2531	4448	1	1.0
2612	4448	1	1.0
483	4449	1	1.0
1128	4449	1	1.0
1505	4449	1	1.0
1934	4449	1	1.0
483	4450	1	1.0
1285	4450	1	1.0
1590	4450	1	1.0
1895	4450	1	1.0
2188	4450	1	1.0
2215	4450	1	1.0
485	4451	1	1.0
485	4452	1	1.0
1134	4452	1	1.0
2628	4452	1	1.0
485	4453	1	1.0
487	4454	1	1.0
487	4455	1	1.0
487	4456	1	1.0
488	4457	1	1.0
488	4458	1	1.0
488	4459	1	1.0
488	4460	1	1.0
764	4460	1	1.0
489	4461	1	1.0
489	4462	1	1.0
489	4463	1	1.0
489	4464	1	1.0
489	4465	1	1.0
490	4466	1	1.0
490	4467	1	1.0
490	4468	1	1.0
836	4468	1	1.0
888	4468	1	1.0
911	4468	1	1.0
948	4468	1	1.0
976	4468	1	1.0
1787	4468	1	1.0
2347	4468	1	1.0
491	4469	1	1.0
591	4469	1	1.0
491	4470	1	1.0
491	4471	1	1.0
591	4471	1	1.0
492	4472	1	1.0
492	4473	1	1.0
493	4474	1	1.0
493	4475	1	1.0
493	4476	1	1.0
494	4477	1	1.0
494	4478	1	1.0
639	4478	1	1.0
870	4478	1	1.0
494	4479	1	1.0
1239	4479	1	1.0
495	4480	1	1.0
1229	4480	1	1.0
1391	4480	1	1.0
495	4481	1	1.0
1229	4481	1	1.0
495	4482	1	1.0
496	4483	1	1.0
496	4484	1	1.0
496	4485	1	1.0
496	4486	1	1.0
497	4487	1	1.0
497	4488	1	1.0
497	4489	1	1.0
497	4490	1	1.0
666	4490	1	1.0
497	4491	1	1.0
1330	4491	1	1.0
1579	4491	1	1.0
497	4492	1	1.0
666	4492	1	1.0
2059	4492	1	1.0
498	4493	1	1.0
498	4494	1	1.0
1566	4494	1	1.0
2221	4494	1	1.0
499	4495	1	1.0
499	4496	1	1.0
499	4497	1	1.0
500	4498	1	1.0
1656	4498	1	1.0
500	4499	1	1.0
500	4500	1	1.0
501	4501	1	1.0
2171	4501	1	1.0
501	4502	1	1.0
502	4503	1	1.0
502	4504	1	1.0
502	4505	1	1.0
503	4506	1	1.0
504	4507	1	1.0
689	4507	1	1.0
946	4507	1	1.0
505	4508	1	1.0
507	4509	1	1.0
2472	4509	1	1.0
507	4510	1	1.0
2472	4510	1	1.0
2480	4510	1	1.0
507	4511	1	1.0
2472	4511	1	1.0
507	4512	1	1.0
774	4512	1	1.0
2480	4512	1	1.0
508	4513	1	1.0
2591	4513	1	1.0
509	4514	1	1.0
1140	4514	1	1.0
1502	4514	1	1.0
509	4515	1	1.0
1140	4515	1	1.0
1502	4515	1	1.0
509	4516	1	1.0
569	4516	1	1.0
716	4516	1	1.0
1140	4516	1	1.0
1502	4516	1	1.0
510	4517	1	1.0
510	4518	1	1.0
510	4519	1	1.0
510	4520	1	1.0
511	4521	1	1.0
511	4522	1	1.0
511	4523	1	1.0
577	4523	1	1.0
511	4524	1	1.0
587	4524	1	1.0
1109	4524	1	1.0
1346	4524	1	1.0
1372	4524	1	1.0
1839	4524	1	1.0
2154	4524	1	1.0
2463	4524	1	1.0
512	4525	1	1.0
512	4526	1	1.0
513	4527	1	1.0
513	4528	1	1.0
513	4529	1	1.0
513	4530	1	1.0
514	4531	1	1.0
514	4532	1	1.0
514	4533	1	1.0
514	4534	1	1.0
514	4535	1	1.0
514	4536	1	1.0
514	4537	1	1.0
515	4538	1	1.0
1381	4538	1	1.0
515	4539	1	1.0
2195	4539	1	1.0
515	4540	1	1.0
515	4541	1	1.0
515	4542	1	1.0
515	4543	1	1.0
516	4544	1	1.0
516	4545	1	1.0
517	4546	1	1.0
518	4547	1	1.0
2420	4547	1	1.0
518	4548	1	1.0
518	4549	1	1.0
518	4550	1	1.0
519	4551	1	1.0
519	4552	1	1.0
673	4552	1	1.0
1121	4552	1	1.0
1248	4552	1	1.0
520	4553	1	1.0
1976	4553	1	1.0
520	4554	1	1.0
1976	4554	1	1.0
520	4555	1	1.0
1976	4555	1	1.0
521	4556	1	1.0
2328	4556	1	1.0
521	4557	1	1.0
701	4557	1	1.0
854	4557	1	1.0
987	4557	1	1.0
1034	4557	1	1.0
1251	4557	1	1.0
1619	4557	1	1.0
1627	4557	1	1.0
1670	4557	1	1.0
2022	4557	1	1.0
2328	4557	1	1.0
2332	4557	1	1.0
522	4558	1	1.0
522	4559	1	1.0
522	4560	1	1.0
773	4560	1	1.0
522	4561	1	1.0
773	4561	1	1.0
523	4562	1	1.0
889	4562	1	1.0
2253	4562	1	1.0
523	4563	1	1.0
2253	4563	1	1.0
524	4564	1	1.0
769	4564	1	1.0
1609	4564	1	1.0
524	4565	1	1.0
524	4566	1	1.0
717	4566	1	1.0
842	4566	1	1.0
525	4567	1	1.0
1301	4567	1	1.0
1323	4567	1	1.0
525	4568	1	1.0
525	4569	1	1.0
1301	4569	1	1.0
1863	4569	1	1.0
2119	4569	1	1.0
526	4570	1	1.0
526	4571	1	1.0
526	4572	1	1.0
527	4573	1	1.0
527	4574	1	1.0
527	4575	1	1.0
1805	4575	1	1.0
527	4576	1	1.0
528	4577	1	1.0
528	4578	1	1.0
530	4579	1	1.0
530	4580	1	1.0
1467	4580	1	1.0
530	4581	1	1.0
530	4582	1	1.0
1680	4582	1	1.0
530	4583	1	1.0
1467	4583	1	1.0
2362	4583	1	1.0
530	4584	1	1.0
581	4584	1	1.0
530	4585	1	1.0
1467	4585	1	1.0
531	4586	1	1.0
721	4586	1	1.0
531	4587	1	1.0
721	4587	1	1.0
2293	4587	1	1.0
531	4588	1	1.0
533	4589	1	1.0
533	4590	1	1.0
2624	4590	1	1.0
533	4591	1	1.0
533	4592	1	1.0
533	4593	1	1.0
1001	4593	1	1.0
2624	4593	1	1.0
534	4594	1	1.0
534	4595	1	1.0
534	4596	1	1.0
1002	4596	1	1.0
2191	4596	1	1.0
535	4597	1	1.0
911	4597	1	1.0
536	4598	1	1.0
536	4599	1	1.0
1450	4599	1	1.0
536	4600	1	1.0
1450	4600	1	1.0
538	4601	1	1.0
538	4602	1	1.0
1540	4602	1	1.0
539	4603	1	1.0
964	4603	1	1.0
539	4604	1	1.0
539	4605	1	1.0
548	4605	1	1.0
540	4606	1	1.0
540	4607	1	1.0
540	4608	1	1.0
2136	4608	1	1.0
541	4609	1	1.0
541	4610	1	1.0
678	4610	1	1.0
541	4611	1	1.0
542	4612	1	1.0
542	4613	1	1.0
543	4614	1	1.0
543	4615	1	1.0
543	4616	1	1.0
1463	4616	1	1.0
544	4617	1	1.0
544	4618	1	1.0
868	4618	1	1.0
1277	4618	1	1.0
2612	4618	1	1.0
544	4619	1	1.0
700	4619	1	1.0
545	4620	1	1.0
910	4620	1	1.0
545	4621	1	1.0
1001	4621	1	1.0
1396	4621	1	1.0
2337	4621	1	1.0
545	4622	1	1.0
910	4622	1	1.0
546	4623	1	1.0
546	4624	1	1.0
1504	4624	1	1.0
546	4625	1	1.0
546	4626	1	1.0
1302	4626	1	1.0
1860	4626	1	1.0
546	4627	1	1.0
877	4627	1	1.0
1504	4627	1	1.0
547	4628	1	1.0
1066	4628	1	1.0
1511	4628	1	1.0
547	4629	1	1.0
2281	4629	1	1.0
547	4630	1	1.0
548	4631	1	1.0
548	4632	1	1.0
548	4633	1	1.0
548	4634	1	1.0
548	4635	1	1.0
780	4635	1	1.0
803	4635	1	1.0
549	4636	1	1.0
549	4637	1	1.0
550	4638	1	1.0
923	4638	1	1.0
551	4639	1	1.0
551	4640	1	1.0
551	4641	1	1.0
551	4642	1	1.0
551	4643	1	1.0
551	4644	1	1.0
552	4645	1	1.0
565	4645	1	1.0
552	4646	1	1.0
552	4647	1	1.0
553	4648	1	1.0
553	4649	1	1.0
591	4649	1	1.0
553	4650	1	1.0
554	4651	1	1.0
973	4651	1	1.0
1809	4651	1	1.0
2213	4651	1	1.0
2277	4651	1	1.0
2740	4651	1	1.0
554	4652	1	1.0
555	4653	1	1.0
555	4654	1	1.0
555	4655	1	1.0
555	4656	1	1.0
556	4657	1	1.0
556	4658	1	1.0
557	4659	1	1.0
2276	4659	1	1.0
558	4660	1	1.0
558	4661	1	1.0
1246	4661	1	1.0
1332	4661	1	1.0
1336	4661	1	1.0
1352	4661	1	1.0
1864	4661	1	1.0
2030	4661	1	1.0
2369	4661	1	1.0
559	4662	1	1.0
559	4663	1	1.0
559	4664	1	1.0
559	4665	1	1.0
559	4666	1	1.0
559	4667	1	1.0
559	4668	1	1.0
559	4669	1	1.0
559	4670	1	1.0
561	4671	1	1.0
1410	4671	1	1.0
561	4672	1	1.0
1410	4672	1	1.0
562	4673	1	1.0
562	4674	1	1.0
563	4675	1	1.0
563	4676	1	1.0
563	4677	1	1.0
563	4678	1	1.0
563	4679	1	1.0
2188	4679	1	1.0
565	4680	1	1.0
565	4681	1	1.0
565	4682	1	1.0
565	4683	1	1.0
896	4683	1	1.0
566	4684	1	1.0
566	4685	1	1.0
566	4686	1	1.0
566	4687	1	1.0
567	4688	1	1.0
1698	4688	1	1.0
568	4689	1	1.0
568	4690	1	1.0
625	4690	1	1.0
568	4691	1	1.0
568	4692	1	1.0
568	4693	1	1.0
568	4694	1	1.0
569	4695	1	1.0
569	4696	1	1.0
569	4697	1	1.0
569	4698	1	1.0
570	4699	1	1.0
570	4700	1	1.0
570	4701	1	1.0
572	4702	1	1.0
572	4703	1	1.0
1022	4703	1	1.0
1038	4703	1	1.0
1680	4703	1	1.0
572	4704	1	1.0
573	4705	1	1.0
573	4706	1	1.0
573	4707	1	1.0
574	4708	1	1.0
574	4709	1	1.0
575	4710	1	1.0
625	4710	1	1.0
575	4711	1	1.0
575	4712	1	1.0
576	4713	1	1.0
576	4714	1	1.0
576	4715	1	1.0
577	4716	1	1.0
577	4717	1	1.0
577	4718	1	1.0
578	4719	1	1.0
885	4719	1	1.0
1474	4719	1	1.0
1633	4719	1	1.0
1734	4719	1	1.0
1897	4719	1	1.0
1913	4719	1	1.0
2169	4719	1	1.0
2452	4719	1	1.0
2595	4719	1	1.0
2608	4719	1	1.0
578	4720	1	1.0
578	4721	1	1.0
579	4722	1	1.0
579	4723	1	1.0
579	4724	1	1.0
610	4724	1	1.0
1238	4724	1	1.0
579	4725	1	1.0
1238	4725	1	1.0
580	4726	1	1.0
580	4727	1	1.0
581	4728	1	1.0
581	4729	1	1.0
581	4730	1	1.0
2337	4730	1	1.0
582	4731	1	1.0
582	4732	1	1.0
582	4733	1	1.0
583	4734	1	1.0
583	4735	1	1.0
583	4736	1	1.0
584	4737	1	1.0
584	4738	1	1.0
585	4739	1	1.0
585	4740	1	1.0
585	4741	1	1.0
585	4742	1	1.0
2581	4742	1	1.0
585	4743	1	1.0
2581	4743	1	1.0
585	4744	1	1.0
586	4745	1	1.0
1731	4745	1	1.0
586	4746	1	1.0
770	4746	1	1.0
1731	4746	1	1.0
587	4747	1	1.0
587	4748	1	1.0
589	4749	1	1.0
1061	4749	1	1.0
2527	4749	1	1.0
589	4750	1	1.0
589	4751	1	1.0
2560	4751	1	1.0
2722	4751	1	1.0
590	4752	1	1.0
1166	4752	1	1.0
2214	4752	1	1.0
2497	4752	1	1.0
590	4753	1	1.0
1672	4753	1	1.0
1747	4753	1	1.0
1850	4753	1	1.0
1980	4753	1	1.0
2214	4753	1	1.0
2495	4753	1	1.0
592	4754	1	1.0
593	4755	1	1.0
593	4756	1	1.0
1911	4756	1	1.0
593	4757	1	1.0
593	4758	1	1.0
594	4759	1	1.0
2676	4759	1	1.0
594	4760	1	1.0
2676	4760	1	1.0
595	4761	1	1.0
595	4762	1	1.0
595	4763	1	1.0
596	4764	1	1.0
726	4764	1	1.0
1639	4764	1	1.0
2169	4764	1	1.0
2539	4764	1	1.0
2688	4764	1	1.0
597	4765	1	1.0
597	4766	1	1.0
2070	4766	1	1.0
2676	4766	1	1.0
597	4767	1	1.0
1216	4767	1	1.0
1607	4767	1	1.0
597	4768	1	1.0
2070	4768	1	1.0
597	4769	1	1.0
1331	4769	1	1.0
1412	4769	1	1.0
2070	4769	1	1.0
598	4770	1	1.0
1439	4770	1	1.0
1478	4770	1	1.0
1707	4770	1	1.0
2104	4770	1	1.0
2545	4770	1	1.0
2546	4770	1	1.0
598	4771	1	1.0
598	4772	1	1.0
1818	4772	1	1.0
2545	4772	1	1.0
598	4773	1	1.0
1306	4773	1	1.0
1439	4773	1	1.0
1478	4773	1	1.0
1707	4773	1	1.0
1818	4773	1	1.0
2104	4773	1	1.0
2537	4773	1	1.0
2545	4773	1	1.0
2546	4773	1	1.0
598	4774	1	1.0
691	4774	1	1.0
1439	4774	1	1.0
1478	4774	1	1.0
2210	4774	1	1.0
2412	4774	1	1.0
2537	4774	1	1.0
2545	4774	1	1.0
2546	4774	1	1.0
599	4775	1	1.0
1632	4775	1	1.0
1781	4775	1	1.0
2354	4775	1	1.0
599	4776	1	1.0
600	4777	1	1.0
600	4778	1	1.0
602	4779	1	1.0
602	4780	1	1.0
602	4781	1	1.0
603	4782	1	1.0
1000	4782	1	1.0
1264	4782	1	1.0
603	4783	1	1.0
1000	4783	1	1.0
1264	4783	1	1.0
603	4784	1	1.0
1000	4784	1	1.0
1243	4784	1	1.0
603	4785	1	1.0
1000	4785	1	1.0
604	4786	1	1.0
605	4787	1	1.0
957	4787	1	1.0
605	4788	1	1.0
1628	4788	1	1.0
2246	4788	1	1.0
606	4789	1	1.0
606	4790	1	1.0
607	4791	1	1.0
607	4792	1	1.0
634	4792	1	1.0
608	4793	1	1.0
1079	4793	1	1.0
1525	4793	1	1.0
608	4794	1	1.0
608	4795	1	1.0
608	4796	1	1.0
609	4797	1	1.0
609	4798	1	1.0
609	4799	1	1.0
609	4800	1	1.0
609	4801	1	1.0
609	4802	1	1.0
609	4803	1	1.0
609	4804	1	1.0
609	4805	1	1.0
610	4806	1	1.0
610	4807	1	1.0
1238	4807	1	1.0
611	4808	1	1.0
611	4809	1	1.0
611	4810	1	1.0
690	4810	1	1.0
2456	4810	1	1.0
611	4811	1	1.0
612	4812	1	1.0
612	4813	1	1.0
983	4813	1	1.0
1015	4813	1	1.0
613	4814	1	1.0
613	4815	1	1.0
614	4816	1	1.0
1123	4816	1	1.0
614	4817	1	1.0
1123	4817	1	1.0
2074	4817	1	1.0
2468	4817	1	1.0
615	4818	1	1.0
1227	4818	1	1.0
615	4819	1	1.0
1227	4819	1	1.0
2437	4819	1	1.0
2723	4819	1	1.0
615	4820	1	1.0
615	4821	1	1.0
1227	4821	1	1.0
2437	4821	1	1.0
2723	4821	1	1.0
616	4822	1	1.0
616	4823	1	1.0
616	4824	1	1.0
616	4825	1	1.0
617	4826	1	1.0
618	4827	1	1.0
618	4828	1	1.0
644	4828	1	1.0
1070	4828	1	1.0
2359	4828	1	1.0
2618	4828	1	1.0
618	4829	1	1.0
619	4830	1	1.0
620	4831	1	1.0
620	4832	1	1.0
620	4833	1	1.0
621	4834	1	1.0
621	4835	1	1.0
900	4835	1	1.0
621	4836	1	1.0
621	4837	1	1.0
2651	4837	1	1.0
622	4838	1	1.0
622	4839	1	1.0
622	4840	1	1.0
2622	4840	1	1.0
622	4841	1	1.0
622	4842	1	1.0
622	4843	1	1.0
623	4844	1	1.0
2279	4844	1	1.0
623	4845	1	1.0
623	4846	1	1.0
623	4847	1	1.0
2279	4847	1	1.0
623	4848	1	1.0
624	4849	1	1.0
624	4850	1	1.0
2195	4850	1	1.0
625	4851	1	1.0
626	4852	1	1.0
626	4853	1	1.0
626	4854	1	1.0
762	4854	1	1.0
969	4854	1	1.0
627	4855	1	1.0
627	4856	1	1.0
628	4857	1	1.0
1463	4857	1	1.0
628	4858	1	1.0
1463	4858	1	1.0
1911	4858	1	1.0
629	4859	1	1.0
748	4859	1	1.0
629	4860	1	1.0
629	4861	1	1.0
2010	4861	1	1.0
2066	4861	1	1.0
2564	4861	1	1.0
629	4862	1	1.0
748	4862	1	1.0
629	4863	1	1.0
630	4864	1	1.0
1572	4864	1	1.0
630	4865	1	1.0
1263	4865	1	1.0
2408	4865	1	1.0
630	4866	1	1.0
630	4867	1	1.0
1572	4867	1	1.0
2556	4867	1	1.0
630	4868	1	1.0
2408	4868	1	1.0
631	4869	1	1.0
631	4870	1	1.0
631	4871	1	1.0
632	4872	1	1.0
696	4872	1	1.0
632	4873	1	1.0
678	4873	1	1.0
701	4873	1	1.0
718	4873	1	1.0
799	4873	1	1.0
873	4873	1	1.0
939	4873	1	1.0
1042	4873	1	1.0
1069	4873	1	1.0
1141	4873	1	1.0
1481	4873	1	1.0
1579	4873	1	1.0
1901	4873	1	1.0
1934	4873	1	1.0
2022	4873	1	1.0
2164	4873	1	1.0
2176	4873	1	1.0
2263	4873	1	1.0
633	4874	1	1.0
654	4874	1	1.0
2115	4874	1	1.0
633	4875	1	1.0
654	4875	1	1.0
634	4876	1	1.0
634	4877	1	1.0
2526	4877	1	1.0
2738	4877	1	1.0
635	4878	1	1.0
635	4879	1	1.0
882	4879	1	1.0
636	4880	1	1.0
637	4881	1	1.0
637	4882	1	1.0
637	4883	1	1.0
637	4884	1	1.0
637	4885	1	1.0
638	4886	1	1.0
1128	4886	1	1.0
1505	4886	1	1.0
638	4887	1	1.0
638	4888	1	1.0
1128	4888	1	1.0
1505	4888	1	1.0
1934	4888	1	1.0
639	4889	1	1.0
639	4890	1	1.0
870	4890	1	1.0
640	4891	1	1.0
640	4892	1	1.0
640	4893	1	1.0
640	4894	1	1.0
640	4895	1	1.0
641	4896	1	1.0
943	4896	1	1.0
641	4897	1	1.0
943	4897	1	1.0
641	4898	1	1.0
2692	4898	1	1.0
641	4899	1	1.0
641	4900	1	1.0
642	4901	1	1.0
642	4902	1	1.0
642	4903	1	1.0
2123	4903	1	1.0
642	4904	1	1.0
642	4905	1	1.0
642	4906	1	1.0
642	4907	1	1.0
2377	4907	1	1.0
642	4908	1	1.0
642	4909	1	1.0
642	4910	1	1.0
642	4911	1	1.0
642	4912	1	1.0
642	4913	1	1.0
642	4914	1	1.0
642	4915	1	1.0
642	4916	1	1.0
2123	4916	1	1.0
642	4917	1	1.0
642	4918	1	1.0
642	4919	1	1.0
642	4920	1	1.0
642	4921	1	1.0
642	4922	1	1.0
643	4923	1	1.0
1363	4923	1	1.0
643	4924	1	1.0
2037	4924	1	1.0
643	4925	1	1.0
643	4926	1	1.0
644	4927	1	1.0
644	4928	1	1.0
644	4929	1	1.0
707	4929	1	1.0
645	4930	1	1.0
645	4931	1	1.0
645	4932	1	1.0
645	4933	1	1.0
645	4934	1	1.0
645	4935	1	1.0
645	4936	1	1.0
645	4937	1	1.0
645	4938	1	1.0
645	4939	1	1.0
645	4940	1	1.0
647	4941	1	1.0
647	4942	1	1.0
647	4943	1	1.0
648	4944	1	1.0
944	4944	1	1.0
1241	4944	1	1.0
648	4945	1	1.0
798	4945	1	1.0
831	4945	1	1.0
944	4945	1	1.0
1173	4945	1	1.0
1241	4945	1	1.0
1620	4945	1	1.0
1666	4945	1	1.0
2306	4945	1	1.0
2692	4945	1	1.0
649	4946	1	1.0
649	4947	1	1.0
833	4947	1	1.0
994	4947	1	1.0
1663	4947	1	1.0
2013	4947	1	1.0
2234	4947	1	1.0
2726	4947	1	1.0
649	4948	1	1.0
2726	4948	1	1.0
649	4949	1	1.0
649	4950	1	1.0
650	4951	1	1.0
729	4951	1	1.0
650	4952	1	1.0
729	4952	1	1.0
651	4953	1	1.0
652	4954	1	1.0
1156	4954	1	1.0
1231	4954	1	1.0
1559	4954	1	1.0
1981	4954	1	1.0
653	4955	1	1.0
653	4956	1	1.0
653	4957	1	1.0
653	4958	1	1.0
653	4959	1	1.0
654	4960	1	1.0
983	4960	1	1.0
1747	4960	1	1.0
2720	4960	1	1.0
655	4961	1	1.0
1364	4961	1	1.0
1420	4961	1	1.0
655	4962	1	1.0
1602	4962	1	1.0
1786	4962	1	1.0
655	4963	1	1.0
1156	4963	1	1.0
1420	4963	1	1.0
1981	4963	1	1.0
655	4964	1	1.0
1239	4964	1	1.0
1420	4964	1	1.0
2124	4964	1	1.0
656	4965	1	1.0
656	4966	1	1.0
656	4967	1	1.0
656	4968	1	1.0
657	4969	1	1.0
657	4970	1	1.0
658	4971	1	1.0
658	4972	1	1.0
658	4973	1	1.0
928	4973	1	1.0
1030	4973	1	1.0
658	4974	1	1.0
658	4975	1	1.0
659	4976	1	1.0
659	4977	1	1.0
1909	4977	1	1.0
659	4978	1	1.0
659	4979	1	1.0
659	4980	1	1.0
659	4981	1	1.0
659	4982	1	1.0
659	4983	1	1.0
659	4984	1	1.0
659	4985	1	1.0
660	4986	1	1.0
661	4987	1	1.0
661	4988	1	1.0
662	4989	1	1.0
912	4989	1	1.0
2190	4989	1	1.0
662	4990	1	1.0
2190	4990	1	1.0
662	4991	1	1.0
912	4991	1	1.0
2190	4991	1	1.0
662	4992	1	1.0
662	4993	1	1.0
663	4994	1	1.0
1793	4994	1	1.0
1950	4994	1	1.0
663	4995	1	1.0
1793	4995	1	1.0
664	4996	1	1.0
1373	4996	1	1.0
2462	4996	1	1.0
664	4997	1	1.0
1373	4997	1	1.0
2462	4997	1	1.0
665	4998	1	1.0
665	4999	1	1.0
665	5000	1	1.0
665	5001	1	1.0
665	5002	1	1.0
665	5003	1	1.0
666	5004	1	1.0
799	5004	1	1.0
876	5004	1	1.0
666	5005	1	1.0
666	5006	1	1.0
666	5007	1	1.0
666	5008	1	1.0
666	5009	1	1.0
666	5010	1	1.0
666	5011	1	1.0
667	5012	1	1.0
667	5013	1	1.0
667	5014	1	1.0
667	5015	1	1.0
669	5016	1	1.0
1170	5016	1	1.0
1417	5016	1	1.0
1446	5016	1	1.0
669	5017	1	1.0
1417	5017	1	1.0
669	5018	1	1.0
1170	5018	1	1.0
669	5019	1	1.0
670	5020	1	1.0
670	5021	1	1.0
2124	5021	1	1.0
671	5022	1	1.0
672	5023	1	1.0
672	5024	1	1.0
2283	5024	1	1.0
673	5025	1	1.0
1121	5025	1	1.0
673	5026	1	1.0
1121	5026	1	1.0
674	5027	1	1.0
674	5028	1	1.0
674	5029	1	1.0
675	5030	1	1.0
675	5031	1	1.0
1113	5031	1	1.0
1300	5031	1	1.0
2637	5031	1	1.0
675	5032	1	1.0
676	5033	1	1.0
676	5034	1	1.0
676	5035	1	1.0
676	5036	1	1.0
676	5037	1	1.0
676	5038	1	1.0
677	5039	1	1.0
678	5040	1	1.0
678	5041	1	1.0
678	5042	1	1.0
678	5043	1	1.0
679	5044	1	1.0
936	5044	1	1.0
1743	5044	1	1.0
679	5045	1	1.0
2015	5045	1	1.0
680	5046	1	1.0
680	5047	1	1.0
680	5048	1	1.0
681	5049	1	1.0
681	5050	1	1.0
681	5051	1	1.0
681	5052	1	1.0
682	5053	1	1.0
682	5054	1	1.0
682	5055	1	1.0
682	5056	1	1.0
682	5057	1	1.0
682	5058	1	1.0
683	5059	1	1.0
684	5060	1	1.0
838	5060	1	1.0
1418	5060	1	1.0
684	5061	1	1.0
838	5061	1	1.0
1418	5061	1	1.0
2642	5061	1	1.0
2649	5061	1	1.0
684	5062	1	1.0
686	5063	1	1.0
686	5064	1	1.0
686	5065	1	1.0
686	5066	1	1.0
687	5067	1	1.0
687	5068	1	1.0
2011	5068	1	1.0
687	5069	1	1.0
688	5070	1	1.0
1124	5070	1	1.0
688	5071	1	1.0
688	5072	1	1.0
1124	5072	1	1.0
688	5073	1	1.0
1124	5073	1	1.0
689	5074	1	1.0
689	5075	1	1.0
689	5076	1	1.0
690	5077	1	1.0
690	5078	1	1.0
1110	5078	1	1.0
1203	5078	1	1.0
690	5079	1	1.0
690	5080	1	1.0
1110	5080	1	1.0
1203	5080	1	1.0
2456	5080	1	1.0
691	5081	1	1.0
1439	5081	1	1.0
2210	5081	1	1.0
2412	5081	1	1.0
2537	5081	1	1.0
691	5082	1	1.0
1478	5082	1	1.0
692	5083	1	1.0
2487	5083	1	1.0
692	5084	1	1.0
1146	5084	1	1.0
692	5085	1	1.0
1146	5085	1	1.0
692	5086	1	1.0
692	5087	1	1.0
843	5087	1	1.0
907	5087	1	1.0
1146	5087	1	1.0
1295	5087	1	1.0
1787	5087	1	1.0
2487	5087	1	1.0
2717	5087	1	1.0
693	5088	1	1.0
693	5089	1	1.0
694	5090	1	1.0
1157	5090	1	1.0
1403	5090	1	1.0
1658	5090	1	1.0
1709	5090	1	1.0
1789	5090	1	1.0
2001	5090	1	1.0
2199	5090	1	1.0
2383	5090	1	1.0
2645	5090	1	1.0
695	5091	1	1.0
695	5092	1	1.0
696	5093	1	1.0
2155	5093	1	1.0
697	5094	1	1.0
1896	5094	1	1.0
697	5095	1	1.0
697	5096	1	1.0
697	5097	1	1.0
697	5098	1	1.0
1896	5098	1	1.0
697	5099	1	1.0
697	5100	1	1.0
697	5101	1	1.0
697	5102	1	1.0
697	5103	1	1.0
697	5104	1	1.0
697	5105	1	1.0
697	5106	1	1.0
697	5107	1	1.0
1896	5107	1	1.0
697	5108	1	1.0
697	5109	1	1.0
697	5110	1	1.0
697	5111	1	1.0
697	5112	1	1.0
697	5113	1	1.0
697	5114	1	1.0
697	5115	1	1.0
697	5116	1	1.0
697	5117	1	1.0
697	5118	1	1.0
698	5119	1	1.0
698	5120	1	1.0
699	5121	1	1.0
700	5122	1	1.0
701	5123	1	1.0
1042	5123	1	1.0
702	5124	1	1.0
703	5125	1	1.0
703	5126	1	1.0
703	5127	1	1.0
703	5128	1	1.0
704	5129	1	1.0
949	5129	1	1.0
704	5130	1	1.0
949	5130	1	1.0
704	5131	1	1.0
705	5132	1	1.0
705	5133	1	1.0
705	5134	1	1.0
789	5134	1	1.0
2348	5134	1	1.0
706	5135	1	1.0
706	5136	1	1.0
706	5137	1	1.0
749	5137	1	1.0
2238	5137	1	1.0
706	5138	1	1.0
706	5139	1	1.0
706	5140	1	1.0
707	5141	1	1.0
707	5142	1	1.0
707	5143	1	1.0
2664	5143	1	1.0
709	5144	1	1.0
709	5145	1	1.0
709	5146	1	1.0
709	5147	1	1.0
1468	5147	1	1.0
709	5148	1	1.0
1468	5148	1	1.0
710	5149	1	1.0
710	5150	1	1.0
710	5151	1	1.0
710	5152	1	1.0
1725	5152	1	1.0
711	5153	1	1.0
711	5154	1	1.0
711	5155	1	1.0
2566	5155	1	1.0
711	5156	1	1.0
713	5157	1	1.0
713	5158	1	1.0
713	5159	1	1.0
713	5160	1	1.0
714	5161	1	1.0
714	5162	1	1.0
714	5163	1	1.0
715	5164	1	1.0
840	5164	1	1.0
715	5165	1	1.0
840	5165	1	1.0
2135	5165	1	1.0
716	5166	1	1.0
996	5166	1	1.0
1145	5166	1	1.0
1937	5166	1	1.0
716	5167	1	1.0
716	5168	1	1.0
797	5168	1	1.0
1430	5168	1	1.0
1637	5168	1	1.0
717	5169	1	1.0
717	5170	1	1.0
717	5171	1	1.0
717	5172	1	1.0
717	5173	1	1.0
717	5174	1	1.0
718	5175	1	1.0
719	5176	1	1.0
719	5177	1	1.0
719	5178	1	1.0
720	5179	1	1.0
720	5180	1	1.0
721	5181	1	1.0
722	5182	1	1.0
2720	5182	1	1.0
722	5183	1	1.0
722	5184	1	1.0
722	5185	1	1.0
724	5186	1	1.0
724	5187	1	1.0
725	5188	1	1.0
725	5189	1	1.0
725	5190	1	1.0
725	5191	1	1.0
726	5192	1	1.0
726	5193	1	1.0
726	5194	1	1.0
726	5195	1	1.0
1368	5195	1	1.0
727	5196	1	1.0
728	5197	1	1.0
2072	5197	1	1.0
2413	5197	1	1.0
728	5198	1	1.0
975	5198	1	1.0
729	5199	1	1.0
729	5200	1	1.0
1044	5200	1	1.0
730	5201	1	1.0
730	5202	1	1.0
730	5203	1	1.0
730	5204	1	1.0
730	5205	1	1.0
731	5206	1	1.0
732	5207	1	1.0
732	5208	1	1.0
1427	5208	1	1.0
2334	5208	1	1.0
732	5209	1	1.0
732	5210	1	1.0
732	5211	1	1.0
732	5212	1	1.0
2714	5212	1	1.0
732	5213	1	1.0
732	5214	1	1.0
732	5215	1	1.0
733	5216	1	1.0
733	5217	1	1.0
734	5218	1	1.0
914	5218	1	1.0
1291	5218	1	1.0
734	5219	1	1.0
914	5219	1	1.0
734	5220	1	1.0
734	5221	1	1.0
735	5222	1	1.0
735	5223	1	1.0
735	5224	1	1.0
736	5225	1	1.0
736	5226	1	1.0
736	5227	1	1.0
736	5228	1	1.0
737	5229	1	1.0
737	5230	1	1.0
737	5231	1	1.0
737	5232	1	1.0
1837	5232	1	1.0
738	5233	1	1.0
738	5234	1	1.0
738	5235	1	1.0
738	5236	1	1.0
738	5237	1	1.0
738	5238	1	1.0
738	5239	1	1.0
738	5240	1	1.0
739	5241	1	1.0
739	5242	1	1.0
739	5243	1	1.0
740	5244	1	1.0
740	5245	1	1.0
862	5245	1	1.0
2565	5245	1	1.0
740	5246	1	1.0
862	5246	1	1.0
1716	5246	1	1.0
2565	5246	1	1.0
740	5247	1	1.0
742	5248	1	1.0
881	5248	1	1.0
742	5249	1	1.0
881	5249	1	1.0
743	5250	1	1.0
743	5251	1	1.0
743	5252	1	1.0
743	5253	1	1.0
743	5254	1	1.0
744	5255	1	1.0
744	5256	1	1.0
847	5256	1	1.0
744	5257	1	1.0
847	5257	1	1.0
863	5257	1	1.0
745	5258	1	1.0
745	5259	1	1.0
1139	5259	1	1.0
746	5260	1	1.0
746	5261	1	1.0
746	5262	1	1.0
746	5263	1	1.0
1190	5263	1	1.0
1853	5263	1	1.0
746	5264	1	1.0
746	5265	1	1.0
1190	5265	1	1.0
1853	5265	1	1.0
746	5266	1	1.0
747	5267	1	1.0
747	5268	1	1.0
747	5269	1	1.0
749	5269	1	1.0
2238	5269	1	1.0
747	5270	1	1.0
749	5270	1	1.0
1387	5270	1	1.0
2238	5270	1	1.0
748	5271	1	1.0
749	5272	1	1.0
2238	5272	1	1.0
749	5273	1	1.0
2238	5273	1	1.0
749	5274	1	1.0
2238	5274	1	1.0
750	5275	1	1.0
750	5276	1	1.0
750	5277	1	1.0
750	5278	1	1.0
1392	5278	1	1.0
750	5279	1	1.0
751	5280	1	1.0
751	5281	1	1.0
751	5282	1	1.0
752	5283	1	1.0
752	5284	1	1.0
752	5285	1	1.0
900	5285	1	1.0
997	5285	1	1.0
1211	5285	1	1.0
752	5286	1	1.0
752	5287	1	1.0
1211	5287	1	1.0
753	5288	1	1.0
753	5289	1	1.0
753	5290	1	1.0
754	5291	1	1.0
2692	5291	1	1.0
754	5292	1	1.0
754	5293	1	1.0
755	5294	1	1.0
756	5295	1	1.0
756	5296	1	1.0
758	5297	1	1.0
758	5298	1	1.0
781	5298	1	1.0
1694	5298	1	1.0
758	5299	1	1.0
758	5300	1	1.0
781	5300	1	1.0
1694	5300	1	1.0
759	5301	1	1.0
759	5302	1	1.0
760	5303	1	1.0
760	5304	1	1.0
760	5305	1	1.0
760	5306	1	1.0
760	5307	1	1.0
819	5307	1	1.0
2267	5307	1	1.0
760	5308	1	1.0
1702	5308	1	1.0
761	5309	1	1.0
761	5310	1	1.0
761	5311	1	1.0
761	5312	1	1.0
763	5313	1	1.0
2495	5313	1	1.0
763	5314	1	1.0
763	5315	1	1.0
763	5316	1	1.0
2495	5316	1	1.0
763	5317	1	1.0
764	5318	1	1.0
765	5319	1	1.0
765	5320	1	1.0
766	5321	1	1.0
2162	5321	1	1.0
2741	5321	1	1.0
766	5322	1	1.0
2162	5322	1	1.0
2741	5322	1	1.0
767	5323	1	1.0
768	5324	1	1.0
2151	5324	1	1.0
768	5325	1	1.0
1498	5325	1	1.0
768	5326	1	1.0
2256	5326	1	1.0
768	5327	1	1.0
2151	5327	1	1.0
768	5328	1	1.0
1755	5328	1	1.0
2480	5328	1	1.0
769	5329	1	1.0
769	5330	1	1.0
769	5331	1	1.0
770	5332	1	1.0
2634	5332	1	1.0
770	5333	1	1.0
771	5334	1	1.0
771	5335	1	1.0
871	5335	1	1.0
1556	5335	1	1.0
1658	5335	1	1.0
1775	5335	1	1.0
2058	5335	1	1.0
2316	5335	1	1.0
772	5336	1	1.0
772	5337	1	1.0
1916	5337	1	1.0
2009	5337	1	1.0
773	5338	1	1.0
773	5339	1	1.0
774	5340	1	1.0
774	5341	1	1.0
774	5342	1	1.0
775	5343	1	1.0
775	5344	1	1.0
775	5345	1	1.0
775	5346	1	1.0
775	5347	1	1.0
2445	5347	1	1.0
2454	5347	1	1.0
775	5348	1	1.0
775	5349	1	1.0
776	5350	1	1.0
776	5351	1	1.0
776	5352	1	1.0
776	5353	1	1.0
1570	5353	1	1.0
777	5354	1	1.0
777	5355	1	1.0
778	5356	1	1.0
778	5357	1	1.0
2216	5357	1	1.0
778	5358	1	1.0
2216	5358	1	1.0
778	5359	1	1.0
2216	5359	1	1.0
779	5360	1	1.0
779	5361	1	1.0
2322	5361	1	1.0
779	5362	1	1.0
780	5363	1	1.0
946	5363	1	1.0
780	5364	1	1.0
780	5365	1	1.0
782	5366	1	1.0
782	5367	1	1.0
1691	5367	1	1.0
782	5368	1	1.0
782	5369	1	1.0
782	5370	1	1.0
1691	5370	1	1.0
783	5371	1	1.0
1448	5371	1	1.0
1825	5371	1	1.0
2080	5371	1	1.0
783	5372	1	1.0
783	5373	1	1.0
1949	5373	1	1.0
784	5374	1	1.0
784	5375	1	1.0
784	5376	1	1.0
784	5377	1	1.0
1745	5377	1	1.0
784	5378	1	1.0
1745	5378	1	1.0
785	5379	1	1.0
785	5380	1	1.0
785	5381	1	1.0
786	5382	1	1.0
786	5383	1	1.0
786	5384	1	1.0
2129	5384	1	1.0
786	5385	1	1.0
2129	5385	1	1.0
788	5386	1	1.0
788	5387	1	1.0
788	5388	1	1.0
2120	5388	1	1.0
788	5389	1	1.0
788	5390	1	1.0
789	5391	1	1.0
1090	5391	1	1.0
789	5392	1	1.0
818	5392	1	1.0
789	5393	1	1.0
789	5394	1	1.0
790	5395	1	1.0
2025	5395	1	1.0
790	5396	1	1.0
874	5396	1	1.0
1550	5396	1	1.0
1693	5396	1	1.0
2025	5396	1	1.0
2156	5396	1	1.0
2391	5396	1	1.0
2401	5396	1	1.0
790	5397	1	1.0
1747	5397	1	1.0
791	5398	1	1.0
2265	5398	1	1.0
2508	5398	1	1.0
791	5399	1	1.0
1952	5399	1	1.0
791	5400	1	1.0
791	5401	1	1.0
2265	5401	1	1.0
791	5402	1	1.0
791	5403	1	1.0
791	5404	1	1.0
791	5405	1	1.0
792	5406	1	1.0
792	5407	1	1.0
792	5408	1	1.0
793	5409	1	1.0
2245	5409	1	1.0
793	5410	1	1.0
793	5411	1	1.0
1493	5411	1	1.0
1683	5411	1	1.0
2245	5411	1	1.0
2509	5411	1	1.0
794	5412	1	1.0
794	5413	1	1.0
794	5414	1	1.0
1475	5414	1	1.0
2357	5414	1	1.0
2540	5414	1	1.0
795	5415	1	1.0
795	5416	1	1.0
795	5417	1	1.0
796	5418	1	1.0
796	5419	1	1.0
796	5420	1	1.0
796	5421	1	1.0
1099	5421	1	1.0
1748	5421	1	1.0
2532	5421	1	1.0
797	5422	1	1.0
797	5423	1	1.0
798	5424	1	1.0
944	5424	1	1.0
1241	5424	1	1.0
1620	5424	1	1.0
799	5425	1	1.0
1141	5425	1	1.0
800	5426	1	1.0
800	5427	1	1.0
801	5428	1	1.0
801	5429	1	1.0
801	5430	1	1.0
801	5431	1	1.0
1900	5431	1	1.0
803	5432	1	1.0
803	5433	1	1.0
803	5434	1	1.0
803	5435	1	1.0
1162	5435	1	1.0
804	5436	1	1.0
1785	5436	1	1.0
804	5437	1	1.0
1785	5437	1	1.0
805	5438	1	1.0
805	5439	1	1.0
805	5440	1	1.0
1357	5440	1	1.0
805	5441	1	1.0
805	5442	1	1.0
806	5443	1	1.0
2207	5443	1	1.0
806	5444	1	1.0
2207	5444	1	1.0
806	5445	1	1.0
806	5446	1	1.0
1811	5446	1	1.0
1826	5446	1	1.0
807	5447	1	1.0
807	5448	1	1.0
807	5449	1	1.0
808	5450	1	1.0
808	5451	1	1.0
808	5452	1	1.0
1908	5452	1	1.0
808	5453	1	1.0
2503	5453	1	1.0
809	5454	1	1.0
809	5455	1	1.0
809	5456	1	1.0
810	5457	1	1.0
810	5458	1	1.0
810	5459	1	1.0
1816	5459	1	1.0
810	5460	1	1.0
811	5461	1	1.0
811	5462	1	1.0
1002	5462	1	1.0
2667	5462	1	1.0
813	5463	1	1.0
813	5464	1	1.0
1042	5464	1	1.0
814	5465	1	1.0
814	5466	1	1.0
1808	5466	1	1.0
814	5467	1	1.0
814	5468	1	1.0
814	5469	1	1.0
1111	5469	1	1.0
1808	5469	1	1.0
815	5470	1	1.0
1351	5470	1	1.0
815	5471	1	1.0
816	5472	1	1.0
816	5473	1	1.0
816	5474	1	1.0
817	5475	1	1.0
1759	5475	1	1.0
818	5476	1	1.0
819	5477	1	1.0
819	5478	1	1.0
819	5479	1	1.0
820	5480	1	1.0
820	5481	1	1.0
1061	5481	1	1.0
820	5482	1	1.0
821	5483	1	1.0
821	5484	1	1.0
821	5485	1	1.0
821	5486	1	1.0
821	5487	1	1.0
821	5488	1	1.0
1294	5488	1	1.0
2034	5488	1	1.0
823	5489	1	1.0
823	5490	1	1.0
1635	5490	1	1.0
823	5491	1	1.0
823	5492	1	1.0
1635	5492	1	1.0
824	5493	1	1.0
824	5494	1	1.0
824	5495	1	1.0
825	5496	1	1.0
825	5497	1	1.0
825	5498	1	1.0
825	5499	1	1.0
826	5500	1	1.0
1621	5500	1	1.0
826	5501	1	1.0
1621	5501	1	1.0
826	5502	1	1.0
1621	5502	1	1.0
2120	5502	1	1.0
827	5503	1	1.0
827	5504	1	1.0
2607	5504	1	1.0
827	5505	1	1.0
2607	5505	1	1.0
827	5506	1	1.0
827	5507	1	1.0
827	5508	1	1.0
829	5509	1	1.0
1337	5509	1	1.0
829	5510	1	1.0
829	5511	1	1.0
829	5512	1	1.0
1337	5512	1	1.0
829	5513	1	1.0
1337	5513	1	1.0
829	5514	1	1.0
1337	5514	1	1.0
830	5515	1	1.0
1458	5515	1	1.0
830	5516	1	1.0
1458	5516	1	1.0
830	5517	1	1.0
1458	5517	1	1.0
830	5518	1	1.0
1423	5518	1	1.0
1458	5518	1	1.0
1494	5518	1	1.0
1931	5518	1	1.0
1942	5518	1	1.0
2460	5518	1	1.0
831	5519	1	1.0
944	5519	1	1.0
832	5520	1	1.0
833	5521	1	1.0
833	5522	1	1.0
834	5523	1	1.0
834	5524	1	1.0
834	5525	1	1.0
834	5526	1	1.0
834	5527	1	1.0
834	5528	1	1.0
834	5529	1	1.0
834	5530	1	1.0
834	5531	1	1.0
834	5532	1	1.0
834	5533	1	1.0
834	5534	1	1.0
834	5535	1	1.0
834	5536	1	1.0
834	5537	1	1.0
834	5538	1	1.0
834	5539	1	1.0
834	5540	1	1.0
834	5541	1	1.0
834	5542	1	1.0
834	5543	1	1.0
834	5544	1	1.0
834	5545	1	1.0
835	5546	1	1.0
835	5547	1	1.0
836	5548	1	1.0
1787	5548	1	1.0
2197	5548	1	1.0
837	5549	1	1.0
837	5550	1	1.0
837	5551	1	1.0
837	5552	1	1.0
837	5553	1	1.0
838	5554	1	1.0
2642	5554	1	1.0
838	5555	1	1.0
838	5556	1	1.0
838	5557	1	1.0
839	5558	1	1.0
839	5559	1	1.0
839	5560	1	1.0
839	5561	1	1.0
840	5562	1	1.0
841	5563	1	1.0
841	5564	1	1.0
842	5565	1	1.0
842	5566	1	1.0
843	5567	1	1.0
2487	5567	1	1.0
843	5568	1	1.0
844	5569	1	1.0
1191	5569	1	1.0
844	5570	1	1.0
1407	5570	1	1.0
845	5571	1	1.0
1171	5571	1	1.0
845	5572	1	1.0
862	5572	1	1.0
1171	5572	1	1.0
2565	5572	1	1.0
846	5573	1	1.0
847	5574	1	1.0
847	5575	1	1.0
850	5576	1	1.0
850	5577	1	1.0
850	5578	1	1.0
850	5579	1	1.0
2352	5579	1	1.0
850	5580	1	1.0
2352	5580	1	1.0
851	5581	1	1.0
2166	5581	1	1.0
851	5582	1	1.0
1135	5582	1	1.0
1514	5582	1	1.0
1544	5582	1	1.0
2268	5582	1	1.0
2335	5582	1	1.0
851	5583	1	1.0
1103	5583	1	1.0
2152	5583	1	1.0
2166	5583	1	1.0
852	5584	1	1.0
852	5585	1	1.0
852	5586	1	1.0
853	5587	1	1.0
1347	5587	1	1.0
2347	5587	1	1.0
853	5588	1	1.0
1068	5588	1	1.0
853	5589	1	1.0
1068	5589	1	1.0
1185	5589	1	1.0
2358	5589	1	1.0
854	5590	1	1.0
1251	5590	1	1.0
855	5591	1	1.0
2660	5591	1	1.0
855	5592	1	1.0
2473	5592	1	1.0
2660	5592	1	1.0
856	5593	1	1.0
856	5594	1	1.0
856	5595	1	1.0
856	5596	1	1.0
856	5597	1	1.0
856	5598	1	1.0
857	5599	1	1.0
857	5600	1	1.0
858	5601	1	1.0
858	5602	1	1.0
2671	5602	1	1.0
860	5603	1	1.0
860	5604	1	1.0
860	5605	1	1.0
1681	5605	1	1.0
1807	5605	1	1.0
1822	5605	1	1.0
860	5606	1	1.0
1052	5606	1	1.0
1822	5606	1	1.0
861	5607	1	1.0
862	5608	1	1.0
863	5609	1	1.0
863	5610	1	1.0
864	5611	1	1.0
864	5612	1	1.0
864	5613	1	1.0
1453	5613	1	1.0
865	5614	1	1.0
2349	5614	1	1.0
865	5615	1	1.0
865	5616	1	1.0
865	5617	1	1.0
1857	5617	1	1.0
866	5618	1	1.0
866	5619	1	1.0
2301	5619	1	1.0
866	5620	1	1.0
866	5621	1	1.0
867	5622	1	1.0
924	5622	1	1.0
867	5623	1	1.0
867	5624	1	1.0
867	5625	1	1.0
868	5626	1	1.0
869	5627	1	1.0
2118	5627	1	1.0
869	5628	1	1.0
1137	5628	1	1.0
1835	5628	1	1.0
2118	5628	1	1.0
870	5629	1	1.0
870	5630	1	1.0
870	5631	1	1.0
870	5632	1	1.0
871	5633	1	1.0
871	5634	1	1.0
1556	5634	1	1.0
1645	5634	1	1.0
1805	5634	1	1.0
871	5635	1	1.0
872	5636	1	1.0
872	5637	1	1.0
1005	5637	1	1.0
873	5638	1	1.0
873	5639	1	1.0
873	5640	1	1.0
874	5641	1	1.0
2401	5641	1	1.0
874	5642	1	1.0
2401	5642	1	1.0
874	5643	1	1.0
2401	5643	1	1.0
874	5644	1	1.0
2401	5644	1	1.0
875	5645	1	1.0
875	5646	1	1.0
875	5647	1	1.0
2547	5647	1	1.0
876	5648	1	1.0
876	5649	1	1.0
876	5650	1	1.0
1085	5650	1	1.0
1212	5650	1	1.0
876	5651	1	1.0
876	5652	1	1.0
877	5653	1	1.0
1983	5653	1	1.0
878	5654	1	1.0
878	5655	1	1.0
879	5656	1	1.0
879	5657	1	1.0
880	5658	1	1.0
2114	5658	1	1.0
882	5659	1	1.0
883	5660	1	1.0
883	5661	1	1.0
883	5662	1	1.0
883	5663	1	1.0
884	5664	1	1.0
1432	5664	1	1.0
884	5665	1	1.0
1432	5665	1	1.0
884	5666	1	1.0
1432	5666	1	1.0
885	5667	1	1.0
2452	5667	1	1.0
2595	5667	1	1.0
885	5668	1	1.0
2452	5668	1	1.0
885	5669	1	1.0
1278	5669	1	1.0
2452	5669	1	1.0
887	5670	1	1.0
1388	5670	1	1.0
1412	5670	1	1.0
2258	5670	1	1.0
2676	5670	1	1.0
2677	5670	1	1.0
2689	5670	1	1.0
887	5671	1	1.0
1792	5671	1	1.0
888	5672	1	1.0
948	5672	1	1.0
976	5672	1	1.0
890	5673	1	1.0
890	5674	1	1.0
891	5675	1	1.0
891	5676	1	1.0
891	5677	1	1.0
892	5678	1	1.0
892	5679	1	1.0
892	5680	1	1.0
892	5681	1	1.0
892	5682	1	1.0
892	5683	1	1.0
892	5684	1	1.0
893	5685	1	1.0
894	5686	1	1.0
1708	5686	1	1.0
1854	5686	1	1.0
2124	5686	1	1.0
2539	5686	1	1.0
894	5687	1	1.0
895	5688	1	1.0
895	5689	1	1.0
1075	5689	1	1.0
896	5690	1	1.0
896	5691	1	1.0
2511	5691	1	1.0
897	5692	1	1.0
897	5693	1	1.0
898	5694	1	1.0
898	5695	1	1.0
898	5696	1	1.0
898	5697	1	1.0
898	5698	1	1.0
899	5699	1	1.0
1067	5699	1	1.0
2523	5699	1	1.0
899	5700	1	1.0
899	5701	1	1.0
2523	5701	1	1.0
900	5702	1	1.0
1211	5702	1	1.0
900	5703	1	1.0
901	5704	1	1.0
1491	5704	1	1.0
901	5705	1	1.0
901	5706	1	1.0
901	5707	1	1.0
902	5708	1	1.0
2550	5708	1	1.0
902	5709	1	1.0
902	5710	1	1.0
903	5711	1	1.0
903	5712	1	1.0
903	5713	1	1.0
903	5714	1	1.0
903	5715	1	1.0
903	5716	1	1.0
904	5717	1	1.0
904	5718	1	1.0
904	5719	1	1.0
904	5720	1	1.0
904	5721	1	1.0
996	5721	1	1.0
1094	5721	1	1.0
1366	5721	1	1.0
2103	5721	1	1.0
2280	5721	1	1.0
905	5722	1	1.0
905	5723	1	1.0
906	5724	1	1.0
906	5725	1	1.0
907	5726	1	1.0
1787	5726	1	1.0
907	5727	1	1.0
1295	5727	1	1.0
908	5728	1	1.0
908	5729	1	1.0
908	5730	1	1.0
908	5731	1	1.0
908	5732	1	1.0
1903	5732	1	1.0
909	5733	1	1.0
2161	5733	1	1.0
909	5734	1	1.0
2039	5734	1	1.0
911	5735	1	1.0
911	5736	1	1.0
912	5737	1	1.0
912	5738	1	1.0
913	5739	1	1.0
913	5740	1	1.0
913	5741	1	1.0
914	5742	1	1.0
916	5743	1	1.0
916	5744	1	1.0
916	5745	1	1.0
916	5746	1	1.0
916	5747	1	1.0
918	5748	1	1.0
1311	5748	1	1.0
2447	5748	1	1.0
918	5749	1	1.0
918	5750	1	1.0
919	5751	1	1.0
2423	5751	1	1.0
919	5752	1	1.0
1847	5752	1	1.0
2423	5752	1	1.0
919	5753	1	1.0
1847	5753	1	1.0
920	5754	1	1.0
920	5755	1	1.0
920	5756	1	1.0
920	5757	1	1.0
920	5758	1	1.0
920	5759	1	1.0
920	5760	1	1.0
920	5761	1	1.0
921	5762	1	1.0
1134	5762	1	1.0
1695	5762	1	1.0
922	5763	1	1.0
922	5764	1	1.0
922	5765	1	1.0
923	5766	1	1.0
923	5767	1	1.0
1907	5767	1	1.0
923	5768	1	1.0
923	5769	1	1.0
1225	5769	1	1.0
2322	5769	1	1.0
2463	5769	1	1.0
924	5770	1	1.0
924	5771	1	1.0
925	5772	1	1.0
925	5773	1	1.0
926	5774	1	1.0
926	5775	1	1.0
926	5776	1	1.0
927	5777	1	1.0
927	5778	1	1.0
1346	5778	1	1.0
1627	5778	1	1.0
2368	5778	1	1.0
928	5779	1	1.0
928	5780	1	1.0
928	5781	1	1.0
928	5782	1	1.0
1417	5782	1	1.0
2624	5782	1	1.0
928	5783	1	1.0
928	5784	1	1.0
928	5785	1	1.0
928	5786	1	1.0
929	5787	1	1.0
929	5788	1	1.0
930	5789	1	1.0
930	5790	1	1.0
931	5791	1	1.0
931	5792	1	1.0
932	5793	1	1.0
1164	5793	1	1.0
932	5794	1	1.0
933	5795	1	1.0
2696	5795	1	1.0
934	5796	1	1.0
934	5797	1	1.0
935	5798	1	1.0
936	5799	1	1.0
937	5800	1	1.0
937	5801	1	1.0
937	5802	1	1.0
937	5803	1	1.0
937	5804	1	1.0
938	5805	1	1.0
1095	5805	1	1.0
2026	5805	1	1.0
2063	5805	1	1.0
938	5806	1	1.0
938	5807	1	1.0
1941	5807	1	1.0
939	5808	1	1.0
1069	5808	1	1.0
2164	5808	1	1.0
2176	5808	1	1.0
2301	5808	1	1.0
939	5809	1	1.0
940	5810	1	1.0
940	5811	1	1.0
941	5812	1	1.0
941	5813	1	1.0
941	5814	1	1.0
941	5815	1	1.0
941	5816	1	1.0
942	5817	1	1.0
942	5818	1	1.0
942	5819	1	1.0
942	5820	1	1.0
942	5821	1	1.0
942	5822	1	1.0
942	5823	1	1.0
942	5824	1	1.0
943	5825	1	1.0
943	5826	1	1.0
944	5827	1	1.0
945	5828	1	1.0
1541	5828	1	1.0
1624	5828	1	1.0
1817	5828	1	1.0
2668	5828	1	1.0
945	5829	1	1.0
1624	5829	1	1.0
1817	5829	1	1.0
946	5830	1	1.0
946	5831	1	1.0
946	5832	1	1.0
946	5833	1	1.0
947	5834	1	1.0
947	5835	1	1.0
947	5836	1	1.0
947	5837	1	1.0
949	5838	1	1.0
949	5839	1	1.0
950	5840	1	1.0
2128	5840	1	1.0
950	5841	1	1.0
2128	5841	1	1.0
950	5842	1	1.0
1026	5842	1	1.0
950	5843	1	1.0
950	5844	1	1.0
1026	5844	1	1.0
2071	5844	1	1.0
2128	5844	1	1.0
951	5845	1	1.0
951	5846	1	1.0
952	5847	1	1.0
953	5848	1	1.0
953	5849	1	1.0
1311	5849	1	1.0
953	5850	1	1.0
1816	5850	1	1.0
953	5851	1	1.0
1816	5851	1	1.0
954	5852	1	1.0
954	5853	1	1.0
954	5854	1	1.0
954	5855	1	1.0
955	5856	1	1.0
955	5857	1	1.0
956	5858	1	1.0
956	5859	1	1.0
958	5860	1	1.0
958	5861	1	1.0
958	5862	1	1.0
959	5863	1	1.0
1488	5863	1	1.0
959	5864	1	1.0
959	5865	1	1.0
960	5866	1	1.0
960	5867	1	1.0
960	5868	1	1.0
960	5869	1	1.0
960	5870	1	1.0
960	5871	1	1.0
960	5872	1	1.0
960	5873	1	1.0
960	5874	1	1.0
961	5875	1	1.0
2532	5875	1	1.0
961	5876	1	1.0
1131	5876	1	1.0
2532	5876	1	1.0
961	5877	1	1.0
2532	5877	1	1.0
961	5878	1	1.0
1131	5878	1	1.0
2532	5878	1	1.0
963	5879	1	1.0
963	5880	1	1.0
963	5881	1	1.0
1199	5881	1	1.0
2330	5881	1	1.0
2366	5881	1	1.0
2534	5881	1	1.0
2686	5881	1	1.0
2699	5881	1	1.0
965	5882	1	1.0
965	5883	1	1.0
965	5884	1	1.0
965	5885	1	1.0
965	5886	1	1.0
966	5887	1	1.0
967	5888	1	1.0
967	5889	1	1.0
968	5890	1	1.0
968	5891	1	1.0
968	5892	1	1.0
969	5893	1	1.0
969	5894	1	1.0
969	5895	1	1.0
969	5896	1	1.0
969	5897	1	1.0
969	5898	1	1.0
969	5899	1	1.0
970	5900	1	1.0
2542	5900	1	1.0
970	5901	1	1.0
970	5902	1	1.0
970	5903	1	1.0
971	5904	1	1.0
971	5905	1	1.0
971	5906	1	1.0
1891	5906	1	1.0
971	5907	1	1.0
972	5908	1	1.0
1919	5908	1	1.0
972	5909	1	1.0
972	5910	1	1.0
2142	5910	1	1.0
972	5911	1	1.0
1674	5911	1	1.0
1801	5911	1	1.0
1919	5911	1	1.0
972	5912	1	1.0
1542	5912	1	1.0
972	5913	1	1.0
1674	5913	1	1.0
1801	5913	1	1.0
1919	5913	1	1.0
974	5914	1	1.0
1006	5914	1	1.0
2693	5914	1	1.0
974	5915	1	1.0
974	5916	1	1.0
975	5917	1	1.0
981	5917	1	1.0
976	5918	1	1.0
976	5919	1	1.0
976	5920	1	1.0
1787	5920	1	1.0
977	5921	1	1.0
978	5922	1	1.0
978	5923	1	1.0
978	5924	1	1.0
978	5925	1	1.0
979	5926	1	1.0
979	5927	1	1.0
979	5928	1	1.0
979	5929	1	1.0
980	5930	1	1.0
980	5931	1	1.0
980	5932	1	1.0
982	5933	1	1.0
983	5934	1	1.0
984	5935	1	1.0
1961	5935	1	1.0
2079	5935	1	1.0
984	5936	1	1.0
986	5937	1	1.0
986	5938	1	1.0
1874	5938	1	1.0
987	5939	1	1.0
1034	5939	1	1.0
1627	5939	1	1.0
988	5940	1	1.0
1912	5940	1	1.0
2483	5940	1	1.0
2730	5940	1	1.0
988	5941	1	1.0
2397	5941	1	1.0
2431	5941	1	1.0
988	5942	1	1.0
2145	5942	1	1.0
2421	5942	1	1.0
990	5943	1	1.0
990	5944	1	1.0
991	5945	1	1.0
991	5946	1	1.0
991	5947	1	1.0
991	5948	1	1.0
991	5949	1	1.0
991	5950	1	1.0
992	5951	1	1.0
992	5952	1	1.0
992	5953	1	1.0
1017	5953	1	1.0
992	5954	1	1.0
994	5955	1	1.0
994	5956	1	1.0
994	5957	1	1.0
995	5958	1	1.0
995	5959	1	1.0
995	5960	1	1.0
995	5961	1	1.0
995	5962	1	1.0
995	5963	1	1.0
995	5964	1	1.0
996	5965	1	1.0
996	5966	1	1.0
1145	5966	1	1.0
1937	5966	1	1.0
2086	5966	1	1.0
996	5967	1	1.0
1937	5967	1	1.0
997	5968	1	1.0
997	5969	1	1.0
1211	5969	1	1.0
997	5970	1	1.0
998	5971	1	1.0
998	5972	1	1.0
998	5973	1	1.0
1782	5973	1	1.0
998	5974	1	1.0
998	5975	1	1.0
999	5976	1	1.0
999	5977	1	1.0
999	5978	1	1.0
1695	5978	1	1.0
999	5979	1	1.0
1001	5980	1	1.0
1002	5981	1	1.0
2667	5981	1	1.0
1002	5982	1	1.0
1225	5982	1	1.0
1002	5983	1	1.0
1422	5983	1	1.0
2228	5983	1	1.0
1003	5984	1	1.0
1004	5985	1	1.0
1907	5985	1	1.0
1004	5986	1	1.0
1004	5987	1	1.0
1005	5988	1	1.0
1005	5989	1	1.0
1152	5989	1	1.0
1006	5990	1	1.0
1006	5991	1	1.0
1007	5992	1	1.0
1761	5992	1	1.0
2674	5992	1	1.0
1007	5993	1	1.0
1007	5994	1	1.0
1008	5995	1	1.0
1008	5996	1	1.0
1008	5997	1	1.0
1009	5998	1	1.0
1009	5999	1	1.0
1009	6000	1	1.0
1009	6001	1	1.0
1010	6002	1	1.0
1011	6003	1	1.0
2296	6003	1	1.0
1011	6004	1	1.0
2296	6004	1	1.0
1012	6005	1	1.0
1013	6006	1	1.0
1013	6007	1	1.0
1013	6008	1	1.0
1013	6009	1	1.0
1013	6010	1	1.0
1014	6011	1	1.0
1014	6012	1	1.0
1015	6013	1	1.0
1015	6014	1	1.0
1016	6015	1	1.0
1576	6015	1	1.0
2668	6015	1	1.0
1017	6016	1	1.0
1017	6017	1	1.0
1017	6018	1	1.0
1017	6019	1	1.0
1017	6020	1	1.0
1018	6021	1	1.0
1018	6022	1	1.0
1019	6023	1	1.0
1019	6024	1	1.0
1019	6025	1	1.0
1019	6026	1	1.0
1020	6027	1	1.0
1020	6028	1	1.0
1020	6029	1	1.0
1020	6030	1	1.0
1021	6031	1	1.0
1371	6031	1	1.0
1584	6031	1	1.0
1021	6032	1	1.0
1021	6033	1	1.0
1021	6034	1	1.0
1021	6035	1	1.0
1022	6036	1	1.0
1022	6037	1	1.0
1512	6037	1	1.0
1023	6038	1	1.0
1023	6039	1	1.0
1024	6040	1	1.0
1024	6041	1	1.0
1024	6042	1	1.0
2162	6042	1	1.0
1024	6043	1	1.0
1024	6044	1	1.0
1025	6045	1	1.0
1025	6046	1	1.0
1025	6047	1	1.0
1025	6048	1	1.0
1500	6048	1	1.0
1026	6049	1	1.0
2071	6049	1	1.0
1026	6050	1	1.0
1026	6051	1	1.0
1026	6052	1	1.0
1026	6053	1	1.0
1026	6054	1	1.0
1026	6055	1	1.0
2071	6055	1	1.0
1026	6056	1	1.0
2071	6056	1	1.0
1026	6057	1	1.0
1026	6058	1	1.0
1026	6059	1	1.0
1027	6060	1	1.0
2442	6060	1	1.0
1027	6061	1	1.0
1027	6062	1	1.0
1027	6063	1	1.0
2442	6063	1	1.0
1028	6064	1	1.0
1028	6065	1	1.0
1028	6066	1	1.0
1029	6067	1	1.0
1029	6068	1	1.0
1029	6069	1	1.0
1029	6070	1	1.0
1030	6071	1	1.0
1030	6072	1	1.0
1031	6073	1	1.0
1031	6074	1	1.0
1031	6075	1	1.0
1033	6076	1	1.0
1033	6077	1	1.0
1033	6078	1	1.0
1927	6078	1	1.0
1034	6079	1	1.0
1034	6080	1	1.0
1034	6081	1	1.0
2155	6081	1	1.0
1035	6082	1	1.0
1035	6083	1	1.0
1035	6084	1	1.0
1035	6085	1	1.0
1036	6086	1	1.0
2131	6086	1	1.0
2527	6086	1	1.0
1036	6087	1	1.0
1036	6088	1	1.0
1384	6088	1	1.0
1611	6088	1	1.0
2756	6088	1	1.0
1037	6089	1	1.0
1037	6090	1	1.0
1037	6091	1	1.0
1037	6092	1	1.0
1038	6093	1	1.0
1039	6094	1	1.0
1039	6095	1	1.0
1039	6096	1	1.0
1415	6096	1	1.0
1040	6097	1	1.0
1242	6097	1	1.0
1298	6097	1	1.0
1040	6098	1	1.0
1040	6099	1	1.0
1219	6099	1	1.0
1242	6099	1	1.0
1298	6099	1	1.0
1631	6099	1	1.0
1829	6099	1	1.0
1040	6100	1	1.0
1298	6100	1	1.0
1040	6101	1	1.0
2732	6101	1	1.0
1041	6102	1	1.0
1042	6103	1	1.0
1042	6104	1	1.0
1042	6105	1	1.0
1670	6105	1	1.0
2156	6105	1	1.0
2391	6105	1	1.0
1042	6106	1	1.0
1044	6107	1	1.0
1045	6108	1	1.0
1117	6108	1	1.0
1045	6109	1	1.0
1117	6109	1	1.0
2342	6109	1	1.0
1045	6110	1	1.0
1046	6111	1	1.0
1685	6111	1	1.0
1047	6112	1	1.0
1047	6113	1	1.0
1047	6114	1	1.0
1047	6115	1	1.0
1048	6116	1	1.0
1138	6116	1	1.0
2402	6116	1	1.0
1048	6117	1	1.0
1049	6118	1	1.0
1049	6119	1	1.0
1050	6120	1	1.0
1050	6121	1	1.0
1050	6122	1	1.0
1051	6123	1	1.0
1051	6124	1	1.0
1051	6125	1	1.0
1052	6126	1	1.0
1052	6127	1	1.0
1052	6128	1	1.0
1192	6128	1	1.0
1053	6129	1	1.0
1232	6129	1	1.0
2704	6129	1	1.0
1053	6130	1	1.0
1053	6131	1	1.0
1588	6131	1	1.0
1054	6132	1	1.0
1945	6132	1	1.0
2560	6132	1	1.0
1055	6133	1	1.0
1055	6134	1	1.0
2714	6134	1	1.0
1055	6135	1	1.0
1056	6136	1	1.0
1610	6136	1	1.0
1056	6137	1	1.0
1610	6137	1	1.0
1056	6138	1	1.0
1056	6139	1	1.0
1610	6139	1	1.0
1056	6140	1	1.0
1610	6140	1	1.0
1057	6141	1	1.0
1057	6142	1	1.0
1057	6143	1	1.0
1057	6144	1	1.0
1058	6145	1	1.0
1058	6146	1	1.0
1794	6146	1	1.0
1058	6147	1	1.0
1794	6147	1	1.0
1058	6148	1	1.0
1321	6148	1	1.0
1416	6148	1	1.0
1425	6148	1	1.0
1618	6148	1	1.0
1798	6148	1	1.0
2157	6148	1	1.0
1059	6149	1	1.0
1059	6150	1	1.0
1059	6151	1	1.0
1060	6152	1	1.0
1060	6153	1	1.0
1060	6154	1	1.0
1509	6154	1	1.0
1061	6155	1	1.0
1062	6156	1	1.0
2181	6156	1	1.0
2233	6156	1	1.0
1062	6157	1	1.0
2181	6157	1	1.0
2233	6157	1	1.0
1062	6158	1	1.0
2181	6158	1	1.0
1062	6159	1	1.0
1813	6159	1	1.0
2233	6159	1	1.0
1063	6160	1	1.0
1690	6160	1	1.0
2521	6160	1	1.0
1063	6161	1	1.0
1064	6162	1	1.0
1064	6163	1	1.0
1064	6164	1	1.0
1065	6165	1	1.0
1065	6166	1	1.0
1065	6167	1	1.0
1066	6168	1	1.0
1066	6169	1	1.0
1066	6170	1	1.0
1511	6170	1	1.0
1740	6170	1	1.0
1967	6170	1	1.0
2281	6170	1	1.0
1067	6171	1	1.0
2523	6171	1	1.0
1067	6172	1	1.0
1067	6173	1	1.0
1067	6174	1	1.0
1070	6175	1	1.0
1070	6176	1	1.0
1071	6177	1	1.0
1652	6177	1	1.0
1071	6178	1	1.0
1652	6178	1	1.0
2501	6178	1	1.0
1072	6179	1	1.0
1082	6179	1	1.0
2124	6179	1	1.0
1072	6180	1	1.0
1082	6180	1	1.0
1073	6181	1	1.0
1073	6182	1	1.0
1073	6183	1	1.0
1073	6184	1	1.0
1073	6185	1	1.0
1073	6186	1	1.0
1073	6187	1	1.0
1073	6188	1	1.0
1074	6189	1	1.0
1971	6189	1	1.0
1074	6190	1	1.0
1074	6191	1	1.0
2037	6191	1	1.0
1075	6192	1	1.0
1075	6193	1	1.0
1075	6194	1	1.0
1075	6195	1	1.0
1757	6195	1	1.0
1076	6196	1	1.0
1076	6197	1	1.0
1076	6198	1	1.0
1699	6198	1	1.0
2438	6198	1	1.0
1077	6199	1	1.0
1077	6200	1	1.0
1078	6201	1	1.0
1102	6201	1	1.0
1521	6201	1	1.0
1533	6201	1	1.0
1638	6201	1	1.0
2650	6201	1	1.0
2758	6201	1	1.0
1078	6202	1	1.0
1335	6202	1	1.0
1521	6202	1	1.0
1638	6202	1	1.0
2650	6202	1	1.0
2758	6202	1	1.0
1078	6203	1	1.0
1480	6203	1	1.0
1078	6204	1	1.0
1078	6205	1	1.0
1521	6205	1	1.0
1533	6205	1	1.0
1638	6205	1	1.0
1079	6206	1	1.0
1079	6207	1	1.0
1080	6208	1	1.0
1080	6209	1	1.0
1080	6210	1	1.0
1080	6211	1	1.0
1081	6212	1	1.0
1081	6213	1	1.0
1081	6214	1	1.0
1472	6214	1	1.0
1081	6215	1	1.0
1472	6215	1	1.0
1082	6216	1	1.0
1083	6217	1	1.0
1083	6218	1	1.0
1083	6219	1	1.0
1083	6220	1	1.0
1083	6221	1	1.0
1083	6222	1	1.0
1084	6223	1	1.0
1084	6224	1	1.0
1084	6225	1	1.0
1084	6226	1	1.0
1085	6227	1	1.0
1085	6228	1	1.0
1085	6229	1	1.0
1086	6230	1	1.0
1086	6231	1	1.0
1087	6232	1	1.0
1089	6233	1	1.0
1089	6234	1	1.0
1089	6235	1	1.0
1090	6236	1	1.0
1090	6237	1	1.0
2310	6237	1	1.0
1090	6238	1	1.0
1090	6239	1	1.0
1090	6240	1	1.0
1559	6240	1	1.0
2310	6240	1	1.0
1090	6241	1	1.0
1091	6242	1	1.0
1091	6243	1	1.0
1092	6244	1	1.0
1741	6244	1	1.0
1092	6245	1	1.0
1741	6245	1	1.0
1092	6246	1	1.0
1092	6247	1	1.0
1741	6247	1	1.0
1092	6248	1	1.0
1741	6248	1	1.0
1093	6249	1	1.0
1093	6250	1	1.0
1094	6251	1	1.0
1094	6252	1	1.0
1803	6252	1	1.0
1096	6253	1	1.0
1096	6254	1	1.0
1096	6255	1	1.0
1097	6256	1	1.0
1097	6257	1	1.0
1097	6258	1	1.0
1098	6259	1	1.0
1098	6260	1	1.0
1099	6261	1	1.0
1100	6262	1	1.0
2690	6262	1	1.0
1100	6263	1	1.0
2690	6263	1	1.0
1100	6264	1	1.0
2690	6264	1	1.0
1101	6265	1	1.0
1103	6266	1	1.0
1103	6267	1	1.0
1103	6268	1	1.0
1104	6269	1	1.0
1104	6270	1	1.0
1104	6271	1	1.0
1104	6272	1	1.0
1104	6273	1	1.0
1105	6274	1	1.0
1105	6275	1	1.0
1105	6276	1	1.0
1106	6277	1	1.0
1106	6278	1	1.0
1107	6279	1	1.0
1108	6280	1	1.0
1108	6281	1	1.0
1108	6282	1	1.0
1108	6283	1	1.0
1108	6284	1	1.0
1109	6285	1	1.0
1109	6286	1	1.0
1110	6287	1	1.0
1110	6288	1	1.0
1111	6289	1	1.0
1111	6290	1	1.0
1111	6291	1	1.0
1112	6292	1	1.0
1112	6293	1	1.0
1112	6294	1	1.0
1112	6295	1	1.0
1112	6296	1	1.0
1112	6297	1	1.0
1113	6298	1	1.0
1114	6299	1	1.0
1114	6300	1	1.0
1114	6301	1	1.0
1812	6301	1	1.0
1115	6302	1	1.0
1115	6303	1	1.0
1115	6304	1	1.0
1115	6305	1	1.0
1115	6306	1	1.0
1115	6307	1	1.0
1115	6308	1	1.0
1116	6309	1	1.0
1116	6310	1	1.0
1116	6311	1	1.0
1116	6312	1	1.0
1116	6313	1	1.0
1117	6314	1	1.0
1117	6315	1	1.0
1117	6316	1	1.0
1117	6317	1	1.0
1118	6318	1	1.0
1118	6319	1	1.0
1119	6320	1	1.0
1119	6321	1	1.0
1777	6321	1	1.0
1120	6322	1	1.0
1120	6323	1	1.0
1122	6324	1	1.0
1122	6325	1	1.0
1122	6326	1	1.0
1122	6327	1	1.0
1125	6328	1	1.0
1252	6328	1	1.0
1125	6329	1	1.0
1125	6330	1	1.0
1126	6331	1	1.0
1203	6331	1	1.0
2358	6331	1	1.0
1126	6332	1	1.0
2358	6332	1	1.0
1126	6333	1	1.0
2358	6333	1	1.0
1127	6334	1	1.0
1127	6335	1	1.0
1128	6336	1	1.0
1505	6336	1	1.0
1129	6337	1	1.0
1581	6337	1	1.0
1129	6338	1	1.0
1129	6339	1	1.0
1245	6339	1	1.0
1129	6340	1	1.0
1129	6341	1	1.0
2165	6341	1	1.0
2340	6341	1	1.0
1130	6342	1	1.0
1130	6343	1	1.0
1130	6344	1	1.0
1130	6345	1	1.0
1130	6346	1	1.0
2043	6346	1	1.0
1131	6347	1	1.0
1131	6348	1	1.0
1131	6349	1	1.0
1131	6350	1	1.0
1132	6351	1	1.0
1132	6352	1	1.0
1132	6353	1	1.0
1132	6354	1	1.0
1133	6355	1	1.0
1187	6355	1	1.0
1133	6356	1	1.0
1187	6356	1	1.0
1134	6357	1	1.0
1134	6358	1	1.0
2628	6358	1	1.0
1134	6359	1	1.0
1135	6360	1	1.0
1514	6360	1	1.0
1544	6360	1	1.0
2268	6360	1	1.0
1135	6361	1	1.0
1514	6361	1	1.0
1544	6361	1	1.0
2268	6361	1	1.0
1136	6362	1	1.0
1136	6363	1	1.0
1136	6364	1	1.0
1136	6365	1	1.0
1137	6366	1	1.0
1137	6367	1	1.0
2322	6367	1	1.0
1138	6368	1	1.0
1642	6368	1	1.0
1139	6369	1	1.0
1139	6370	1	1.0
1139	6371	1	1.0
1139	6372	1	1.0
1139	6373	1	1.0
1597	6373	1	1.0
1141	6374	1	1.0
1142	6375	1	1.0
2474	6375	1	1.0
1142	6376	1	1.0
1142	6377	1	1.0
1142	6378	1	1.0
1292	6378	1	1.0
2474	6378	1	1.0
1142	6379	1	1.0
2474	6379	1	1.0
2652	6379	1	1.0
1142	6380	1	1.0
1292	6380	1	1.0
2474	6380	1	1.0
2652	6380	1	1.0
1144	6381	1	1.0
1146	6382	1	1.0
1147	6383	1	1.0
1147	6384	1	1.0
1147	6385	1	1.0
1148	6386	1	1.0
2510	6386	1	1.0
1148	6387	1	1.0
1692	6387	1	1.0
2510	6387	1	1.0
1148	6388	1	1.0
1149	6389	1	1.0
1150	6390	1	1.0
1150	6391	1	1.0
1150	6392	1	1.0
1150	6393	1	1.0
1150	6394	1	1.0
1150	6395	1	1.0
2001	6395	1	1.0
1151	6396	1	1.0
1522	6396	1	1.0
1820	6396	1	1.0
1151	6397	1	1.0
1820	6397	1	1.0
1151	6398	1	1.0
1820	6398	1	1.0
1904	6398	1	1.0
2271	6398	1	1.0
1152	6399	1	1.0
1153	6400	1	1.0
1153	6401	1	1.0
1153	6402	1	1.0
1154	6403	1	1.0
1154	6404	1	1.0
1154	6405	1	1.0
1155	6406	1	1.0
1310	6406	1	1.0
1156	6407	1	1.0
1156	6408	1	1.0
1632	6408	1	1.0
1981	6408	1	1.0
1156	6409	1	1.0
2038	6409	1	1.0
1156	6410	1	1.0
1363	6410	1	1.0
1497	6410	1	1.0
2038	6410	1	1.0
1157	6411	1	1.0
1157	6412	1	1.0
1157	6413	1	1.0
1157	6414	1	1.0
1157	6415	1	1.0
1158	6416	1	1.0
1158	6417	1	1.0
1158	6418	1	1.0
1159	6419	1	1.0
1159	6420	1	1.0
1159	6421	1	1.0
1159	6422	1	1.0
1159	6423	1	1.0
1426	6423	1	1.0
1160	6424	1	1.0
1161	6425	1	1.0
1161	6426	1	1.0
2633	6426	1	1.0
1162	6427	1	1.0
1162	6428	1	1.0
1162	6429	1	1.0
1162	6430	1	1.0
1162	6431	1	1.0
1163	6432	1	1.0
1164	6433	1	1.0
1164	6434	1	1.0
1164	6435	1	1.0
1165	6436	1	1.0
1165	6437	1	1.0
1258	6437	1	1.0
1166	6438	1	1.0
1167	6439	1	1.0
1167	6440	1	1.0
1449	6440	1	1.0
2142	6440	1	1.0
1167	6441	1	1.0
1449	6441	1	1.0
2142	6441	1	1.0
1168	6442	1	1.0
1168	6443	1	1.0
1169	6444	1	1.0
1169	6445	1	1.0
1169	6446	1	1.0
1169	6447	1	1.0
1169	6448	1	1.0
1169	6449	1	1.0
1170	6450	1	1.0
1170	6451	1	1.0
1171	6452	1	1.0
1461	6452	1	1.0
2239	6452	1	1.0
1172	6453	1	1.0
1173	6454	1	1.0
1174	6455	1	1.0
1174	6456	1	1.0
1174	6457	1	1.0
1175	6458	1	1.0
1175	6459	1	1.0
1175	6460	1	1.0
1175	6461	1	1.0
1176	6462	1	1.0
1176	6463	1	1.0
1887	6463	1	1.0
1176	6464	1	1.0
1177	6465	1	1.0
1203	6465	1	1.0
1177	6466	1	1.0
1203	6466	1	1.0
1178	6467	1	1.0
1357	6467	1	1.0
2678	6467	1	1.0
1178	6468	1	1.0
2678	6468	1	1.0
1178	6469	1	1.0
2678	6469	1	1.0
1178	6470	1	1.0
1179	6471	1	1.0
1179	6472	1	1.0
1180	6473	1	1.0
1181	6474	1	1.0
1181	6475	1	1.0
1181	6476	1	1.0
1181	6477	1	1.0
1182	6478	1	1.0
1182	6479	1	1.0
1599	6479	1	1.0
1183	6480	1	1.0
1183	6481	1	1.0
1767	6481	1	1.0
2436	6481	1	1.0
1183	6482	1	1.0
1183	6483	1	1.0
2455	6483	1	1.0
1183	6484	1	1.0
1184	6485	1	1.0
1184	6486	1	1.0
1184	6487	1	1.0
1184	6488	1	1.0
1317	6488	1	1.0
2643	6488	1	1.0
1185	6489	1	1.0
1304	6489	1	1.0
1186	6490	1	1.0
1186	6491	1	1.0
1186	6492	1	1.0
1186	6493	1	1.0
1186	6494	1	1.0
1187	6495	1	1.0
1278	6495	1	1.0
1187	6496	1	1.0
2399	6496	1	1.0
1188	6497	1	1.0
1188	6498	1	1.0
1188	6499	1	1.0
1188	6500	1	1.0
1188	6501	1	1.0
1305	6501	1	1.0
1340	6501	1	1.0
1188	6502	1	1.0
2750	6502	1	1.0
1189	6503	1	1.0
1189	6504	1	1.0
1189	6505	1	1.0
1189	6506	1	1.0
1189	6507	1	1.0
1189	6508	1	1.0
1189	6509	1	1.0
1189	6510	1	1.0
1191	6511	1	1.0
2432	6511	1	1.0
1192	6512	1	1.0
1192	6513	1	1.0
1193	6514	1	1.0
1193	6515	1	1.0
1193	6516	1	1.0
1364	6516	1	1.0
1193	6517	1	1.0
1193	6518	1	1.0
1981	6518	1	1.0
1194	6519	1	1.0
1194	6520	1	1.0
2005	6520	1	1.0
1195	6521	1	1.0
1195	6522	1	1.0
1196	6523	1	1.0
1196	6524	1	1.0
1196	6525	1	1.0
1196	6526	1	1.0
1196	6527	1	1.0
1196	6528	1	1.0
1196	6529	1	1.0
1196	6530	1	1.0
1196	6531	1	1.0
1196	6532	1	1.0
1196	6533	1	1.0
1196	6534	1	1.0
1196	6535	1	1.0
1196	6536	1	1.0
1196	6537	1	1.0
1196	6538	1	1.0
1197	6539	1	1.0
1197	6540	1	1.0
1198	6541	1	1.0
1198	6542	1	1.0
1198	6543	1	1.0
1199	6544	1	1.0
2686	6544	1	1.0
1199	6545	1	1.0
1199	6546	1	1.0
1200	6547	1	1.0
1200	6548	1	1.0
1200	6549	1	1.0
1200	6550	1	1.0
1200	6551	1	1.0
1200	6552	1	1.0
1200	6553	1	1.0
1201	6554	1	1.0
1471	6554	1	1.0
1705	6554	1	1.0
1932	6554	1	1.0
2220	6554	1	1.0
2506	6554	1	1.0
1201	6555	1	1.0
1932	6555	1	1.0
2506	6555	1	1.0
1202	6556	1	1.0
1202	6557	1	1.0
1202	6558	1	1.0
1202	6559	1	1.0
1203	6560	1	1.0
1203	6561	1	1.0
1203	6562	1	1.0
1204	6563	1	1.0
2532	6563	1	1.0
1204	6564	1	1.0
2532	6564	1	1.0
1204	6565	1	1.0
1748	6565	1	1.0
1204	6566	1	1.0
2532	6566	1	1.0
1205	6567	1	1.0
1205	6568	1	1.0
1500	6568	1	1.0
1205	6569	1	1.0
2460	6569	1	1.0
1206	6570	1	1.0
1206	6571	1	1.0
1206	6572	1	1.0
2539	6572	1	1.0
1207	6573	1	1.0
1207	6574	1	1.0
1207	6575	1	1.0
1208	6576	1	1.0
1208	6577	1	1.0
1208	6578	1	1.0
1208	6579	1	1.0
1209	6580	1	1.0
1209	6581	1	1.0
1209	6582	1	1.0
1209	6583	1	1.0
1210	6584	1	1.0
1210	6585	1	1.0
1211	6586	1	1.0
1211	6587	1	1.0
1212	6588	1	1.0
1212	6589	1	1.0
1213	6590	1	1.0
1213	6591	1	1.0
1214	6592	1	1.0
1214	6593	1	1.0
1214	6594	1	1.0
1215	6595	1	1.0
2140	6595	1	1.0
1215	6596	1	1.0
1215	6597	1	1.0
1217	6598	1	1.0
1217	6599	1	1.0
2425	6599	1	1.0
2711	6599	1	1.0
1217	6600	1	1.0
1217	6601	1	1.0
2425	6601	1	1.0
2711	6601	1	1.0
1217	6602	1	1.0
2425	6602	1	1.0
2711	6602	1	1.0
1217	6603	1	1.0
2425	6603	1	1.0
1217	6604	1	1.0
2425	6604	1	1.0
1217	6605	1	1.0
2425	6605	1	1.0
2439	6605	1	1.0
2711	6605	1	1.0
1218	6606	1	1.0
1218	6607	1	1.0
1218	6608	1	1.0
1219	6609	1	1.0
1219	6610	1	1.0
1219	6611	1	1.0
1220	6612	1	1.0
1220	6613	1	1.0
1220	6614	1	1.0
1220	6615	1	1.0
1844	6615	1	1.0
1220	6616	1	1.0
1220	6617	1	1.0
1221	6618	1	1.0
1221	6619	1	1.0
1221	6620	1	1.0
1221	6621	1	1.0
1222	6622	1	1.0
1222	6623	1	1.0
1223	6624	1	1.0
1223	6625	1	1.0
1223	6626	1	1.0
2346	6626	1	1.0
1223	6627	1	1.0
2346	6627	1	1.0
1224	6628	1	1.0
1224	6629	1	1.0
1224	6630	1	1.0
1224	6631	1	1.0
1224	6632	1	1.0
1225	6633	1	1.0
1225	6634	1	1.0
1225	6635	1	1.0
1226	6636	1	1.0
1226	6637	1	1.0
1226	6638	1	1.0
1226	6639	1	1.0
1227	6640	1	1.0
1228	6641	1	1.0
1228	6642	1	1.0
1228	6643	1	1.0
1228	6644	1	1.0
1229	6645	1	1.0
1229	6646	1	1.0
1229	6647	1	1.0
1229	6648	1	1.0
2206	6648	1	1.0
1230	6649	1	1.0
1231	6650	1	1.0
1232	6651	1	1.0
1232	6652	1	1.0
1233	6653	1	1.0
1233	6654	1	1.0
1233	6655	1	1.0
1234	6656	1	1.0
1267	6656	1	1.0
1605	6656	1	1.0
1235	6657	1	1.0
1235	6658	1	1.0
1235	6659	1	1.0
1236	6660	1	1.0
1237	6661	1	1.0
1237	6662	1	1.0
1237	6663	1	1.0
1237	6664	1	1.0
1238	6665	1	1.0
1239	6666	1	1.0
1240	6667	1	1.0
1240	6668	1	1.0
1242	6669	1	1.0
1829	6669	1	1.0
1243	6670	1	1.0
1243	6671	1	1.0
1244	6672	1	1.0
1244	6673	1	1.0
1333	6673	1	1.0
1244	6674	1	1.0
1245	6675	1	1.0
1581	6675	1	1.0
2165	6675	1	1.0
1246	6676	1	1.0
1336	6676	1	1.0
1864	6676	1	1.0
2030	6676	1	1.0
2369	6676	1	1.0
1246	6677	1	1.0
1336	6677	1	1.0
1864	6677	1	1.0
2030	6677	1	1.0
2369	6677	1	1.0
1247	6678	1	1.0
1247	6679	1	1.0
1247	6680	1	1.0
1247	6681	1	1.0
1248	6682	1	1.0
1248	6683	1	1.0
1249	6684	1	1.0
1249	6685	1	1.0
1249	6686	1	1.0
1251	6687	1	1.0
1590	6687	1	1.0
1895	6687	1	1.0
2060	6687	1	1.0
2263	6687	1	1.0
2332	6687	1	1.0
1252	6688	1	1.0
1252	6689	1	1.0
1252	6690	1	1.0
1252	6691	1	1.0
1253	6692	1	1.0
1254	6693	1	1.0
1254	6694	1	1.0
1254	6695	1	1.0
1254	6696	1	1.0
1254	6697	1	1.0
1254	6698	1	1.0
1256	6699	1	1.0
1256	6700	1	1.0
1256	6701	1	1.0
1257	6702	1	1.0
1338	6702	1	1.0
2160	6702	1	1.0
1258	6703	1	1.0
1258	6704	1	1.0
1258	6705	1	1.0
1258	6706	1	1.0
1258	6707	1	1.0
1259	6708	1	1.0
1729	6708	1	1.0
2461	6708	1	1.0
1259	6709	1	1.0
2461	6709	1	1.0
1259	6710	1	1.0
2278	6710	1	1.0
1259	6711	1	1.0
1729	6711	1	1.0
2461	6711	1	1.0
1260	6712	1	1.0
1260	6713	1	1.0
1260	6714	1	1.0
1261	6715	1	1.0
1261	6716	1	1.0
1261	6717	1	1.0
1262	6718	1	1.0
1262	6719	1	1.0
1262	6720	1	1.0
1262	6721	1	1.0
1263	6722	1	1.0
1263	6723	1	1.0
1264	6724	1	1.0
1264	6725	1	1.0
1264	6726	1	1.0
1654	6726	1	1.0
1912	6726	1	1.0
1264	6727	1	1.0
1583	6727	1	1.0
1654	6727	1	1.0
1912	6727	1	1.0
1264	6728	1	1.0
1264	6729	1	1.0
1264	6730	1	1.0
1264	6731	1	1.0
1265	6732	1	1.0
1266	6733	1	1.0
1768	6733	1	1.0
1266	6734	1	1.0
1266	6735	1	1.0
1266	6736	1	1.0
1266	6737	1	1.0
1266	6738	1	1.0
1266	6739	1	1.0
1266	6740	1	1.0
1267	6741	1	1.0
1268	6742	1	1.0
1268	6743	1	1.0
1268	6744	1	1.0
1268	6745	1	1.0
1268	6746	1	1.0
1269	6747	1	1.0
2244	6747	1	1.0
1270	6748	1	1.0
1546	6748	1	1.0
1271	6749	1	1.0
1271	6750	1	1.0
1271	6751	1	1.0
1272	6752	1	1.0
1272	6753	1	1.0
1273	6754	1	1.0
1273	6755	1	1.0
1273	6756	1	1.0
1273	6757	1	1.0
1273	6758	1	1.0
1274	6759	1	1.0
1274	6760	1	1.0
1274	6761	1	1.0
1274	6762	1	1.0
1275	6763	1	1.0
2060	6763	1	1.0
2140	6763	1	1.0
1275	6764	1	1.0
1278	6765	1	1.0
1278	6766	1	1.0
1278	6767	1	1.0
1278	6768	1	1.0
1279	6769	1	1.0
1279	6770	1	1.0
1279	6771	1	1.0
1280	6772	1	1.0
1280	6773	1	1.0
1287	6773	1	1.0
1605	6773	1	1.0
2072	6773	1	1.0
2086	6773	1	1.0
1281	6774	1	1.0
1281	6775	1	1.0
1281	6776	1	1.0
1281	6777	1	1.0
1281	6778	1	1.0
1281	6779	1	1.0
1281	6780	1	1.0
1282	6781	1	1.0
1282	6782	1	1.0
1282	6783	1	1.0
1283	6784	1	1.0
1924	6784	1	1.0
2285	6784	1	1.0
2300	6784	1	1.0
1283	6785	1	1.0
2048	6785	1	1.0
2285	6785	1	1.0
1283	6786	1	1.0
2048	6786	1	1.0
2054	6786	1	1.0
2285	6786	1	1.0
2300	6786	1	1.0
1285	6787	1	1.0
1285	6788	1	1.0
1287	6789	1	1.0
1287	6790	1	1.0
2284	6790	1	1.0
1288	6791	1	1.0
1700	6791	1	1.0
1742	6791	1	1.0
1288	6792	1	1.0
2074	6792	1	1.0
2468	6792	1	1.0
1289	6793	1	1.0
1289	6794	1	1.0
1290	6795	1	1.0
1290	6796	1	1.0
1290	6797	1	1.0
1291	6798	1	1.0
1292	6799	1	1.0
1292	6800	1	1.0
1292	6801	1	1.0
1292	6802	1	1.0
1293	6803	1	1.0
1294	6804	1	1.0
1294	6805	1	1.0
1294	6806	1	1.0
2553	6806	1	1.0
2761	6806	1	1.0
1294	6807	1	1.0
1294	6808	1	1.0
1294	6809	1	1.0
1294	6810	1	1.0
1296	6811	1	1.0
1296	6812	1	1.0
1296	6813	1	1.0
2334	6813	1	1.0
1296	6814	1	1.0
1296	6815	1	1.0
1297	6816	1	1.0
1297	6817	1	1.0
1297	6818	1	1.0
1297	6819	1	1.0
1297	6820	1	1.0
1297	6821	1	1.0
1297	6822	1	1.0
1298	6823	1	1.0
1631	6823	1	1.0
1299	6824	1	1.0
2587	6824	1	1.0
2605	6824	1	1.0
2669	6824	1	1.0
1299	6825	1	1.0
2041	6825	1	1.0
2599	6825	1	1.0
2605	6825	1	1.0
2669	6825	1	1.0
1299	6826	1	1.0
2599	6826	1	1.0
2605	6826	1	1.0
2669	6826	1	1.0
1299	6827	1	1.0
2599	6827	1	1.0
2605	6827	1	1.0
1299	6828	1	1.0
2599	6828	1	1.0
2605	6828	1	1.0
1299	6829	1	1.0
2599	6829	1	1.0
2605	6829	1	1.0
1301	6830	1	1.0
1301	6831	1	1.0
1302	6832	1	1.0
1860	6832	1	1.0
1302	6833	1	1.0
1302	6834	1	1.0
1442	6834	1	1.0
1860	6834	1	1.0
1303	6835	1	1.0
1392	6835	1	1.0
1303	6836	1	1.0
1303	6837	1	1.0
1305	6838	1	1.0
2304	6838	1	1.0
1305	6839	1	1.0
2304	6839	1	1.0
1306	6840	1	1.0
1306	6841	1	1.0
1610	6841	1	1.0
1306	6842	1	1.0
1306	6843	1	1.0
1306	6844	1	1.0
1306	6845	1	1.0
1309	6846	1	1.0
1309	6847	1	1.0
1309	6848	1	1.0
1309	6849	1	1.0
1310	6850	1	1.0
1311	6851	1	1.0
1311	6852	1	1.0
1311	6853	1	1.0
1312	6854	1	1.0
1312	6855	1	1.0
1312	6856	1	1.0
1312	6857	1	1.0
1312	6858	1	1.0
1313	6859	1	1.0
1313	6860	1	1.0
1314	6861	1	1.0
1314	6862	1	1.0
1314	6863	1	1.0
1315	6864	1	1.0
1315	6865	1	1.0
1315	6866	1	1.0
1316	6867	1	1.0
1316	6868	1	1.0
1317	6869	1	1.0
1317	6870	1	1.0
1318	6871	1	1.0
1319	6872	1	1.0
1319	6873	1	1.0
1319	6874	1	1.0
1319	6875	1	1.0
1319	6876	1	1.0
1319	6877	1	1.0
1320	6878	1	1.0
1320	6879	1	1.0
1320	6880	1	1.0
1321	6881	1	1.0
1425	6881	1	1.0
1321	6882	1	1.0
1322	6883	1	1.0
1322	6884	1	1.0
1322	6885	1	1.0
1323	6886	1	1.0
1324	6887	1	1.0
1324	6888	1	1.0
1324	6889	1	1.0
1325	6890	1	1.0
1325	6891	1	1.0
1325	6892	1	1.0
1327	6892	1	1.0
1325	6893	1	1.0
2042	6893	1	1.0
2493	6893	1	1.0
1326	6894	1	1.0
1326	6895	1	1.0
1326	6896	1	1.0
1327	6897	1	1.0
1327	6898	1	1.0
1328	6899	1	1.0
1328	6900	1	1.0
1329	6901	1	1.0
1330	6902	1	1.0
1330	6903	1	1.0
1331	6904	1	1.0
1332	6905	1	1.0
1332	6906	1	1.0
2693	6906	1	1.0
1333	6907	1	1.0
1333	6908	1	1.0
1333	6909	1	1.0
1334	6910	1	1.0
1334	6911	1	1.0
1334	6912	1	1.0
1378	6912	1	1.0
2327	6912	1	1.0
1337	6913	1	1.0
1338	6914	1	1.0
1338	6915	1	1.0
1338	6916	1	1.0
1338	6917	1	1.0
1338	6918	1	1.0
1339	6919	1	1.0
2539	6919	1	1.0
1339	6920	1	1.0
2539	6920	1	1.0
1340	6921	1	1.0
1341	6922	1	1.0
1547	6922	1	1.0
2453	6922	1	1.0
1341	6923	1	1.0
1971	6923	1	1.0
2453	6923	1	1.0
1341	6924	1	1.0
1547	6924	1	1.0
1971	6924	1	1.0
2453	6924	1	1.0
1341	6925	1	1.0
2453	6925	1	1.0
1341	6926	1	1.0
1971	6926	1	1.0
2453	6926	1	1.0
1343	6927	1	1.0
1343	6928	1	1.0
2026	6928	1	1.0
2111	6928	1	1.0
1345	6929	1	1.0
1345	6930	1	1.0
1345	6931	1	1.0
1345	6932	1	1.0
1345	6933	1	1.0
1345	6934	1	1.0
1345	6935	1	1.0
1345	6936	1	1.0
1346	6937	1	1.0
1347	6938	1	1.0
2347	6938	1	1.0
1347	6939	1	1.0
2062	6939	1	1.0
1348	6940	1	1.0
1348	6941	1	1.0
1348	6942	1	1.0
1348	6943	1	1.0
1348	6944	1	1.0
1348	6945	1	1.0
2260	6945	1	1.0
1348	6946	1	1.0
1349	6947	1	1.0
1350	6948	1	1.0
1350	6949	1	1.0
1580	6949	1	1.0
1352	6950	1	1.0
1352	6951	1	1.0
1352	6952	1	1.0
1353	6953	1	1.0
2373	6953	1	1.0
1353	6954	1	1.0
1354	6955	1	1.0
1354	6956	1	1.0
1354	6957	1	1.0
1845	6957	1	1.0
1355	6958	1	1.0
1356	6959	1	1.0
1356	6960	1	1.0
1356	6961	1	1.0
1357	6962	1	1.0
1357	6963	1	1.0
1357	6964	1	1.0
1357	6965	1	1.0
1358	6966	1	1.0
1358	6967	1	1.0
1358	6968	1	1.0
1359	6969	1	1.0
1359	6970	1	1.0
1359	6971	1	1.0
1359	6972	1	1.0
1360	6973	1	1.0
1360	6974	1	1.0
1360	6975	1	1.0
1508	6975	1	1.0
1360	6976	1	1.0
1360	6977	1	1.0
1360	6978	1	1.0
1508	6978	1	1.0
1360	6979	1	1.0
1508	6979	1	1.0
1360	6980	1	1.0
1360	6981	1	1.0
1360	6982	1	1.0
1778	6982	1	1.0
1360	6983	1	1.0
1360	6984	1	1.0
1360	6985	1	1.0
1360	6986	1	1.0
1508	6986	1	1.0
1360	6987	1	1.0
1361	6988	1	1.0
1361	6989	1	1.0
1362	6990	1	1.0
1362	6991	1	1.0
1363	6992	1	1.0
1497	6992	1	1.0
1364	6993	1	1.0
1364	6994	1	1.0
1364	6995	1	1.0
1365	6996	1	1.0
1366	6997	1	1.0
1367	6998	1	1.0
1367	6999	1	1.0
1368	7000	1	1.0
1369	7001	1	1.0
2381	7001	1	1.0
1370	7002	1	1.0
1370	7003	1	1.0
1370	7004	1	1.0
1370	7005	1	1.0
1370	7006	1	1.0
1370	7007	1	1.0
1371	7008	1	1.0
1372	7009	1	1.0
2457	7009	1	1.0
2720	7009	1	1.0
1372	7010	1	1.0
1372	7011	1	1.0
2119	7011	1	1.0
1373	7012	1	1.0
1481	7012	1	1.0
1374	7013	1	1.0
2525	7013	1	1.0
1374	7014	1	1.0
2525	7014	1	1.0
1375	7015	1	1.0
1375	7016	1	1.0
1375	7017	1	1.0
1375	7018	1	1.0
1900	7018	1	1.0
1375	7019	1	1.0
1515	7019	1	1.0
2384	7019	1	1.0
1376	7020	1	1.0
2241	7020	1	1.0
1376	7021	1	1.0
2241	7021	1	1.0
1376	7022	1	1.0
2241	7022	1	1.0
1378	7023	1	1.0
1378	7024	1	1.0
1379	7025	1	1.0
1380	7026	1	1.0
1380	7027	1	1.0
1380	7028	1	1.0
1380	7029	1	1.0
1380	7030	1	1.0
1713	7030	1	1.0
1380	7031	1	1.0
1380	7032	1	1.0
1381	7033	1	1.0
1381	7034	1	1.0
1381	7035	1	1.0
1381	7036	1	1.0
1381	7037	1	1.0
1381	7038	1	1.0
1382	7039	1	1.0
1382	7040	1	1.0
1382	7041	1	1.0
1383	7042	1	1.0
1383	7043	1	1.0
1383	7044	1	1.0
1384	7045	1	1.0
1384	7046	1	1.0
1384	7047	1	1.0
1694	7047	1	1.0
1385	7048	1	1.0
1385	7049	1	1.0
1385	7050	1	1.0
2167	7050	1	1.0
2309	7050	1	1.0
2531	7050	1	1.0
1385	7051	1	1.0
1386	7052	1	1.0
1386	7053	1	1.0
1386	7054	1	1.0
1386	7055	1	1.0
1386	7056	1	1.0
1386	7057	1	1.0
1387	7058	1	1.0
1387	7059	1	1.0
1387	7060	1	1.0
1387	7061	1	1.0
1388	7062	1	1.0
1647	7062	1	1.0
1882	7062	1	1.0
2677	7062	1	1.0
1388	7063	1	1.0
2677	7063	1	1.0
1388	7064	1	1.0
2366	7064	1	1.0
2677	7064	1	1.0
2699	7064	1	1.0
1388	7065	1	1.0
2677	7065	1	1.0
1388	7066	1	1.0
2677	7066	1	1.0
1388	7067	1	1.0
2677	7067	1	1.0
1389	7068	1	1.0
1389	7069	1	1.0
1390	7070	1	1.0
1390	7071	1	1.0
2718	7071	1	1.0
1391	7072	1	1.0
1391	7073	1	1.0
1391	7074	1	1.0
2206	7074	1	1.0
1391	7075	1	1.0
1391	7076	1	1.0
1391	7077	1	1.0
1392	7078	1	1.0
1393	7079	1	1.0
2273	7079	1	1.0
1393	7080	1	1.0
1393	7081	1	1.0
1393	7082	1	1.0
1394	7083	1	1.0
1394	7084	1	1.0
1399	7084	1	1.0
1395	7085	1	1.0
1746	7085	1	1.0
2095	7085	1	1.0
2250	7085	1	1.0
1395	7086	1	1.0
1746	7086	1	1.0
2095	7086	1	1.0
2250	7086	1	1.0
1395	7087	1	1.0
1746	7087	1	1.0
2095	7087	1	1.0
2250	7087	1	1.0
1396	7088	1	1.0
2337	7088	1	1.0
1396	7089	1	1.0
1396	7090	1	1.0
2337	7090	1	1.0
1397	7091	1	1.0
1397	7092	1	1.0
1397	7093	1	1.0
2321	7093	1	1.0
1398	7094	1	1.0
1536	7094	1	1.0
1399	7095	1	1.0
1400	7096	1	1.0
1400	7097	1	1.0
1401	7098	1	1.0
1401	7099	1	1.0
1401	7100	1	1.0
2741	7100	1	1.0
1402	7101	1	1.0
1402	7102	1	1.0
2548	7102	1	1.0
1403	7103	1	1.0
2383	7103	1	1.0
1404	7104	1	1.0
1404	7105	1	1.0
1404	7106	1	1.0
1404	7107	1	1.0
1404	7108	1	1.0
1405	7109	1	1.0
1405	7110	1	1.0
1405	7111	1	1.0
1405	7112	1	1.0
1406	7113	1	1.0
1669	7113	1	1.0
1406	7114	1	1.0
1669	7114	1	1.0
1407	7115	1	1.0
1407	7116	1	1.0
1407	7117	1	1.0
1408	7118	1	1.0
1408	7119	1	1.0
1408	7120	1	1.0
1409	7121	1	1.0
1409	7122	1	1.0
1411	7123	1	1.0
1411	7124	1	1.0
1411	7125	1	1.0
2298	7125	1	1.0
1411	7126	1	1.0
1801	7126	1	1.0
2345	7126	1	1.0
1412	7127	1	1.0
1412	7128	1	1.0
2676	7128	1	1.0
1412	7129	1	1.0
1412	7130	1	1.0
1413	7131	1	1.0
1413	7132	1	1.0
1413	7133	1	1.0
1413	7134	1	1.0
1413	7135	1	1.0
1413	7136	1	1.0
1413	7137	1	1.0
1413	7138	1	1.0
1413	7139	1	1.0
1413	7140	1	1.0
1413	7141	1	1.0
1413	7142	1	1.0
1414	7143	1	1.0
2532	7143	1	1.0
1414	7144	1	1.0
2532	7144	1	1.0
1416	7145	1	1.0
2157	7145	1	1.0
1417	7146	1	1.0
1417	7147	1	1.0
1417	7148	1	1.0
1446	7148	1	1.0
1417	7149	1	1.0
1417	7150	1	1.0
1418	7151	1	1.0
2649	7151	1	1.0
1418	7152	1	1.0
1418	7153	1	1.0
2642	7153	1	1.0
1418	7154	1	1.0
1418	7155	1	1.0
1418	7156	1	1.0
1419	7157	1	1.0
1419	7158	1	1.0
1419	7159	1	1.0
1420	7160	1	1.0
1981	7160	1	1.0
1420	7161	1	1.0
1421	7162	1	1.0
1422	7163	1	1.0
2228	7163	1	1.0
1422	7164	1	1.0
2228	7164	1	1.0
1423	7165	1	1.0
1423	7166	1	1.0
1423	7167	1	1.0
1423	7168	1	1.0
1424	7169	1	1.0
1424	7170	1	1.0
1424	7171	1	1.0
1425	7172	1	1.0
1425	7173	1	1.0
1426	7174	1	1.0
1426	7175	1	1.0
1455	7175	1	1.0
1790	7175	1	1.0
1427	7176	1	1.0
1427	7177	1	1.0
1428	7178	1	1.0
1429	7179	1	1.0
1429	7180	1	1.0
1487	7180	1	1.0
1429	7181	1	1.0
1487	7181	1	1.0
1545	7181	1	1.0
1430	7182	1	1.0
1430	7183	1	1.0
1430	7184	1	1.0
1431	7185	1	1.0
1431	7186	1	1.0
1431	7187	1	1.0
1431	7188	1	1.0
1432	7189	1	1.0
1432	7190	1	1.0
1432	7191	1	1.0
1433	7192	1	1.0
1433	7193	1	1.0
1433	7194	1	1.0
1434	7195	1	1.0
1434	7196	1	1.0
2353	7196	1	1.0
2396	7196	1	1.0
1435	7197	1	1.0
1435	7198	1	1.0
1436	7199	1	1.0
1629	7199	1	1.0
2016	7199	1	1.0
1436	7200	1	1.0
1555	7200	1	1.0
1582	7200	1	1.0
1608	7200	1	1.0
1629	7200	1	1.0
1949	7200	1	1.0
2016	7200	1	1.0
2255	7200	1	1.0
1437	7201	1	1.0
1437	7202	1	1.0
1437	7203	1	1.0
1437	7204	1	1.0
1886	7204	1	1.0
1437	7205	1	1.0
1438	7206	1	1.0
2057	7206	1	1.0
1438	7207	1	1.0
1673	7207	1	1.0
1926	7207	1	1.0
2057	7207	1	1.0
2370	7207	1	1.0
2400	7207	1	1.0
1438	7208	1	1.0
1439	7209	1	1.0
1478	7209	1	1.0
2210	7209	1	1.0
2412	7209	1	1.0
2546	7209	1	1.0
1440	7210	1	1.0
1440	7211	1	1.0
1440	7212	1	1.0
1440	7213	1	1.0
1440	7214	1	1.0
1440	7215	1	1.0
1441	7216	1	1.0
1441	7217	1	1.0
1441	7218	1	1.0
1442	7219	1	1.0
1442	7220	1	1.0
1443	7221	1	1.0
1443	7222	1	1.0
1444	7223	1	1.0
1603	7223	1	1.0
1444	7224	1	1.0
1444	7225	1	1.0
1603	7225	1	1.0
1444	7226	1	1.0
1849	7226	1	1.0
1445	7227	1	1.0
2392	7227	1	1.0
1445	7228	1	1.0
1445	7229	1	1.0
1445	7230	1	1.0
1445	7231	1	1.0
1445	7232	1	1.0
2183	7232	1	1.0
2392	7232	1	1.0
1446	7233	1	1.0
1446	7234	1	1.0
2015	7234	1	1.0
2498	7234	1	1.0
1447	7235	1	1.0
1447	7236	1	1.0
1448	7237	1	1.0
1448	7238	1	1.0
1448	7239	1	1.0
1449	7240	1	1.0
1451	7241	1	1.0
1451	7242	1	1.0
1451	7243	1	1.0
1452	7244	1	1.0
2422	7244	1	1.0
1453	7245	1	1.0
1453	7246	1	1.0
1453	7247	1	1.0
1453	7248	1	1.0
1453	7249	1	1.0
1454	7250	1	1.0
2108	7250	1	1.0
1455	7251	1	1.0
1790	7251	1	1.0
1455	7252	1	1.0
1790	7252	1	1.0
1456	7253	1	1.0
1456	7254	1	1.0
1456	7255	1	1.0
1459	7256	1	1.0
1459	7257	1	1.0
2201	7257	1	1.0
1459	7258	1	1.0
1459	7259	1	1.0
2201	7259	1	1.0
1459	7260	1	1.0
1460	7261	1	1.0
2249	7261	1	1.0
1460	7262	1	1.0
1460	7263	1	1.0
1460	7264	1	1.0
1460	7265	1	1.0
1460	7266	1	1.0
2249	7266	1	1.0
1462	7267	1	1.0
2303	7267	1	1.0
1463	7268	1	1.0
1463	7269	1	1.0
2623	7269	1	1.0
1464	7270	1	1.0
1465	7271	1	1.0
1465	7272	1	1.0
1466	7273	1	1.0
1466	7274	1	1.0
1466	7275	1	1.0
1586	7275	1	1.0
1592	7275	1	1.0
1595	7275	1	1.0
1841	7275	1	1.0
1466	7276	1	1.0
1466	7277	1	1.0
1466	7278	1	1.0
1467	7279	1	1.0
1467	7280	1	1.0
1467	7281	1	1.0
1468	7282	1	1.0
1468	7283	1	1.0
1468	7284	1	1.0
1468	7285	1	1.0
1468	7286	1	1.0
1468	7287	1	1.0
1469	7288	1	1.0
1469	7289	1	1.0
1469	7290	1	1.0
1469	7291	1	1.0
1469	7292	1	1.0
1470	7293	1	1.0
1470	7294	1	1.0
1471	7295	1	1.0
1472	7296	1	1.0
1472	7297	1	1.0
1473	7298	1	1.0
1473	7299	1	1.0
1474	7300	1	1.0
1633	7300	1	1.0
2526	7300	1	1.0
1474	7301	1	1.0
1474	7302	1	1.0
1475	7303	1	1.0
1475	7304	1	1.0
1476	7305	1	1.0
1477	7306	1	1.0
1479	7307	1	1.0
1479	7308	1	1.0
1479	7309	1	1.0
1888	7309	1	1.0
1479	7310	1	1.0
1888	7310	1	1.0
1479	7311	1	1.0
1888	7311	1	1.0
1480	7312	1	1.0
1480	7313	1	1.0
1480	7314	1	1.0
1480	7315	1	1.0
1480	7316	1	1.0
1481	7317	1	1.0
1762	7317	1	1.0
1482	7318	1	1.0
1482	7319	1	1.0
1482	7320	1	1.0
1482	7321	1	1.0
1485	7322	1	1.0
1485	7323	1	1.0
1485	7324	1	1.0
1485	7325	1	1.0
1485	7326	1	1.0
1486	7327	1	1.0
1486	7328	1	1.0
1486	7329	1	1.0
1486	7330	1	1.0
1524	7330	1	1.0
1486	7331	1	1.0
1486	7332	1	1.0
1486	7333	1	1.0
2609	7333	1	1.0
1488	7334	1	1.0
1488	7335	1	1.0
1488	7336	1	1.0
1489	7337	1	1.0
1489	7338	1	1.0
1490	7339	1	1.0
1490	7340	1	1.0
1800	7340	1	1.0
1490	7341	1	1.0
1797	7341	1	1.0
1800	7341	1	1.0
1491	7342	1	1.0
1492	7343	1	1.0
1493	7344	1	1.0
1683	7344	1	1.0
2245	7344	1	1.0
2509	7344	1	1.0
1493	7345	1	1.0
1493	7346	1	1.0
2509	7346	1	1.0
1493	7347	1	1.0
1683	7347	1	1.0
1493	7348	1	1.0
2509	7348	1	1.0
1494	7349	1	1.0
1494	7350	1	1.0
1495	7351	1	1.0
1495	7352	1	1.0
1496	7353	1	1.0
1496	7354	1	1.0
1496	7355	1	1.0
1496	7356	1	1.0
1496	7357	1	1.0
1496	7358	1	1.0
1497	7359	1	1.0
1497	7360	1	1.0
1498	7361	1	1.0
1498	7362	1	1.0
1498	7363	1	1.0
1498	7364	1	1.0
1498	7365	1	1.0
1498	7366	1	1.0
1498	7367	1	1.0
1498	7368	1	1.0
1499	7369	1	1.0
1499	7370	1	1.0
1499	7371	1	1.0
1499	7372	1	1.0
1499	7373	1	1.0
1500	7374	1	1.0
1500	7375	1	1.0
1500	7376	1	1.0
1504	7377	1	1.0
1504	7378	1	1.0
1505	7379	1	1.0
1506	7380	1	1.0
1506	7381	1	1.0
1506	7382	1	1.0
1506	7383	1	1.0
1506	7384	1	1.0
1507	7385	1	1.0
1508	7386	1	1.0
1508	7387	1	1.0
1508	7388	1	1.0
1508	7389	1	1.0
1508	7390	1	1.0
1508	7391	1	1.0
1778	7391	1	1.0
2371	7391	1	1.0
1508	7392	1	1.0
1508	7393	1	1.0
1508	7394	1	1.0
1508	7395	1	1.0
2757	7395	1	1.0
1508	7396	1	1.0
1509	7397	1	1.0
1509	7398	1	1.0
2202	7398	1	1.0
1510	7399	1	1.0
1510	7400	1	1.0
1510	7401	1	1.0
1511	7402	1	1.0
1511	7403	1	1.0
1806	7403	1	1.0
1832	7403	1	1.0
1967	7403	1	1.0
2399	7403	1	1.0
1511	7404	1	1.0
1740	7404	1	1.0
1806	7404	1	1.0
1832	7404	1	1.0
1967	7404	1	1.0
1512	7405	1	1.0
1512	7406	1	1.0
1512	7407	1	1.0
1513	7408	1	1.0
1513	7409	1	1.0
1513	7410	1	1.0
2377	7410	1	1.0
1515	7411	1	1.0
1516	7412	1	1.0
1696	7412	1	1.0
1516	7413	1	1.0
1696	7413	1	1.0
1516	7414	1	1.0
1696	7414	1	1.0
1517	7415	1	1.0
1517	7416	1	1.0
1517	7417	1	1.0
1517	7418	1	1.0
1517	7419	1	1.0
1518	7420	1	1.0
1518	7421	1	1.0
1518	7422	1	1.0
1518	7423	1	1.0
1518	7424	1	1.0
1519	7425	1	1.0
1951	7425	1	1.0
1519	7426	1	1.0
1951	7426	1	1.0
1519	7427	1	1.0
2144	7427	1	1.0
2254	7427	1	1.0
1520	7428	1	1.0
1876	7428	1	1.0
1520	7429	1	1.0
1876	7429	1	1.0
1520	7430	1	1.0
1861	7430	1	1.0
1876	7430	1	1.0
1523	7431	1	1.0
1523	7432	1	1.0
1523	7433	1	1.0
1523	7434	1	1.0
1523	7435	1	1.0
1830	7435	1	1.0
1524	7436	1	1.0
1524	7437	1	1.0
1526	7438	1	1.0
1526	7439	1	1.0
1526	7440	1	1.0
1527	7441	1	1.0
1527	7442	1	1.0
1528	7443	1	1.0
2312	7443	1	1.0
1528	7444	1	1.0
1528	7445	1	1.0
1529	7446	1	1.0
1529	7447	1	1.0
1529	7448	1	1.0
1529	7449	1	1.0
1529	7450	1	1.0
1530	7451	1	1.0
1530	7452	1	1.0
1532	7453	1	1.0
1532	7454	1	1.0
1532	7455	1	1.0
1532	7456	1	1.0
1532	7457	1	1.0
1532	7458	1	1.0
1532	7459	1	1.0
1532	7460	1	1.0
1532	7461	1	1.0
1532	7462	1	1.0
1856	7462	1	1.0
1532	7463	1	1.0
1532	7464	1	1.0
1532	7465	1	1.0
1532	7466	1	1.0
1532	7467	1	1.0
1533	7468	1	1.0
1638	7468	1	1.0
2081	7468	1	1.0
2253	7468	1	1.0
2758	7468	1	1.0
1533	7469	1	1.0
1534	7470	1	1.0
1534	7471	1	1.0
1535	7472	1	1.0
1536	7473	1	1.0
1536	7474	1	1.0
1538	7475	1	1.0
1538	7476	1	1.0
1539	7477	1	1.0
1540	7478	1	1.0
1540	7479	1	1.0
1540	7480	1	1.0
1540	7481	1	1.0
1540	7482	1	1.0
1540	7483	1	1.0
1541	7484	1	1.0
1542	7485	1	1.0
1542	7486	1	1.0
1542	7487	1	1.0
1542	7488	1	1.0
1542	7489	1	1.0
1542	7490	1	1.0
1542	7491	1	1.0
1543	7492	1	1.0
1622	7492	1	1.0
1543	7493	1	1.0
1551	7493	1	1.0
1622	7493	1	1.0
1544	7494	1	1.0
2268	7494	1	1.0
1547	7495	1	1.0
1547	7496	1	1.0
1547	7497	1	1.0
1547	7498	1	1.0
1547	7499	1	1.0
2597	7499	1	1.0
1547	7500	1	1.0
1548	7501	1	1.0
1548	7502	1	1.0
1548	7503	1	1.0
1548	7504	1	1.0
1548	7505	1	1.0
1549	7506	1	1.0
1549	7507	1	1.0
1550	7508	1	1.0
1693	7508	1	1.0
1550	7509	1	1.0
1693	7509	1	1.0
1550	7510	1	1.0
1693	7510	1	1.0
1551	7511	1	1.0
1551	7512	1	1.0
1675	7512	1	1.0
1552	7513	1	1.0
2021	7513	1	1.0
1552	7514	1	1.0
1553	7515	1	1.0
1553	7516	1	1.0
1553	7517	1	1.0
1573	7517	1	1.0
1554	7518	1	1.0
1554	7519	1	1.0
1554	7520	1	1.0
1554	7521	1	1.0
1555	7522	1	1.0
1557	7523	1	1.0
1557	7524	1	1.0
1558	7525	1	1.0
1559	7526	1	1.0
2310	7526	1	1.0
1560	7527	1	1.0
1560	7528	1	1.0
1560	7529	1	1.0
1560	7530	1	1.0
1560	7531	1	1.0
1560	7532	1	1.0
1765	7532	1	1.0
1561	7533	1	1.0
1561	7534	1	1.0
1562	7535	1	1.0
1563	7536	1	1.0
2320	7536	1	1.0
1563	7537	1	1.0
1563	7538	1	1.0
1563	7539	1	1.0
1563	7540	1	1.0
1564	7541	1	1.0
1565	7542	1	1.0
1566	7543	1	1.0
2221	7543	1	1.0
1566	7544	1	1.0
1567	7545	1	1.0
1567	7546	1	1.0
1568	7547	1	1.0
1569	7548	1	1.0
2008	7548	1	1.0
1570	7549	1	1.0
1570	7550	1	1.0
1571	7551	1	1.0
1571	7552	1	1.0
1571	7553	1	1.0
1572	7554	1	1.0
1966	7554	1	1.0
2568	7554	1	1.0
1572	7555	1	1.0
1966	7555	1	1.0
2568	7555	1	1.0
1573	7556	1	1.0
1573	7557	1	1.0
1574	7558	1	1.0
1574	7559	1	1.0
1762	7559	1	1.0
1574	7560	1	1.0
2100	7560	1	1.0
1574	7561	1	1.0
1575	7562	1	1.0
1575	7563	1	1.0
1576	7564	1	1.0
1577	7565	1	1.0
1577	7566	1	1.0
1577	7567	1	1.0
1578	7568	1	1.0
1578	7569	1	1.0
1578	7570	1	1.0
1578	7571	1	1.0
1579	7572	1	1.0
1579	7573	1	1.0
1579	7574	1	1.0
1580	7575	1	1.0
1582	7576	1	1.0
1608	7576	1	1.0
1582	7577	1	1.0
1583	7578	1	1.0
1584	7579	1	1.0
1584	7580	1	1.0
1584	7581	1	1.0
2286	7581	1	1.0
1584	7582	1	1.0
1584	7583	1	1.0
2427	7583	1	1.0
1585	7584	1	1.0
1585	7585	1	1.0
1586	7586	1	1.0
1595	7586	1	1.0
1586	7587	1	1.0
1595	7587	1	1.0
1841	7587	1	1.0
2105	7587	1	1.0
1586	7588	1	1.0
1841	7588	1	1.0
1586	7589	1	1.0
1587	7590	1	1.0
1587	7591	1	1.0
1587	7592	1	1.0
1587	7593	1	1.0
1587	7594	1	1.0
1587	7595	1	1.0
1587	7596	1	1.0
1587	7597	1	1.0
1588	7598	1	1.0
1589	7599	1	1.0
1589	7600	1	1.0
1590	7601	1	1.0
1591	7602	1	1.0
1592	7603	1	1.0
1593	7604	1	1.0
1593	7605	1	1.0
1594	7606	1	1.0
1594	7607	1	1.0
1594	7608	1	1.0
1594	7609	1	1.0
1596	7610	1	1.0
1596	7611	1	1.0
1596	7612	1	1.0
1596	7613	1	1.0
1596	7614	1	1.0
1597	7615	1	1.0
1598	7616	1	1.0
1598	7617	1	1.0
1599	7618	1	1.0
1599	7619	1	1.0
1599	7620	1	1.0
1600	7621	1	1.0
1600	7622	1	1.0
1601	7623	1	1.0
1601	7624	1	1.0
1601	7625	1	1.0
1602	7626	1	1.0
1602	7627	1	1.0
1786	7627	1	1.0
1603	7628	1	1.0
1603	7629	1	1.0
1925	7629	1	1.0
1604	7630	1	1.0
1604	7631	1	1.0
1604	7632	1	1.0
1604	7633	1	1.0
1605	7634	1	1.0
1605	7635	1	1.0
1606	7636	1	1.0
1606	7637	1	1.0
1606	7638	1	1.0
1606	7639	1	1.0
1606	7640	1	1.0
1606	7641	1	1.0
1607	7642	1	1.0
1607	7643	1	1.0
1608	7644	1	1.0
1609	7645	1	1.0
1609	7646	1	1.0
1611	7647	1	1.0
1612	7648	1	1.0
1612	7649	1	1.0
1612	7650	1	1.0
2415	7650	1	1.0
1612	7651	1	1.0
2415	7651	1	1.0
1613	7652	1	1.0
1614	7653	1	1.0
1614	7654	1	1.0
1614	7655	1	1.0
1614	7656	1	1.0
1615	7657	1	1.0
1616	7658	1	1.0
2217	7658	1	1.0
2691	7658	1	1.0
1617	7659	1	1.0
1617	7660	1	1.0
1769	7660	1	1.0
2248	7660	1	1.0
1618	7661	1	1.0
1618	7662	1	1.0
1618	7663	1	1.0
1619	7664	1	1.0
1623	7665	1	1.0
1625	7666	1	1.0
1625	7667	1	1.0
1625	7668	1	1.0
1625	7669	1	1.0
1625	7670	1	1.0
1626	7671	1	1.0
1626	7672	1	1.0
1626	7673	1	1.0
1627	7674	1	1.0
1628	7675	1	1.0
1855	7675	1	1.0
1628	7676	1	1.0
2246	7676	1	1.0
1628	7677	1	1.0
1630	7678	1	1.0
1637	7678	1	1.0
2746	7678	1	1.0
1631	7679	1	1.0
1631	7680	1	1.0
1631	7681	1	1.0
1631	7682	1	1.0
1632	7683	1	1.0
1632	7684	1	1.0
1632	7685	1	1.0
1633	7686	1	1.0
1634	7687	1	1.0
1634	7688	1	1.0
1634	7689	1	1.0
1634	7690	1	1.0
1636	7691	1	1.0
1636	7692	1	1.0
1636	7693	1	1.0
1636	7694	1	1.0
1636	7695	1	1.0
1639	7696	1	1.0
1640	7697	1	1.0
1640	7698	1	1.0
1640	7699	1	1.0
2485	7699	1	1.0
1640	7700	1	1.0
2485	7700	1	1.0
1640	7701	1	1.0
1641	7702	1	1.0
1641	7703	1	1.0
1641	7704	1	1.0
1642	7705	1	1.0
1642	7706	1	1.0
1643	7707	1	1.0
1643	7708	1	1.0
1643	7709	1	1.0
1644	7710	1	1.0
1988	7710	1	1.0
2083	7710	1	1.0
1644	7711	1	1.0
1988	7711	1	1.0
2083	7711	1	1.0
2264	7711	1	1.0
2410	7711	1	1.0
2470	7711	1	1.0
1646	7712	1	1.0
2159	7712	1	1.0
2573	7712	1	1.0
1646	7713	1	1.0
2159	7713	1	1.0
1648	7714	1	1.0
2073	7714	1	1.0
1648	7715	1	1.0
2073	7715	1	1.0
1648	7716	1	1.0
2073	7716	1	1.0
1648	7717	1	1.0
1648	7718	1	1.0
2073	7718	1	1.0
1649	7719	1	1.0
1649	7720	1	1.0
1650	7721	1	1.0
1650	7722	1	1.0
1650	7723	1	1.0
1650	7724	1	1.0
1650	7725	1	1.0
1651	7726	1	1.0
2451	7726	1	1.0
1651	7727	1	1.0
2451	7727	1	1.0
1653	7728	1	1.0
2608	7728	1	1.0
1653	7729	1	1.0
1653	7730	1	1.0
1653	7731	1	1.0
1653	7732	1	1.0
2593	7732	1	1.0
1654	7733	1	1.0
1674	7733	1	1.0
1655	7734	1	1.0
1656	7735	1	1.0
1656	7736	1	1.0
1656	7737	1	1.0
1657	7738	1	1.0
1657	7739	1	1.0
1657	7740	1	1.0
1657	7741	1	1.0
1657	7742	1	1.0
1657	7743	1	1.0
1657	7744	1	1.0
1658	7745	1	1.0
2058	7745	1	1.0
1659	7746	1	1.0
1659	7747	1	1.0
1660	7748	1	1.0
1660	7749	1	1.0
1660	7750	1	1.0
1660	7751	1	1.0
1661	7752	1	1.0
1661	7753	1	1.0
1661	7754	1	1.0
1662	7755	1	1.0
1948	7755	1	1.0
1663	7756	1	1.0
1664	7757	1	1.0
1664	7758	1	1.0
1665	7759	1	1.0
1665	7760	1	1.0
1666	7761	1	1.0
2306	7761	1	1.0
1667	7762	1	1.0
1667	7763	1	1.0
1669	7764	1	1.0
1669	7765	1	1.0
1670	7766	1	1.0
1670	7767	1	1.0
1671	7768	1	1.0
1671	7769	1	1.0
1672	7770	1	1.0
1673	7771	1	1.0
1673	7772	1	1.0
2370	7772	1	1.0
1674	7773	1	1.0
1774	7773	1	1.0
1675	7774	1	1.0
1675	7775	1	1.0
1676	7776	1	1.0
1677	7777	1	1.0
1677	7778	1	1.0
1677	7779	1	1.0
1678	7780	1	1.0
1678	7781	1	1.0
1678	7782	1	1.0
1679	7783	1	1.0
1679	7784	1	1.0
1679	7785	1	1.0
1679	7786	1	1.0
1679	7787	1	1.0
1680	7788	1	1.0
1680	7789	1	1.0
1681	7790	1	1.0
1822	7790	1	1.0
1681	7791	1	1.0
1822	7791	1	1.0
1682	7792	1	1.0
1682	7793	1	1.0
1683	7794	1	1.0
1683	7795	1	1.0
1683	7796	1	1.0
1683	7797	1	1.0
1684	7798	1	1.0
1684	7799	1	1.0
1684	7800	1	1.0
1684	7801	1	1.0
1684	7802	1	1.0
1686	7803	1	1.0
1686	7804	1	1.0
1686	7805	1	1.0
1686	7806	1	1.0
1687	7807	1	1.0
1687	7808	1	1.0
1688	7809	1	1.0
1688	7810	1	1.0
2145	7810	1	1.0
2421	7810	1	1.0
2730	7810	1	1.0
1689	7811	1	1.0
1689	7812	1	1.0
2094	7812	1	1.0
1691	7813	1	1.0
1692	7814	1	1.0
1692	7815	1	1.0
1842	7815	1	1.0
2445	7815	1	1.0
1694	7816	1	1.0
1695	7817	1	1.0
1696	7818	1	1.0
1697	7819	1	1.0
1697	7820	1	1.0
1697	7821	1	1.0
1698	7822	1	1.0
1699	7823	1	1.0
1700	7824	1	1.0
1701	7825	1	1.0
1701	7826	1	1.0
1701	7827	1	1.0
2750	7827	1	1.0
1701	7828	1	1.0
1702	7829	1	1.0
1702	7830	1	1.0
1703	7831	1	1.0
1703	7832	1	1.0
1704	7833	1	1.0
1704	7834	1	1.0
1704	7835	1	1.0
1705	7836	1	1.0
1705	7837	1	1.0
1706	7838	1	1.0
1706	7839	1	1.0
2392	7839	1	1.0
2707	7839	1	1.0
1707	7840	1	1.0
2210	7840	1	1.0
2412	7840	1	1.0
2537	7840	1	1.0
1707	7841	1	1.0
1708	7842	1	1.0
2459	7842	1	1.0
1708	7843	1	1.0
1709	7844	1	1.0
1789	7844	1	1.0
2001	7844	1	1.0
1709	7845	1	1.0
1789	7845	1	1.0
1709	7846	1	1.0
2001	7846	1	1.0
1710	7847	1	1.0
1711	7848	1	1.0
2141	7848	1	1.0
1711	7849	1	1.0
2141	7849	1	1.0
1712	7850	1	1.0
1712	7851	1	1.0
1713	7852	1	1.0
1713	7853	1	1.0
1713	7854	1	1.0
1713	7855	1	1.0
1713	7856	1	1.0
1713	7857	1	1.0
1713	7858	1	1.0
1714	7859	1	1.0
1714	7860	1	1.0
1714	7861	1	1.0
1715	7862	1	1.0
1715	7863	1	1.0
1715	7864	1	1.0
2702	7864	1	1.0
1715	7865	1	1.0
1715	7866	1	1.0
1716	7867	1	1.0
1718	7868	1	1.0
1718	7869	1	1.0
2070	7869	1	1.0
1719	7870	1	1.0
1719	7871	1	1.0
1719	7872	1	1.0
1719	7873	1	1.0
1719	7874	1	1.0
1720	7875	1	1.0
1721	7876	1	1.0
1721	7877	1	1.0
1721	7878	1	1.0
1722	7879	1	1.0
1722	7880	1	1.0
2733	7880	1	1.0
1722	7881	1	1.0
1722	7882	1	1.0
1723	7883	1	1.0
1875	7883	1	1.0
1723	7884	1	1.0
1723	7885	1	1.0
1724	7886	1	1.0
1724	7887	1	1.0
1724	7888	1	1.0
2148	7888	1	1.0
1725	7889	1	1.0
1725	7890	1	1.0
2722	7890	1	1.0
1725	7891	1	1.0
2722	7891	1	1.0
1726	7892	1	1.0
1726	7893	1	1.0
1726	7894	1	1.0
1726	7895	1	1.0
1727	7896	1	1.0
1727	7897	1	1.0
1727	7898	1	1.0
1727	7899	1	1.0
1727	7900	1	1.0
1727	7901	1	1.0
1849	7901	1	1.0
1728	7902	1	1.0
1729	7903	1	1.0
1729	7904	1	1.0
1730	7905	1	1.0
1730	7906	1	1.0
1730	7907	1	1.0
1732	7908	1	1.0
1732	7909	1	1.0
1732	7910	1	1.0
1928	7910	1	1.0
1732	7911	1	1.0
1733	7912	1	1.0
1733	7913	1	1.0
1733	7914	1	1.0
1733	7915	1	1.0
2055	7915	1	1.0
2077	7915	1	1.0
1735	7916	1	1.0
1736	7917	1	1.0
1737	7918	1	1.0
2149	7918	1	1.0
1737	7919	1	1.0
2149	7919	1	1.0
1738	7920	1	1.0
1738	7921	1	1.0
1738	7922	1	1.0
1739	7923	1	1.0
1996	7923	1	1.0
2659	7923	1	1.0
1740	7924	1	1.0
1742	7925	1	1.0
1742	7926	1	1.0
1743	7927	1	1.0
1743	7928	1	1.0
1744	7929	1	1.0
1744	7930	1	1.0
1744	7931	1	1.0
1744	7932	1	1.0
1744	7933	1	1.0
1744	7934	1	1.0
1745	7935	1	1.0
1745	7936	1	1.0
1745	7937	1	1.0
1745	7938	1	1.0
1745	7939	1	1.0
1745	7940	1	1.0
1745	7941	1	1.0
1745	7942	1	1.0
1747	7943	1	1.0
1748	7944	1	1.0
1748	7945	1	1.0
1749	7946	1	1.0
1749	7947	1	1.0
1957	7947	1	1.0
1750	7948	1	1.0
1750	7949	1	1.0
1750	7950	1	1.0
1750	7951	1	1.0
2431	7951	1	1.0
1750	7952	1	1.0
1751	7953	1	1.0
1751	7954	1	1.0
1751	7955	1	1.0
1752	7956	1	1.0
1753	7957	1	1.0
1753	7958	1	1.0
1753	7959	1	1.0
1753	7960	1	1.0
1754	7961	1	1.0
1754	7962	1	1.0
1754	7963	1	1.0
1754	7964	1	1.0
1754	7965	1	1.0
1754	7966	1	1.0
1754	7967	1	1.0
1754	7968	1	1.0
1754	7969	1	1.0
1754	7970	1	1.0
1754	7971	1	1.0
1754	7972	1	1.0
1754	7973	1	1.0
1754	7974	1	1.0
1754	7975	1	1.0
1754	7976	1	1.0
1754	7977	1	1.0
1754	7978	1	1.0
1755	7979	1	1.0
1755	7980	1	1.0
1756	7981	1	1.0
1756	7982	1	1.0
1757	7983	1	1.0
1757	7984	1	1.0
1757	7985	1	1.0
1757	7986	1	1.0
1757	7987	1	1.0
1758	7988	1	1.0
1758	7989	1	1.0
1758	7990	1	1.0
1759	7991	1	1.0
1759	7992	1	1.0
1759	7993	1	1.0
1759	7994	1	1.0
1759	7995	1	1.0
1760	7996	1	1.0
1760	7997	1	1.0
1760	7998	1	1.0
1760	7999	1	1.0
1761	8000	1	1.0
1761	8001	1	1.0
2674	8001	1	1.0
1761	8002	1	1.0
2674	8002	1	1.0
1763	8003	1	1.0
1764	8004	1	1.0
1764	8005	1	1.0
1764	8006	1	1.0
1764	8007	1	1.0
1765	8008	1	1.0
1765	8009	1	1.0
1765	8010	1	1.0
1765	8011	1	1.0
1765	8012	1	1.0
1766	8013	1	1.0
1767	8014	1	1.0
2436	8014	1	1.0
1767	8015	1	1.0
1767	8016	1	1.0
2436	8016	1	1.0
1768	8017	1	1.0
1768	8018	1	1.0
1769	8019	1	1.0
1770	8020	1	1.0
1770	8021	1	1.0
2227	8021	1	1.0
2452	8021	1	1.0
2595	8021	1	1.0
1770	8022	1	1.0
1770	8023	1	1.0
1913	8023	1	1.0
2047	8023	1	1.0
2227	8023	1	1.0
2503	8023	1	1.0
2530	8023	1	1.0
1771	8024	1	1.0
1771	8025	1	1.0
1772	8026	1	1.0
1772	8027	1	1.0
1774	8028	1	1.0
1774	8029	1	1.0
1774	8030	1	1.0
1774	8031	1	1.0
1775	8032	1	1.0
1775	8033	1	1.0
1776	8034	1	1.0
1936	8034	1	1.0
1776	8035	1	1.0
1776	8036	1	1.0
1776	8037	1	1.0
1777	8038	1	1.0
2315	8038	1	1.0
1777	8039	1	1.0
1777	8040	1	1.0
1778	8041	1	1.0
1778	8042	1	1.0
1778	8043	1	1.0
1778	8044	1	1.0
1778	8045	1	1.0
1779	8046	1	1.0
2231	8046	1	1.0
2582	8046	1	1.0
1779	8047	1	1.0
1871	8047	1	1.0
2231	8047	1	1.0
2434	8047	1	1.0
2656	8047	1	1.0
1779	8048	1	1.0
2231	8048	1	1.0
1780	8049	1	1.0
1780	8050	1	1.0
1780	8051	1	1.0
1781	8052	1	1.0
1781	8053	1	1.0
2354	8053	1	1.0
1781	8054	1	1.0
2354	8054	1	1.0
1781	8055	1	1.0
1782	8056	1	1.0
1782	8057	1	1.0
1782	8058	1	1.0
1783	8059	1	1.0
1783	8060	1	1.0
1783	8061	1	1.0
1783	8062	1	1.0
1784	8063	1	1.0
1784	8064	1	1.0
1784	8065	1	1.0
1786	8066	1	1.0
1786	8067	1	1.0
1787	8068	1	1.0
1788	8069	1	1.0
1788	8070	1	1.0
1788	8071	1	1.0
1788	8072	1	1.0
2732	8072	1	1.0
1791	8073	1	1.0
1791	8074	1	1.0
2192	8074	1	1.0
1791	8075	1	1.0
1791	8076	1	1.0
1791	8077	1	1.0
1792	8078	1	1.0
2283	8078	1	1.0
1792	8079	1	1.0
1792	8080	1	1.0
1792	8081	1	1.0
1792	8082	1	1.0
1793	8083	1	1.0
1794	8084	1	1.0
1794	8085	1	1.0
1794	8086	1	1.0
1795	8087	1	1.0
1795	8088	1	1.0
1795	8089	1	1.0
1796	8090	1	1.0
1796	8091	1	1.0
1797	8092	1	1.0
1797	8093	1	1.0
1797	8094	1	1.0
1797	8095	1	1.0
1800	8095	1	1.0
1798	8096	1	1.0
1798	8097	1	1.0
1798	8098	1	1.0
1800	8099	1	1.0
1800	8100	1	1.0
1802	8101	1	1.0
1802	8102	1	1.0
1802	8103	1	1.0
1802	8104	1	1.0
1803	8105	1	1.0
1803	8106	1	1.0
1803	8107	1	1.0
1805	8108	1	1.0
1806	8109	1	1.0
2399	8109	1	1.0
1806	8110	1	1.0
1806	8111	1	1.0
1807	8112	1	1.0
1807	8113	1	1.0
1807	8114	1	1.0
1808	8115	1	1.0
1810	8116	1	1.0
1810	8117	1	1.0
1810	8118	1	1.0
1810	8119	1	1.0
1810	8120	1	1.0
1811	8121	1	1.0
1811	8122	1	1.0
1811	8123	1	1.0
1811	8124	1	1.0
1811	8125	1	1.0
1811	8126	1	1.0
1812	8127	1	1.0
1812	8128	1	1.0
1812	8129	1	1.0
1814	8130	1	1.0
2451	8130	1	1.0
1814	8131	1	1.0
1814	8132	1	1.0
1814	8133	1	1.0
1814	8134	1	1.0
1814	8135	1	1.0
1814	8136	1	1.0
1814	8137	1	1.0
1814	8138	1	1.0
1814	8139	1	1.0
1815	8140	1	1.0
1815	8141	1	1.0
1815	8142	1	1.0
1815	8143	1	1.0
1816	8144	1	1.0
1818	8145	1	1.0
1818	8146	1	1.0
1819	8147	1	1.0
1819	8148	1	1.0
1819	8149	1	1.0
1821	8150	1	1.0
1821	8151	1	1.0
1821	8152	1	1.0
1821	8153	1	1.0
1821	8154	1	1.0
1823	8155	1	1.0
1823	8156	1	1.0
1823	8157	1	1.0
1823	8158	1	1.0
1823	8159	1	1.0
1824	8160	1	1.0
1824	8161	1	1.0
1825	8162	1	1.0
1825	8163	1	1.0
2520	8163	1	1.0
1825	8164	1	1.0
1826	8165	1	1.0
1826	8166	1	1.0
1826	8167	1	1.0
1957	8167	1	1.0
1826	8168	1	1.0
1957	8168	1	1.0
1826	8169	1	1.0
1827	8170	1	1.0
1827	8171	1	1.0
1827	8172	1	1.0
1827	8173	1	1.0
1827	8174	1	1.0
1828	8175	1	1.0
2585	8175	1	1.0
1829	8176	1	1.0
1830	8177	1	1.0
2456	8177	1	1.0
1830	8178	1	1.0
1831	8179	1	1.0
1831	8180	1	1.0
1832	8181	1	1.0
2302	8181	1	1.0
1833	8182	1	1.0
1834	8183	1	1.0
1834	8184	1	1.0
1848	8184	1	1.0
1863	8184	1	1.0
1834	8185	1	1.0
1834	8186	1	1.0
1835	8187	1	1.0
1835	8188	1	1.0
1836	8189	1	1.0
1836	8190	1	1.0
2049	8190	1	1.0
1837	8191	1	1.0
1837	8192	1	1.0
1838	8193	1	1.0
1838	8194	1	1.0
2223	8194	1	1.0
1838	8195	1	1.0
2223	8195	1	1.0
1839	8196	1	1.0
1839	8197	1	1.0
1841	8198	1	1.0
1841	8199	1	1.0
2284	8199	1	1.0
1842	8200	1	1.0
1842	8201	1	1.0
1843	8202	1	1.0
1843	8203	1	1.0
1844	8204	1	1.0
1844	8205	1	1.0
1844	8206	1	1.0
1844	8207	1	1.0
1844	8208	1	1.0
1844	8209	1	1.0
1844	8210	1	1.0
1844	8211	1	1.0
1844	8212	1	1.0
1844	8213	1	1.0
1844	8214	1	1.0
1844	8215	1	1.0
1844	8216	1	1.0
1845	8217	1	1.0
1846	8218	1	1.0
1846	8219	1	1.0
1846	8220	1	1.0
1846	8221	1	1.0
1847	8222	1	1.0
1848	8223	1	1.0
1859	8223	1	1.0
1848	8224	1	1.0
1849	8225	1	1.0
1849	8226	1	1.0
1849	8227	1	1.0
1849	8228	1	1.0
1849	8229	1	1.0
1849	8230	1	1.0
1849	8231	1	1.0
1849	8232	1	1.0
1850	8233	1	1.0
1850	8234	1	1.0
1850	8235	1	1.0
1850	8236	1	1.0
1851	8237	1	1.0
2182	8237	1	1.0
1851	8238	1	1.0
2551	8238	1	1.0
1851	8239	1	1.0
1852	8240	1	1.0
2097	8240	1	1.0
2477	8240	1	1.0
1854	8241	1	1.0
1855	8242	1	1.0
1855	8243	1	1.0
1856	8244	1	1.0
1856	8245	1	1.0
1856	8246	1	1.0
1856	8247	1	1.0
1856	8248	1	1.0
1856	8249	1	1.0
1856	8250	1	1.0
1856	8251	1	1.0
1857	8252	1	1.0
1857	8253	1	1.0
1858	8254	1	1.0
1858	8255	1	1.0
1858	8256	1	1.0
1859	8257	1	1.0
1860	8258	1	1.0
1861	8259	1	1.0
1861	8260	1	1.0
1861	8261	1	1.0
1861	8262	1	1.0
1862	8263	1	1.0
1862	8264	1	1.0
1863	8265	1	1.0
1863	8266	1	1.0
1866	8267	1	1.0
1866	8268	1	1.0
1868	8269	1	1.0
1868	8270	1	1.0
1868	8271	1	1.0
1870	8272	1	1.0
2060	8272	1	1.0
2140	8272	1	1.0
1870	8273	1	1.0
2384	8273	1	1.0
1871	8274	1	1.0
1871	8275	1	1.0
2434	8275	1	1.0
2656	8275	1	1.0
1871	8276	1	1.0
1872	8277	1	1.0
1872	8278	1	1.0
1872	8279	1	1.0
1872	8280	1	1.0
1872	8281	1	1.0
1873	8282	1	1.0
1873	8283	1	1.0
1874	8284	1	1.0
1875	8285	1	1.0
2287	8285	1	1.0
1875	8286	1	1.0
1875	8287	1	1.0
2287	8287	1	1.0
1876	8288	1	1.0
2003	8288	1	1.0
1877	8289	1	1.0
1877	8290	1	1.0
2368	8290	1	1.0
2465	8290	1	1.0
1878	8291	1	1.0
1878	8292	1	1.0
1878	8293	1	1.0
1878	8294	1	1.0
1879	8295	1	1.0
1879	8296	1	1.0
1879	8297	1	1.0
2541	8297	1	1.0
1879	8298	1	1.0
2666	8298	1	1.0
1880	8299	1	1.0
1881	8300	1	1.0
1881	8301	1	1.0
1881	8302	1	1.0
1883	8303	1	1.0
1883	8304	1	1.0
1884	8305	1	1.0
1884	8306	1	1.0
1884	8307	1	1.0
1884	8308	1	1.0
1885	8309	1	1.0
1886	8310	1	1.0
1886	8311	1	1.0
1887	8312	1	1.0
1888	8313	1	1.0
2654	8313	1	1.0
1889	8314	1	1.0
1889	8315	1	1.0
1889	8316	1	1.0
1889	8317	1	1.0
1890	8318	1	1.0
1890	8319	1	1.0
1890	8320	1	1.0
1890	8321	1	1.0
1891	8322	1	1.0
1891	8323	1	1.0
1891	8324	1	1.0
1891	8325	1	1.0
1891	8326	1	1.0
1892	8327	1	1.0
1892	8328	1	1.0
1892	8329	1	1.0
1892	8330	1	1.0
1893	8331	1	1.0
1893	8332	1	1.0
1893	8333	1	1.0
1893	8334	1	1.0
1893	8335	1	1.0
1893	8336	1	1.0
1893	8337	1	1.0
1893	8338	1	1.0
1894	8339	1	1.0
1894	8340	1	1.0
1894	8341	1	1.0
1895	8342	1	1.0
1895	8343	1	1.0
2188	8343	1	1.0
1896	8344	1	1.0
1896	8345	1	1.0
1896	8346	1	1.0
1896	8347	1	1.0
1896	8348	1	1.0
1896	8349	1	1.0
1896	8350	1	1.0
1898	8351	1	1.0
1899	8352	1	1.0
1900	8353	1	1.0
1900	8354	1	1.0
1900	8355	1	1.0
1900	8356	1	1.0
1900	8357	1	1.0
1900	8358	1	1.0
1901	8359	1	1.0
1902	8360	1	1.0
1902	8361	1	1.0
1902	8362	1	1.0
1902	8363	1	1.0
1902	8364	1	1.0
1902	8365	1	1.0
1902	8366	1	1.0
1902	8367	1	1.0
1902	8368	1	1.0
1902	8369	1	1.0
1903	8370	1	1.0
1960	8370	1	1.0
1903	8371	1	1.0
1904	8372	1	1.0
1904	8373	1	1.0
1905	8374	1	1.0
1905	8375	1	1.0
1905	8376	1	1.0
1906	8377	1	1.0
1906	8378	1	1.0
1906	8379	1	1.0
1906	8380	1	1.0
1906	8381	1	1.0
1907	8382	1	1.0
1908	8383	1	1.0
1908	8384	1	1.0
1908	8385	1	1.0
2503	8385	1	1.0
2530	8385	1	1.0
2629	8385	1	1.0
1909	8386	1	1.0
1909	8387	1	1.0
1910	8388	1	1.0
1910	8389	1	1.0
1910	8390	1	1.0
1910	8391	1	1.0
1910	8392	1	1.0
1910	8393	1	1.0
1910	8394	1	1.0
1910	8395	1	1.0
1910	8396	1	1.0
1911	8397	1	1.0
1914	8398	1	1.0
1914	8399	1	1.0
1914	8400	1	1.0
1914	8401	1	1.0
1914	8402	1	1.0
1914	8403	1	1.0
1914	8404	1	1.0
1915	8405	1	1.0
1915	8406	1	1.0
2640	8406	1	1.0
1916	8407	1	1.0
2009	8407	1	1.0
1917	8408	1	1.0
1917	8409	1	1.0
1917	8410	1	1.0
1918	8411	1	1.0
1918	8412	1	1.0
1918	8413	1	1.0
1918	8414	1	1.0
1918	8415	1	1.0
1918	8416	1	1.0
1919	8417	1	1.0
1920	8418	1	1.0
1920	8419	1	1.0
1921	8420	1	1.0
1921	8421	1	1.0
2193	8421	1	1.0
1921	8422	1	1.0
1922	8423	1	1.0
1922	8424	1	1.0
1922	8425	1	1.0
1922	8426	1	1.0
2564	8426	1	1.0
1923	8427	1	1.0
1923	8428	1	1.0
1924	8429	1	1.0
2300	8429	1	1.0
1925	8430	1	1.0
1925	8431	1	1.0
1925	8432	1	1.0
2419	8432	1	1.0
1927	8433	1	1.0
1927	8434	1	1.0
1927	8435	1	1.0
1928	8436	1	1.0
1928	8437	1	1.0
1928	8438	1	1.0
1928	8439	1	1.0
2588	8439	1	1.0
1929	8440	1	1.0
1929	8441	1	1.0
1929	8442	1	1.0
1929	8443	1	1.0
1930	8444	1	1.0
2351	8444	1	1.0
1930	8445	1	1.0
1930	8446	1	1.0
1931	8447	1	1.0
1931	8448	1	1.0
1931	8449	1	1.0
1931	8450	1	1.0
1932	8451	1	1.0
2343	8451	1	1.0
1933	8452	1	1.0
2110	8452	1	1.0
2356	8452	1	1.0
1933	8453	1	1.0
2072	8453	1	1.0
2110	8453	1	1.0
1933	8454	1	1.0
2072	8454	1	1.0
2110	8454	1	1.0
2356	8454	1	1.0
1934	8455	1	1.0
1936	8456	1	1.0
1938	8457	1	1.0
1938	8458	1	1.0
1940	8459	1	1.0
1940	8460	1	1.0
1942	8461	1	1.0
2460	8461	1	1.0
1942	8462	1	1.0
1943	8463	1	1.0
1943	8464	1	1.0
1943	8465	1	1.0
1944	8466	1	1.0
1945	8467	1	1.0
1945	8468	1	1.0
1945	8469	1	1.0
1945	8470	1	1.0
1946	8471	1	1.0
2735	8471	1	1.0
1946	8472	1	1.0
1947	8473	1	1.0
1947	8474	1	1.0
1947	8475	1	1.0
1948	8476	1	1.0
1949	8477	1	1.0
1950	8478	1	1.0
1952	8479	1	1.0
1952	8480	1	1.0
1952	8481	1	1.0
1953	8482	1	1.0
1953	8483	1	1.0
1953	8484	1	1.0
1953	8485	1	1.0
1953	8486	1	1.0
1953	8487	1	1.0
1953	8488	1	1.0
1954	8489	1	1.0
1954	8490	1	1.0
1955	8491	1	1.0
1955	8492	1	1.0
1955	8493	1	1.0
1956	8494	1	1.0
1956	8495	1	1.0
1956	8496	1	1.0
1956	8497	1	1.0
1956	8498	1	1.0
1957	8499	1	1.0
1957	8500	1	1.0
2411	8500	1	1.0
1958	8501	1	1.0
2041	8501	1	1.0
1959	8502	1	1.0
1959	8503	1	1.0
1960	8504	1	1.0
1960	8505	1	1.0
1962	8506	1	1.0
1962	8507	1	1.0
2464	8507	1	1.0
1963	8508	1	1.0
1996	8508	1	1.0
1963	8509	1	1.0
1963	8510	1	1.0
1964	8511	1	1.0
1964	8512	1	1.0
1964	8513	1	1.0
1964	8514	1	1.0
1965	8515	1	1.0
1965	8516	1	1.0
1965	8517	1	1.0
1967	8518	1	1.0
2008	8518	1	1.0
1967	8519	1	1.0
1967	8520	1	1.0
1967	8521	1	1.0
1968	8522	1	1.0
1968	8523	1	1.0
1968	8524	1	1.0
1968	8525	1	1.0
1969	8526	1	1.0
1969	8527	1	1.0
1970	8528	1	1.0
2553	8528	1	1.0
2761	8528	1	1.0
1970	8529	1	1.0
2553	8529	1	1.0
2573	8529	1	1.0
2761	8529	1	1.0
1973	8530	1	1.0
1973	8531	1	1.0
1973	8532	1	1.0
1973	8533	1	1.0
2185	8533	1	1.0
2252	8533	1	1.0
2444	8533	1	1.0
1973	8534	1	1.0
2444	8534	1	1.0
1974	8535	1	1.0
2390	8535	1	1.0
1974	8536	1	1.0
1975	8537	1	1.0
1975	8538	1	1.0
1976	8539	1	1.0
1976	8540	1	1.0
1977	8541	1	1.0
1977	8542	1	1.0
1977	8543	1	1.0
1978	8544	1	1.0
1980	8545	1	1.0
1980	8546	1	1.0
1981	8547	1	1.0
1982	8548	1	1.0
1982	8549	1	1.0
2735	8549	1	1.0
1983	8550	1	1.0
1984	8551	1	1.0
1984	8552	1	1.0
1985	8553	1	1.0
1985	8554	1	1.0
1985	8555	1	1.0
1985	8556	1	1.0
1986	8557	1	1.0
1997	8557	1	1.0
1986	8558	1	1.0
1986	8559	1	1.0
1986	8560	1	1.0
1997	8560	1	1.0
1987	8561	1	1.0
1987	8562	1	1.0
1987	8563	1	1.0
1989	8564	1	1.0
1989	8565	1	1.0
1989	8566	1	1.0
2111	8566	1	1.0
1989	8567	1	1.0
2111	8567	1	1.0
1991	8568	1	1.0
1991	8569	1	1.0
1991	8570	1	1.0
2450	8570	1	1.0
1992	8571	1	1.0
1993	8572	1	1.0
1993	8573	1	1.0
1993	8574	1	1.0
1993	8575	1	1.0
1993	8576	1	1.0
1994	8577	1	1.0
1995	8578	1	1.0
1995	8579	1	1.0
1995	8580	1	1.0
1995	8581	1	1.0
1996	8582	1	1.0
1997	8583	1	1.0
1999	8584	1	1.0
2000	8585	1	1.0
2000	8586	1	1.0
2000	8587	1	1.0
2000	8588	1	1.0
2000	8589	1	1.0
2001	8590	1	1.0
2001	8591	1	1.0
2001	8592	1	1.0
2001	8593	1	1.0
2645	8593	1	1.0
2002	8594	1	1.0
2002	8595	1	1.0
2002	8596	1	1.0
2002	8597	1	1.0
2003	8598	1	1.0
2003	8599	1	1.0
2003	8600	1	1.0
2017	8600	1	1.0
2548	8600	1	1.0
2003	8601	1	1.0
2003	8602	1	1.0
2004	8603	1	1.0
2004	8604	1	1.0
2004	8605	1	1.0
2004	8606	1	1.0
2004	8607	1	1.0
2005	8608	1	1.0
2006	8609	1	1.0
2006	8610	1	1.0
2007	8611	1	1.0
2007	8612	1	1.0
2008	8613	1	1.0
2008	8614	1	1.0
2010	8615	1	1.0
2066	8615	1	1.0
2409	8615	1	1.0
2010	8616	1	1.0
2010	8617	1	1.0
2011	8618	1	1.0
2012	8619	1	1.0
2013	8620	1	1.0
2234	8620	1	1.0
2726	8620	1	1.0
2013	8621	1	1.0
2234	8621	1	1.0
2013	8622	1	1.0
2234	8622	1	1.0
2013	8623	1	1.0
2234	8623	1	1.0
2014	8624	1	1.0
2014	8625	1	1.0
2014	8626	1	1.0
2015	8627	1	1.0
2015	8628	1	1.0
2017	8629	1	1.0
2018	8630	1	1.0
2018	8631	1	1.0
2018	8632	1	1.0
2020	8633	1	1.0
2020	8634	1	1.0
2022	8635	1	1.0
2023	8636	1	1.0
2023	8637	1	1.0
2023	8638	1	1.0
2023	8639	1	1.0
2024	8640	1	1.0
2024	8641	1	1.0
2024	8642	1	1.0
2024	8643	1	1.0
2319	8643	1	1.0
2025	8644	1	1.0
2025	8645	1	1.0
2025	8646	1	1.0
2025	8647	1	1.0
2026	8648	1	1.0
2026	8649	1	1.0
2027	8650	1	1.0
2027	8651	1	1.0
2027	8652	1	1.0
2027	8653	1	1.0
2028	8654	1	1.0
2028	8655	1	1.0
2029	8656	1	1.0
2029	8657	1	1.0
2559	8657	1	1.0
2031	8658	1	1.0
2031	8659	1	1.0
2499	8659	1	1.0
2032	8660	1	1.0
2033	8661	1	1.0
2033	8662	1	1.0
2158	8662	1	1.0
2679	8662	1	1.0
2033	8663	1	1.0
2158	8663	1	1.0
2441	8663	1	1.0
2728	8663	1	1.0
2034	8664	1	1.0
2034	8665	1	1.0
2035	8666	1	1.0
2035	8667	1	1.0
2035	8668	1	1.0
2036	8669	1	1.0
2037	8670	1	1.0
2037	8671	1	1.0
2037	8672	1	1.0
2038	8673	1	1.0
2038	8674	1	1.0
2038	8675	1	1.0
2039	8676	1	1.0
2039	8677	1	1.0
2039	8678	1	1.0
2040	8679	1	1.0
2041	8680	1	1.0
2041	8681	1	1.0
2094	8681	1	1.0
2042	8682	1	1.0
2042	8683	1	1.0
2493	8683	1	1.0
2042	8684	1	1.0
2043	8685	1	1.0
2043	8686	1	1.0
2045	8687	1	1.0
2045	8688	1	1.0
2045	8689	1	1.0
2046	8690	1	1.0
2046	8691	1	1.0
2047	8692	1	1.0
2048	8693	1	1.0
2048	8694	1	1.0
2049	8695	1	1.0
2584	8695	1	1.0
2049	8696	1	1.0
2049	8697	1	1.0
2414	8697	1	1.0
2050	8698	1	1.0
2050	8699	1	1.0
2050	8700	1	1.0
2050	8701	1	1.0
2051	8702	1	1.0
2051	8703	1	1.0
2051	8704	1	1.0
2051	8705	1	1.0
2052	8706	1	1.0
2052	8707	1	1.0
2052	8708	1	1.0
2119	8708	1	1.0
2053	8709	1	1.0
2053	8710	1	1.0
2053	8711	1	1.0
2054	8712	1	1.0
2055	8713	1	1.0
2055	8714	1	1.0
2055	8715	1	1.0
2055	8716	1	1.0
2055	8717	1	1.0
2056	8718	1	1.0
2056	8719	1	1.0
2056	8720	1	1.0
2056	8721	1	1.0
2058	8722	1	1.0
2059	8723	1	1.0
2059	8724	1	1.0
2059	8725	1	1.0
2061	8726	1	1.0
2061	8727	1	1.0
2062	8728	1	1.0
2063	8729	1	1.0
2063	8730	1	1.0
2063	8731	1	1.0
2064	8732	1	1.0
2297	8732	1	1.0
2064	8733	1	1.0
2065	8734	1	1.0
2065	8735	1	1.0
2065	8736	1	1.0
2065	8737	1	1.0
2066	8738	1	1.0
2066	8739	1	1.0
2067	8740	1	1.0
2067	8741	1	1.0
2067	8742	1	1.0
2067	8743	1	1.0
2068	8744	1	1.0
2068	8745	1	1.0
2068	8746	1	1.0
2068	8747	1	1.0
2068	8748	1	1.0
2068	8749	1	1.0
2068	8750	1	1.0
2069	8751	1	1.0
2069	8752	1	1.0
2069	8753	1	1.0
2069	8754	1	1.0
2232	8754	1	1.0
2070	8755	1	1.0
2070	8756	1	1.0
2071	8757	1	1.0
2071	8758	1	1.0
2071	8759	1	1.0
2072	8760	1	1.0
2072	8761	1	1.0
2072	8762	1	1.0
2072	8763	1	1.0
2072	8764	1	1.0
2072	8765	1	1.0
2072	8766	1	1.0
2072	8767	1	1.0
2072	8768	1	1.0
2072	8769	1	1.0
2072	8770	1	1.0
2072	8771	1	1.0
2072	8772	1	1.0
2072	8773	1	1.0
2072	8774	1	1.0
2072	8775	1	1.0
2073	8776	1	1.0
2074	8777	1	1.0
2468	8777	1	1.0
2755	8777	1	1.0
2075	8778	1	1.0
2075	8779	1	1.0
2075	8780	1	1.0
2075	8781	1	1.0
2075	8782	1	1.0
2075	8783	1	1.0
2076	8784	1	1.0
2076	8785	1	1.0
2077	8786	1	1.0
2077	8787	1	1.0
2077	8788	1	1.0
2078	8789	1	1.0
2350	8789	1	1.0
2078	8790	1	1.0
2662	8790	1	1.0
2078	8791	1	1.0
2350	8791	1	1.0
2080	8792	1	1.0
2080	8793	1	1.0
2080	8794	1	1.0
2080	8795	1	1.0
2080	8796	1	1.0
2081	8797	1	1.0
2082	8798	1	1.0
2082	8799	1	1.0
2082	8800	1	1.0
2082	8801	1	1.0
2082	8802	1	1.0
2084	8803	1	1.0
2084	8804	1	1.0
2084	8805	1	1.0
2084	8806	1	1.0
2084	8807	1	1.0
2084	8808	1	1.0
2084	8809	1	1.0
2084	8810	1	1.0
2084	8811	1	1.0
2085	8812	1	1.0
2085	8813	1	1.0
2085	8814	1	1.0
2086	8815	1	1.0
2086	8816	1	1.0
2087	8817	1	1.0
2087	8818	1	1.0
2088	8819	1	1.0
2089	8820	1	1.0
2183	8820	1	1.0
2089	8821	1	1.0
2089	8822	1	1.0
2089	8823	1	1.0
2089	8824	1	1.0
2089	8825	1	1.0
2089	8826	1	1.0
2183	8826	1	1.0
2090	8827	1	1.0
2090	8828	1	1.0
2091	8829	1	1.0
2091	8830	1	1.0
2092	8831	1	1.0
2092	8832	1	1.0
2092	8833	1	1.0
2092	8834	1	1.0
2655	8834	1	1.0
2092	8835	1	1.0
2655	8835	1	1.0
2093	8836	1	1.0
2098	8837	1	1.0
2098	8838	1	1.0
2098	8839	1	1.0
2099	8840	1	1.0
2099	8841	1	1.0
2100	8842	1	1.0
2100	8843	1	1.0
2100	8844	1	1.0
2101	8845	1	1.0
2101	8846	1	1.0
2101	8847	1	1.0
2101	8848	1	1.0
2101	8849	1	1.0
2101	8850	1	1.0
2101	8851	1	1.0
2101	8852	1	1.0
2101	8853	1	1.0
2101	8854	1	1.0
2102	8855	1	1.0
2103	8856	1	1.0
2280	8856	1	1.0
2104	8857	1	1.0
2105	8858	1	1.0
2106	8859	1	1.0
2429	8859	1	1.0
2106	8860	1	1.0
2106	8861	1	1.0
2107	8862	1	1.0
2107	8863	1	1.0
2108	8864	1	1.0
2108	8865	1	1.0
2111	8866	1	1.0
2112	8867	1	1.0
2112	8868	1	1.0
2113	8869	1	1.0
2113	8870	1	1.0
2113	8871	1	1.0
2113	8872	1	1.0
2115	8873	1	1.0
2115	8874	1	1.0
2116	8875	1	1.0
2116	8876	1	1.0
2117	8877	1	1.0
2117	8878	1	1.0
2117	8879	1	1.0
2117	8880	1	1.0
2117	8881	1	1.0
2119	8882	1	1.0
2457	8882	1	1.0
2120	8883	1	1.0
2120	8884	1	1.0
2121	8885	1	1.0
2121	8886	1	1.0
2121	8887	1	1.0
2122	8888	1	1.0
2122	8889	1	1.0
2122	8890	1	1.0
2122	8891	1	1.0
2123	8892	1	1.0
2124	8893	1	1.0
2124	8894	1	1.0
2125	8895	1	1.0
2125	8896	1	1.0
2125	8897	1	1.0
2126	8898	1	1.0
2126	8899	1	1.0
2126	8900	1	1.0
2127	8901	1	1.0
2127	8902	1	1.0
2129	8903	1	1.0
2129	8904	1	1.0
2129	8905	1	1.0
2130	8906	1	1.0
2130	8907	1	1.0
2494	8907	1	1.0
2131	8908	1	1.0
2182	8908	1	1.0
2131	8909	1	1.0
2132	8910	1	1.0
2132	8911	1	1.0
2133	8912	1	1.0
2133	8913	1	1.0
2133	8914	1	1.0
2134	8915	1	1.0
2134	8916	1	1.0
2146	8916	1	1.0
2136	8917	1	1.0
2136	8918	1	1.0
2136	8919	1	1.0
2136	8920	1	1.0
2136	8921	1	1.0
2136	8922	1	1.0
2136	8923	1	1.0
2136	8924	1	1.0
2137	8925	1	1.0
2138	8926	1	1.0
2138	8927	1	1.0
2139	8928	1	1.0
2139	8929	1	1.0
2139	8930	1	1.0
2139	8931	1	1.0
2143	8932	1	1.0
2742	8932	1	1.0
2143	8933	1	1.0
2742	8933	1	1.0
2143	8934	1	1.0
2143	8935	1	1.0
2742	8935	1	1.0
2143	8936	1	1.0
2742	8936	1	1.0
2144	8937	1	1.0
2144	8938	1	1.0
2144	8939	1	1.0
2144	8940	1	1.0
2145	8941	1	1.0
2421	8941	1	1.0
2145	8942	1	1.0
2147	8943	1	1.0
2148	8944	1	1.0
2148	8945	1	1.0
2149	8946	1	1.0
2150	8947	1	1.0
2151	8948	1	1.0
2151	8949	1	1.0
2151	8950	1	1.0
2151	8951	1	1.0
2151	8952	1	1.0
2151	8953	1	1.0
2151	8954	1	1.0
2151	8955	1	1.0
2151	8956	1	1.0
2151	8957	1	1.0
2151	8958	1	1.0
2151	8959	1	1.0
2151	8960	1	1.0
2151	8961	1	1.0
2152	8962	1	1.0
2152	8963	1	1.0
2153	8964	1	1.0
2234	8964	1	1.0
2153	8965	1	1.0
2153	8966	1	1.0
2153	8967	1	1.0
2154	8968	1	1.0
2154	8969	1	1.0
2154	8970	1	1.0
2155	8971	1	1.0
2155	8972	1	1.0
2156	8973	1	1.0
2156	8974	1	1.0
2156	8975	1	1.0
2157	8976	1	1.0
2158	8977	1	1.0
2441	8977	1	1.0
2679	8977	1	1.0
2158	8978	1	1.0
2158	8979	1	1.0
2441	8979	1	1.0
2162	8980	1	1.0
2162	8981	1	1.0
2162	8982	1	1.0
2162	8983	1	1.0
2162	8984	1	1.0
2162	8985	1	1.0
2162	8986	1	1.0
2162	8987	1	1.0
2162	8988	1	1.0
2162	8989	1	1.0
2162	8990	1	1.0
2162	8991	1	1.0
2162	8992	1	1.0
2741	8992	1	1.0
2162	8993	1	1.0
2162	8994	1	1.0
2162	8995	1	1.0
2741	8995	1	1.0
2163	8996	1	1.0
2163	8997	1	1.0
2163	8998	1	1.0
2163	8999	1	1.0
2164	9000	1	1.0
2176	9000	1	1.0
2165	9001	1	1.0
2167	9002	1	1.0
2309	9002	1	1.0
2167	9003	1	1.0
2168	9004	1	1.0
2168	9005	1	1.0
2168	9006	1	1.0
2168	9007	1	1.0
2168	9008	1	1.0
2168	9009	1	1.0
2171	9010	1	1.0
2172	9011	1	1.0
2172	9012	1	1.0
2172	9013	1	1.0
2172	9014	1	1.0
2173	9015	1	1.0
2173	9016	1	1.0
2173	9017	1	1.0
2173	9018	1	1.0
2174	9019	1	1.0
2174	9020	1	1.0
2174	9021	1	1.0
2174	9022	1	1.0
2174	9023	1	1.0
2174	9024	1	1.0
2174	9025	1	1.0
2174	9026	1	1.0
2174	9027	1	1.0
2174	9028	1	1.0
2174	9029	1	1.0
2174	9030	1	1.0
2175	9031	1	1.0
2175	9032	1	1.0
2177	9033	1	1.0
2177	9034	1	1.0
2177	9035	1	1.0
2178	9036	1	1.0
2178	9037	1	1.0
2178	9038	1	1.0
2179	9039	1	1.0
2179	9040	1	1.0
2179	9041	1	1.0
2179	9042	1	1.0
2180	9043	1	1.0
2180	9044	1	1.0
2182	9045	1	1.0
2183	9046	1	1.0
2392	9046	1	1.0
2183	9047	1	1.0
2183	9048	1	1.0
2184	9049	1	1.0
2184	9050	1	1.0
2184	9051	1	1.0
2185	9052	1	1.0
2185	9053	1	1.0
2185	9054	1	1.0
2186	9055	1	1.0
2186	9056	1	1.0
2186	9057	1	1.0
2186	9058	1	1.0
2187	9059	1	1.0
2188	9060	1	1.0
2215	9060	1	1.0
2189	9061	1	1.0
2189	9062	1	1.0
2451	9062	1	1.0
2191	9063	1	1.0
2191	9064	1	1.0
2192	9065	1	1.0
2192	9066	1	1.0
2192	9067	1	1.0
2292	9067	1	1.0
2193	9068	1	1.0
2194	9069	1	1.0
2194	9070	1	1.0
2194	9071	1	1.0
2195	9072	1	1.0
2196	9073	1	1.0
2196	9074	1	1.0
2196	9075	1	1.0
2196	9076	1	1.0
2196	9077	1	1.0
2198	9078	1	1.0
2198	9079	1	1.0
2198	9080	1	1.0
2198	9081	1	1.0
2198	9082	1	1.0
2199	9083	1	1.0
2199	9084	1	1.0
2199	9085	1	1.0
2199	9086	1	1.0
2200	9087	1	1.0
2398	9087	1	1.0
2200	9088	1	1.0
2398	9088	1	1.0
2201	9089	1	1.0
2201	9090	1	1.0
2201	9091	1	1.0
2201	9092	1	1.0
2201	9093	1	1.0
2202	9094	1	1.0
2202	9095	1	1.0
2202	9096	1	1.0
2203	9097	1	1.0
2203	9098	1	1.0
2204	9099	1	1.0
2204	9100	1	1.0
2204	9101	1	1.0
2205	9102	1	1.0
2205	9103	1	1.0
2206	9104	1	1.0
2206	9105	1	1.0
2207	9106	1	1.0
2207	9107	1	1.0
2208	9108	1	1.0
2208	9109	1	1.0
2211	9110	1	1.0
2211	9111	1	1.0
2215	9112	1	1.0
2215	9113	1	1.0
2218	9114	1	1.0
2740	9114	1	1.0
2219	9115	1	1.0
2222	9116	1	1.0
2222	9117	1	1.0
2222	9118	1	1.0
2222	9119	1	1.0
2222	9120	1	1.0
2224	9121	1	1.0
2224	9122	1	1.0
2224	9123	1	1.0
2225	9124	1	1.0
2225	9125	1	1.0
2226	9126	1	1.0
2226	9127	1	1.0
2227	9128	1	1.0
2452	9128	1	1.0
2595	9128	1	1.0
2229	9129	1	1.0
2229	9130	1	1.0
2230	9131	1	1.0
2230	9132	1	1.0
2230	9133	1	1.0
2230	9134	1	1.0
2232	9135	1	1.0
2232	9136	1	1.0
2232	9137	1	1.0
2233	9138	1	1.0
2234	9139	1	1.0
2234	9140	1	1.0
2234	9141	1	1.0
2235	9142	1	1.0
2236	9143	1	1.0
2237	9144	1	1.0
2237	9145	1	1.0
2237	9146	1	1.0
2239	9147	1	1.0
2240	9148	1	1.0
2240	9149	1	1.0
2240	9150	1	1.0
2241	9151	1	1.0
2242	9152	1	1.0
2242	9153	1	1.0
2242	9154	1	1.0
2242	9155	1	1.0
2242	9156	1	1.0
2242	9157	1	1.0
2242	9158	1	1.0
2242	9159	1	1.0
2242	9160	1	1.0
2243	9161	1	1.0
2247	9162	1	1.0
2247	9163	1	1.0
2247	9164	1	1.0
2248	9165	1	1.0
2249	9166	1	1.0
2249	9167	1	1.0
2249	9168	1	1.0
2251	9169	1	1.0
2251	9170	1	1.0
2251	9171	1	1.0
2251	9172	1	1.0
2252	9173	1	1.0
2252	9174	1	1.0
2252	9175	1	1.0
2253	9176	1	1.0
2254	9177	1	1.0
2255	9178	1	1.0
2256	9179	1	1.0
2256	9180	1	1.0
2256	9181	1	1.0
2256	9182	1	1.0
2256	9183	1	1.0
2257	9184	1	1.0
2257	9185	1	1.0
2258	9186	1	1.0
2608	9186	1	1.0
2689	9186	1	1.0
2258	9187	1	1.0
2689	9187	1	1.0
2258	9188	1	1.0
2689	9188	1	1.0
2259	9189	1	1.0
2259	9190	1	1.0
2259	9191	1	1.0
2259	9192	1	1.0
2259	9193	1	1.0
2260	9194	1	1.0
2261	9195	1	1.0
2261	9196	1	1.0
2261	9197	1	1.0
2261	9198	1	1.0
2261	9199	1	1.0
2264	9200	1	1.0
2264	9201	1	1.0
2264	9202	1	1.0
2264	9203	1	1.0
2266	9204	1	1.0
2266	9205	1	1.0
2266	9206	1	1.0
2267	9207	1	1.0
2269	9208	1	1.0
2435	9208	1	1.0
2269	9209	1	1.0
2269	9210	1	1.0
2435	9210	1	1.0
2269	9211	1	1.0
2271	9212	1	1.0
2271	9213	1	1.0
2271	9214	1	1.0
2272	9215	1	1.0
2272	9216	1	1.0
2272	9217	1	1.0
2273	9218	1	1.0
2273	9219	1	1.0
2274	9220	1	1.0
2274	9221	1	1.0
2274	9222	1	1.0
2274	9223	1	1.0
2275	9224	1	1.0
2275	9225	1	1.0
2275	9226	1	1.0
2276	9227	1	1.0
2278	9228	1	1.0
2278	9229	1	1.0
2278	9230	1	1.0
2280	9231	1	1.0
2280	9232	1	1.0
2282	9233	1	1.0
2282	9234	1	1.0
2282	9235	1	1.0
2282	9236	1	1.0
2282	9237	1	1.0
2283	9238	1	1.0
2283	9239	1	1.0
2284	9240	1	1.0
2284	9241	1	1.0
2286	9242	1	1.0
2287	9243	1	1.0
2287	9244	1	1.0
2287	9245	1	1.0
2287	9246	1	1.0
2287	9247	1	1.0
2287	9248	1	1.0
2288	9249	1	1.0
2289	9250	1	1.0
2289	9251	1	1.0
2289	9252	1	1.0
2290	9253	1	1.0
2290	9254	1	1.0
2290	9255	1	1.0
2290	9256	1	1.0
2290	9257	1	1.0
2291	9258	1	1.0
2291	9259	1	1.0
2291	9260	1	1.0
2291	9261	1	1.0
2292	9262	1	1.0
2292	9263	1	1.0
2292	9264	1	1.0
2293	9265	1	1.0
2294	9266	1	1.0
2294	9267	1	1.0
2295	9268	1	1.0
2295	9269	1	1.0
2296	9270	1	1.0
2297	9271	1	1.0
2297	9272	1	1.0
2409	9272	1	1.0
2297	9273	1	1.0
2297	9274	1	1.0
2297	9275	1	1.0
2298	9276	1	1.0
2298	9277	1	1.0
2299	9278	1	1.0
2299	9279	1	1.0
2299	9280	1	1.0
2299	9281	1	1.0
2299	9282	1	1.0
2301	9283	1	1.0
2302	9284	1	1.0
2305	9285	1	1.0
2305	9286	1	1.0
2305	9287	1	1.0
2305	9288	1	1.0
2305	9289	1	1.0
2305	9290	1	1.0
2305	9291	1	1.0
2307	9292	1	1.0
2307	9293	1	1.0
2307	9294	1	1.0
2307	9295	1	1.0
2308	9296	1	1.0
2308	9297	1	1.0
2308	9298	1	1.0
2308	9299	1	1.0
2308	9300	1	1.0
2308	9301	1	1.0
2308	9302	1	1.0
2310	9303	1	1.0
2310	9304	1	1.0
2313	9305	1	1.0
2313	9306	1	1.0
2313	9307	1	1.0
2314	9308	1	1.0
2314	9309	1	1.0
2314	9310	1	1.0
2315	9311	1	1.0
2315	9312	1	1.0
2316	9313	1	1.0
2317	9314	1	1.0
2318	9315	1	1.0
2318	9316	1	1.0
2318	9317	1	1.0
2318	9318	1	1.0
2318	9319	1	1.0
2319	9320	1	1.0
2320	9321	1	1.0
2320	9322	1	1.0
2320	9323	1	1.0
2321	9324	1	1.0
2321	9325	1	1.0
2321	9326	1	1.0
2323	9327	1	1.0
2323	9328	1	1.0
2324	9329	1	1.0
2324	9330	1	1.0
2325	9331	1	1.0
2326	9332	1	1.0
2327	9333	1	1.0
2329	9334	1	1.0
2329	9335	1	1.0
2330	9336	1	1.0
2330	9337	1	1.0
2331	9338	1	1.0
2333	9339	1	1.0
2594	9339	1	1.0
2333	9340	1	1.0
2527	9340	1	1.0
2333	9341	1	1.0
2334	9342	1	1.0
2334	9343	1	1.0
2334	9344	1	1.0
2336	9345	1	1.0
2336	9346	1	1.0
2336	9347	1	1.0
2336	9348	1	1.0
2337	9349	1	1.0
2339	9350	1	1.0
2339	9351	1	1.0
2340	9352	1	1.0
2340	9353	1	1.0
2340	9354	1	1.0
2341	9355	1	1.0
2341	9356	1	1.0
2544	9356	1	1.0
2342	9357	1	1.0
2342	9358	1	1.0
2342	9359	1	1.0
2342	9360	1	1.0
2342	9361	1	1.0
2343	9362	1	1.0
2344	9363	1	1.0
2344	9364	1	1.0
2345	9365	1	1.0
2346	9366	1	1.0
2348	9367	1	1.0
2349	9368	1	1.0
2349	9369	1	1.0
2349	9370	1	1.0
2349	9371	1	1.0
2349	9372	1	1.0
2350	9373	1	1.0
2350	9374	1	1.0
2351	9375	1	1.0
2351	9376	1	1.0
2351	9377	1	1.0
2352	9378	1	1.0
2352	9379	1	1.0
2353	9380	1	1.0
2353	9381	1	1.0
2353	9382	1	1.0
2354	9383	1	1.0
2354	9384	1	1.0
2355	9385	1	1.0
2357	9386	1	1.0
2540	9386	1	1.0
2698	9386	1	1.0
2358	9387	1	1.0
2359	9388	1	1.0
2359	9389	1	1.0
2618	9389	1	1.0
2360	9390	1	1.0
2360	9391	1	1.0
2361	9392	1	1.0
2361	9393	1	1.0
2361	9394	1	1.0
2362	9395	1	1.0
2362	9396	1	1.0
2364	9397	1	1.0
2364	9398	1	1.0
2366	9399	1	1.0
2534	9399	1	1.0
2544	9399	1	1.0
2366	9400	1	1.0
2367	9401	1	1.0
2367	9402	1	1.0
2367	9403	1	1.0
2367	9404	1	1.0
2367	9405	1	1.0
2367	9406	1	1.0
2368	9407	1	1.0
2370	9408	1	1.0
2370	9409	1	1.0
2372	9410	1	1.0
2372	9411	1	1.0
2374	9412	1	1.0
2628	9412	1	1.0
2374	9413	1	1.0
2374	9414	1	1.0
2375	9415	1	1.0
2375	9416	1	1.0
2375	9417	1	1.0
2376	9418	1	1.0
2376	9419	1	1.0
2376	9420	1	1.0
2377	9421	1	1.0
2377	9422	1	1.0
2377	9423	1	1.0
2377	9424	1	1.0
2378	9425	1	1.0
2378	9426	1	1.0
2379	9427	1	1.0
2379	9428	1	1.0
2379	9429	1	1.0
2379	9430	1	1.0
2380	9431	1	1.0
2380	9432	1	1.0
2380	9433	1	1.0
2382	9434	1	1.0
2382	9435	1	1.0
2383	9436	1	1.0
2384	9437	1	1.0
2384	9438	1	1.0
2385	9439	1	1.0
2385	9440	1	1.0
2385	9441	1	1.0
2385	9442	1	1.0
2385	9443	1	1.0
2386	9444	1	1.0
2386	9445	1	1.0
2386	9446	1	1.0
2386	9447	1	1.0
2387	9448	1	1.0
2387	9449	1	1.0
2387	9450	1	1.0
2389	9451	1	1.0
2389	9452	1	1.0
2389	9453	1	1.0
2390	9454	1	1.0
2390	9455	1	1.0
2390	9456	1	1.0
2391	9457	1	1.0
2391	9458	1	1.0
2391	9459	1	1.0
2391	9460	1	1.0
2392	9461	1	1.0
2393	9462	1	1.0
2393	9463	1	1.0
2394	9464	1	1.0
2394	9465	1	1.0
2563	9465	1	1.0
2395	9466	1	1.0
2395	9467	1	1.0
2397	9468	1	1.0
2431	9468	1	1.0
2399	9469	1	1.0
2415	9469	1	1.0
2400	9470	1	1.0
2402	9471	1	1.0
2403	9472	1	1.0
2403	9473	1	1.0
2404	9474	1	1.0
2404	9475	1	1.0
2405	9476	1	1.0
2405	9477	1	1.0
2405	9478	1	1.0
2405	9479	1	1.0
2406	9480	1	1.0
2406	9481	1	1.0
2406	9482	1	1.0
2407	9483	1	1.0
2408	9484	1	1.0
2408	9485	1	1.0
2410	9486	1	1.0
2410	9487	1	1.0
2410	9488	1	1.0
2410	9489	1	1.0
2410	9490	1	1.0
2411	9491	1	1.0
2411	9492	1	1.0
2411	9493	1	1.0
2414	9494	1	1.0
2414	9495	1	1.0
2415	9496	1	1.0
2415	9497	1	1.0
2416	9498	1	1.0
2417	9499	1	1.0
2417	9500	1	1.0
2418	9501	1	1.0
2418	9502	1	1.0
2418	9503	1	1.0
2418	9504	1	1.0
2419	9505	1	1.0
2419	9506	1	1.0
2419	9507	1	1.0
2420	9508	1	1.0
2420	9509	1	1.0
2421	9510	1	1.0
2423	9511	1	1.0
2424	9512	1	1.0
2425	9513	1	1.0
2426	9514	1	1.0
2426	9515	1	1.0
2427	9516	1	1.0
2427	9517	1	1.0
2427	9518	1	1.0
2427	9519	1	1.0
2428	9520	1	1.0
2428	9521	1	1.0
2429	9522	1	1.0
2429	9523	1	1.0
2430	9524	1	1.0
2430	9525	1	1.0
2727	9525	1	1.0
2431	9526	1	1.0
2433	9527	1	1.0
2433	9528	1	1.0
2433	9529	1	1.0
2433	9530	1	1.0
2434	9531	1	1.0
2656	9531	1	1.0
2436	9532	1	1.0
2437	9533	1	1.0
2438	9534	1	1.0
2439	9535	1	1.0
2439	9536	1	1.0
2439	9537	1	1.0
2439	9538	1	1.0
2440	9539	1	1.0
2440	9540	1	1.0
2441	9541	1	1.0
2442	9542	1	1.0
2442	9543	1	1.0
2442	9544	1	1.0
2443	9545	1	1.0
2443	9546	1	1.0
2443	9547	1	1.0
2443	9548	1	1.0
2444	9549	1	1.0
2445	9550	1	1.0
2445	9551	1	1.0
2446	9552	1	1.0
2446	9553	1	1.0
2446	9554	1	1.0
2446	9555	1	1.0
2447	9556	1	1.0
2447	9557	1	1.0
2447	9558	1	1.0
2447	9559	1	1.0
2447	9560	1	1.0
2448	9561	1	1.0
2448	9562	1	1.0
2448	9563	1	1.0
2763	9563	1	1.0
2448	9564	1	1.0
2449	9565	1	1.0
2449	9566	1	1.0
2449	9567	1	1.0
2449	9568	1	1.0
2449	9569	1	1.0
2450	9570	1	1.0
2450	9571	1	1.0
2450	9572	1	1.0
2452	9573	1	1.0
2454	9574	1	1.0
2454	9575	1	1.0
2454	9576	1	1.0
2454	9577	1	1.0
2454	9578	1	1.0
2455	9579	1	1.0
2455	9580	1	1.0
2456	9581	1	1.0
2456	9582	1	1.0
2457	9583	1	1.0
2458	9584	1	1.0
2458	9585	1	1.0
2458	9586	1	1.0
2459	9587	1	1.0
2460	9588	1	1.0
2461	9589	1	1.0
2464	9590	1	1.0
2464	9591	1	1.0
2464	9592	1	1.0
2465	9593	1	1.0
2465	9594	1	1.0
2466	9595	1	1.0
2466	9596	1	1.0
2466	9597	1	1.0
2467	9598	1	1.0
2467	9599	1	1.0
2468	9600	1	1.0
2468	9601	1	1.0
2469	9602	1	1.0
2469	9603	1	1.0
2469	9604	1	1.0
2470	9605	1	1.0
2470	9606	1	1.0
2470	9607	1	1.0
2470	9608	1	1.0
2470	9609	1	1.0
2472	9610	1	1.0
2474	9611	1	1.0
2475	9612	1	1.0
2475	9613	1	1.0
2520	9613	1	1.0
2475	9614	1	1.0
2478	9615	1	1.0
2478	9616	1	1.0
2478	9617	1	1.0
2478	9618	1	1.0
2478	9619	1	1.0
2479	9620	1	1.0
2479	9621	1	1.0
2479	9622	1	1.0
2479	9623	1	1.0
2480	9624	1	1.0
2480	9625	1	1.0
2480	9626	1	1.0
2481	9627	1	1.0
2481	9628	1	1.0
2481	9629	1	1.0
2581	9629	1	1.0
2482	9630	1	1.0
2482	9631	1	1.0
2482	9632	1	1.0
2482	9633	1	1.0
2483	9634	1	1.0
2483	9635	1	1.0
2484	9636	1	1.0
2484	9637	1	1.0
2484	9638	1	1.0
2485	9639	1	1.0
2485	9640	1	1.0
2485	9641	1	1.0
2486	9642	1	1.0
2488	9643	1	1.0
2488	9644	1	1.0
2488	9645	1	1.0
2488	9646	1	1.0
2488	9647	1	1.0
2488	9648	1	1.0
2489	9649	1	1.0
2490	9650	1	1.0
2491	9651	1	1.0
2491	9652	1	1.0
2491	9653	1	1.0
2491	9654	1	1.0
2492	9655	1	1.0
2492	9656	1	1.0
2494	9657	1	1.0
2495	9658	1	1.0
2495	9659	1	1.0
2495	9660	1	1.0
2495	9661	1	1.0
2496	9662	1	1.0
2496	9663	1	1.0
2498	9664	1	1.0
2498	9665	1	1.0
2498	9666	1	1.0
2550	9666	1	1.0
2498	9667	1	1.0
2499	9668	1	1.0
2499	9669	1	1.0
2500	9670	1	1.0
2500	9671	1	1.0
2500	9672	1	1.0
2500	9673	1	1.0
2500	9674	1	1.0
2501	9675	1	1.0
2502	9676	1	1.0
2502	9677	1	1.0
2503	9678	1	1.0
2530	9678	1	1.0
2503	9679	1	1.0
2504	9680	1	1.0
2504	9681	1	1.0
2504	9682	1	1.0
2505	9683	1	1.0
2505	9684	1	1.0
2505	9685	1	1.0
2507	9686	1	1.0
2507	9687	1	1.0
2507	9688	1	1.0
2508	9689	1	1.0
2508	9690	1	1.0
2508	9691	1	1.0
2508	9692	1	1.0
2508	9693	1	1.0
2509	9694	1	1.0
2509	9695	1	1.0
2509	9696	1	1.0
2510	9697	1	1.0
2511	9698	1	1.0
2512	9699	1	1.0
2512	9700	1	1.0
2512	9701	1	1.0
2512	9702	1	1.0
2512	9703	1	1.0
2513	9704	1	1.0
2513	9705	1	1.0
2513	9706	1	1.0
2513	9707	1	1.0
2514	9708	1	1.0
2514	9709	1	1.0
2514	9710	1	1.0
2515	9711	1	1.0
2516	9712	1	1.0
2516	9713	1	1.0
2516	9714	1	1.0
2516	9715	1	1.0
2516	9716	1	1.0
2516	9717	1	1.0
2516	9718	1	1.0
2516	9719	1	1.0
2516	9720	1	1.0
2516	9721	1	1.0
2517	9722	1	1.0
2517	9723	1	1.0
2517	9724	1	1.0
2517	9725	1	1.0
2517	9726	1	1.0
2518	9727	1	1.0
2518	9728	1	1.0
2520	9729	1	1.0
2520	9730	1	1.0
2520	9731	1	1.0
2520	9732	1	1.0
2520	9733	1	1.0
2522	9734	1	1.0
2522	9735	1	1.0
2523	9736	1	1.0
2523	9737	1	1.0
2524	9738	1	1.0
2524	9739	1	1.0
2524	9740	1	1.0
2524	9741	1	1.0
2525	9742	1	1.0
2525	9743	1	1.0
2525	9744	1	1.0
2526	9745	1	1.0
2526	9746	1	1.0
2527	9747	1	1.0
2527	9748	1	1.0
2529	9749	1	1.0
2530	9750	1	1.0
2530	9751	1	1.0
2531	9752	1	1.0
2532	9753	1	1.0
2532	9754	1	1.0
2532	9755	1	1.0
2532	9756	1	1.0
2532	9757	1	1.0
2532	9758	1	1.0
2532	9759	1	1.0
2532	9760	1	1.0
2532	9761	1	1.0
2532	9762	1	1.0
2532	9763	1	1.0
2532	9764	1	1.0
2532	9765	1	1.0
2532	9766	1	1.0
2532	9767	1	1.0
2532	9768	1	1.0
2532	9769	1	1.0
2532	9770	1	1.0
2532	9771	1	1.0
2532	9772	1	1.0
2772	9772	1	1.0
2532	9773	1	1.0
2532	9774	1	1.0
2532	9775	1	1.0
2532	9776	1	1.0
2532	9777	1	1.0
2532	9778	1	1.0
2532	9779	1	1.0
2532	9780	1	1.0
2532	9781	1	1.0
2532	9782	1	1.0
2532	9783	1	1.0
2532	9784	1	1.0
2532	9785	1	1.0
2532	9786	1	1.0
2532	9787	1	1.0
2532	9788	1	1.0
2532	9789	1	1.0
2532	9790	1	1.0
2532	9791	1	1.0
2532	9792	1	1.0
2532	9793	1	1.0
2533	9794	1	1.0
2534	9795	1	1.0
2534	9796	1	1.0
2536	9797	1	1.0
2536	9798	1	1.0
2536	9799	1	1.0
2537	9800	1	1.0
2538	9801	1	1.0
2538	9802	1	1.0
2538	9803	1	1.0
2538	9804	1	1.0
2538	9805	1	1.0
2538	9806	1	1.0
2538	9807	1	1.0
2538	9808	1	1.0
2538	9809	1	1.0
2538	9810	1	1.0
2538	9811	1	1.0
2538	9812	1	1.0
2538	9813	1	1.0
2538	9814	1	1.0
2538	9815	1	1.0
2538	9816	1	1.0
2539	9817	1	1.0
2539	9818	1	1.0
2539	9819	1	1.0
2542	9820	1	1.0
2542	9821	1	1.0
2663	9821	1	1.0
2543	9822	1	1.0
2543	9823	1	1.0
2543	9824	1	1.0
2544	9825	1	1.0
2544	9826	1	1.0
2544	9827	1	1.0
2545	9828	1	1.0
2547	9829	1	1.0
2547	9830	1	1.0
2547	9831	1	1.0
2547	9832	1	1.0
2549	9833	1	1.0
2549	9834	1	1.0
2549	9835	1	1.0
2550	9836	1	1.0
2550	9837	1	1.0
2550	9838	1	1.0
2551	9839	1	1.0
2551	9840	1	1.0
2552	9841	1	1.0
2552	9842	1	1.0
2552	9843	1	1.0
2553	9844	1	1.0
2554	9845	1	1.0
2554	9846	1	1.0
2555	9847	1	1.0
2560	9847	1	1.0
2555	9848	1	1.0
2556	9849	1	1.0
2556	9850	1	1.0
2556	9851	1	1.0
2557	9852	1	1.0
2557	9853	1	1.0
2557	9854	1	1.0
2557	9855	1	1.0
2558	9856	1	1.0
2558	9857	1	1.0
2559	9858	1	1.0
2561	9859	1	1.0
2561	9860	1	1.0
2562	9861	1	1.0
2562	9862	1	1.0
2562	9863	1	1.0
2562	9864	1	1.0
2563	9865	1	1.0
2564	9866	1	1.0
2564	9867	1	1.0
2564	9868	1	1.0
2565	9869	1	1.0
2565	9870	1	1.0
2565	9871	1	1.0
2565	9872	1	1.0
2566	9873	1	1.0
2566	9874	1	1.0
2566	9875	1	1.0
2566	9876	1	1.0
2566	9877	1	1.0
2725	9877	1	1.0
2567	9878	1	1.0
2567	9879	1	1.0
2569	9880	1	1.0
2569	9881	1	1.0
2569	9882	1	1.0
2570	9883	1	1.0
2570	9884	1	1.0
2571	9885	1	1.0
2571	9886	1	1.0
2572	9887	1	1.0
2572	9888	1	1.0
2575	9889	1	1.0
2575	9890	1	1.0
2575	9891	1	1.0
2575	9892	1	1.0
2575	9893	1	1.0
2575	9894	1	1.0
2575	9895	1	1.0
2576	9896	1	1.0
2577	9897	1	1.0
2577	9898	1	1.0
2577	9899	1	1.0
2578	9900	1	1.0
2578	9901	1	1.0
2578	9902	1	1.0
2578	9903	1	1.0
2578	9904	1	1.0
2578	9905	1	1.0
2579	9906	1	1.0
2579	9907	1	1.0
2580	9908	1	1.0
2580	9909	1	1.0
2580	9910	1	1.0
2580	9911	1	1.0
2580	9912	1	1.0
2582	9913	1	1.0
2582	9914	1	1.0
2582	9915	1	1.0
2584	9916	1	1.0
2586	9917	1	1.0
2587	9918	1	1.0
2587	9919	1	1.0
2588	9920	1	1.0
2588	9921	1	1.0
2588	9922	1	1.0
2589	9923	1	1.0
2589	9924	1	1.0
2589	9925	1	1.0
2589	9926	1	1.0
2589	9927	1	1.0
2589	9928	1	1.0
2590	9929	1	1.0
2590	9930	1	1.0
2590	9931	1	1.0
2591	9932	1	1.0
2592	9933	1	1.0
2592	9934	1	1.0
2593	9935	1	1.0
2593	9936	1	1.0
2593	9937	1	1.0
2594	9938	1	1.0
2594	9939	1	1.0
2594	9940	1	1.0
2596	9941	1	1.0
2596	9942	1	1.0
2596	9943	1	1.0
2596	9944	1	1.0
2597	9945	1	1.0
2597	9946	1	1.0
2597	9947	1	1.0
2598	9948	1	1.0
2598	9949	1	1.0
2598	9950	1	1.0
2598	9951	1	1.0
2599	9952	1	1.0
2599	9953	1	1.0
2605	9953	1	1.0
2599	9954	1	1.0
2605	9954	1	1.0
2599	9955	1	1.0
2605	9955	1	1.0
2599	9956	1	1.0
2599	9957	1	1.0
2599	9958	1	1.0
2599	9959	1	1.0
2600	9960	1	1.0
2600	9961	1	1.0
2601	9962	1	1.0
2601	9963	1	1.0
2601	9964	1	1.0
2601	9965	1	1.0
2601	9966	1	1.0
2602	9967	1	1.0
2602	9968	1	1.0
2602	9969	1	1.0
2602	9970	1	1.0
2602	9971	1	1.0
2603	9972	1	1.0
2603	9973	1	1.0
2604	9974	1	1.0
2604	9975	1	1.0
2762	9975	1	1.0
2605	9976	1	1.0
2606	9977	1	1.0
2606	9978	1	1.0
2606	9979	1	1.0
2606	9980	1	1.0
2606	9981	1	1.0
2606	9982	1	1.0
2607	9983	1	1.0
2607	9984	1	1.0
2608	9985	1	1.0
2609	9986	1	1.0
2609	9987	1	1.0
2609	9988	1	1.0
2610	9989	1	1.0
2610	9990	1	1.0
2611	9991	1	1.0
2611	9992	1	1.0
2611	9993	1	1.0
2613	9994	1	1.0
2613	9995	1	1.0
2614	9996	1	1.0
2614	9997	1	1.0
2615	9998	1	1.0
2616	9999	1	1.0
2616	10000	1	1.0
2619	10001	1	1.0
2619	10002	1	1.0
2620	10003	1	1.0
2620	10004	1	1.0
2621	10005	1	1.0
2621	10006	1	1.0
2621	10007	1	1.0
2621	10008	1	1.0
2621	10009	1	1.0
2621	10010	1	1.0
2622	10011	1	1.0
2623	10012	1	1.0
2624	10013	1	1.0
2624	10014	1	1.0
2625	10015	1	1.0
2758	10015	1	1.0
2626	10016	1	1.0
2626	10017	1	1.0
2627	10018	1	1.0
2627	10019	1	1.0
2627	10020	1	1.0
2628	10021	1	1.0
2628	10022	1	1.0
2628	10023	1	1.0
2628	10024	1	1.0
2628	10025	1	1.0
2628	10026	1	1.0
2629	10027	1	1.0
2629	10028	1	1.0
2629	10029	1	1.0
2629	10030	1	1.0
2631	10031	1	1.0
2631	10032	1	1.0
2631	10033	1	1.0
2632	10034	1	1.0
2632	10035	1	1.0
2633	10036	1	1.0
2633	10037	1	1.0
2634	10038	1	1.0
2635	10039	1	1.0
2639	10039	1	1.0
2635	10040	1	1.0
2635	10041	1	1.0
2637	10042	1	1.0
2641	10042	1	1.0
2640	10043	1	1.0
2643	10044	1	1.0
2643	10045	1	1.0
2643	10046	1	1.0
2643	10047	1	1.0
2643	10048	1	1.0
2644	10049	1	1.0
2644	10050	1	1.0
2644	10051	1	1.0
2645	10052	1	1.0
2645	10053	1	1.0
2646	10054	1	1.0
2647	10054	1	1.0
2647	10055	1	1.0
2648	10056	1	1.0
2648	10057	1	1.0
2648	10058	1	1.0
2650	10059	1	1.0
2651	10060	1	1.0
2651	10061	1	1.0
2653	10062	1	1.0
2653	10063	1	1.0
2654	10064	1	1.0
2654	10065	1	1.0
2655	10066	1	1.0
2655	10067	1	1.0
2656	10068	1	1.0
2656	10069	1	1.0
2657	10070	1	1.0
2657	10071	1	1.0
2658	10072	1	1.0
2658	10073	1	1.0
2658	10074	1	1.0
2659	10075	1	1.0
2659	10076	1	1.0
2659	10077	1	1.0
2661	10078	1	1.0
2661	10079	1	1.0
2661	10080	1	1.0
2661	10081	1	1.0
2661	10082	1	1.0
2662	10083	1	1.0
2662	10084	1	1.0
2663	10085	1	1.0
2664	10086	1	1.0
2664	10087	1	1.0
2665	10088	1	1.0
2666	10089	1	1.0
2666	10090	1	1.0
2667	10091	1	1.0
2667	10092	1	1.0
2669	10093	1	1.0
2670	10094	1	1.0
2670	10095	1	1.0
2670	10096	1	1.0
2671	10097	1	1.0
2671	10098	1	1.0
2671	10099	1	1.0
2672	10100	1	1.0
2672	10101	1	1.0
2673	10102	1	1.0
2673	10103	1	1.0
2673	10104	1	1.0
2673	10105	1	1.0
2674	10106	1	1.0
2679	10107	1	1.0
2681	10108	1	1.0
2681	10109	1	1.0
2681	10110	1	1.0
2681	10111	1	1.0
2681	10112	1	1.0
2686	10113	1	1.0
2686	10114	1	1.0
2687	10115	1	1.0
2693	10116	1	1.0
2695	10117	1	1.0
2695	10118	1	1.0
2695	10119	1	1.0
2739	10119	1	1.0
2695	10120	1	1.0
2739	10120	1	1.0
2697	10121	1	1.0
2697	10122	1	1.0
2697	10123	1	1.0
2697	10124	1	1.0
2698	10125	1	1.0
2699	10126	1	1.0
2699	10127	1	1.0
2699	10128	1	1.0
2700	10129	1	1.0
2701	10130	1	1.0
2701	10131	1	1.0
2701	10132	1	1.0
2701	10133	1	1.0
2702	10134	1	1.0
2702	10135	1	1.0
2702	10136	1	1.0
2702	10137	1	1.0
2703	10138	1	1.0
2703	10139	1	1.0
2703	10140	1	1.0
2703	10141	1	1.0
2705	10142	1	1.0
2705	10143	1	1.0
2705	10144	1	1.0
2706	10145	1	1.0
2706	10146	1	1.0
2706	10147	1	1.0
2706	10148	1	1.0
2707	10149	1	1.0
2707	10150	1	1.0
2707	10151	1	1.0
2707	10152	1	1.0
2708	10153	1	1.0
2708	10154	1	1.0
2708	10155	1	1.0
2708	10156	1	1.0
2708	10157	1	1.0
2708	10158	1	1.0
2708	10159	1	1.0
2708	10160	1	1.0
2708	10161	1	1.0
2708	10162	1	1.0
2708	10163	1	1.0
2709	10164	1	1.0
2709	10165	1	1.0
2709	10166	1	1.0
2710	10167	1	1.0
2711	10168	1	1.0
2713	10169	1	1.0
2714	10170	1	1.0
2714	10171	1	1.0
2715	10172	1	1.0
2715	10173	1	1.0
2715	10174	1	1.0
2757	10174	1	1.0
2770	10174	1	1.0
2715	10175	1	1.0
2716	10176	1	1.0
2716	10177	1	1.0
2716	10178	1	1.0
2716	10179	1	1.0
2717	10180	1	1.0
2718	10181	1	1.0
2718	10182	1	1.0
2720	10183	1	1.0
2721	10184	1	1.0
2722	10185	1	1.0
2722	10186	1	1.0
2723	10187	1	1.0
2723	10188	1	1.0
2724	10189	1	1.0
2724	10190	1	1.0
2725	10191	1	1.0
2725	10192	1	1.0
2725	10193	1	1.0
2725	10194	1	1.0
2726	10195	1	1.0
2727	10196	1	1.0
2729	10197	1	1.0
2729	10198	1	1.0
2729	10199	1	1.0
2729	10200	1	1.0
2730	10201	1	1.0
2731	10202	1	1.0
2731	10203	1	1.0
2732	10204	1	1.0
2732	10205	1	1.0
2732	10206	1	1.0
2732	10207	1	1.0
2732	10208	1	1.0
2732	10209	1	1.0
2732	10210	1	1.0
2732	10211	1	1.0
2732	10212	1	1.0
2732	10213	1	1.0
2732	10214	1	1.0
2732	10215	1	1.0
2732	10216	1	1.0
2732	10217	1	1.0
2732	10218	1	1.0
2732	10219	1	1.0
2732	10220	1	1.0
2732	10221	1	1.0
2732	10222	1	1.0
2732	10223	1	1.0
2733	10224	1	1.0
2733	10225	1	1.0
2733	10226	1	1.0
2734	10227	1	1.0
2734	10228	1	1.0
2735	10229	1	1.0
2736	10230	1	1.0
2736	10231	1	1.0
2736	10232	1	1.0
2737	10233	1	1.0
2737	10234	1	1.0
2737	10235	1	1.0
2739	10236	1	1.0
2739	10237	1	1.0
2739	10238	1	1.0
2740	10239	1	1.0
2740	10240	1	1.0
2740	10241	1	1.0
2740	10242	1	1.0
2740	10243	1	1.0
2740	10244	1	1.0
2740	10245	1	1.0
2740	10246	1	1.0
2740	10247	1	1.0
2741	10248	1	1.0
2741	10249	1	1.0
2741	10250	1	1.0
2741	10251	1	1.0
2741	10252	1	1.0
2741	10253	1	1.0
2741	10254	1	1.0
2741	10255	1	1.0
2741	10256	1	1.0
2741	10257	1	1.0
2741	10258	1	1.0
2742	10259	1	1.0
2743	10260	1	1.0
2743	10261	1	1.0
2744	10262	1	1.0
2744	10263	1	1.0
2745	10264	1	1.0
2745	10265	1	1.0
2745	10266	1	1.0
2745	10267	1	1.0
2745	10268	1	1.0
2745	10269	1	1.0
2745	10270	1	1.0
2745	10271	1	1.0
2745	10272	1	1.0
2745	10273	1	1.0
2745	10274	1	1.0
2745	10275	1	1.0
2747	10276	1	1.0
2747	10277	1	1.0
2747	10278	1	1.0
2748	10279	1	1.0
2748	10280	1	1.0
2748	10281	1	1.0
2748	10282	1	1.0
2749	10283	1	1.0
2749	10284	1	1.0
2749	10285	1	1.0
2750	10286	1	1.0
2750	10287	1	1.0
2750	10288	1	1.0
2751	10289	1	1.0
2752	10290	1	1.0
2753	10291	1	1.0
2753	10292	1	1.0
2753	10293	1	1.0
2753	10294	1	1.0
2753	10295	1	1.0
2755	10296	1	1.0
2755	10297	1	1.0
2756	10298	1	1.0
2756	10299	1	1.0
2757	10300	1	1.0
2757	10301	1	1.0
2757	10302	1	1.0
2759	10303	1	1.0
2759	10304	1	1.0
2760	10305	1	1.0
2760	10306	1	1.0
2760	10307	1	1.0
2760	10308	1	1.0
2762	10309	1	1.0
2762	10310	1	1.0
2762	10311	1	1.0
2762	10312	1	1.0
2763	10313	1	1.0
2763	10314	1	1.0
2763	10315	1	1.0
2763	10316	1	1.0
2764	10317	1	1.0
2764	10318	1	1.0
2764	10319	1	1.0
2764	10320	1	1.0
2765	10321	1	1.0
2766	10322	1	1.0
2767	10323	1	1.0
2767	10324	1	1.0
2767	10325	1	1.0
2767	10326	1	1.0
2768	10327	1	1.0
2768	10328	1	1.0
2768	10329	1	1.0
2768	10330	1	1.0
2768	10331	1	1.0
2768	10332	1	1.0
2768	10333	1	1.0
2769	10334	1	1.0
2770	10335	1	1.0
2771	10336	1	1.0
2771	10337	1	1.0
2771	10338	1	1.0
2771	10339	1	1.0
2772	10340	1	1.0
2773	0	2	1.0
2774	1	2	1.0
2775	1	2	1.0
2775	241	2	1.0
2775	885	2	1.0
2775	2036	2	1.0
2775	2685	2	1.0
2776	1	2	1.0
2777	1	2	1.0
2778	1	2	1.0
2778	50	2	1.0
2778	241	2	1.0
2778	461	2	1.0
2778	1284	2	1.0
2778	2036	2	1.0
2778	2685	2	1.0
2778	2699	2	1.0
2779	2	2	1.0
2779	126	2	1.0
2780	2	2	1.0
2781	2	2	1.0
2781	126	2	1.0
2782	3	2	1.0
2782	249	2	1.0
2782	276	2	1.0
2782	560	2	1.0
2782	1867	2	1.0
2782	2187	2	1.0
2782	2675	2	1.0
2782	2683	2	1.0
2783	3	2	1.0
2783	249	2	1.0
2783	276	2	1.0
2783	282	2	1.0
2783	1613	2	1.0
2783	1867	2	1.0
2783	2187	2	1.0
2783	2675	2	1.0
2783	2683	2	1.0
2784	4	2	1.0
2784	276	2	1.0
2784	2675	2	1.0
2785	4	2	1.0
2786	4	2	1.0
2787	4	2	1.0
2787	1195	2	1.0
2788	4	2	1.0
2789	4	2	1.0
2790	4	2	1.0
2791	4	2	1.0
2791	1129	2	1.0
2791	2165	2	1.0
2791	2539	2	1.0
2792	4	2	1.0
2792	1129	2	1.0
2792	1195	2	1.0
2792	1245	2	1.0
2792	1581	2	1.0
2792	2165	2	1.0
2793	4	2	1.0
2793	248	2	1.0
2793	1171	2	1.0
2793	1461	2	1.0
2793	2239	2	1.0
2794	5	2	1.0
2795	5	2	1.0
2795	32	2	1.0
2796	5	2	1.0
2797	5	2	1.0
2797	32	2	1.0
2798	5	2	1.0
2799	5	2	1.0
2799	32	2	1.0
2800	6	2	1.0
2800	1766	2	1.0
2801	6	2	1.0
2802	6	2	1.0
2803	6	2	1.0
2804	6	2	1.0
2804	1607	2	1.0
2805	6	2	1.0
2806	6	2	1.0
2807	6	2	1.0
2807	1607	2	1.0
2808	6	2	1.0
2808	116	2	1.0
2808	966	2	1.0
2808	1088	2	1.0
2808	1766	2	1.0
2809	7	2	1.0
2809	125	2	1.0
2809	745	2	1.0
2810	7	2	1.0
2811	7	2	1.0
2811	125	2	1.0
2812	7	2	1.0
2813	8	2	1.0
2813	21	2	1.0
2813	174	2	1.0
2813	1043	2	1.0
2813	1865	2	1.0
2813	2212	2	1.0
2813	2535	2	1.0
2813	2638	2	1.0
2813	2646	2	1.0
2814	8	2	1.0
2814	174	2	1.0
2814	770	2	1.0
2814	1043	2	1.0
2814	1865	2	1.0
2814	2646	2	1.0
2815	9	2	1.0
2815	1831	2	1.0
2815	2544	2	1.0
2816	9	2	1.0
2816	259	2	1.0
2816	1770	2	1.0
2816	2682	2	1.0
2817	9	2	1.0
2817	1831	2	1.0
2818	10	2	1.0
2818	564	2	1.0
2818	791	2	1.0
2818	982	2	1.0
2818	1326	2	1.0
2818	1998	2	1.0
2819	10	2	1.0
2819	78	2	1.0
2819	1668	2	1.0
2819	1998	2	1.0
2820	10	2	1.0
2820	982	2	1.0
2821	10	2	1.0
2821	78	2	1.0
2821	207	2	1.0
2821	564	2	1.0
2821	660	2	1.0
2821	832	2	1.0
2821	982	2	1.0
2821	1326	2	1.0
2821	1668	2	1.0
2821	1998	2	1.0
2821	2519	2	1.0
2822	11	2	1.0
2823	11	2	1.0
2823	1950	2	1.0
2824	11	2	1.0
2825	12	2	1.0
2826	12	2	1.0
2827	12	2	1.0
2828	12	2	1.0
2829	12	2	1.0
2830	12	2	1.0
2831	12	2	1.0
2832	13	2	1.0
2832	2569	2	1.0
2832	2754	2	1.0
2833	13	2	1.0
2833	1831	2	1.0
2833	2754	2	1.0
2834	13	2	1.0
2834	272	2	1.0
2834	1398	2	1.0
2834	1536	2	1.0
2834	1567	2	1.0
2834	2290	2	1.0
2834	2569	2	1.0
2834	2611	2	1.0
2834	2754	2	1.0
2835	14	2	1.0
2835	2032	2	1.0
2836	14	2	1.0
2836	2032	2	1.0
2837	14	2	1.0
2837	156	2	1.0
2837	2032	2	1.0
2838	15	2	1.0
2838	1144	2	1.0
2839	15	2	1.0
2839	1144	2	1.0
2839	1180	2	1.0
2840	15	2	1.0
2840	1144	2	1.0
2841	15	2	1.0
2841	1144	2	1.0
2841	1180	2	1.0
2841	2532	2	1.0
2842	16	2	1.0
2843	16	2	1.0
2844	17	2	1.0
2844	1532	2	1.0
2845	17	2	1.0
2846	17	2	1.0
2846	131	2	1.0
2846	2326	2	1.0
2847	17	2	1.0
2848	17	2	1.0
2848	164	2	1.0
2848	2109	2	1.0
2849	17	2	1.0
2849	164	2	1.0
2849	589	2	1.0
2849	1178	2	1.0
2849	1854	2	1.0
2849	2049	2	1.0
2849	2109	2	1.0
2849	2584	2	1.0
2849	2678	2	1.0
2850	17	2	1.0
2850	2326	2	1.0
2851	17	2	1.0
2851	2326	2	1.0
2851	2584	2	1.0
2852	18	2	1.0
2853	18	2	1.0
2853	260	2	1.0
2853	2740	2	1.0
2854	18	2	1.0
2855	18	2	1.0
2855	260	2	1.0
2855	394	2	1.0
2855	571	2	1.0
2855	660	2	1.0
2855	1939	2	1.0
2855	2088	2	1.0
2855	2218	2	1.0
2855	2740	2	1.0
2856	19	2	1.0
2857	19	2	1.0
2858	19	2	1.0
2858	145	2	1.0
2859	20	2	1.0
2859	1234	2	1.0
2859	1267	2	1.0
2859	1605	2	1.0
2859	2147	2	1.0
2859	2258	2	1.0
2859	2689	2	1.0
2860	20	2	1.0
2860	597	2	1.0
2860	1483	2	1.0
2860	2258	2	1.0
2860	2676	2	1.0
2860	2689	2	1.0
2861	20	2	1.0
2861	136	2	1.0
2861	177	2	1.0
2861	281	2	1.0
2861	289	2	1.0
2861	601	2	1.0
2861	1483	2	1.0
2861	2219	2	1.0
2861	2331	2	1.0
2861	2676	2	1.0
2861	2680	2	1.0
2861	2683	2	1.0
2862	20	2	1.0
2862	289	2	1.0
2862	594	2	1.0
2862	597	2	1.0
2862	887	2	1.0
2862	1234	2	1.0
2862	1331	2	1.0
2862	1412	2	1.0
2862	1483	2	1.0
2862	1605	2	1.0
2862	2070	2	1.0
2862	2147	2	1.0
2862	2258	2	1.0
2862	2676	2	1.0
2862	2689	2	1.0
2863	21	2	1.0
2863	72	2	1.0
2863	174	2	1.0
2863	215	2	1.0
2863	1043	2	1.0
2863	1278	2	1.0
2863	2535	2	1.0
2864	21	2	1.0
2864	28	2	1.0
2864	67	2	1.0
2864	72	2	1.0
2864	138	2	1.0
2864	159	2	1.0
2864	174	2	1.0
2864	211	2	1.0
2864	215	2	1.0
2864	253	2	1.0
2864	290	2	1.0
2864	932	2	1.0
2864	1043	2	1.0
2864	2535	2	1.0
2865	22	2	1.0
2865	1772	2	1.0
2866	22	2	1.0
2866	1365	2	1.0
2867	22	2	1.0
2867	1365	2	1.0
2868	22	2	1.0
2868	1365	2	1.0
2869	23	2	1.0
2870	23	2	1.0
2871	24	2	1.0
2871	822	2	1.0
2872	24	2	1.0
2873	24	2	1.0
2874	24	2	1.0
2875	25	2	1.0
2875	604	2	1.0
2876	25	2	1.0
2876	1703	2	1.0
2877	25	2	1.0
2877	604	2	1.0
2877	1324	2	1.0
2877	1703	2	1.0
2878	25	2	1.0
2879	25	2	1.0
2879	2089	2	1.0
2879	2183	2	1.0
2880	26	2	1.0
2881	26	2	1.0
2882	26	2	1.0
2883	26	2	1.0
2884	27	2	1.0
2884	2529	2	1.0
2885	27	2	1.0
2885	2529	2	1.0
2886	27	2	1.0
2886	2529	2	1.0
2887	28	2	1.0
2887	704	2	1.0
2887	949	2	1.0
2888	28	2	1.0
2889	29	2	1.0
2889	668	2	1.0
2890	29	2	1.0
2890	668	2	1.0
2891	29	2	1.0
2891	668	2	1.0
2891	1570	2	1.0
2892	30	2	1.0
2893	30	2	1.0
2893	383	2	1.0
2893	393	2	1.0
2893	532	2	1.0
2893	872	2	1.0
2893	2687	2	1.0
2893	2694	2	1.0
2894	30	2	1.0
2894	383	2	1.0
2894	393	2	1.0
2894	414	2	1.0
2894	476	2	1.0
2894	532	2	1.0
2894	617	2	1.0
2894	872	2	1.0
2894	901	2	1.0
2894	952	2	1.0
2894	1503	2	1.0
2894	2270	2	1.0
2894	2684	2	1.0
2894	2694	2	1.0
2894	2712	2	1.0
2895	31	2	1.0
2895	109	2	1.0
2895	256	2	1.0
2895	1492	2	1.0
2895	1828	2	1.0
2895	1936	2	1.0
2895	2169	2	1.0
2895	2388	2	1.0
2895	2583	2	1.0
2895	2586	2	1.0
2895	2593	2	1.0
2896	31	2	1.0
2896	2583	2	1.0
2897	31	2	1.0
2897	1492	2	1.0
2897	2388	2	1.0
2898	31	2	1.0
2898	35	2	1.0
2898	109	2	1.0
2898	195	2	1.0
2898	256	2	1.0
2898	578	2	1.0
2898	1206	2	1.0
2898	1474	2	1.0
2898	1492	2	1.0
2898	1633	2	1.0
2898	1653	2	1.0
2898	1828	2	1.0
2898	2169	2	1.0
2898	2388	2	1.0
2898	2452	2	1.0
2898	2526	2	1.0
2898	2528	2	1.0
2898	2593	2	1.0
2898	2595	2	1.0
2898	2608	2	1.0
2898	2738	2	1.0
2899	31	2	1.0
2899	79	2	1.0
2899	109	2	1.0
2899	256	2	1.0
2899	456	2	1.0
2899	1492	2	1.0
2899	1776	2	1.0
2899	1828	2	1.0
2899	1936	2	1.0
2899	2169	2	1.0
2899	2281	2	1.0
2899	2388	2	1.0
2899	2583	2	1.0
2899	2585	2	1.0
2899	2586	2	1.0
2899	2593	2	1.0
2900	32	2	1.0
2901	32	2	1.0
2902	32	2	1.0
2903	33	2	1.0
2903	113	2	1.0
2903	2010	2	1.0
2904	33	2	1.0
2904	2066	2	1.0
2905	33	2	1.0
2906	33	2	1.0
2907	33	2	1.0
2907	223	2	1.0
2907	1253	2	1.0
2908	34	2	1.0
2909	34	2	1.0
2909	70	2	1.0
2910	34	2	1.0
2910	70	2	1.0
2910	2532	2	1.0
2911	34	2	1.0
2912	35	2	1.0
2913	35	2	1.0
2914	35	2	1.0
2915	35	2	1.0
2916	35	2	1.0
2916	1206	2	1.0
2917	36	2	1.0
2918	36	2	1.0
2919	36	2	1.0
2919	82	2	1.0
2920	36	2	1.0
2920	38	2	1.0
2920	1090	2	1.0
2920	2398	2	1.0
2921	36	2	1.0
2921	82	2	1.0
2921	1892	2	1.0
2922	37	2	1.0
2923	37	2	1.0
2924	38	2	1.0
2924	1217	2	1.0
2924	2425	2	1.0
2924	2711	2	1.0
2925	38	2	1.0
2925	1090	2	1.0
2925	1217	2	1.0
2925	2425	2	1.0
2925	2711	2	1.0
2926	38	2	1.0
2927	39	2	1.0
2927	136	2	1.0
2927	281	2	1.0
2927	1676	2	1.0
2927	2097	2	1.0
2928	39	2	1.0
2928	136	2	1.0
2928	177	2	1.0
2928	281	2	1.0
2928	289	2	1.0
2928	499	2	1.0
2928	1143	2	1.0
2928	1483	2	1.0
2928	1676	2	1.0
2928	1852	2	1.0
2928	2097	2	1.0
2928	2331	2	1.0
2928	2477	2	1.0
2929	39	2	1.0
2929	142	2	1.0
2929	249	2	1.0
2929	537	2	1.0
2929	728	2	1.0
2929	975	2	1.0
2929	981	2	1.0
2929	2072	2	1.0
2929	2335	2	1.0
2929	2413	2	1.0
2929	2683	2	1.0
2930	40	2	1.0
2930	230	2	1.0
2931	40	2	1.0
2931	784	2	1.0
2931	1745	2	1.0
2932	40	2	1.0
2933	40	2	1.0
2934	40	2	1.0
2935	40	2	1.0
2935	784	2	1.0
2935	1745	2	1.0
2936	40	2	1.0
2937	40	2	1.0
2938	40	2	1.0
2938	1558	2	1.0
2939	40	2	1.0
2939	1558	2	1.0
2940	41	2	1.0
2941	41	2	1.0
2942	41	2	1.0
2943	41	2	1.0
2944	42	2	1.0
2945	42	2	1.0
2946	43	2	1.0
2946	1361	2	1.0
2946	1409	2	1.0
2946	2172	2	1.0
2947	43	2	1.0
2947	299	2	1.0
2947	1361	2	1.0
2947	1409	2	1.0
2947	1829	2	1.0
2947	1888	2	1.0
2947	1979	2	1.0
2947	2208	2	1.0
2947	2549	2	1.0
2947	2597	2	1.0
2947	2654	2	1.0
2948	43	2	1.0
2948	1409	2	1.0
2949	43	2	1.0
2949	631	2	1.0
2949	765	2	1.0
2949	936	2	1.0
2949	1409	2	1.0
2949	1530	2	1.0
2950	43	2	1.0
2951	44	2	1.0
2951	90	2	1.0
2951	108	2	1.0
2951	1369	2	1.0
2951	1897	2	1.0
2951	2227	2	1.0
2951	2381	2	1.0
2952	44	2	1.0
2952	90	2	1.0
2952	108	2	1.0
2953	44	2	1.0
2953	1102	2	1.0
2953	1533	2	1.0
2953	2758	2	1.0
2954	44	2	1.0
2954	90	2	1.0
2954	885	2	1.0
2954	1102	2	1.0
2954	1335	2	1.0
2954	1369	2	1.0
2954	1533	2	1.0
2954	2081	2	1.0
2954	2381	2	1.0
2954	2758	2	1.0
2955	45	2	1.0
2956	45	2	1.0
2957	46	2	1.0
2957	1728	2	1.0
2958	46	2	1.0
2958	1728	2	1.0
2959	46	2	1.0
2959	1164	2	1.0
2959	1728	2	1.0
2960	47	2	1.0
2961	47	2	1.0
2961	1528	2	1.0
2961	2312	2	1.0
2962	47	2	1.0
2963	48	2	1.0
2963	204	2	1.0
2964	48	2	1.0
2965	48	2	1.0
2966	48	2	1.0
2967	49	2	1.0
2968	49	2	1.0
2968	1955	2	1.0
2969	50	2	1.0
2969	1284	2	1.0
2970	50	2	1.0
2970	237	2	1.0
2970	1435	2	1.0
2971	50	2	1.0
2971	111	2	1.0
2971	540	2	1.0
2971	601	2	1.0
2971	791	2	1.0
2971	1428	2	1.0
2972	51	2	1.0
2973	51	2	1.0
2973	273	2	1.0
2974	51	2	1.0
2975	51	2	1.0
2975	865	2	1.0
2976	51	2	1.0
2977	51	2	1.0
2977	969	2	1.0
2977	1028	2	1.0
2977	2731	2	1.0
2978	51	2	1.0
2978	2349	2	1.0
2979	52	2	1.0
2980	52	2	1.0
2980	54	2	1.0
2980	367	2	1.0
2980	1537	2	1.0
2980	1655	2	1.0
2981	53	2	1.0
2982	53	2	1.0
2982	165	2	1.0
2982	1091	2	1.0
2982	1720	2	1.0
2983	53	2	1.0
2984	53	2	1.0
2985	54	2	1.0
2985	1537	2	1.0
2986	54	2	1.0
2986	1537	2	1.0
2986	1752	2	1.0
2987	55	2	1.0
2988	55	2	1.0
2989	55	2	1.0
2990	56	2	1.0
2990	2242	2	1.0
2991	56	2	1.0
2992	56	2	1.0
2992	890	2	1.0
2993	57	2	1.0
2993	1662	2	1.0
2993	1948	2	1.0
2994	57	2	1.0
2995	57	2	1.0
2995	1358	2	1.0
2996	57	2	1.0
2996	1662	2	1.0
2996	1948	2	1.0
2997	58	2	1.0
2998	58	2	1.0
2998	323	2	1.0
2998	537	2	1.0
2998	2718	2	1.0
2998	2755	2	1.0
2999	58	2	1.0
3000	58	2	1.0
3000	1390	2	1.0
3000	2718	2	1.0
3001	58	2	1.0
3002	59	2	1.0
3003	59	2	1.0
3004	59	2	1.0
3005	60	2	1.0
3006	60	2	1.0
3006	652	2	1.0
3006	655	2	1.0
3006	1041	2	1.0
3006	1231	2	1.0
3006	1559	2	1.0
3006	1645	2	1.0
3007	60	2	1.0
3007	527	2	1.0
3007	1041	2	1.0
3007	1645	2	1.0
3008	60	2	1.0
3009	60	2	1.0
3010	60	2	1.0
3010	1041	2	1.0
3010	1645	2	1.0
3011	60	2	1.0
3012	60	2	1.0
3012	1041	2	1.0
3012	1645	2	1.0
3013	60	2	1.0
3013	1041	2	1.0
3014	60	2	1.0
3014	1041	2	1.0
3014	1645	2	1.0
3015	60	2	1.0
3015	1041	2	1.0
3015	1645	2	1.0
3016	60	2	1.0
3016	527	2	1.0
3016	652	2	1.0
3016	655	2	1.0
3016	1041	2	1.0
3016	1231	2	1.0
3016	1364	2	1.0
3016	1559	2	1.0
3016	1645	2	1.0
3016	1805	2	1.0
3017	61	2	1.0
3018	61	2	1.0
3019	61	2	1.0
3020	61	2	1.0
3021	62	2	1.0
3021	1230	2	1.0
3022	62	2	1.0
3023	62	2	1.0
3023	466	2	1.0
3023	593	2	1.0
3023	1230	2	1.0
3024	63	2	1.0
3025	63	2	1.0
3026	63	2	1.0
3027	63	2	1.0
3028	63	2	1.0
3029	63	2	1.0
3030	64	2	1.0
3030	96	2	1.0
3030	550	2	1.0
3030	588	2	1.0
3030	2017	2	1.0
3031	64	2	1.0
3031	588	2	1.0
3031	834	2	1.0
3032	64	2	1.0
3032	834	2	1.0
3033	64	2	1.0
3033	834	2	1.0
3034	64	2	1.0
3034	834	2	1.0
3035	64	2	1.0
3035	588	2	1.0
3036	64	2	1.0
3036	550	2	1.0
3036	2017	2	1.0
3037	64	2	1.0
3037	588	2	1.0
3038	65	2	1.0
3038	1369	2	1.0
3039	65	2	1.0
3039	671	2	1.0
3039	1369	2	1.0
3039	1646	2	1.0
3039	2496	2	1.0
3040	66	2	1.0
3041	67	2	1.0
3041	159	2	1.0
3041	211	2	1.0
3041	253	2	1.0
3041	932	2	1.0
3041	2535	2	1.0
3042	68	2	1.0
3043	68	2	1.0
3044	68	2	1.0
3045	69	2	1.0
3045	1250	2	1.0
3046	69	2	1.0
3047	69	2	1.0
3047	1107	2	1.0
3047	1250	2	1.0
3048	70	2	1.0
3048	2532	2	1.0
3049	70	2	1.0
3050	71	2	1.0
3051	71	2	1.0
3052	71	2	1.0
3053	71	2	1.0
3054	71	2	1.0
3055	72	2	1.0
3056	73	2	1.0
3057	73	2	1.0
3058	73	2	1.0
3059	73	2	1.0
3060	73	2	1.0
3061	73	2	1.0
3062	74	2	1.0
3062	1100	2	1.0
3062	2690	2	1.0
3063	74	2	1.0
3063	841	2	1.0
3063	1152	2	1.0
3063	2341	2	1.0
3064	75	2	1.0
3064	1558	2	1.0
3064	2474	2	1.0
3065	75	2	1.0
3065	1043	2	1.0
3066	75	2	1.0
3066	123	2	1.0
3066	368	2	1.0
3066	506	2	1.0
3066	2134	2	1.0
3066	2212	2	1.0
3066	2393	2	1.0
3066	2638	2	1.0
3067	76	2	1.0
3067	87	2	1.0
3068	76	2	1.0
3069	76	2	1.0
3070	76	2	1.0
3071	76	2	1.0
3072	76	2	1.0
3073	77	2	1.0
3074	77	2	1.0
3075	77	2	1.0
3076	77	2	1.0
3077	77	2	1.0
3078	78	2	1.0
3078	1668	2	1.0
3079	78	2	1.0
3079	564	2	1.0
3079	1668	2	1.0
3079	1998	2	1.0
3080	78	2	1.0
3080	148	2	1.0
3081	79	2	1.0
3081	1776	2	1.0
3081	2143	2	1.0
3081	2742	2	1.0
3082	79	2	1.0
3083	79	2	1.0
3084	80	2	1.0
3085	81	2	1.0
3086	81	2	1.0
3087	81	2	1.0
3088	82	2	1.0
3088	1749	2	1.0
3089	83	2	1.0
3089	2489	2	1.0
3090	83	2	1.0
3090	2489	2	1.0
3091	83	2	1.0
3092	84	2	1.0
3093	84	2	1.0
3094	84	2	1.0
3095	84	2	1.0
3096	85	2	1.0
3097	85	2	1.0
3098	86	2	1.0
3099	86	2	1.0
3100	87	2	1.0
3101	87	2	1.0
3102	87	2	1.0
3103	88	2	1.0
3103	480	2	1.0
3103	2639	2	1.0
3104	88	2	1.0
3104	480	2	1.0
3105	88	2	1.0
3105	152	2	1.0
3105	194	2	1.0
3105	198	2	1.0
3105	295	2	1.0
3105	432	2	1.0
3105	480	2	1.0
3105	1300	2	1.0
3105	2635	2	1.0
3105	2639	2	1.0
3106	89	2	1.0
3107	89	2	1.0
3108	89	2	1.0
3108	960	2	1.0
3108	1118	2	1.0
3108	2555	2	1.0
3108	2560	2	1.0
3109	89	2	1.0
3110	91	2	1.0
3111	91	2	1.0
3112	91	2	1.0
3112	724	2	1.0
3113	92	2	1.0
3113	1477	2	1.0
3113	1480	2	1.0
3113	1829	2	1.0
3114	92	2	1.0
3114	181	2	1.0
3115	92	2	1.0
3116	92	2	1.0
3116	1480	2	1.0
3117	92	2	1.0
3117	1477	2	1.0
3117	1829	2	1.0
3118	93	2	1.0
3118	423	2	1.0
3118	2338	2	1.0
3119	93	2	1.0
3119	836	2	1.0
3119	1347	2	1.0
3119	1500	2	1.0
3119	2173	2	1.0
3119	2338	2	1.0
3119	2347	2	1.0
3120	94	2	1.0
3120	215	2	1.0
3120	290	2	1.0
3120	2117	2	1.0
3120	2146	2	1.0
3120	2631	2	1.0
3121	94	2	1.0
3122	95	2	1.0
3123	95	2	1.0
3124	95	2	1.0
3125	95	2	1.0
3125	393	2	1.0
3125	617	2	1.0
3126	96	2	1.0
3126	1157	2	1.0
3127	96	2	1.0
3127	1157	2	1.0
3128	96	2	1.0
3128	151	2	1.0
3128	288	2	1.0
3129	96	2	1.0
3130	97	2	1.0
3131	97	2	1.0
3132	97	2	1.0
3132	888	2	1.0
3132	1394	2	1.0
3132	2741	2	1.0
3133	97	2	1.0
3133	888	2	1.0
3133	1394	2	1.0
3133	2741	2	1.0
3134	98	2	1.0
3135	98	2	1.0
3135	2297	2	1.0
3136	98	2	1.0
3136	2094	2	1.0
3137	98	2	1.0
3137	2297	2	1.0
3137	2592	2	1.0
3138	98	2	1.0
3138	2297	2	1.0
3139	98	2	1.0
3139	2094	2	1.0
3139	2297	2	1.0
3140	99	2	1.0
3141	99	2	1.0
3142	99	2	1.0
3143	99	2	1.0
3144	99	2	1.0
3145	99	2	1.0
3146	99	2	1.0
3147	99	2	1.0
3148	100	2	1.0
3149	100	2	1.0
3150	100	2	1.0
3151	101	2	1.0
3152	101	2	1.0
3153	101	2	1.0
3154	101	2	1.0
3155	101	2	1.0
3155	160	2	1.0
3155	525	2	1.0
3155	664	2	1.0
3155	723	2	1.0
3155	974	2	1.0
3155	1006	2	1.0
3155	1323	2	1.0
3155	1920	2	1.0
3156	101	2	1.0
3157	102	2	1.0
3157	114	2	1.0
3157	413	2	1.0
3157	1095	2	1.0
3157	2102	2	1.0
3158	102	2	1.0
3159	102	2	1.0
3159	1095	2	1.0
3160	102	2	1.0
3160	114	2	1.0
3160	1095	2	1.0
3160	2185	2	1.0
3160	2444	2	1.0
3161	102	2	1.0
3161	844	2	1.0
3161	1191	2	1.0
3161	2063	2	1.0
3161	2111	2	1.0
3161	2432	2	1.0
3162	102	2	1.0
3162	413	2	1.0
3162	2102	2	1.0
3162	2107	2	1.0
3163	102	2	1.0
3163	413	2	1.0
3163	2102	2	1.0
3163	2107	2	1.0
3164	103	2	1.0
3165	103	2	1.0
3166	103	2	1.0
3167	104	2	1.0
3168	104	2	1.0
3169	105	2	1.0
3170	105	2	1.0
3171	105	2	1.0
3172	106	2	1.0
3172	310	2	1.0
3172	508	2	1.0
3172	2040	2	1.0
3173	106	2	1.0
3174	106	2	1.0
3175	106	2	1.0
3175	342	2	1.0
3175	426	2	1.0
3175	508	2	1.0
3175	1705	2	1.0
3175	2591	2	1.0
3176	106	2	1.0
3177	107	2	1.0
3178	107	2	1.0
3179	109	2	1.0
3180	110	2	1.0
3181	110	2	1.0
3182	111	2	1.0
3183	111	2	1.0
3183	1792	2	1.0
3183	2283	2	1.0
3183	2532	2	1.0
3184	111	2	1.0
3184	220	2	1.0
3184	672	2	1.0
3184	907	2	1.0
3184	1295	2	1.0
3184	2283	2	1.0
3184	2487	2	1.0
3184	2532	2	1.0
3184	2717	2	1.0
3185	111	2	1.0
3185	469	2	1.0
3185	791	2	1.0
3185	1379	2	1.0
3185	1426	2	1.0
3185	1428	2	1.0
3185	1583	2	1.0
3186	111	2	1.0
3186	469	2	1.0
3186	601	2	1.0
3186	791	2	1.0
3186	1428	2	1.0
3186	2265	2	1.0
3186	2508	2	1.0
3187	111	2	1.0
3187	1177	2	1.0
3187	1203	2	1.0
3188	111	2	1.0
3188	601	2	1.0
3189	111	2	1.0
3189	469	2	1.0
3189	791	2	1.0
3189	1172	2	1.0
3189	1177	2	1.0
3189	1203	2	1.0
3189	1379	2	1.0
3189	1426	2	1.0
3189	1428	2	1.0
3189	1583	2	1.0
3190	111	2	1.0
3190	672	2	1.0
3190	1414	2	1.0
3190	1792	2	1.0
3190	2532	2	1.0
3191	112	2	1.0
3192	112	2	1.0
3193	112	2	1.0
3194	112	2	1.0
3195	112	2	1.0
3196	112	2	1.0
3196	2014	2	1.0
3197	113	2	1.0
3198	113	2	1.0
3199	113	2	1.0
3200	113	2	1.0
3200	589	2	1.0
3200	1061	2	1.0
3200	2527	2	1.0
3200	2555	2	1.0
3200	2560	2	1.0
3201	113	2	1.0
3201	392	2	1.0
3201	1054	2	1.0
3201	1178	2	1.0
3201	1357	2	1.0
3201	1489	2	1.0
3201	2237	2	1.0
3201	2555	2	1.0
3201	2560	2	1.0
3201	2678	2	1.0
3202	114	2	1.0
3203	114	2	1.0
3204	115	2	1.0
3205	115	2	1.0
3206	115	2	1.0
3207	115	2	1.0
3208	115	2	1.0
3209	115	2	1.0
3210	115	2	1.0
3211	115	2	1.0
3212	115	2	1.0
3213	115	2	1.0
3214	115	2	1.0
3215	115	2	1.0
3216	115	2	1.0
3217	115	2	1.0
3218	115	2	1.0
3219	116	2	1.0
3219	966	2	1.0
3220	116	2	1.0
3220	190	2	1.0
3220	1088	2	1.0
3220	1766	2	1.0
3221	117	2	1.0
3222	117	2	1.0
3223	117	2	1.0
3223	1012	2	1.0
3224	117	2	1.0
3225	117	2	1.0
3226	118	2	1.0
3226	2121	2	1.0
3226	2525	2	1.0
3227	118	2	1.0
3228	118	2	1.0
3229	118	2	1.0
3230	118	2	1.0
3231	118	2	1.0
3232	118	2	1.0
3232	479	2	1.0
3232	1374	2	1.0
3232	2121	2	1.0
3232	2525	2	1.0
3233	119	2	1.0
3233	167	2	1.0
3234	119	2	1.0
3235	119	2	1.0
3236	120	2	1.0
3237	120	2	1.0
3237	186	2	1.0
3237	2745	2	1.0
3238	120	2	1.0
3239	120	2	1.0
3240	121	2	1.0
3241	121	2	1.0
3242	122	2	1.0
3243	122	2	1.0
3244	123	2	1.0
3244	506	2	1.0
3244	2212	2	1.0
3244	2422	2	1.0
3244	2574	2	1.0
3244	2638	2	1.0
3245	124	2	1.0
3246	124	2	1.0
3246	175	2	1.0
3246	2647	2	1.0
3247	124	2	1.0
3247	134	2	1.0
3248	124	2	1.0
3248	2647	2	1.0
3249	125	2	1.0
3250	125	2	1.0
3251	126	2	1.0
3252	126	2	1.0
3253	127	2	1.0
3254	127	2	1.0
3255	128	2	1.0
3256	128	2	1.0
3257	128	2	1.0
3258	128	2	1.0
3259	129	2	1.0
3259	460	2	1.0
3259	2084	2	1.0
3260	129	2	1.0
3260	460	2	1.0
3260	2084	2	1.0
3260	2622	2	1.0
3261	129	2	1.0
3261	460	2	1.0
3261	2084	2	1.0
3261	2622	2	1.0
3262	129	2	1.0
3263	129	2	1.0
3263	2084	2	1.0
3264	129	2	1.0
3265	129	2	1.0
3266	129	2	1.0
3266	2084	2	1.0
3267	129	2	1.0
3267	2084	2	1.0
3268	129	2	1.0
3269	129	2	1.0
3270	129	2	1.0
3271	130	2	1.0
3272	130	2	1.0
3273	130	2	1.0
3274	130	2	1.0
3275	130	2	1.0
3276	130	2	1.0
3277	131	2	1.0
3278	131	2	1.0
3279	131	2	1.0
3279	267	2	1.0
3279	1558	2	1.0
3280	131	2	1.0
3281	132	2	1.0
3282	132	2	1.0
3283	132	2	1.0
3284	132	2	1.0
3285	133	2	1.0
3286	133	2	1.0
3286	613	2	1.0
3287	133	2	1.0
3287	2090	2	1.0
3288	134	2	1.0
3288	175	2	1.0
3289	134	2	1.0
3290	134	2	1.0
3291	135	2	1.0
3292	135	2	1.0
3292	1589	2	1.0
3293	135	2	1.0
3294	136	2	1.0
3294	177	2	1.0
3294	281	2	1.0
3294	499	2	1.0
3294	1143	2	1.0
3294	1676	2	1.0
3294	2097	2	1.0
3295	137	2	1.0
3296	137	2	1.0
3297	137	2	1.0
3298	137	2	1.0
3298	465	2	1.0
3298	964	2	1.0
3299	137	2	1.0
3300	139	2	1.0
3301	139	2	1.0
3302	139	2	1.0
3303	139	2	1.0
3303	2144	2	1.0
3303	2254	2	1.0
3304	140	2	1.0
3305	140	2	1.0
3306	140	2	1.0
3306	2708	2	1.0
3307	141	2	1.0
3308	141	2	1.0
3308	269	2	1.0
3309	141	2	1.0
3310	141	2	1.0
3311	142	2	1.0
3312	143	2	1.0
3312	2219	2	1.0
3313	143	2	1.0
3313	197	2	1.0
3313	700	2	1.0
3313	1949	2	1.0
3314	144	2	1.0
3314	1813	2	1.0
3314	2471	2	1.0
3315	144	2	1.0
3316	144	2	1.0
3316	1329	2	1.0
3316	1591	2	1.0
3316	2471	2	1.0
3316	2541	2	1.0
3316	2561	2	1.0
3317	145	2	1.0
3318	146	2	1.0
3319	146	2	1.0
3320	146	2	1.0
3321	146	2	1.0
3322	146	2	1.0
3322	1761	2	1.0
3322	2168	2	1.0
3322	2674	2	1.0
3323	147	2	1.0
3324	147	2	1.0
3325	147	2	1.0
3326	148	2	1.0
3326	1165	2	1.0
3326	1276	2	1.0
3327	148	2	1.0
3328	148	2	1.0
3328	1079	2	1.0
3328	1165	2	1.0
3328	1269	2	1.0
3328	1276	2	1.0
3328	1421	2	1.0
3328	2244	2	1.0
3329	149	2	1.0
3330	149	2	1.0
3330	163	2	1.0
3331	150	2	1.0
3331	2766	2	1.0
3332	150	2	1.0
3332	1742	2	1.0
3333	150	2	1.0
3333	673	2	1.0
3333	1368	2	1.0
3333	1700	2	1.0
3333	1742	2	1.0
3333	2040	2	1.0
3333	2072	2	1.0
3333	2766	2	1.0
3334	151	2	1.0
3335	151	2	1.0
3336	152	2	1.0
3337	152	2	1.0
3338	152	2	1.0
3338	194	2	1.0
3338	295	2	1.0
3339	152	2	1.0
3339	194	2	1.0
3339	198	2	1.0
3339	295	2	1.0
3339	432	2	1.0
3339	480	2	1.0
3339	2635	2	1.0
3339	2639	2	1.0
3340	152	2	1.0
3340	2449	2	1.0
3340	2635	2	1.0
3341	153	2	1.0
3342	153	2	1.0
3343	153	2	1.0
3344	153	2	1.0
3345	153	2	1.0
3346	154	2	1.0
3347	154	2	1.0
3348	154	2	1.0
3349	154	2	1.0
3350	154	2	1.0
3351	154	2	1.0
3352	154	2	1.0
3353	154	2	1.0
3354	154	2	1.0
3355	154	2	1.0
3356	154	2	1.0
3357	154	2	1.0
3358	154	2	1.0
3359	154	2	1.0
3360	155	2	1.0
3360	410	2	1.0
3361	156	2	1.0
3362	156	2	1.0
3363	156	2	1.0
3363	2708	2	1.0
3364	156	2	1.0
3365	157	2	1.0
3365	694	2	1.0
3365	2627	2	1.0
3366	157	2	1.0
3366	694	2	1.0
3367	157	2	1.0
3368	157	2	1.0
3369	158	2	1.0
3370	158	2	1.0
3370	592	2	1.0
3371	158	2	1.0
3372	160	2	1.0
3372	1323	2	1.0
3373	160	2	1.0
3373	664	2	1.0
3373	1006	2	1.0
3373	1515	2	1.0
3373	1870	2	1.0
3373	2384	2	1.0
3374	160	2	1.0
3374	664	2	1.0
3374	1870	2	1.0
3374	2384	2	1.0
3375	161	2	1.0
3376	161	2	1.0
3377	161	2	1.0
3378	162	2	1.0
3379	162	2	1.0
3380	162	2	1.0
3381	162	2	1.0
3381	1025	2	1.0
3382	163	2	1.0
3383	163	2	1.0
3384	163	2	1.0
3385	164	2	1.0
3385	1854	2	1.0
3385	2109	2	1.0
3386	164	2	1.0
3386	894	2	1.0
3386	1854	2	1.0
3386	2029	2	1.0
3386	2109	2	1.0
3387	164	2	1.0
3387	894	2	1.0
3387	1854	2	1.0
3387	2007	2	1.0
3387	2109	2	1.0
3387	2415	2	1.0
3388	165	2	1.0
3389	165	2	1.0
3389	1091	2	1.0
3389	1318	2	1.0
3390	165	2	1.0
3391	165	2	1.0
3392	166	2	1.0
3393	166	2	1.0
3394	166	2	1.0
3394	2517	2	1.0
3395	167	2	1.0
3395	1452	2	1.0
3396	167	2	1.0
3397	168	2	1.0
3398	168	2	1.0
3399	169	2	1.0
3399	2635	2	1.0
3400	170	2	1.0
3401	170	2	1.0
3401	310	2	1.0
3401	1830	2	1.0
3402	170	2	1.0
3403	170	2	1.0
3404	171	2	1.0
3404	1604	2	1.0
3405	171	2	1.0
3406	172	2	1.0
3406	842	2	1.0
3407	172	2	1.0
3407	459	2	1.0
3408	172	2	1.0
3409	172	2	1.0
3410	172	2	1.0
3411	172	2	1.0
3412	173	2	1.0
3412	1484	2	1.0
3412	2311	2	1.0
3413	173	2	1.0
3413	1484	2	1.0
3413	2311	2	1.0
3414	173	2	1.0
3414	1484	2	1.0
3414	2311	2	1.0
3415	173	2	1.0
3415	1484	2	1.0
3415	2311	2	1.0
3416	174	2	1.0
3416	1043	2	1.0
3417	175	2	1.0
3418	176	2	1.0
3419	176	2	1.0
3420	176	2	1.0
3420	1352	2	1.0
3421	177	2	1.0
3421	276	2	1.0
3421	1143	2	1.0
3421	1676	2	1.0
3421	2675	2	1.0
3422	178	2	1.0
3423	178	2	1.0
3424	178	2	1.0
3425	178	2	1.0
3426	178	2	1.0
3427	178	2	1.0
3428	178	2	1.0
3429	178	2	1.0
3430	178	2	1.0
3431	178	2	1.0
3432	179	2	1.0
3433	179	2	1.0
3433	790	2	1.0
3434	180	2	1.0
3435	180	2	1.0
3436	180	2	1.0
3437	181	2	1.0
3438	181	2	1.0
3439	181	2	1.0
3439	415	2	1.0
3439	1477	2	1.0
3440	181	2	1.0
3440	1477	2	1.0
3441	181	2	1.0
3442	181	2	1.0
3442	1477	2	1.0
3443	181	2	1.0
3443	2554	2	1.0
3444	182	2	1.0
3445	182	2	1.0
3446	182	2	1.0
3446	755	2	1.0
3447	182	2	1.0
3447	755	2	1.0
3447	2105	2	1.0
3448	183	2	1.0
3448	268	2	1.0
3448	322	2	1.0
3448	463	2	1.0
3448	490	2	1.0
3448	650	2	1.0
3448	853	2	1.0
3448	907	2	1.0
3448	948	2	1.0
3448	1028	2	1.0
3448	1068	2	1.0
3448	1295	2	1.0
3448	2197	2	1.0
3448	2717	2	1.0
3448	2719	2	1.0
3449	183	2	1.0
3449	273	2	1.0
3449	371	2	1.0
3449	504	2	1.0
3450	183	2	1.0
3450	2197	2	1.0
3451	183	2	1.0
3452	184	2	1.0
3453	184	2	1.0
3454	184	2	1.0
3455	185	2	1.0
3455	399	2	1.0
3455	1464	2	1.0
3456	185	2	1.0
3456	399	2	1.0
3456	1464	2	1.0
3457	186	2	1.0
3457	2745	2	1.0
3458	186	2	1.0
3459	186	2	1.0
3460	187	2	1.0
3460	1046	2	1.0
3461	187	2	1.0
3461	303	2	1.0
3461	486	2	1.0
3461	841	2	1.0
3461	858	2	1.0
3461	886	2	1.0
3461	1046	2	1.0
3461	1685	2	1.0
3462	187	2	1.0
3462	245	2	1.0
3462	486	2	1.0
3462	677	2	1.0
3462	841	2	1.0
3462	848	2	1.0
3462	858	2	1.0
3462	886	2	1.0
3462	1046	2	1.0
3462	1685	2	1.0
3463	188	2	1.0
3464	188	2	1.0
3465	188	2	1.0
3466	189	2	1.0
3466	2476	2	1.0
3467	189	2	1.0
3467	1615	2	1.0
3467	2476	2	1.0
3467	2752	2	1.0
3468	189	2	1.0
3468	2752	2	1.0
3469	189	2	1.0
3469	1615	2	1.0
3469	2476	2	1.0
3470	190	2	1.0
3471	190	2	1.0
3472	191	2	1.0
3472	1568	2	1.0
3473	191	2	1.0
3474	191	2	1.0
3475	191	2	1.0
3475	293	2	1.0
3475	1568	2	1.0
3475	2330	2	1.0
3476	192	2	1.0
3477	192	2	1.0
3478	192	2	1.0
3479	193	2	1.0
3479	2539	2	1.0
3480	193	2	1.0
3480	767	2	1.0
3480	1595	2	1.0
3480	1841	2	1.0
3481	193	2	1.0
3481	767	2	1.0
3481	1586	2	1.0
3481	1841	2	1.0
3482	193	2	1.0
3482	346	2	1.0
3482	535	2	1.0
3482	596	2	1.0
3482	726	2	1.0
3482	911	2	1.0
3482	1339	2	1.0
3482	2062	2	1.0
3482	2539	2	1.0
3482	2688	2	1.0
3483	194	2	1.0
3484	194	2	1.0
3484	505	2	1.0
3485	194	2	1.0
3485	505	2	1.0
3486	194	2	1.0
3486	505	2	1.0
3487	194	2	1.0
3487	505	2	1.0
3488	195	2	1.0
3488	1206	2	1.0
3489	195	2	1.0
3489	1206	2	1.0
3490	195	2	1.0
3490	1206	2	1.0
3490	1474	2	1.0
3490	2528	2	1.0
3490	2738	2	1.0
3491	196	2	1.0
3491	1111	2	1.0
3492	196	2	1.0
3493	196	2	1.0
3493	1038	2	1.0
3494	196	2	1.0
3495	196	2	1.0
3496	196	2	1.0
3496	356	2	1.0
3496	2670	2	1.0
3497	197	2	1.0
3498	197	2	1.0
3498	700	2	1.0
3498	1213	2	1.0
3499	197	2	1.0
3499	2376	2	1.0
3500	198	2	1.0
3501	198	2	1.0
3501	295	2	1.0
3502	199	2	1.0
3503	200	2	1.0
3503	377	2	1.0
3503	984	2	1.0
3503	1961	2	1.0
3504	200	2	1.0
3504	504	2	1.0
3505	200	2	1.0
3505	377	2	1.0
3505	984	2	1.0
3505	1961	2	1.0
3505	2079	2	1.0
3506	200	2	1.0
3506	377	2	1.0
3506	877	2	1.0
3506	901	2	1.0
3506	984	2	1.0
3506	1208	2	1.0
3506	1752	2	1.0
3506	1827	2	1.0
3506	1961	2	1.0
3506	1983	2	1.0
3506	2079	2	1.0
3507	201	2	1.0
3507	877	2	1.0
3507	1983	2	1.0
3508	201	2	1.0
3509	201	2	1.0
3510	201	2	1.0
3510	300	2	1.0
3510	1216	2	1.0
3510	1389	2	1.0
3510	1607	2	1.0
3511	202	2	1.0
3512	203	2	1.0
3513	203	2	1.0
3513	1403	2	1.0
3513	1745	2	1.0
3513	2383	2	1.0
3514	203	2	1.0
3514	1745	2	1.0
3515	203	2	1.0
3515	1403	2	1.0
3515	1745	2	1.0
3515	2383	2	1.0
3516	204	2	1.0
3517	204	2	1.0
3518	204	2	1.0
3519	205	2	1.0
3520	205	2	1.0
3521	205	2	1.0
3522	205	2	1.0
3523	205	2	1.0
3524	205	2	1.0
3525	206	2	1.0
3526	206	2	1.0
3527	207	2	1.0
3527	832	2	1.0
3527	2519	2	1.0
3528	207	2	1.0
3528	2519	2	1.0
3529	207	2	1.0
3529	564	2	1.0
3529	2519	2	1.0
3530	208	2	1.0
3530	556	2	1.0
3530	1921	2	1.0
3531	208	2	1.0
3532	209	2	1.0
3533	209	2	1.0
3534	209	2	1.0
3535	209	2	1.0
3536	209	2	1.0
3537	210	2	1.0
3538	210	2	1.0
3538	2346	2	1.0
3539	210	2	1.0
3539	1060	2	1.0
3539	1509	2	1.0
3540	212	2	1.0
3541	212	2	1.0
3541	828	2	1.0
3541	2302	2	1.0
3542	212	2	1.0
3542	809	2	1.0
3542	828	2	1.0
3542	2302	2	1.0
3543	213	2	1.0
3544	213	2	1.0
3544	1591	2	1.0
3545	214	2	1.0
3545	345	2	1.0
3545	349	2	1.0
3546	214	2	1.0
3547	214	2	1.0
3547	345	2	1.0
3547	349	2	1.0
3547	1053	2	1.0
3547	1232	2	1.0
3547	1588	2	1.0
3547	2704	2	1.0
3548	216	2	1.0
3549	216	2	1.0
3550	217	2	1.0
3550	1735	2	1.0
3551	217	2	1.0
3551	1735	2	1.0
3552	218	2	1.0
3553	218	2	1.0
3554	218	2	1.0
3555	219	2	1.0
3556	219	2	1.0
3556	416	2	1.0
3556	957	2	1.0
3556	1194	2	1.0
3556	1399	2	1.0
3556	1450	2	1.0
3556	1475	2	1.0
3556	1599	2	1.0
3556	2005	2	1.0
3556	2490	2	1.0
3557	220	2	1.0
3557	855	2	1.0
3557	915	2	1.0
3557	2473	2	1.0
3557	2660	2	1.0
3558	220	2	1.0
3558	1396	2	1.0
3558	2337	2	1.0
3559	220	2	1.0
3560	221	2	1.0
3561	221	2	1.0
3562	221	2	1.0
3563	222	2	1.0
3564	222	2	1.0
3565	222	2	1.0
3566	222	2	1.0
3567	222	2	1.0
3568	223	2	1.0
3568	1893	2	1.0
3569	223	2	1.0
3570	224	2	1.0
3571	224	2	1.0
3571	960	2	1.0
3571	1963	2	1.0
3571	1996	2	1.0
3571	2558	2	1.0
3572	225	2	1.0
3572	859	2	1.0
3572	1616	2	1.0
3572	2217	2	1.0
3572	2691	2	1.0
3573	225	2	1.0
3573	790	2	1.0
3573	859	2	1.0
3573	945	2	1.0
3573	1016	2	1.0
3573	1018	2	1.0
3573	1071	2	1.0
3573	1355	2	1.0
3573	1541	2	1.0
3573	1616	2	1.0
3573	1624	2	1.0
3573	1652	2	1.0
3573	1763	2	1.0
3573	1817	2	1.0
3573	1848	2	1.0
3573	1859	2	1.0
3573	1863	2	1.0
3573	2217	2	1.0
3573	2501	2	1.0
3573	2668	2	1.0
3573	2691	2	1.0
3574	226	2	1.0
3575	226	2	1.0
3575	1123	2	1.0
3575	1392	2	1.0
3576	226	2	1.0
3576	1123	2	1.0
3576	1280	2	1.0
3576	1303	2	1.0
3576	1392	2	1.0
3577	226	2	1.0
3577	419	2	1.0
3577	1676	2	1.0
3577	1852	2	1.0
3577	2097	2	1.0
3577	2147	2	1.0
3577	2477	2	1.0
3577	2683	2	1.0
3578	226	2	1.0
3578	1303	2	1.0
3578	1841	2	1.0
3579	227	2	1.0
3580	227	2	1.0
3581	227	2	1.0
3581	702	2	1.0
3581	2276	2	1.0
3582	227	2	1.0
3582	702	2	1.0
3583	228	2	1.0
3584	228	2	1.0
3585	228	2	1.0
3586	228	2	1.0
3587	228	2	1.0
3588	228	2	1.0
3589	228	2	1.0
3590	229	2	1.0
3591	229	2	1.0
3592	229	2	1.0
3593	229	2	1.0
3594	229	2	1.0
3595	229	2	1.0
3596	229	2	1.0
3597	230	2	1.0
3598	230	2	1.0
3599	230	2	1.0
3600	230	2	1.0
3601	230	2	1.0
3602	230	2	1.0
3603	231	2	1.0
3604	231	2	1.0
3605	231	2	1.0
3606	231	2	1.0
3607	232	2	1.0
3608	232	2	1.0
3609	232	2	1.0
3610	232	2	1.0
3611	232	2	1.0
3612	233	2	1.0
3613	233	2	1.0
3613	1789	2	1.0
3614	234	2	1.0
3614	474	2	1.0
3615	234	2	1.0
3615	474	2	1.0
3615	2203	2	1.0
3616	234	2	1.0
3617	235	2	1.0
3617	712	2	1.0
3617	2262	2	1.0
3617	2551	2	1.0
3618	235	2	1.0
3618	712	2	1.0
3618	2262	2	1.0
3618	2551	2	1.0
3619	235	2	1.0
3619	279	2	1.0
3619	1342	2	1.0
3619	2262	2	1.0
3619	2365	2	1.0
3620	236	2	1.0
3621	236	2	1.0
3622	236	2	1.0
3623	236	2	1.0
3624	237	2	1.0
3625	237	2	1.0
3626	238	2	1.0
3627	239	2	1.0
3627	440	2	1.0
3628	239	2	1.0
3629	239	2	1.0
3630	239	2	1.0
3631	239	2	1.0
3632	239	2	1.0
3633	239	2	1.0
3633	440	2	1.0
3634	240	2	1.0
3635	240	2	1.0
3636	242	2	1.0
3637	242	2	1.0
3638	242	2	1.0
3639	242	2	1.0
3640	242	2	1.0
3641	242	2	1.0
3642	242	2	1.0
3642	1072	2	1.0
3642	1082	2	1.0
3642	2459	2	1.0
3643	243	2	1.0
3643	1764	2	1.0
3644	243	2	1.0
3645	243	2	1.0
3646	243	2	1.0
3647	244	2	1.0
3648	244	2	1.0
3649	244	2	1.0
3650	245	2	1.0
3650	427	2	1.0
3650	535	2	1.0
3650	911	2	1.0
3650	2526	2	1.0
3650	2539	2	1.0
3651	245	2	1.0
3652	245	2	1.0
3652	427	2	1.0
3652	486	2	1.0
3652	886	2	1.0
3653	245	2	1.0
3653	427	2	1.0
3653	671	2	1.0
3653	848	2	1.0
3653	1955	2	1.0
3653	2072	2	1.0
3654	246	2	1.0
3655	246	2	1.0
3656	246	2	1.0
3656	1884	2	1.0
3657	246	2	1.0
3658	247	2	1.0
3659	247	2	1.0
3660	247	2	1.0
3661	247	2	1.0
3661	2235	2	1.0
3661	2626	2	1.0
3662	248	2	1.0
3663	248	2	1.0
3664	248	2	1.0
3665	249	2	1.0
3665	2683	2	1.0
3666	249	2	1.0
3666	2683	2	1.0
3667	249	2	1.0
3667	562	2	1.0
3667	2683	2	1.0
3668	249	2	1.0
3668	361	2	1.0
3668	1163	2	1.0
3668	2683	2	1.0
3669	249	2	1.0
3669	1613	2	1.0
3669	2683	2	1.0
3670	250	2	1.0
3670	2120	2	1.0
3671	250	2	1.0
3672	250	2	1.0
3673	251	2	1.0
3674	251	2	1.0
3675	252	2	1.0
3675	1252	2	1.0
3676	253	2	1.0
3677	254	2	1.0
3677	1454	2	1.0
3677	2108	2	1.0
3678	254	2	1.0
3678	1454	2	1.0
3679	254	2	1.0
3680	254	2	1.0
3680	1454	2	1.0
3681	254	2	1.0
3681	1454	2	1.0
3681	2108	2	1.0
3682	255	2	1.0
3683	255	2	1.0
3684	255	2	1.0
3685	255	2	1.0
3686	256	2	1.0
3687	257	2	1.0
3687	2424	2	1.0
3688	257	2	1.0
3688	347	2	1.0
3688	949	2	1.0
3688	2424	2	1.0
3689	257	2	1.0
3689	2634	2	1.0
3690	257	2	1.0
3691	257	2	1.0
3692	258	2	1.0
3692	933	2	1.0
3692	2087	2	1.0
3692	2696	2	1.0
3693	258	2	1.0
3693	1510	2	1.0
3694	258	2	1.0
3694	857	2	1.0
3695	259	2	1.0
3695	1897	2	1.0
3695	2682	2	1.0
3696	259	2	1.0
3696	1647	2	1.0
3696	1882	2	1.0
3696	2682	2	1.0
3697	259	2	1.0
3697	1388	2	1.0
3697	1882	2	1.0
3697	2677	2	1.0
3697	2682	2	1.0
3698	260	2	1.0
3699	260	2	1.0
3699	2218	2	1.0
3699	2740	2	1.0
3700	261	2	1.0
3701	261	2	1.0
3702	261	2	1.0
3703	261	2	1.0
3704	262	2	1.0
3705	262	2	1.0
3706	262	2	1.0
3707	262	2	1.0
3708	263	2	1.0
3709	263	2	1.0
3710	263	2	1.0
3711	264	2	1.0
3712	264	2	1.0
3712	276	2	1.0
3712	443	2	1.0
3712	1915	2	1.0
3712	1974	2	1.0
3712	2640	2	1.0
3712	2675	2	1.0
3713	264	2	1.0
3713	276	2	1.0
3713	1915	2	1.0
3713	1974	2	1.0
3713	2675	2	1.0
3714	265	2	1.0
3715	265	2	1.0
3716	265	2	1.0
3717	265	2	1.0
3717	431	2	1.0
3717	1840	2	1.0
3717	1965	2	1.0
3718	266	2	1.0
3718	840	2	1.0
3718	993	2	1.0
3718	1184	2	1.0
3719	266	2	1.0
3720	266	2	1.0
3720	2135	2	1.0
3721	266	2	1.0
3721	2631	2	1.0
3722	266	2	1.0
3723	266	2	1.0
3724	267	2	1.0
3724	771	2	1.0
3724	871	2	1.0
3724	1556	2	1.0
3724	1658	2	1.0
3724	1775	2	1.0
3724	2058	2	1.0
3725	267	2	1.0
3725	1558	2	1.0
3726	267	2	1.0
3727	267	2	1.0
3727	771	2	1.0
3727	871	2	1.0
3727	1658	2	1.0
3727	2058	2	1.0
3728	268	2	1.0
3729	268	2	1.0
3729	853	2	1.0
3729	1068	2	1.0
3729	1185	2	1.0
3729	2197	2	1.0
3730	268	2	1.0
3730	463	2	1.0
3730	2717	2	1.0
3730	2719	2	1.0
3731	269	2	1.0
3732	269	2	1.0
3733	269	2	1.0
3733	1292	2	1.0
3734	269	2	1.0
3734	599	2	1.0
3735	269	2	1.0
3735	681	2	1.0
3736	270	2	1.0
3737	270	2	1.0
3738	270	2	1.0
3739	270	2	1.0
3739	558	2	1.0
3740	270	2	1.0
3740	336	2	1.0
3741	271	2	1.0
3741	2136	2	1.0
3742	271	2	1.0
3742	455	2	1.0
3743	272	2	1.0
3743	2290	2	1.0
3744	272	2	1.0
3744	2611	2	1.0
3745	273	2	1.0
3746	273	2	1.0
3747	273	2	1.0
3747	371	2	1.0
3747	504	2	1.0
3748	273	2	1.0
3749	274	2	1.0
3750	274	2	1.0
3751	274	2	1.0
3751	595	2	1.0
3751	693	2	1.0
3751	2074	2	1.0
3752	275	2	1.0
3753	275	2	1.0
3753	277	2	1.0
3753	1160	2	1.0
3753	1901	2	1.0
3753	2332	2	1.0
3754	275	2	1.0
3754	277	2	1.0
3754	1160	2	1.0
3755	276	2	1.0
3755	2675	2	1.0
3756	276	2	1.0
3756	289	2	1.0
3756	1234	2	1.0
3756	2675	2	1.0
3757	276	2	1.0
3757	2675	2	1.0
3758	276	2	1.0
3758	443	2	1.0
3758	802	2	1.0
3758	889	2	1.0
3758	1335	2	1.0
3758	1915	2	1.0
3758	1974	2	1.0
3758	2170	2	1.0
3758	2640	2	1.0
3758	2675	2	1.0
3758	2758	2	1.0
3759	276	2	1.0
3759	2170	2	1.0
3759	2675	2	1.0
3760	276	2	1.0
3760	2047	2	1.0
3760	2675	2	1.0
3761	277	2	1.0
3762	278	2	1.0
3763	278	2	1.0
3764	278	2	1.0
3765	279	2	1.0
3766	280	2	1.0
3767	280	2	1.0
3768	280	2	1.0
3769	282	2	1.0
3770	282	2	1.0
3771	283	2	1.0
3772	283	2	1.0
3773	284	2	1.0
3774	284	2	1.0
3774	1003	2	1.0
3774	1253	2	1.0
3774	2166	2	1.0
3775	284	2	1.0
3775	603	2	1.0
3775	1000	2	1.0
3775	1435	2	1.0
3776	285	2	1.0
3777	285	2	1.0
3778	285	2	1.0
3779	286	2	1.0
3780	287	2	1.0
3781	287	2	1.0
3782	287	2	1.0
3783	287	2	1.0
3784	288	2	1.0
3785	288	2	1.0
3786	291	2	1.0
3787	291	2	1.0
3788	291	2	1.0
3788	2205	2	1.0
3789	291	2	1.0
3790	291	2	1.0
3791	292	2	1.0
3792	292	2	1.0
3792	1726	2	1.0
3793	292	2	1.0
3793	1726	2	1.0
3794	292	2	1.0
3795	292	2	1.0
3796	293	2	1.0
3796	552	2	1.0
3796	1639	2	1.0
3796	2243	2	1.0
3796	2688	2	1.0
3797	293	2	1.0
3797	952	2	1.0
3797	2243	2	1.0
3797	2330	2	1.0
3798	294	2	1.0
3799	294	2	1.0
3800	294	2	1.0
3800	1849	2	1.0
3800	2566	2	1.0
3800	2743	2	1.0
3801	294	2	1.0
3802	295	2	1.0
3803	295	2	1.0
3803	480	2	1.0
3803	2635	2	1.0
3803	2639	2	1.0
3804	296	2	1.0
3804	1803	2	1.0
3804	1992	2	1.0
3805	296	2	1.0
3805	1803	2	1.0
3806	296	2	1.0
3806	1803	2	1.0
3806	2020	2	1.0
3806	2714	2	1.0
3806	2755	2	1.0
3807	296	2	1.0
3807	1803	2	1.0
3807	1992	2	1.0
3807	2175	2	1.0
3808	297	2	1.0
3809	297	2	1.0
3810	297	2	1.0
3811	297	2	1.0
3812	297	2	1.0
3813	298	2	1.0
3813	333	2	1.0
3814	298	2	1.0
3814	333	2	1.0
3814	791	2	1.0
3815	298	2	1.0
3815	333	2	1.0
3815	2136	2	1.0
3815	2619	2	1.0
3816	299	2	1.0
3817	299	2	1.0
3818	300	2	1.0
3819	300	2	1.0
3819	1216	2	1.0
3820	300	2	1.0
3820	1389	2	1.0
3821	301	2	1.0
3822	301	2	1.0
3823	301	2	1.0
3824	301	2	1.0
3825	301	2	1.0
3826	302	2	1.0
3826	1804	2	1.0
3827	302	2	1.0
3827	1111	2	1.0
3827	1462	2	1.0
3827	1771	2	1.0
3827	1804	2	1.0
3827	2303	2	1.0
3828	302	2	1.0
3828	1111	2	1.0
3828	1462	2	1.0
3828	1804	2	1.0
3828	2303	2	1.0
3829	303	2	1.0
3830	303	2	1.0
3830	886	2	1.0
3831	304	2	1.0
3832	305	2	1.0
3833	305	2	1.0
3834	305	2	1.0
3835	306	2	1.0
3836	306	2	1.0
3836	403	2	1.0
3836	962	2	1.0
3836	1283	2	1.0
3836	1710	2	1.0
3836	1738	2	1.0
3836	1898	2	1.0
3836	1924	2	1.0
3836	2054	2	1.0
3836	2285	2	1.0
3836	2300	2	1.0
3836	2407	2	1.0
3837	306	2	1.0
3837	2054	2	1.0
3838	306	2	1.0
3838	428	2	1.0
3838	1476	2	1.0
3838	1869	2	1.0
3838	2364	2	1.0
3839	307	2	1.0
3839	407	2	1.0
3839	938	2	1.0
3839	1063	2	1.0
3839	1617	2	1.0
3839	1690	2	1.0
3839	1972	2	1.0
3840	307	2	1.0
3840	1063	2	1.0
3840	1690	2	1.0
3840	1972	2	1.0
3841	307	2	1.0
3842	308	2	1.0
3842	2463	2	1.0
3843	308	2	1.0
3844	309	2	1.0
3845	309	2	1.0
3846	309	2	1.0
3847	310	2	1.0
3848	310	2	1.0
3848	508	2	1.0
3848	1315	2	1.0
3848	2040	2	1.0
3848	2284	2	1.0
3848	2591	2	1.0
3848	2609	2	1.0
3849	310	2	1.0
3850	311	2	1.0
3851	311	2	1.0
3851	1002	2	1.0
3851	2022	2	1.0
3851	2296	2	1.0
3852	312	2	1.0
3853	312	2	1.0
3854	312	2	1.0
3855	312	2	1.0
3856	312	2	1.0
3857	312	2	1.0
3858	312	2	1.0
3858	2487	2	1.0
3859	312	2	1.0
3860	312	2	1.0
3861	313	2	1.0
3862	313	2	1.0
3862	1236	2	1.0
3862	1265	2	1.0
3863	314	2	1.0
3863	1353	2	1.0
3863	1457	2	1.0
3863	2373	2	1.0
3864	315	2	1.0
3865	315	2	1.0
3866	315	2	1.0
3866	641	2	1.0
3867	316	2	1.0
3867	587	2	1.0
3867	612	2	1.0
3867	654	2	1.0
3867	983	2	1.0
3867	1307	2	1.0
3867	1402	2	1.0
3867	1572	2	1.0
3867	1966	2	1.0
3867	2568	2	1.0
3868	317	2	1.0
3868	1990	2	1.0
3869	317	2	1.0
3870	317	2	1.0
3870	1990	2	1.0
3871	318	2	1.0
3871	1032	2	1.0
3872	318	2	1.0
3872	1032	2	1.0
3873	318	2	1.0
3874	318	2	1.0
3874	1885	2	1.0
3874	1899	2	1.0
3875	319	2	1.0
3876	319	2	1.0
3876	849	2	1.0
3876	1255	2	1.0
3876	1308	2	1.0
3876	2114	2	1.0
3877	319	2	1.0
3877	405	2	1.0
3877	849	2	1.0
3877	1255	2	1.0
3877	2114	2	1.0
3878	319	2	1.0
3878	336	2	1.0
3878	405	2	1.0
3878	849	2	1.0
3878	1255	2	1.0
3878	1257	2	1.0
3878	1308	2	1.0
3878	1338	2	1.0
3878	2114	2	1.0
3878	2160	2	1.0
3879	320	2	1.0
3879	917	2	1.0
3880	320	2	1.0
3880	821	2	1.0
3880	971	2	1.0
3880	1294	2	1.0
3880	1394	2	1.0
3880	1399	2	1.0
3880	1580	2	1.0
3881	320	2	1.0
3881	905	2	1.0
3881	917	2	1.0
3881	2617	2	1.0
3882	321	2	1.0
3883	321	2	1.0
3883	1732	2	1.0
3884	321	2	1.0
3885	321	2	1.0
3886	321	2	1.0
3887	321	2	1.0
3888	321	2	1.0
3889	322	2	1.0
3890	322	2	1.0
3891	322	2	1.0
3892	323	2	1.0
3892	716	2	1.0
3892	1366	2	1.0
3892	1937	2	1.0
3893	323	2	1.0
3893	646	2	1.0
3893	716	2	1.0
3893	797	2	1.0
3893	1145	2	1.0
3893	1366	2	1.0
3893	1937	2	1.0
3893	2209	2	1.0
3894	323	2	1.0
3895	323	2	1.0
3895	910	2	1.0
3895	996	2	1.0
3895	1366	2	1.0
3896	323	2	1.0
3896	996	2	1.0
3896	1366	2	1.0
3897	324	2	1.0
3898	324	2	1.0
3899	324	2	1.0
3899	374	2	1.0
3899	446	2	1.0
3899	1275	2	1.0
3899	2060	2	1.0
3899	2093	2	1.0
3899	2140	2	1.0
3899	2177	2	1.0
3900	324	2	1.0
3900	446	2	1.0
3901	325	2	1.0
3901	1708	2	1.0
3902	325	2	1.0
3903	325	2	1.0
3904	325	2	1.0
3905	326	2	1.0
3905	2313	2	1.0
3906	326	2	1.0
3906	2313	2	1.0
3907	326	2	1.0
3907	2313	2	1.0
3908	326	2	1.0
3909	326	2	1.0
3910	327	2	1.0
3911	327	2	1.0
3912	327	2	1.0
3913	327	2	1.0
3914	327	2	1.0
3915	328	2	1.0
3916	328	2	1.0
3916	453	2	1.0
3916	1597	2	1.0
3917	329	2	1.0
3918	329	2	1.0
3919	329	2	1.0
3919	472	2	1.0
3920	329	2	1.0
3921	329	2	1.0
3921	1721	2	1.0
3922	330	2	1.0
3923	330	2	1.0
3923	2087	2	1.0
3924	331	2	1.0
3924	1310	2	1.0
3924	2007	2	1.0
3925	331	2	1.0
3926	331	2	1.0
3926	1155	2	1.0
3927	331	2	1.0
3928	331	2	1.0
3929	331	2	1.0
3930	331	2	1.0
3930	1155	2	1.0
3930	1310	2	1.0
3930	2007	2	1.0
3931	332	2	1.0
3931	346	2	1.0
3932	332	2	1.0
3932	346	2	1.0
3932	2409	2	1.0
3933	333	2	1.0
3934	333	2	1.0
3935	334	2	1.0
3936	334	2	1.0
3937	334	2	1.0
3938	335	2	1.0
3939	335	2	1.0
3940	335	2	1.0
3940	1344	2	1.0
3941	335	2	1.0
3942	335	2	1.0
3943	336	2	1.0
3943	880	2	1.0
3943	1109	2	1.0
3943	1338	2	1.0
3943	2114	2	1.0
3944	336	2	1.0
3944	497	2	1.0
3945	336	2	1.0
3945	1015	2	1.0
3946	336	2	1.0
3947	336	2	1.0
3947	685	2	1.0
3947	1149	2	1.0
3947	1501	2	1.0
3947	1763	2	1.0
3947	2022	2	1.0
3948	337	2	1.0
3949	337	2	1.0
3949	351	2	1.0
3949	675	2	1.0
3949	1113	2	1.0
3949	1300	2	1.0
3949	1799	2	1.0
3949	2200	2	1.0
3949	2636	2	1.0
3949	2637	2	1.0
3949	2641	2	1.0
3950	337	2	1.0
3951	337	2	1.0
3952	338	2	1.0
3953	338	2	1.0
3954	338	2	1.0
3955	339	2	1.0
3956	339	2	1.0
3956	924	2	1.0
3957	339	2	1.0
3958	339	2	1.0
3958	738	2	1.0
3958	924	2	1.0
3958	2128	2	1.0
3959	339	2	1.0
3959	738	2	1.0
3960	340	2	1.0
3960	2076	2	1.0
3961	340	2	1.0
3961	2076	2	1.0
3962	340	2	1.0
3962	2076	2	1.0
3963	340	2	1.0
3963	1862	2	1.0
3963	2076	2	1.0
3964	341	2	1.0
3965	341	2	1.0
3965	399	2	1.0
3965	1464	2	1.0
3966	342	2	1.0
3966	508	2	1.0
3966	595	2	1.0
3966	1145	2	1.0
3967	342	2	1.0
3967	595	2	1.0
3967	1751	2	1.0
3968	342	2	1.0
3969	342	2	1.0
3969	545	2	1.0
3969	742	2	1.0
3969	881	2	1.0
3969	910	2	1.0
3969	1937	2	1.0
3970	343	2	1.0
3971	343	2	1.0
3972	343	2	1.0
3973	344	2	1.0
3973	787	2	1.0
3974	344	2	1.0
3974	787	2	1.0
3975	344	2	1.0
3975	787	2	1.0
3976	344	2	1.0
3977	345	2	1.0
3977	1541	2	1.0
3978	345	2	1.0
3979	346	2	1.0
3980	347	2	1.0
3981	347	2	1.0
3982	347	2	1.0
3982	949	2	1.0
3982	2424	2	1.0
3983	348	2	1.0
3984	348	2	1.0
3985	348	2	1.0
3986	348	2	1.0
3987	349	2	1.0
3988	350	2	1.0
3988	362	2	1.0
3988	395	2	1.0
3988	425	2	1.0
3988	1201	2	1.0
3988	1237	2	1.0
3988	1471	2	1.0
3988	1705	2	1.0
3988	1932	2	1.0
3988	2019	2	1.0
3988	2046	2	1.0
3988	2220	2	1.0
3988	2343	2	1.0
3988	2506	2	1.0
3989	350	2	1.0
3990	350	2	1.0
3991	351	2	1.0
3991	1113	2	1.0
3991	1300	2	1.0
3991	2641	2	1.0
3992	351	2	1.0
3992	675	2	1.0
3992	1113	2	1.0
3992	1799	2	1.0
3992	2636	2	1.0
3992	2637	2	1.0
3992	2641	2	1.0
3993	351	2	1.0
3993	450	2	1.0
3993	1286	2	1.0
3994	352	2	1.0
3995	352	2	1.0
3996	353	2	1.0
3996	529	2	1.0
3996	741	2	1.0
3996	1531	2	1.0
3996	1973	2	1.0
3997	353	2	1.0
3997	529	2	1.0
3997	1063	2	1.0
3997	1531	2	1.0
3997	1999	2	1.0
3998	354	2	1.0
3998	448	2	1.0
3999	354	2	1.0
3999	369	2	1.0
3999	448	2	1.0
3999	1122	2	1.0
4000	354	2	1.0
4001	355	2	1.0
4002	355	2	1.0
4003	355	2	1.0
4004	355	2	1.0
4005	355	2	1.0
4006	355	2	1.0
4007	355	2	1.0
4008	355	2	1.0
4009	356	2	1.0
4009	477	2	1.0
4010	356	2	1.0
4010	477	2	1.0
4011	356	2	1.0
4011	477	2	1.0
4012	356	2	1.0
4012	516	2	1.0
4012	1557	2	1.0
4013	357	2	1.0
4014	357	2	1.0
4014	364	2	1.0
4014	436	2	1.0
4014	449	2	1.0
4014	509	2	1.0
4014	646	2	1.0
4014	797	2	1.0
4014	1140	2	1.0
4014	1145	2	1.0
4014	1395	2	1.0
4014	1502	2	1.0
4014	1630	2	1.0
4014	1637	2	1.0
4014	1746	2	1.0
4014	2044	2	1.0
4014	2095	2	1.0
4014	2209	2	1.0
4014	2250	2	1.0
4014	2404	2	1.0
4014	2417	2	1.0
4014	2710	2	1.0
4014	2746	2	1.0
4015	358	2	1.0
4016	358	2	1.0
4017	358	2	1.0
4018	358	2	1.0
4019	358	2	1.0
4020	358	2	1.0
4021	358	2	1.0
4022	358	2	1.0
4023	358	2	1.0
4024	358	2	1.0
4025	358	2	1.0
4026	358	2	1.0
4027	358	2	1.0
4028	358	2	1.0
4029	359	2	1.0
4030	360	2	1.0
4030	2011	2	1.0
4031	361	2	1.0
4031	1838	2	1.0
4031	2223	2	1.0
4032	361	2	1.0
4032	1838	2	1.0
4032	2223	2	1.0
4033	362	2	1.0
4033	2019	2	1.0
4034	362	2	1.0
4035	362	2	1.0
4035	1039	2	1.0
4035	1415	2	1.0
4035	2019	2	1.0
4036	363	2	1.0
4036	1717	2	1.0
4036	1843	2	1.0
4036	2161	2	1.0
4037	363	2	1.0
4037	909	2	1.0
4037	1717	2	1.0
4037	1843	2	1.0
4037	1982	2	1.0
4037	2161	2	1.0
4037	2735	2	1.0
4038	363	2	1.0
4038	912	2	1.0
4038	1167	2	1.0
4038	1449	2	1.0
4038	2142	2	1.0
4039	364	2	1.0
4039	646	2	1.0
4039	2209	2	1.0
4039	2417	2	1.0
4040	364	2	1.0
4040	595	2	1.0
4041	365	2	1.0
4041	1377	2	1.0
4042	365	2	1.0
4042	1377	2	1.0
4043	365	2	1.0
4043	1377	2	1.0
4043	2003	2	1.0
4043	2017	2	1.0
4043	2548	2	1.0
4044	365	2	1.0
4044	1377	2	1.0
4045	365	2	1.0
4045	396	2	1.0
4045	719	2	1.0
4045	1377	2	1.0
4045	1762	2	1.0
4045	2382	2	1.0
4046	366	2	1.0
4046	1486	2	1.0
4047	366	2	1.0
4048	366	2	1.0
4048	1172	2	1.0
4048	1426	2	1.0
4049	366	2	1.0
4050	366	2	1.0
4050	565	2	1.0
4050	769	2	1.0
4050	896	2	1.0
4050	1524	2	1.0
4051	367	2	1.0
4052	367	2	1.0
4052	2079	2	1.0
4053	367	2	1.0
4054	367	2	1.0
4054	1151	2	1.0
4054	1522	2	1.0
4054	1643	2	1.0
4054	1820	2	1.0
4054	1874	2	1.0
4054	1885	2	1.0
4054	1899	2	1.0
4054	2193	2	1.0
4055	369	2	1.0
4056	370	2	1.0
4057	370	2	1.0
4058	370	2	1.0
4059	371	2	1.0
4060	372	2	1.0
4061	372	2	1.0
4062	373	2	1.0
4063	373	2	1.0
4064	373	2	1.0
4065	373	2	1.0
4066	374	2	1.0
4067	374	2	1.0
4067	2093	2	1.0
4068	374	2	1.0
4069	375	2	1.0
4069	2486	2	1.0
4070	375	2	1.0
4071	375	2	1.0
4072	375	2	1.0
4072	2486	2	1.0
4073	375	2	1.0
4074	376	2	1.0
4075	376	2	1.0
4075	590	2	1.0
4075	1166	2	1.0
4075	1346	2	1.0
4075	1501	2	1.0
4075	1850	2	1.0
4075	2214	2	1.0
4075	2497	2	1.0
4076	378	2	1.0
4077	378	2	1.0
4078	378	2	1.0
4079	378	2	1.0
4080	379	2	1.0
4080	549	2	1.0
4080	985	2	1.0
4081	379	2	1.0
4081	549	2	1.0
4081	1538	2	1.0
4082	379	2	1.0
4083	379	2	1.0
4083	549	2	1.0
4083	1538	2	1.0
4084	379	2	1.0
4084	549	2	1.0
4084	985	2	1.0
4084	1408	2	1.0
4084	1486	2	1.0
4085	380	2	1.0
4086	380	2	1.0
4087	380	2	1.0
4088	381	2	1.0
4089	381	2	1.0
4090	382	2	1.0
4091	382	2	1.0
4091	2431	2	1.0
4092	383	2	1.0
4092	532	2	1.0
4092	2270	2	1.0
4092	2684	2	1.0
4092	2694	2	1.0
4092	2712	2	1.0
4093	383	2	1.0
4094	384	2	1.0
4094	626	2	1.0
4094	1534	2	1.0
4094	2515	2	1.0
4095	384	2	1.0
4095	762	2	1.0
4096	384	2	1.0
4096	626	2	1.0
4096	762	2	1.0
4096	1534	2	1.0
4096	2197	2	1.0
4096	2515	2	1.0
4097	384	2	1.0
4098	384	2	1.0
4099	384	2	1.0
4099	843	2	1.0
4100	384	2	1.0
4100	626	2	1.0
4100	762	2	1.0
4100	843	2	1.0
4100	969	2	1.0
4100	1028	2	1.0
4100	1534	2	1.0
4100	2197	2	1.0
4100	2515	2	1.0
4100	2719	2	1.0
4101	385	2	1.0
4102	385	2	1.0
4103	385	2	1.0
4104	385	2	1.0
4105	385	2	1.0
4106	386	2	1.0
4107	386	2	1.0
4108	387	2	1.0
4109	387	2	1.0
4110	388	2	1.0
4111	388	2	1.0
4112	388	2	1.0
4113	389	2	1.0
4114	389	2	1.0
4114	1378	2	1.0
4115	390	2	1.0
4116	390	2	1.0
4117	390	2	1.0
4118	391	2	1.0
4119	391	2	1.0
4120	391	2	1.0
4121	391	2	1.0
4121	1052	2	1.0
4121	1197	2	1.0
4121	1359	2	1.0
4121	1561	2	1.0
4121	2702	2	1.0
4122	392	2	1.0
4122	1054	2	1.0
4122	1489	2	1.0
4123	392	2	1.0
4124	392	2	1.0
4125	392	2	1.0
4126	392	2	1.0
4126	1054	2	1.0
4126	1945	2	1.0
4127	393	2	1.0
4127	532	2	1.0
4127	2694	2	1.0
4128	394	2	1.0
4128	571	2	1.0
4128	1939	2	1.0
4128	2088	2	1.0
4129	394	2	1.0
4129	433	2	1.0
4129	554	2	1.0
4129	571	2	1.0
4129	973	2	1.0
4129	1809	2	1.0
4129	1939	2	1.0
4129	2088	2	1.0
4129	2213	2	1.0
4129	2218	2	1.0
4129	2277	2	1.0
4129	2740	2	1.0
4130	395	2	1.0
4131	395	2	1.0
4131	765	2	1.0
4132	396	2	1.0
4133	396	2	1.0
4134	396	2	1.0
4135	397	2	1.0
4136	397	2	1.0
4137	398	2	1.0
4138	398	2	1.0
4138	2195	2	1.0
4139	398	2	1.0
4140	398	2	1.0
4141	398	2	1.0
4142	398	2	1.0
4142	624	2	1.0
4142	1344	2	1.0
4142	1559	2	1.0
4143	398	2	1.0
4143	2195	2	1.0
4144	399	2	1.0
4145	399	2	1.0
4145	1464	2	1.0
4146	400	2	1.0
4147	400	2	1.0
4148	400	2	1.0
4149	400	2	1.0
4150	400	2	1.0
4150	2454	2	1.0
4151	400	2	1.0
4152	401	2	1.0
4153	401	2	1.0
4154	401	2	1.0
4154	2288	2	1.0
4155	402	2	1.0
4156	402	2	1.0
4156	885	2	1.0
4156	1388	2	1.0
4156	2625	2	1.0
4156	2677	2	1.0
4156	2758	2	1.0
4157	402	2	1.0
4157	885	2	1.0
4157	1473	2	1.0
4157	2452	2	1.0
4157	2610	2	1.0
4157	2625	2	1.0
4157	2758	2	1.0
4158	402	2	1.0
4158	885	2	1.0
4158	2608	2	1.0
4158	2625	2	1.0
4158	2758	2	1.0
4159	402	2	1.0
4159	885	2	1.0
4159	1770	2	1.0
4159	2105	2	1.0
4159	2147	2	1.0
4159	2452	2	1.0
4159	2595	2	1.0
4160	402	2	1.0
4160	2452	2	1.0
4160	2595	2	1.0
4161	402	2	1.0
4161	697	2	1.0
4161	885	2	1.0
4161	1770	2	1.0
4161	2227	2	1.0
4161	2452	2	1.0
4161	2595	2	1.0
4162	403	2	1.0
4162	708	2	1.0
4162	962	2	1.0
4162	1710	2	1.0
4162	1898	2	1.0
4163	403	2	1.0
4163	448	2	1.0
4163	708	2	1.0
4163	962	2	1.0
4163	1710	2	1.0
4163	1898	2	1.0
4164	403	2	1.0
4164	708	2	1.0
4164	962	2	1.0
4165	404	2	1.0
4166	404	2	1.0
4167	404	2	1.0
4167	1148	2	1.0
4167	1214	2	1.0
4167	2510	2	1.0
4168	406	2	1.0
4169	406	2	1.0
4170	406	2	1.0
4171	407	2	1.0
4171	2348	2	1.0
4172	407	2	1.0
4173	407	2	1.0
4174	407	2	1.0
4174	1063	2	1.0
4175	407	2	1.0
4176	407	2	1.0
4177	407	2	1.0
4177	2348	2	1.0
4178	407	2	1.0
4178	938	2	1.0
4179	408	2	1.0
4179	2396	2	1.0
4180	408	2	1.0
4180	925	2	1.0
4181	408	2	1.0
4181	2426	2	1.0
4182	408	2	1.0
4182	1434	2	1.0
4182	2353	2	1.0
4182	2396	2	1.0
4183	409	2	1.0
4183	2124	2	1.0
4184	409	2	1.0
4184	2124	2	1.0
4185	409	2	1.0
4186	410	2	1.0
4187	410	2	1.0
4188	410	2	1.0
4189	411	2	1.0
4189	1789	2	1.0
4190	411	2	1.0
4191	411	2	1.0
4191	1367	2	1.0
4192	411	2	1.0
4192	1367	2	1.0
4192	1789	2	1.0
4193	412	2	1.0
4194	412	2	1.0
4195	412	2	1.0
4195	801	2	1.0
4195	1900	2	1.0
4196	412	2	1.0
4196	801	2	1.0
4196	2087	2	1.0
4197	412	2	1.0
4197	801	2	1.0
4197	1900	2	1.0
4198	414	2	1.0
4198	1503	2	1.0
4199	415	2	1.0
4200	415	2	1.0
4201	415	2	1.0
4202	416	2	1.0
4203	416	2	1.0
4204	417	2	1.0
4205	417	2	1.0
4206	418	2	1.0
4206	434	2	1.0
4207	418	2	1.0
4207	1984	2	1.0
4208	419	2	1.0
4209	419	2	1.0
4209	830	2	1.0
4209	1458	2	1.0
4210	419	2	1.0
4210	830	2	1.0
4210	853	2	1.0
4210	948	2	1.0
4210	1068	2	1.0
4210	1458	2	1.0
4211	419	2	1.0
4211	999	2	1.0
4212	419	2	1.0
4212	1123	2	1.0
4212	2240	2	1.0
4213	419	2	1.0
4213	560	2	1.0
4214	420	2	1.0
4214	812	2	1.0
4214	990	2	1.0
4215	420	2	1.0
4215	727	2	1.0
4215	812	2	1.0
4215	919	2	1.0
4215	990	2	1.0
4215	1847	2	1.0
4215	2325	2	1.0
4215	2355	2	1.0
4215	2423	2	1.0
4215	2616	2	1.0
4216	420	2	1.0
4216	727	2	1.0
4216	812	2	1.0
4216	919	2	1.0
4216	1318	2	1.0
4216	1847	2	1.0
4216	1944	2	1.0
4216	2325	2	1.0
4216	2355	2	1.0
4216	2407	2	1.0
4216	2423	2	1.0
4216	2616	2	1.0
4217	421	2	1.0
4217	2234	2	1.0
4218	421	2	1.0
4219	421	2	1.0
4219	422	2	1.0
4219	1192	2	1.0
4219	1663	2	1.0
4219	2013	2	1.0
4219	2234	2	1.0
4219	2726	2	1.0
4220	422	2	1.0
4221	422	2	1.0
4221	424	2	1.0
4221	679	2	1.0
4221	936	2	1.0
4221	1743	2	1.0
4222	422	2	1.0
4222	2751	2	1.0
4223	422	2	1.0
4224	423	2	1.0
4225	423	2	1.0
4225	647	2	1.0
4226	423	2	1.0
4227	424	2	1.0
4228	424	2	1.0
4229	424	2	1.0
4230	424	2	1.0
4231	425	2	1.0
4232	425	2	1.0
4233	425	2	1.0
4233	1201	2	1.0
4233	1237	2	1.0
4233	1471	2	1.0
4233	1932	2	1.0
4233	2220	2	1.0
4233	2343	2	1.0
4233	2506	2	1.0
4234	425	2	1.0
4235	426	2	1.0
4236	426	2	1.0
4236	2024	2	1.0
4236	2319	2	1.0
4236	2772	2	1.0
4237	426	2	1.0
4237	2024	2	1.0
4237	2319	2	1.0
4237	2772	2	1.0
4238	426	2	1.0
4238	1979	2	1.0
4238	2024	2	1.0
4239	426	2	1.0
4239	1979	2	1.0
4240	426	2	1.0
4240	1112	2	1.0
4240	2205	2	1.0
4241	427	2	1.0
4241	975	2	1.0
4241	2072	2	1.0
4242	428	2	1.0
4242	1476	2	1.0
4243	428	2	1.0
4243	1869	2	1.0
4244	429	2	1.0
4245	429	2	1.0
4246	429	2	1.0
4247	430	2	1.0
4247	1569	2	1.0
4248	430	2	1.0
4248	956	2	1.0
4248	1837	2	1.0
4249	430	2	1.0
4249	1564	2	1.0
4249	1832	2	1.0
4250	430	2	1.0
4250	956	2	1.0
4251	431	2	1.0
4252	431	2	1.0
4252	1840	2	1.0
4253	431	2	1.0
4253	1840	2	1.0
4254	432	2	1.0
4255	433	2	1.0
4256	433	2	1.0
4256	973	2	1.0
4256	1809	2	1.0
4257	433	2	1.0
4258	434	2	1.0
4259	434	2	1.0
4260	435	2	1.0
4260	980	2	1.0
4260	989	2	1.0
4261	435	2	1.0
4261	989	2	1.0
4262	435	2	1.0
4262	980	2	1.0
4263	435	2	1.0
4263	989	2	1.0
4264	435	2	1.0
4264	1723	2	1.0
4264	1875	2	1.0
4264	2287	2	1.0
4264	2418	2	1.0
4265	435	2	1.0
4265	980	2	1.0
4266	435	2	1.0
4266	825	2	1.0
4266	980	2	1.0
4266	989	2	1.0
4267	436	2	1.0
4268	436	2	1.0
4269	437	2	1.0
4270	437	2	1.0
4270	803	2	1.0
4270	1044	2	1.0
4271	437	2	1.0
4271	803	2	1.0
4272	437	2	1.0
4272	539	2	1.0
4272	803	2	1.0
4272	964	2	1.0
4272	1162	2	1.0
4273	437	2	1.0
4273	647	2	1.0
4273	761	2	1.0
4273	1010	2	1.0
4273	1044	2	1.0
4273	1162	2	1.0
4274	438	2	1.0
4275	438	2	1.0
4276	438	2	1.0
4277	438	2	1.0
4278	439	2	1.0
4279	439	2	1.0
4280	439	2	1.0
4281	439	2	1.0
4282	439	2	1.0
4283	439	2	1.0
4284	439	2	1.0
4284	642	2	1.0
4284	2123	2	1.0
4284	2216	2	1.0
4285	439	2	1.0
4286	439	2	1.0
4287	439	2	1.0
4288	439	2	1.0
4289	439	2	1.0
4290	439	2	1.0
4291	439	2	1.0
4292	439	2	1.0
4293	440	2	1.0
4294	441	2	1.0
4295	441	2	1.0
4296	441	2	1.0
4297	441	2	1.0
4298	441	2	1.0
4299	441	2	1.0
4300	441	2	1.0
4300	1893	2	1.0
4301	441	2	1.0
4302	441	2	1.0
4303	442	2	1.0
4304	442	2	1.0
4304	1053	2	1.0
4304	1935	2	1.0
4304	2363	2	1.0
4305	442	2	1.0
4305	1053	2	1.0
4305	1111	2	1.0
4305	1808	2	1.0
4305	1935	2	1.0
4305	2363	2	1.0
4306	442	2	1.0
4307	442	2	1.0
4308	443	2	1.0
4308	802	2	1.0
4308	2615	2	1.0
4309	443	2	1.0
4309	802	2	1.0
4310	443	2	1.0
4310	484	2	1.0
4310	2644	2	1.0
4311	443	2	1.0
4311	462	2	1.0
4311	484	2	1.0
4311	802	2	1.0
4311	889	2	1.0
4311	1101	2	1.0
4311	1773	2	1.0
4311	2096	2	1.0
4311	2170	2	1.0
4311	2630	2	1.0
4311	2644	2	1.0
4311	2758	2	1.0
4312	443	2	1.0
4312	462	2	1.0
4312	484	2	1.0
4312	2096	2	1.0
4312	2630	2	1.0
4313	443	2	1.0
4313	1101	2	1.0
4313	1773	2	1.0
4314	443	2	1.0
4315	443	2	1.0
4316	443	2	1.0
4316	802	2	1.0
4316	2615	2	1.0
4317	443	2	1.0
4317	1974	2	1.0
4318	444	2	1.0
4318	677	2	1.0
4318	1340	2	1.0
4319	444	2	1.0
4319	677	2	1.0
4320	444	2	1.0
4320	677	2	1.0
4320	841	2	1.0
4320	952	2	1.0
4320	1046	2	1.0
4320	1152	2	1.0
4320	2341	2	1.0
4321	445	2	1.0
4321	939	2	1.0
4322	445	2	1.0
4322	632	2	1.0
4322	1069	2	1.0
4322	2155	2	1.0
4322	2164	2	1.0
4322	2263	2	1.0
4323	445	2	1.0
4323	2301	2	1.0
4323	2332	2	1.0
4324	446	2	1.0
4325	446	2	1.0
4326	447	2	1.0
4327	447	2	1.0
4328	448	2	1.0
4329	449	2	1.0
4330	449	2	1.0
4330	2044	2	1.0
4331	449	2	1.0
4331	2044	2	1.0
4332	449	2	1.0
4333	450	2	1.0
4333	1286	2	1.0
4334	450	2	1.0
4334	1286	2	1.0
4335	450	2	1.0
4336	450	2	1.0
4336	1286	2	1.0
4337	450	2	1.0
4337	1150	2	1.0
4337	1286	2	1.0
4337	2261	2	1.0
4338	450	2	1.0
4338	1286	2	1.0
4339	450	2	1.0
4339	951	2	1.0
4340	451	2	1.0
4340	1205	2	1.0
4341	451	2	1.0
4342	451	2	1.0
4343	451	2	1.0
4344	452	2	1.0
4345	452	2	1.0
4346	453	2	1.0
4347	453	2	1.0
4347	1597	2	1.0
4348	453	2	1.0
4348	1597	2	1.0
4349	454	2	1.0
4350	454	2	1.0
4351	455	2	1.0
4352	455	2	1.0
4353	455	2	1.0
4354	456	2	1.0
4355	456	2	1.0
4355	1118	2	1.0
4355	2744	2	1.0
4355	2759	2	1.0
4356	457	2	1.0
4357	457	2	1.0
4358	457	2	1.0
4359	457	2	1.0
4360	457	2	1.0
4361	457	2	1.0
4361	741	2	1.0
4361	1552	2	1.0
4361	2021	2	1.0
4361	2458	2	1.0
4362	458	2	1.0
4363	458	2	1.0
4364	458	2	1.0
4365	458	2	1.0
4365	951	2	1.0
4366	459	2	1.0
4367	459	2	1.0
4368	459	2	1.0
4369	460	2	1.0
4370	461	2	1.0
4371	461	2	1.0
4372	462	2	1.0
4372	484	2	1.0
4373	462	2	1.0
4373	484	2	1.0
4373	2096	2	1.0
4373	2630	2	1.0
4374	463	2	1.0
4374	1001	2	1.0
4375	463	2	1.0
4375	1093	2	1.0
4376	463	2	1.0
4377	463	2	1.0
4377	533	2	1.0
4377	573	2	1.0
4377	1001	2	1.0
4378	463	2	1.0
4378	573	2	1.0
4378	734	2	1.0
4378	914	2	1.0
4378	1001	2	1.0
4378	1291	2	1.0
4378	2717	2	1.0
4379	464	2	1.0
4380	464	2	1.0
4381	464	2	1.0
4382	464	2	1.0
4383	464	2	1.0
4383	1434	2	1.0
4384	465	2	1.0
4385	465	2	1.0
4385	964	2	1.0
4386	465	2	1.0
4387	466	2	1.0
4387	593	2	1.0
4387	1230	2	1.0
4388	466	2	1.0
4389	466	2	1.0
4390	466	2	1.0
4390	593	2	1.0
4390	1230	2	1.0
4391	466	2	1.0
4391	593	2	1.0
4392	466	2	1.0
4393	466	2	1.0
4394	466	2	1.0
4395	466	2	1.0
4396	466	2	1.0
4397	466	2	1.0
4397	593	2	1.0
4397	1230	2	1.0
4398	467	2	1.0
4399	468	2	1.0
4400	468	2	1.0
4401	468	2	1.0
4402	468	2	1.0
4403	468	2	1.0
4404	468	2	1.0
4405	468	2	1.0
4406	469	2	1.0
4406	1428	2	1.0
4406	1562	2	1.0
4407	469	2	1.0
4407	1379	2	1.0
4407	1426	2	1.0
4407	1428	2	1.0
4407	1583	2	1.0
4408	469	2	1.0
4408	1379	2	1.0
4408	1428	2	1.0
4409	469	2	1.0
4409	1428	2	1.0
4409	1562	2	1.0
4410	469	2	1.0
4411	469	2	1.0
4411	1037	2	1.0
4411	1379	2	1.0
4411	1428	2	1.0
4412	469	2	1.0
4412	601	2	1.0
4412	791	2	1.0
4412	1203	2	1.0
4412	1428	2	1.0
4412	2265	2	1.0
4412	2508	2	1.0
4413	470	2	1.0
4414	470	2	1.0
4415	470	2	1.0
4416	470	2	1.0
4417	471	2	1.0
4417	757	2	1.0
4418	471	2	1.0
4418	757	2	1.0
4419	472	2	1.0
4420	472	2	1.0
4421	473	2	1.0
4422	473	2	1.0
4423	473	2	1.0
4424	473	2	1.0
4424	2002	2	1.0
4425	473	2	1.0
4426	474	2	1.0
4427	475	2	1.0
4428	475	2	1.0
4429	475	2	1.0
4430	476	2	1.0
4431	478	2	1.0
4432	478	2	1.0
4433	478	2	1.0
4434	478	2	1.0
4434	1563	2	1.0
4435	478	2	1.0
4436	479	2	1.0
4437	479	2	1.0
4437	1374	2	1.0
4438	480	2	1.0
4438	2639	2	1.0
4439	481	2	1.0
4440	481	2	1.0
4441	481	2	1.0
4442	481	2	1.0
4443	481	2	1.0
4444	481	2	1.0
4445	481	2	1.0
4446	482	2	1.0
4446	560	2	1.0
4446	1535	2	1.0
4447	482	2	1.0
4448	482	2	1.0
4448	544	2	1.0
4448	817	2	1.0
4448	868	2	1.0
4448	1277	2	1.0
4448	1535	2	1.0
4448	1736	2	1.0
4448	2167	2	1.0
4448	2309	2	1.0
4448	2531	2	1.0
4448	2612	2	1.0
4449	483	2	1.0
4449	1128	2	1.0
4449	1505	2	1.0
4449	1934	2	1.0
4450	483	2	1.0
4450	1285	2	1.0
4450	1590	2	1.0
4450	1895	2	1.0
4450	2188	2	1.0
4450	2215	2	1.0
4451	485	2	1.0
4452	485	2	1.0
4452	1134	2	1.0
4452	2628	2	1.0
4453	485	2	1.0
4454	487	2	1.0
4455	487	2	1.0
4456	487	2	1.0
4457	488	2	1.0
4458	488	2	1.0
4459	488	2	1.0
4460	488	2	1.0
4460	764	2	1.0
4461	489	2	1.0
4462	489	2	1.0
4463	489	2	1.0
4464	489	2	1.0
4465	489	2	1.0
4466	490	2	1.0
4467	490	2	1.0
4468	490	2	1.0
4468	836	2	1.0
4468	888	2	1.0
4468	911	2	1.0
4468	948	2	1.0
4468	976	2	1.0
4468	1787	2	1.0
4468	2347	2	1.0
4469	491	2	1.0
4469	591	2	1.0
4470	491	2	1.0
4471	491	2	1.0
4471	591	2	1.0
4472	492	2	1.0
4473	492	2	1.0
4474	493	2	1.0
4475	493	2	1.0
4476	493	2	1.0
4477	494	2	1.0
4478	494	2	1.0
4478	639	2	1.0
4478	870	2	1.0
4479	494	2	1.0
4479	1239	2	1.0
4480	495	2	1.0
4480	1229	2	1.0
4480	1391	2	1.0
4481	495	2	1.0
4481	1229	2	1.0
4482	495	2	1.0
4483	496	2	1.0
4484	496	2	1.0
4485	496	2	1.0
4486	496	2	1.0
4487	497	2	1.0
4488	497	2	1.0
4489	497	2	1.0
4490	497	2	1.0
4490	666	2	1.0
4491	497	2	1.0
4491	1330	2	1.0
4491	1579	2	1.0
4492	497	2	1.0
4492	666	2	1.0
4492	2059	2	1.0
4493	498	2	1.0
4494	498	2	1.0
4494	1566	2	1.0
4494	2221	2	1.0
4495	499	2	1.0
4496	499	2	1.0
4497	499	2	1.0
4498	500	2	1.0
4498	1656	2	1.0
4499	500	2	1.0
4500	500	2	1.0
4501	501	2	1.0
4501	2171	2	1.0
4502	501	2	1.0
4503	502	2	1.0
4504	502	2	1.0
4505	502	2	1.0
4506	503	2	1.0
4507	504	2	1.0
4507	689	2	1.0
4507	946	2	1.0
4508	505	2	1.0
4509	507	2	1.0
4509	2472	2	1.0
4510	507	2	1.0
4510	2472	2	1.0
4510	2480	2	1.0
4511	507	2	1.0
4511	2472	2	1.0
4512	507	2	1.0
4512	774	2	1.0
4512	2480	2	1.0
4513	508	2	1.0
4513	2591	2	1.0
4514	509	2	1.0
4514	1140	2	1.0
4514	1502	2	1.0
4515	509	2	1.0
4515	1140	2	1.0
4515	1502	2	1.0
4516	509	2	1.0
4516	569	2	1.0
4516	716	2	1.0
4516	1140	2	1.0
4516	1502	2	1.0
4517	510	2	1.0
4518	510	2	1.0
4519	510	2	1.0
4520	510	2	1.0
4521	511	2	1.0
4522	511	2	1.0
4523	511	2	1.0
4523	577	2	1.0
4524	511	2	1.0
4524	587	2	1.0
4524	1109	2	1.0
4524	1346	2	1.0
4524	1372	2	1.0
4524	1839	2	1.0
4524	2154	2	1.0
4524	2463	2	1.0
4525	512	2	1.0
4526	512	2	1.0
4527	513	2	1.0
4528	513	2	1.0
4529	513	2	1.0
4530	513	2	1.0
4531	514	2	1.0
4532	514	2	1.0
4533	514	2	1.0
4534	514	2	1.0
4535	514	2	1.0
4536	514	2	1.0
4537	514	2	1.0
4538	515	2	1.0
4538	1381	2	1.0
4539	515	2	1.0
4539	2195	2	1.0
4540	515	2	1.0
4541	515	2	1.0
4542	515	2	1.0
4543	515	2	1.0
4544	516	2	1.0
4545	516	2	1.0
4546	517	2	1.0
4547	518	2	1.0
4547	2420	2	1.0
4548	518	2	1.0
4549	518	2	1.0
4550	518	2	1.0
4551	519	2	1.0
4552	519	2	1.0
4552	673	2	1.0
4552	1121	2	1.0
4552	1248	2	1.0
4553	520	2	1.0
4553	1976	2	1.0
4554	520	2	1.0
4554	1976	2	1.0
4555	520	2	1.0
4555	1976	2	1.0
4556	521	2	1.0
4556	2328	2	1.0
4557	521	2	1.0
4557	701	2	1.0
4557	854	2	1.0
4557	987	2	1.0
4557	1034	2	1.0
4557	1251	2	1.0
4557	1619	2	1.0
4557	1627	2	1.0
4557	1670	2	1.0
4557	2022	2	1.0
4557	2328	2	1.0
4557	2332	2	1.0
4558	522	2	1.0
4559	522	2	1.0
4560	522	2	1.0
4560	773	2	1.0
4561	522	2	1.0
4561	773	2	1.0
4562	523	2	1.0
4562	889	2	1.0
4562	2253	2	1.0
4563	523	2	1.0
4563	2253	2	1.0
4564	524	2	1.0
4564	769	2	1.0
4564	1609	2	1.0
4565	524	2	1.0
4566	524	2	1.0
4566	717	2	1.0
4566	842	2	1.0
4567	525	2	1.0
4567	1301	2	1.0
4567	1323	2	1.0
4568	525	2	1.0
4569	525	2	1.0
4569	1301	2	1.0
4569	1863	2	1.0
4569	2119	2	1.0
4570	526	2	1.0
4571	526	2	1.0
4572	526	2	1.0
4573	527	2	1.0
4574	527	2	1.0
4575	527	2	1.0
4575	1805	2	1.0
4576	527	2	1.0
4577	528	2	1.0
4578	528	2	1.0
4579	530	2	1.0
4580	530	2	1.0
4580	1467	2	1.0
4581	530	2	1.0
4582	530	2	1.0
4582	1680	2	1.0
4583	530	2	1.0
4583	1467	2	1.0
4583	2362	2	1.0
4584	530	2	1.0
4584	581	2	1.0
4585	530	2	1.0
4585	1467	2	1.0
4586	531	2	1.0
4586	721	2	1.0
4587	531	2	1.0
4587	721	2	1.0
4587	2293	2	1.0
4588	531	2	1.0
4589	533	2	1.0
4590	533	2	1.0
4590	2624	2	1.0
4591	533	2	1.0
4592	533	2	1.0
4593	533	2	1.0
4593	1001	2	1.0
4593	2624	2	1.0
4594	534	2	1.0
4595	534	2	1.0
4596	534	2	1.0
4596	1002	2	1.0
4596	2191	2	1.0
4597	535	2	1.0
4597	911	2	1.0
4598	536	2	1.0
4599	536	2	1.0
4599	1450	2	1.0
4600	536	2	1.0
4600	1450	2	1.0
4601	538	2	1.0
4602	538	2	1.0
4602	1540	2	1.0
4603	539	2	1.0
4603	964	2	1.0
4604	539	2	1.0
4605	539	2	1.0
4605	548	2	1.0
4606	540	2	1.0
4607	540	2	1.0
4608	540	2	1.0
4608	2136	2	1.0
4609	541	2	1.0
4610	541	2	1.0
4610	678	2	1.0
4611	541	2	1.0
4612	542	2	1.0
4613	542	2	1.0
4614	543	2	1.0
4615	543	2	1.0
4616	543	2	1.0
4616	1463	2	1.0
4617	544	2	1.0
4618	544	2	1.0
4618	868	2	1.0
4618	1277	2	1.0
4618	2612	2	1.0
4619	544	2	1.0
4619	700	2	1.0
4620	545	2	1.0
4620	910	2	1.0
4621	545	2	1.0
4621	1001	2	1.0
4621	1396	2	1.0
4621	2337	2	1.0
4622	545	2	1.0
4622	910	2	1.0
4623	546	2	1.0
4624	546	2	1.0
4624	1504	2	1.0
4625	546	2	1.0
4626	546	2	1.0
4626	1302	2	1.0
4626	1860	2	1.0
4627	546	2	1.0
4627	877	2	1.0
4627	1504	2	1.0
4628	547	2	1.0
4628	1066	2	1.0
4628	1511	2	1.0
4629	547	2	1.0
4629	2281	2	1.0
4630	547	2	1.0
4631	548	2	1.0
4632	548	2	1.0
4633	548	2	1.0
4634	548	2	1.0
4635	548	2	1.0
4635	780	2	1.0
4635	803	2	1.0
4636	549	2	1.0
4637	549	2	1.0
4638	550	2	1.0
4638	923	2	1.0
4639	551	2	1.0
4640	551	2	1.0
4641	551	2	1.0
4642	551	2	1.0
4643	551	2	1.0
4644	551	2	1.0
4645	552	2	1.0
4645	565	2	1.0
4646	552	2	1.0
4647	552	2	1.0
4648	553	2	1.0
4649	553	2	1.0
4649	591	2	1.0
4650	553	2	1.0
4651	554	2	1.0
4651	973	2	1.0
4651	1809	2	1.0
4651	2213	2	1.0
4651	2277	2	1.0
4651	2740	2	1.0
4652	554	2	1.0
4653	555	2	1.0
4654	555	2	1.0
4655	555	2	1.0
4656	555	2	1.0
4657	556	2	1.0
4658	556	2	1.0
4659	557	2	1.0
4659	2276	2	1.0
4660	558	2	1.0
4661	558	2	1.0
4661	1246	2	1.0
4661	1332	2	1.0
4661	1336	2	1.0
4661	1352	2	1.0
4661	1864	2	1.0
4661	2030	2	1.0
4661	2369	2	1.0
4662	559	2	1.0
4663	559	2	1.0
4664	559	2	1.0
4665	559	2	1.0
4666	559	2	1.0
4667	559	2	1.0
4668	559	2	1.0
4669	559	2	1.0
4670	559	2	1.0
4671	561	2	1.0
4671	1410	2	1.0
4672	561	2	1.0
4672	1410	2	1.0
4673	562	2	1.0
4674	562	2	1.0
4675	563	2	1.0
4676	563	2	1.0
4677	563	2	1.0
4678	563	2	1.0
4679	563	2	1.0
4679	2188	2	1.0
4680	565	2	1.0
4681	565	2	1.0
4682	565	2	1.0
4683	565	2	1.0
4683	896	2	1.0
4684	566	2	1.0
4685	566	2	1.0
4686	566	2	1.0
4687	566	2	1.0
4688	567	2	1.0
4688	1698	2	1.0
4689	568	2	1.0
4690	568	2	1.0
4690	625	2	1.0
4691	568	2	1.0
4692	568	2	1.0
4693	568	2	1.0
4694	568	2	1.0
4695	569	2	1.0
4696	569	2	1.0
4697	569	2	1.0
4698	569	2	1.0
4699	570	2	1.0
4700	570	2	1.0
4701	570	2	1.0
4702	572	2	1.0
4703	572	2	1.0
4703	1022	2	1.0
4703	1038	2	1.0
4703	1680	2	1.0
4704	572	2	1.0
4705	573	2	1.0
4706	573	2	1.0
4707	573	2	1.0
4708	574	2	1.0
4709	574	2	1.0
4710	575	2	1.0
4710	625	2	1.0
4711	575	2	1.0
4712	575	2	1.0
4713	576	2	1.0
4714	576	2	1.0
4715	576	2	1.0
4716	577	2	1.0
4717	577	2	1.0
4718	577	2	1.0
4719	578	2	1.0
4719	885	2	1.0
4719	1474	2	1.0
4719	1633	2	1.0
4719	1734	2	1.0
4719	1897	2	1.0
4719	1913	2	1.0
4719	2169	2	1.0
4719	2452	2	1.0
4719	2595	2	1.0
4719	2608	2	1.0
4720	578	2	1.0
4721	578	2	1.0
4722	579	2	1.0
4723	579	2	1.0
4724	579	2	1.0
4724	610	2	1.0
4724	1238	2	1.0
4725	579	2	1.0
4725	1238	2	1.0
4726	580	2	1.0
4727	580	2	1.0
4728	581	2	1.0
4729	581	2	1.0
4730	581	2	1.0
4730	2337	2	1.0
4731	582	2	1.0
4732	582	2	1.0
4733	582	2	1.0
4734	583	2	1.0
4735	583	2	1.0
4736	583	2	1.0
4737	584	2	1.0
4738	584	2	1.0
4739	585	2	1.0
4740	585	2	1.0
4741	585	2	1.0
4742	585	2	1.0
4742	2581	2	1.0
4743	585	2	1.0
4743	2581	2	1.0
4744	585	2	1.0
4745	586	2	1.0
4745	1731	2	1.0
4746	586	2	1.0
4746	770	2	1.0
4746	1731	2	1.0
4747	587	2	1.0
4748	587	2	1.0
4749	589	2	1.0
4749	1061	2	1.0
4749	2527	2	1.0
4750	589	2	1.0
4751	589	2	1.0
4751	2560	2	1.0
4751	2722	2	1.0
4752	590	2	1.0
4752	1166	2	1.0
4752	2214	2	1.0
4752	2497	2	1.0
4753	590	2	1.0
4753	1672	2	1.0
4753	1747	2	1.0
4753	1850	2	1.0
4753	1980	2	1.0
4753	2214	2	1.0
4753	2495	2	1.0
4754	592	2	1.0
4755	593	2	1.0
4756	593	2	1.0
4756	1911	2	1.0
4757	593	2	1.0
4758	593	2	1.0
4759	594	2	1.0
4759	2676	2	1.0
4760	594	2	1.0
4760	2676	2	1.0
4761	595	2	1.0
4762	595	2	1.0
4763	595	2	1.0
4764	596	2	1.0
4764	726	2	1.0
4764	1639	2	1.0
4764	2169	2	1.0
4764	2539	2	1.0
4764	2688	2	1.0
4765	597	2	1.0
4766	597	2	1.0
4766	2070	2	1.0
4766	2676	2	1.0
4767	597	2	1.0
4767	1216	2	1.0
4767	1607	2	1.0
4768	597	2	1.0
4768	2070	2	1.0
4769	597	2	1.0
4769	1331	2	1.0
4769	1412	2	1.0
4769	2070	2	1.0
4770	598	2	1.0
4770	1439	2	1.0
4770	1478	2	1.0
4770	1707	2	1.0
4770	2104	2	1.0
4770	2545	2	1.0
4770	2546	2	1.0
4771	598	2	1.0
4772	598	2	1.0
4772	1818	2	1.0
4772	2545	2	1.0
4773	598	2	1.0
4773	1306	2	1.0
4773	1439	2	1.0
4773	1478	2	1.0
4773	1707	2	1.0
4773	1818	2	1.0
4773	2104	2	1.0
4773	2537	2	1.0
4773	2545	2	1.0
4773	2546	2	1.0
4774	598	2	1.0
4774	691	2	1.0
4774	1439	2	1.0
4774	1478	2	1.0
4774	2210	2	1.0
4774	2412	2	1.0
4774	2537	2	1.0
4774	2545	2	1.0
4774	2546	2	1.0
4775	599	2	1.0
4775	1632	2	1.0
4775	1781	2	1.0
4775	2354	2	1.0
4776	599	2	1.0
4777	600	2	1.0
4778	600	2	1.0
4779	602	2	1.0
4780	602	2	1.0
4781	602	2	1.0
4782	603	2	1.0
4782	1000	2	1.0
4782	1264	2	1.0
4783	603	2	1.0
4783	1000	2	1.0
4783	1264	2	1.0
4784	603	2	1.0
4784	1000	2	1.0
4784	1243	2	1.0
4785	603	2	1.0
4785	1000	2	1.0
4786	604	2	1.0
4787	605	2	1.0
4787	957	2	1.0
4788	605	2	1.0
4788	1628	2	1.0
4788	2246	2	1.0
4789	606	2	1.0
4790	606	2	1.0
4791	607	2	1.0
4792	607	2	1.0
4792	634	2	1.0
4793	608	2	1.0
4793	1079	2	1.0
4793	1525	2	1.0
4794	608	2	1.0
4795	608	2	1.0
4796	608	2	1.0
4797	609	2	1.0
4798	609	2	1.0
4799	609	2	1.0
4800	609	2	1.0
4801	609	2	1.0
4802	609	2	1.0
4803	609	2	1.0
4804	609	2	1.0
4805	609	2	1.0
4806	610	2	1.0
4807	610	2	1.0
4807	1238	2	1.0
4808	611	2	1.0
4809	611	2	1.0
4810	611	2	1.0
4810	690	2	1.0
4810	2456	2	1.0
4811	611	2	1.0
4812	612	2	1.0
4813	612	2	1.0
4813	983	2	1.0
4813	1015	2	1.0
4814	613	2	1.0
4815	613	2	1.0
4816	614	2	1.0
4816	1123	2	1.0
4817	614	2	1.0
4817	1123	2	1.0
4817	2074	2	1.0
4817	2468	2	1.0
4818	615	2	1.0
4818	1227	2	1.0
4819	615	2	1.0
4819	1227	2	1.0
4819	2437	2	1.0
4819	2723	2	1.0
4820	615	2	1.0
4821	615	2	1.0
4821	1227	2	1.0
4821	2437	2	1.0
4821	2723	2	1.0
4822	616	2	1.0
4823	616	2	1.0
4824	616	2	1.0
4825	616	2	1.0
4826	617	2	1.0
4827	618	2	1.0
4828	618	2	1.0
4828	644	2	1.0
4828	1070	2	1.0
4828	2359	2	1.0
4828	2618	2	1.0
4829	618	2	1.0
4830	619	2	1.0
4831	620	2	1.0
4832	620	2	1.0
4833	620	2	1.0
4834	621	2	1.0
4835	621	2	1.0
4835	900	2	1.0
4836	621	2	1.0
4837	621	2	1.0
4837	2651	2	1.0
4838	622	2	1.0
4839	622	2	1.0
4840	622	2	1.0
4840	2622	2	1.0
4841	622	2	1.0
4842	622	2	1.0
4843	622	2	1.0
4844	623	2	1.0
4844	2279	2	1.0
4845	623	2	1.0
4846	623	2	1.0
4847	623	2	1.0
4847	2279	2	1.0
4848	623	2	1.0
4849	624	2	1.0
4850	624	2	1.0
4850	2195	2	1.0
4851	625	2	1.0
4852	626	2	1.0
4853	626	2	1.0
4854	626	2	1.0
4854	762	2	1.0
4854	969	2	1.0
4855	627	2	1.0
4856	627	2	1.0
4857	628	2	1.0
4857	1463	2	1.0
4858	628	2	1.0
4858	1463	2	1.0
4858	1911	2	1.0
4859	629	2	1.0
4859	748	2	1.0
4860	629	2	1.0
4861	629	2	1.0
4861	2010	2	1.0
4861	2066	2	1.0
4861	2564	2	1.0
4862	629	2	1.0
4862	748	2	1.0
4863	629	2	1.0
4864	630	2	1.0
4864	1572	2	1.0
4865	630	2	1.0
4865	1263	2	1.0
4865	2408	2	1.0
4866	630	2	1.0
4867	630	2	1.0
4867	1572	2	1.0
4867	2556	2	1.0
4868	630	2	1.0
4868	2408	2	1.0
4869	631	2	1.0
4870	631	2	1.0
4871	631	2	1.0
4872	632	2	1.0
4872	696	2	1.0
4873	632	2	1.0
4873	678	2	1.0
4873	701	2	1.0
4873	718	2	1.0
4873	799	2	1.0
4873	873	2	1.0
4873	939	2	1.0
4873	1042	2	1.0
4873	1069	2	1.0
4873	1141	2	1.0
4873	1481	2	1.0
4873	1579	2	1.0
4873	1901	2	1.0
4873	1934	2	1.0
4873	2022	2	1.0
4873	2164	2	1.0
4873	2176	2	1.0
4873	2263	2	1.0
4874	633	2	1.0
4874	654	2	1.0
4874	2115	2	1.0
4875	633	2	1.0
4875	654	2	1.0
4876	634	2	1.0
4877	634	2	1.0
4877	2526	2	1.0
4877	2738	2	1.0
4878	635	2	1.0
4879	635	2	1.0
4879	882	2	1.0
4880	636	2	1.0
4881	637	2	1.0
4882	637	2	1.0
4883	637	2	1.0
4884	637	2	1.0
4885	637	2	1.0
4886	638	2	1.0
4886	1128	2	1.0
4886	1505	2	1.0
4887	638	2	1.0
4888	638	2	1.0
4888	1128	2	1.0
4888	1505	2	1.0
4888	1934	2	1.0
4889	639	2	1.0
4890	639	2	1.0
4890	870	2	1.0
4891	640	2	1.0
4892	640	2	1.0
4893	640	2	1.0
4894	640	2	1.0
4895	640	2	1.0
4896	641	2	1.0
4896	943	2	1.0
4897	641	2	1.0
4897	943	2	1.0
4898	641	2	1.0
4898	2692	2	1.0
4899	641	2	1.0
4900	641	2	1.0
4901	642	2	1.0
4902	642	2	1.0
4903	642	2	1.0
4903	2123	2	1.0
4904	642	2	1.0
4905	642	2	1.0
4906	642	2	1.0
4907	642	2	1.0
4907	2377	2	1.0
4908	642	2	1.0
4909	642	2	1.0
4910	642	2	1.0
4911	642	2	1.0
4912	642	2	1.0
4913	642	2	1.0
4914	642	2	1.0
4915	642	2	1.0
4916	642	2	1.0
4916	2123	2	1.0
4917	642	2	1.0
4918	642	2	1.0
4919	642	2	1.0
4920	642	2	1.0
4921	642	2	1.0
4922	642	2	1.0
4923	643	2	1.0
4923	1363	2	1.0
4924	643	2	1.0
4924	2037	2	1.0
4925	643	2	1.0
4926	643	2	1.0
4927	644	2	1.0
4928	644	2	1.0
4929	644	2	1.0
4929	707	2	1.0
4930	645	2	1.0
4931	645	2	1.0
4932	645	2	1.0
4933	645	2	1.0
4934	645	2	1.0
4935	645	2	1.0
4936	645	2	1.0
4937	645	2	1.0
4938	645	2	1.0
4939	645	2	1.0
4940	645	2	1.0
4941	647	2	1.0
4942	647	2	1.0
4943	647	2	1.0
4944	648	2	1.0
4944	944	2	1.0
4944	1241	2	1.0
4945	648	2	1.0
4945	798	2	1.0
4945	831	2	1.0
4945	944	2	1.0
4945	1173	2	1.0
4945	1241	2	1.0
4945	1620	2	1.0
4945	1666	2	1.0
4945	2306	2	1.0
4945	2692	2	1.0
4946	649	2	1.0
4947	649	2	1.0
4947	833	2	1.0
4947	994	2	1.0
4947	1663	2	1.0
4947	2013	2	1.0
4947	2234	2	1.0
4947	2726	2	1.0
4948	649	2	1.0
4948	2726	2	1.0
4949	649	2	1.0
4950	649	2	1.0
4951	650	2	1.0
4951	729	2	1.0
4952	650	2	1.0
4952	729	2	1.0
4953	651	2	1.0
4954	652	2	1.0
4954	1156	2	1.0
4954	1231	2	1.0
4954	1559	2	1.0
4954	1981	2	1.0
4955	653	2	1.0
4956	653	2	1.0
4957	653	2	1.0
4958	653	2	1.0
4959	653	2	1.0
4960	654	2	1.0
4960	983	2	1.0
4960	1747	2	1.0
4960	2720	2	1.0
4961	655	2	1.0
4961	1364	2	1.0
4961	1420	2	1.0
4962	655	2	1.0
4962	1602	2	1.0
4962	1786	2	1.0
4963	655	2	1.0
4963	1156	2	1.0
4963	1420	2	1.0
4963	1981	2	1.0
4964	655	2	1.0
4964	1239	2	1.0
4964	1420	2	1.0
4964	2124	2	1.0
4965	656	2	1.0
4966	656	2	1.0
4967	656	2	1.0
4968	656	2	1.0
4969	657	2	1.0
4970	657	2	1.0
4971	658	2	1.0
4972	658	2	1.0
4973	658	2	1.0
4973	928	2	1.0
4973	1030	2	1.0
4974	658	2	1.0
4975	658	2	1.0
4976	659	2	1.0
4977	659	2	1.0
4977	1909	2	1.0
4978	659	2	1.0
4979	659	2	1.0
4980	659	2	1.0
4981	659	2	1.0
4982	659	2	1.0
4983	659	2	1.0
4984	659	2	1.0
4985	659	2	1.0
4986	660	2	1.0
4987	661	2	1.0
4988	661	2	1.0
4989	662	2	1.0
4989	912	2	1.0
4989	2190	2	1.0
4990	662	2	1.0
4990	2190	2	1.0
4991	662	2	1.0
4991	912	2	1.0
4991	2190	2	1.0
4992	662	2	1.0
4993	662	2	1.0
4994	663	2	1.0
4994	1793	2	1.0
4994	1950	2	1.0
4995	663	2	1.0
4995	1793	2	1.0
4996	664	2	1.0
4996	1373	2	1.0
4996	2462	2	1.0
4997	664	2	1.0
4997	1373	2	1.0
4997	2462	2	1.0
4998	665	2	1.0
4999	665	2	1.0
5000	665	2	1.0
5001	665	2	1.0
5002	665	2	1.0
5003	665	2	1.0
5004	666	2	1.0
5004	799	2	1.0
5004	876	2	1.0
5005	666	2	1.0
5006	666	2	1.0
5007	666	2	1.0
5008	666	2	1.0
5009	666	2	1.0
5010	666	2	1.0
5011	666	2	1.0
5012	667	2	1.0
5013	667	2	1.0
5014	667	2	1.0
5015	667	2	1.0
5016	669	2	1.0
5016	1170	2	1.0
5016	1417	2	1.0
5016	1446	2	1.0
5017	669	2	1.0
5017	1417	2	1.0
5018	669	2	1.0
5018	1170	2	1.0
5019	669	2	1.0
5020	670	2	1.0
5021	670	2	1.0
5021	2124	2	1.0
5022	671	2	1.0
5023	672	2	1.0
5024	672	2	1.0
5024	2283	2	1.0
5025	673	2	1.0
5025	1121	2	1.0
5026	673	2	1.0
5026	1121	2	1.0
5027	674	2	1.0
5028	674	2	1.0
5029	674	2	1.0
5030	675	2	1.0
5031	675	2	1.0
5031	1113	2	1.0
5031	1300	2	1.0
5031	2637	2	1.0
5032	675	2	1.0
5033	676	2	1.0
5034	676	2	1.0
5035	676	2	1.0
5036	676	2	1.0
5037	676	2	1.0
5038	676	2	1.0
5039	677	2	1.0
5040	678	2	1.0
5041	678	2	1.0
5042	678	2	1.0
5043	678	2	1.0
5044	679	2	1.0
5044	936	2	1.0
5044	1743	2	1.0
5045	679	2	1.0
5045	2015	2	1.0
5046	680	2	1.0
5047	680	2	1.0
5048	680	2	1.0
5049	681	2	1.0
5050	681	2	1.0
5051	681	2	1.0
5052	681	2	1.0
5053	682	2	1.0
5054	682	2	1.0
5055	682	2	1.0
5056	682	2	1.0
5057	682	2	1.0
5058	682	2	1.0
5059	683	2	1.0
5060	684	2	1.0
5060	838	2	1.0
5060	1418	2	1.0
5061	684	2	1.0
5061	838	2	1.0
5061	1418	2	1.0
5061	2642	2	1.0
5061	2649	2	1.0
5062	684	2	1.0
5063	686	2	1.0
5064	686	2	1.0
5065	686	2	1.0
5066	686	2	1.0
5067	687	2	1.0
5068	687	2	1.0
5068	2011	2	1.0
5069	687	2	1.0
5070	688	2	1.0
5070	1124	2	1.0
5071	688	2	1.0
5072	688	2	1.0
5072	1124	2	1.0
5073	688	2	1.0
5073	1124	2	1.0
5074	689	2	1.0
5075	689	2	1.0
5076	689	2	1.0
5077	690	2	1.0
5078	690	2	1.0
5078	1110	2	1.0
5078	1203	2	1.0
5079	690	2	1.0
5080	690	2	1.0
5080	1110	2	1.0
5080	1203	2	1.0
5080	2456	2	1.0
5081	691	2	1.0
5081	1439	2	1.0
5081	2210	2	1.0
5081	2412	2	1.0
5081	2537	2	1.0
5082	691	2	1.0
5082	1478	2	1.0
5083	692	2	1.0
5083	2487	2	1.0
5084	692	2	1.0
5084	1146	2	1.0
5085	692	2	1.0
5085	1146	2	1.0
5086	692	2	1.0
5087	692	2	1.0
5087	843	2	1.0
5087	907	2	1.0
5087	1146	2	1.0
5087	1295	2	1.0
5087	1787	2	1.0
5087	2487	2	1.0
5087	2717	2	1.0
5088	693	2	1.0
5089	693	2	1.0
5090	694	2	1.0
5090	1157	2	1.0
5090	1403	2	1.0
5090	1658	2	1.0
5090	1709	2	1.0
5090	1789	2	1.0
5090	2001	2	1.0
5090	2199	2	1.0
5090	2383	2	1.0
5090	2645	2	1.0
5091	695	2	1.0
5092	695	2	1.0
5093	696	2	1.0
5093	2155	2	1.0
5094	697	2	1.0
5094	1896	2	1.0
5095	697	2	1.0
5096	697	2	1.0
5097	697	2	1.0
5098	697	2	1.0
5098	1896	2	1.0
5099	697	2	1.0
5100	697	2	1.0
5101	697	2	1.0
5102	697	2	1.0
5103	697	2	1.0
5104	697	2	1.0
5105	697	2	1.0
5106	697	2	1.0
5107	697	2	1.0
5107	1896	2	1.0
5108	697	2	1.0
5109	697	2	1.0
5110	697	2	1.0
5111	697	2	1.0
5112	697	2	1.0
5113	697	2	1.0
5114	697	2	1.0
5115	697	2	1.0
5116	697	2	1.0
5117	697	2	1.0
5118	697	2	1.0
5119	698	2	1.0
5120	698	2	1.0
5121	699	2	1.0
5122	700	2	1.0
5123	701	2	1.0
5123	1042	2	1.0
5124	702	2	1.0
5125	703	2	1.0
5126	703	2	1.0
5127	703	2	1.0
5128	703	2	1.0
5129	704	2	1.0
5129	949	2	1.0
5130	704	2	1.0
5130	949	2	1.0
5131	704	2	1.0
5132	705	2	1.0
5133	705	2	1.0
5134	705	2	1.0
5134	789	2	1.0
5134	2348	2	1.0
5135	706	2	1.0
5136	706	2	1.0
5137	706	2	1.0
5137	749	2	1.0
5137	2238	2	1.0
5138	706	2	1.0
5139	706	2	1.0
5140	706	2	1.0
5141	707	2	1.0
5142	707	2	1.0
5143	707	2	1.0
5143	2664	2	1.0
5144	709	2	1.0
5145	709	2	1.0
5146	709	2	1.0
5147	709	2	1.0
5147	1468	2	1.0
5148	709	2	1.0
5148	1468	2	1.0
5149	710	2	1.0
5150	710	2	1.0
5151	710	2	1.0
5152	710	2	1.0
5152	1725	2	1.0
5153	711	2	1.0
5154	711	2	1.0
5155	711	2	1.0
5155	2566	2	1.0
5156	711	2	1.0
5157	713	2	1.0
5158	713	2	1.0
5159	713	2	1.0
5160	713	2	1.0
5161	714	2	1.0
5162	714	2	1.0
5163	714	2	1.0
5164	715	2	1.0
5164	840	2	1.0
5165	715	2	1.0
5165	840	2	1.0
5165	2135	2	1.0
5166	716	2	1.0
5166	996	2	1.0
5166	1145	2	1.0
5166	1937	2	1.0
5167	716	2	1.0
5168	716	2	1.0
5168	797	2	1.0
5168	1430	2	1.0
5168	1637	2	1.0
5169	717	2	1.0
5170	717	2	1.0
5171	717	2	1.0
5172	717	2	1.0
5173	717	2	1.0
5174	717	2	1.0
5175	718	2	1.0
5176	719	2	1.0
5177	719	2	1.0
5178	719	2	1.0
5179	720	2	1.0
5180	720	2	1.0
5181	721	2	1.0
5182	722	2	1.0
5182	2720	2	1.0
5183	722	2	1.0
5184	722	2	1.0
5185	722	2	1.0
5186	724	2	1.0
5187	724	2	1.0
5188	725	2	1.0
5189	725	2	1.0
5190	725	2	1.0
5191	725	2	1.0
5192	726	2	1.0
5193	726	2	1.0
5194	726	2	1.0
5195	726	2	1.0
5195	1368	2	1.0
5196	727	2	1.0
5197	728	2	1.0
5197	2072	2	1.0
5197	2413	2	1.0
5198	728	2	1.0
5198	975	2	1.0
5199	729	2	1.0
5200	729	2	1.0
5200	1044	2	1.0
5201	730	2	1.0
5202	730	2	1.0
5203	730	2	1.0
5204	730	2	1.0
5205	730	2	1.0
5206	731	2	1.0
5207	732	2	1.0
5208	732	2	1.0
5208	1427	2	1.0
5208	2334	2	1.0
5209	732	2	1.0
5210	732	2	1.0
5211	732	2	1.0
5212	732	2	1.0
5212	2714	2	1.0
5213	732	2	1.0
5214	732	2	1.0
5215	732	2	1.0
5216	733	2	1.0
5217	733	2	1.0
5218	734	2	1.0
5218	914	2	1.0
5218	1291	2	1.0
5219	734	2	1.0
5219	914	2	1.0
5220	734	2	1.0
5221	734	2	1.0
5222	735	2	1.0
5223	735	2	1.0
5224	735	2	1.0
5225	736	2	1.0
5226	736	2	1.0
5227	736	2	1.0
5228	736	2	1.0
5229	737	2	1.0
5230	737	2	1.0
5231	737	2	1.0
5232	737	2	1.0
5232	1837	2	1.0
5233	738	2	1.0
5234	738	2	1.0
5235	738	2	1.0
5236	738	2	1.0
5237	738	2	1.0
5238	738	2	1.0
5239	738	2	1.0
5240	738	2	1.0
5241	739	2	1.0
5242	739	2	1.0
5243	739	2	1.0
5244	740	2	1.0
5245	740	2	1.0
5245	862	2	1.0
5245	2565	2	1.0
5246	740	2	1.0
5246	862	2	1.0
5246	1716	2	1.0
5246	2565	2	1.0
5247	740	2	1.0
5248	742	2	1.0
5248	881	2	1.0
5249	742	2	1.0
5249	881	2	1.0
5250	743	2	1.0
5251	743	2	1.0
5252	743	2	1.0
5253	743	2	1.0
5254	743	2	1.0
5255	744	2	1.0
5256	744	2	1.0
5256	847	2	1.0
5257	744	2	1.0
5257	847	2	1.0
5257	863	2	1.0
5258	745	2	1.0
5259	745	2	1.0
5259	1139	2	1.0
5260	746	2	1.0
5261	746	2	1.0
5262	746	2	1.0
5263	746	2	1.0
5263	1190	2	1.0
5263	1853	2	1.0
5264	746	2	1.0
5265	746	2	1.0
5265	1190	2	1.0
5265	1853	2	1.0
5266	746	2	1.0
5267	747	2	1.0
5268	747	2	1.0
5269	747	2	1.0
5269	749	2	1.0
5269	2238	2	1.0
5270	747	2	1.0
5270	749	2	1.0
5270	1387	2	1.0
5270	2238	2	1.0
5271	748	2	1.0
5272	749	2	1.0
5272	2238	2	1.0
5273	749	2	1.0
5273	2238	2	1.0
5274	749	2	1.0
5274	2238	2	1.0
5275	750	2	1.0
5276	750	2	1.0
5277	750	2	1.0
5278	750	2	1.0
5278	1392	2	1.0
5279	750	2	1.0
5280	751	2	1.0
5281	751	2	1.0
5282	751	2	1.0
5283	752	2	1.0
5284	752	2	1.0
5285	752	2	1.0
5285	900	2	1.0
5285	997	2	1.0
5285	1211	2	1.0
5286	752	2	1.0
5287	752	2	1.0
5287	1211	2	1.0
5288	753	2	1.0
5289	753	2	1.0
5290	753	2	1.0
5291	754	2	1.0
5291	2692	2	1.0
5292	754	2	1.0
5293	754	2	1.0
5294	755	2	1.0
5295	756	2	1.0
5296	756	2	1.0
5297	758	2	1.0
5298	758	2	1.0
5298	781	2	1.0
5298	1694	2	1.0
5299	758	2	1.0
5300	758	2	1.0
5300	781	2	1.0
5300	1694	2	1.0
5301	759	2	1.0
5302	759	2	1.0
5303	760	2	1.0
5304	760	2	1.0
5305	760	2	1.0
5306	760	2	1.0
5307	760	2	1.0
5307	819	2	1.0
5307	2267	2	1.0
5308	760	2	1.0
5308	1702	2	1.0
5309	761	2	1.0
5310	761	2	1.0
5311	761	2	1.0
5312	761	2	1.0
5313	763	2	1.0
5313	2495	2	1.0
5314	763	2	1.0
5315	763	2	1.0
5316	763	2	1.0
5316	2495	2	1.0
5317	763	2	1.0
5318	764	2	1.0
5319	765	2	1.0
5320	765	2	1.0
5321	766	2	1.0
5321	2162	2	1.0
5321	2741	2	1.0
5322	766	2	1.0
5322	2162	2	1.0
5322	2741	2	1.0
5323	767	2	1.0
5324	768	2	1.0
5324	2151	2	1.0
5325	768	2	1.0
5325	1498	2	1.0
5326	768	2	1.0
5326	2256	2	1.0
5327	768	2	1.0
5327	2151	2	1.0
5328	768	2	1.0
5328	1755	2	1.0
5328	2480	2	1.0
5329	769	2	1.0
5330	769	2	1.0
5331	769	2	1.0
5332	770	2	1.0
5332	2634	2	1.0
5333	770	2	1.0
5334	771	2	1.0
5335	771	2	1.0
5335	871	2	1.0
5335	1556	2	1.0
5335	1658	2	1.0
5335	1775	2	1.0
5335	2058	2	1.0
5335	2316	2	1.0
5336	772	2	1.0
5337	772	2	1.0
5337	1916	2	1.0
5337	2009	2	1.0
5338	773	2	1.0
5339	773	2	1.0
5340	774	2	1.0
5341	774	2	1.0
5342	774	2	1.0
5343	775	2	1.0
5344	775	2	1.0
5345	775	2	1.0
5346	775	2	1.0
5347	775	2	1.0
5347	2445	2	1.0
5347	2454	2	1.0
5348	775	2	1.0
5349	775	2	1.0
5350	776	2	1.0
5351	776	2	1.0
5352	776	2	1.0
5353	776	2	1.0
5353	1570	2	1.0
5354	777	2	1.0
5355	777	2	1.0
5356	778	2	1.0
5357	778	2	1.0
5357	2216	2	1.0
5358	778	2	1.0
5358	2216	2	1.0
5359	778	2	1.0
5359	2216	2	1.0
5360	779	2	1.0
5361	779	2	1.0
5361	2322	2	1.0
5362	779	2	1.0
5363	780	2	1.0
5363	946	2	1.0
5364	780	2	1.0
5365	780	2	1.0
5366	782	2	1.0
5367	782	2	1.0
5367	1691	2	1.0
5368	782	2	1.0
5369	782	2	1.0
5370	782	2	1.0
5370	1691	2	1.0
5371	783	2	1.0
5371	1448	2	1.0
5371	1825	2	1.0
5371	2080	2	1.0
5372	783	2	1.0
5373	783	2	1.0
5373	1949	2	1.0
5374	784	2	1.0
5375	784	2	1.0
5376	784	2	1.0
5377	784	2	1.0
5377	1745	2	1.0
5378	784	2	1.0
5378	1745	2	1.0
5379	785	2	1.0
5380	785	2	1.0
5381	785	2	1.0
5382	786	2	1.0
5383	786	2	1.0
5384	786	2	1.0
5384	2129	2	1.0
5385	786	2	1.0
5385	2129	2	1.0
5386	788	2	1.0
5387	788	2	1.0
5388	788	2	1.0
5388	2120	2	1.0
5389	788	2	1.0
5390	788	2	1.0
5391	789	2	1.0
5391	1090	2	1.0
5392	789	2	1.0
5392	818	2	1.0
5393	789	2	1.0
5394	789	2	1.0
5395	790	2	1.0
5395	2025	2	1.0
5396	790	2	1.0
5396	874	2	1.0
5396	1550	2	1.0
5396	1693	2	1.0
5396	2025	2	1.0
5396	2156	2	1.0
5396	2391	2	1.0
5396	2401	2	1.0
5397	790	2	1.0
5397	1747	2	1.0
5398	791	2	1.0
5398	2265	2	1.0
5398	2508	2	1.0
5399	791	2	1.0
5399	1952	2	1.0
5400	791	2	1.0
5401	791	2	1.0
5401	2265	2	1.0
5402	791	2	1.0
5403	791	2	1.0
5404	791	2	1.0
5405	791	2	1.0
5406	792	2	1.0
5407	792	2	1.0
5408	792	2	1.0
5409	793	2	1.0
5409	2245	2	1.0
5410	793	2	1.0
5411	793	2	1.0
5411	1493	2	1.0
5411	1683	2	1.0
5411	2245	2	1.0
5411	2509	2	1.0
5412	794	2	1.0
5413	794	2	1.0
5414	794	2	1.0
5414	1475	2	1.0
5414	2357	2	1.0
5414	2540	2	1.0
5415	795	2	1.0
5416	795	2	1.0
5417	795	2	1.0
5418	796	2	1.0
5419	796	2	1.0
5420	796	2	1.0
5421	796	2	1.0
5421	1099	2	1.0
5421	1748	2	1.0
5421	2532	2	1.0
5422	797	2	1.0
5423	797	2	1.0
5424	798	2	1.0
5424	944	2	1.0
5424	1241	2	1.0
5424	1620	2	1.0
5425	799	2	1.0
5425	1141	2	1.0
5426	800	2	1.0
5427	800	2	1.0
5428	801	2	1.0
5429	801	2	1.0
5430	801	2	1.0
5431	801	2	1.0
5431	1900	2	1.0
5432	803	2	1.0
5433	803	2	1.0
5434	803	2	1.0
5435	803	2	1.0
5435	1162	2	1.0
5436	804	2	1.0
5436	1785	2	1.0
5437	804	2	1.0
5437	1785	2	1.0
5438	805	2	1.0
5439	805	2	1.0
5440	805	2	1.0
5440	1357	2	1.0
5441	805	2	1.0
5442	805	2	1.0
5443	806	2	1.0
5443	2207	2	1.0
5444	806	2	1.0
5444	2207	2	1.0
5445	806	2	1.0
5446	806	2	1.0
5446	1811	2	1.0
5446	1826	2	1.0
5447	807	2	1.0
5448	807	2	1.0
5449	807	2	1.0
5450	808	2	1.0
5451	808	2	1.0
5452	808	2	1.0
5452	1908	2	1.0
5453	808	2	1.0
5453	2503	2	1.0
5454	809	2	1.0
5455	809	2	1.0
5456	809	2	1.0
5457	810	2	1.0
5458	810	2	1.0
5459	810	2	1.0
5459	1816	2	1.0
5460	810	2	1.0
5461	811	2	1.0
5462	811	2	1.0
5462	1002	2	1.0
5462	2667	2	1.0
5463	813	2	1.0
5464	813	2	1.0
5464	1042	2	1.0
5465	814	2	1.0
5466	814	2	1.0
5466	1808	2	1.0
5467	814	2	1.0
5468	814	2	1.0
5469	814	2	1.0
5469	1111	2	1.0
5469	1808	2	1.0
5470	815	2	1.0
5470	1351	2	1.0
5471	815	2	1.0
5472	816	2	1.0
5473	816	2	1.0
5474	816	2	1.0
5475	817	2	1.0
5475	1759	2	1.0
5476	818	2	1.0
5477	819	2	1.0
5478	819	2	1.0
5479	819	2	1.0
5480	820	2	1.0
5481	820	2	1.0
5481	1061	2	1.0
5482	820	2	1.0
5483	821	2	1.0
5484	821	2	1.0
5485	821	2	1.0
5486	821	2	1.0
5487	821	2	1.0
5488	821	2	1.0
5488	1294	2	1.0
5488	2034	2	1.0
5489	823	2	1.0
5490	823	2	1.0
5490	1635	2	1.0
5491	823	2	1.0
5492	823	2	1.0
5492	1635	2	1.0
5493	824	2	1.0
5494	824	2	1.0
5495	824	2	1.0
5496	825	2	1.0
5497	825	2	1.0
5498	825	2	1.0
5499	825	2	1.0
5500	826	2	1.0
5500	1621	2	1.0
5501	826	2	1.0
5501	1621	2	1.0
5502	826	2	1.0
5502	1621	2	1.0
5502	2120	2	1.0
5503	827	2	1.0
5504	827	2	1.0
5504	2607	2	1.0
5505	827	2	1.0
5505	2607	2	1.0
5506	827	2	1.0
5507	827	2	1.0
5508	827	2	1.0
5509	829	2	1.0
5509	1337	2	1.0
5510	829	2	1.0
5511	829	2	1.0
5512	829	2	1.0
5512	1337	2	1.0
5513	829	2	1.0
5513	1337	2	1.0
5514	829	2	1.0
5514	1337	2	1.0
5515	830	2	1.0
5515	1458	2	1.0
5516	830	2	1.0
5516	1458	2	1.0
5517	830	2	1.0
5517	1458	2	1.0
5518	830	2	1.0
5518	1423	2	1.0
5518	1458	2	1.0
5518	1494	2	1.0
5518	1931	2	1.0
5518	1942	2	1.0
5518	2460	2	1.0
5519	831	2	1.0
5519	944	2	1.0
5520	832	2	1.0
5521	833	2	1.0
5522	833	2	1.0
5523	834	2	1.0
5524	834	2	1.0
5525	834	2	1.0
5526	834	2	1.0
5527	834	2	1.0
5528	834	2	1.0
5529	834	2	1.0
5530	834	2	1.0
5531	834	2	1.0
5532	834	2	1.0
5533	834	2	1.0
5534	834	2	1.0
5535	834	2	1.0
5536	834	2	1.0
5537	834	2	1.0
5538	834	2	1.0
5539	834	2	1.0
5540	834	2	1.0
5541	834	2	1.0
5542	834	2	1.0
5543	834	2	1.0
5544	834	2	1.0
5545	834	2	1.0
5546	835	2	1.0
5547	835	2	1.0
5548	836	2	1.0
5548	1787	2	1.0
5548	2197	2	1.0
5549	837	2	1.0
5550	837	2	1.0
5551	837	2	1.0
5552	837	2	1.0
5553	837	2	1.0
5554	838	2	1.0
5554	2642	2	1.0
5555	838	2	1.0
5556	838	2	1.0
5557	838	2	1.0
5558	839	2	1.0
5559	839	2	1.0
5560	839	2	1.0
5561	839	2	1.0
5562	840	2	1.0
5563	841	2	1.0
5564	841	2	1.0
5565	842	2	1.0
5566	842	2	1.0
5567	843	2	1.0
5567	2487	2	1.0
5568	843	2	1.0
5569	844	2	1.0
5569	1191	2	1.0
5570	844	2	1.0
5570	1407	2	1.0
5571	845	2	1.0
5571	1171	2	1.0
5572	845	2	1.0
5572	862	2	1.0
5572	1171	2	1.0
5572	2565	2	1.0
5573	846	2	1.0
5574	847	2	1.0
5575	847	2	1.0
5576	850	2	1.0
5577	850	2	1.0
5578	850	2	1.0
5579	850	2	1.0
5579	2352	2	1.0
5580	850	2	1.0
5580	2352	2	1.0
5581	851	2	1.0
5581	2166	2	1.0
5582	851	2	1.0
5582	1135	2	1.0
5582	1514	2	1.0
5582	1544	2	1.0
5582	2268	2	1.0
5582	2335	2	1.0
5583	851	2	1.0
5583	1103	2	1.0
5583	2152	2	1.0
5583	2166	2	1.0
5584	852	2	1.0
5585	852	2	1.0
5586	852	2	1.0
5587	853	2	1.0
5587	1347	2	1.0
5587	2347	2	1.0
5588	853	2	1.0
5588	1068	2	1.0
5589	853	2	1.0
5589	1068	2	1.0
5589	1185	2	1.0
5589	2358	2	1.0
5590	854	2	1.0
5590	1251	2	1.0
5591	855	2	1.0
5591	2660	2	1.0
5592	855	2	1.0
5592	2473	2	1.0
5592	2660	2	1.0
5593	856	2	1.0
5594	856	2	1.0
5595	856	2	1.0
5596	856	2	1.0
5597	856	2	1.0
5598	856	2	1.0
5599	857	2	1.0
5600	857	2	1.0
5601	858	2	1.0
5602	858	2	1.0
5602	2671	2	1.0
5603	860	2	1.0
5604	860	2	1.0
5605	860	2	1.0
5605	1681	2	1.0
5605	1807	2	1.0
5605	1822	2	1.0
5606	860	2	1.0
5606	1052	2	1.0
5606	1822	2	1.0
5607	861	2	1.0
5608	862	2	1.0
5609	863	2	1.0
5610	863	2	1.0
5611	864	2	1.0
5612	864	2	1.0
5613	864	2	1.0
5613	1453	2	1.0
5614	865	2	1.0
5614	2349	2	1.0
5615	865	2	1.0
5616	865	2	1.0
5617	865	2	1.0
5617	1857	2	1.0
5618	866	2	1.0
5619	866	2	1.0
5619	2301	2	1.0
5620	866	2	1.0
5621	866	2	1.0
5622	867	2	1.0
5622	924	2	1.0
5623	867	2	1.0
5624	867	2	1.0
5625	867	2	1.0
5626	868	2	1.0
5627	869	2	1.0
5627	2118	2	1.0
5628	869	2	1.0
5628	1137	2	1.0
5628	1835	2	1.0
5628	2118	2	1.0
5629	870	2	1.0
5630	870	2	1.0
5631	870	2	1.0
5632	870	2	1.0
5633	871	2	1.0
5634	871	2	1.0
5634	1556	2	1.0
5634	1645	2	1.0
5634	1805	2	1.0
5635	871	2	1.0
5636	872	2	1.0
5637	872	2	1.0
5637	1005	2	1.0
5638	873	2	1.0
5639	873	2	1.0
5640	873	2	1.0
5641	874	2	1.0
5641	2401	2	1.0
5642	874	2	1.0
5642	2401	2	1.0
5643	874	2	1.0
5643	2401	2	1.0
5644	874	2	1.0
5644	2401	2	1.0
5645	875	2	1.0
5646	875	2	1.0
5647	875	2	1.0
5647	2547	2	1.0
5648	876	2	1.0
5649	876	2	1.0
5650	876	2	1.0
5650	1085	2	1.0
5650	1212	2	1.0
5651	876	2	1.0
5652	876	2	1.0
5653	877	2	1.0
5653	1983	2	1.0
5654	878	2	1.0
5655	878	2	1.0
5656	879	2	1.0
5657	879	2	1.0
5658	880	2	1.0
5658	2114	2	1.0
5659	882	2	1.0
5660	883	2	1.0
5661	883	2	1.0
5662	883	2	1.0
5663	883	2	1.0
5664	884	2	1.0
5664	1432	2	1.0
5665	884	2	1.0
5665	1432	2	1.0
5666	884	2	1.0
5666	1432	2	1.0
5667	885	2	1.0
5667	2452	2	1.0
5667	2595	2	1.0
5668	885	2	1.0
5668	2452	2	1.0
5669	885	2	1.0
5669	1278	2	1.0
5669	2452	2	1.0
5670	887	2	1.0
5670	1388	2	1.0
5670	1412	2	1.0
5670	2258	2	1.0
5670	2676	2	1.0
5670	2677	2	1.0
5670	2689	2	1.0
5671	887	2	1.0
5671	1792	2	1.0
5672	888	2	1.0
5672	948	2	1.0
5672	976	2	1.0
5673	890	2	1.0
5674	890	2	1.0
5675	891	2	1.0
5676	891	2	1.0
5677	891	2	1.0
5678	892	2	1.0
5679	892	2	1.0
5680	892	2	1.0
5681	892	2	1.0
5682	892	2	1.0
5683	892	2	1.0
5684	892	2	1.0
5685	893	2	1.0
5686	894	2	1.0
5686	1708	2	1.0
5686	1854	2	1.0
5686	2124	2	1.0
5686	2539	2	1.0
5687	894	2	1.0
5688	895	2	1.0
5689	895	2	1.0
5689	1075	2	1.0
5690	896	2	1.0
5691	896	2	1.0
5691	2511	2	1.0
5692	897	2	1.0
5693	897	2	1.0
5694	898	2	1.0
5695	898	2	1.0
5696	898	2	1.0
5697	898	2	1.0
5698	898	2	1.0
5699	899	2	1.0
5699	1067	2	1.0
5699	2523	2	1.0
5700	899	2	1.0
5701	899	2	1.0
5701	2523	2	1.0
5702	900	2	1.0
5702	1211	2	1.0
5703	900	2	1.0
5704	901	2	1.0
5704	1491	2	1.0
5705	901	2	1.0
5706	901	2	1.0
5707	901	2	1.0
5708	902	2	1.0
5708	2550	2	1.0
5709	902	2	1.0
5710	902	2	1.0
5711	903	2	1.0
5712	903	2	1.0
5713	903	2	1.0
5714	903	2	1.0
5715	903	2	1.0
5716	903	2	1.0
5717	904	2	1.0
5718	904	2	1.0
5719	904	2	1.0
5720	904	2	1.0
5721	904	2	1.0
5721	996	2	1.0
5721	1094	2	1.0
5721	1366	2	1.0
5721	2103	2	1.0
5721	2280	2	1.0
5722	905	2	1.0
5723	905	2	1.0
5724	906	2	1.0
5725	906	2	1.0
5726	907	2	1.0
5726	1787	2	1.0
5727	907	2	1.0
5727	1295	2	1.0
5728	908	2	1.0
5729	908	2	1.0
5730	908	2	1.0
5731	908	2	1.0
5732	908	2	1.0
5732	1903	2	1.0
5733	909	2	1.0
5733	2161	2	1.0
5734	909	2	1.0
5734	2039	2	1.0
5735	911	2	1.0
5736	911	2	1.0
5737	912	2	1.0
5738	912	2	1.0
5739	913	2	1.0
5740	913	2	1.0
5741	913	2	1.0
5742	914	2	1.0
5743	916	2	1.0
5744	916	2	1.0
5745	916	2	1.0
5746	916	2	1.0
5747	916	2	1.0
5748	918	2	1.0
5748	1311	2	1.0
5748	2447	2	1.0
5749	918	2	1.0
5750	918	2	1.0
5751	919	2	1.0
5751	2423	2	1.0
5752	919	2	1.0
5752	1847	2	1.0
5752	2423	2	1.0
5753	919	2	1.0
5753	1847	2	1.0
5754	920	2	1.0
5755	920	2	1.0
5756	920	2	1.0
5757	920	2	1.0
5758	920	2	1.0
5759	920	2	1.0
5760	920	2	1.0
5761	920	2	1.0
5762	921	2	1.0
5762	1134	2	1.0
5762	1695	2	1.0
5763	922	2	1.0
5764	922	2	1.0
5765	922	2	1.0
5766	923	2	1.0
5767	923	2	1.0
5767	1907	2	1.0
5768	923	2	1.0
5769	923	2	1.0
5769	1225	2	1.0
5769	2322	2	1.0
5769	2463	2	1.0
5770	924	2	1.0
5771	924	2	1.0
5772	925	2	1.0
5773	925	2	1.0
5774	926	2	1.0
5775	926	2	1.0
5776	926	2	1.0
5777	927	2	1.0
5778	927	2	1.0
5778	1346	2	1.0
5778	1627	2	1.0
5778	2368	2	1.0
5779	928	2	1.0
5780	928	2	1.0
5781	928	2	1.0
5782	928	2	1.0
5782	1417	2	1.0
5782	2624	2	1.0
5783	928	2	1.0
5784	928	2	1.0
5785	928	2	1.0
5786	928	2	1.0
5787	929	2	1.0
5788	929	2	1.0
5789	930	2	1.0
5790	930	2	1.0
5791	931	2	1.0
5792	931	2	1.0
5793	932	2	1.0
5793	1164	2	1.0
5794	932	2	1.0
5795	933	2	1.0
5795	2696	2	1.0
5796	934	2	1.0
5797	934	2	1.0
5798	935	2	1.0
5799	936	2	1.0
5800	937	2	1.0
5801	937	2	1.0
5802	937	2	1.0
5803	937	2	1.0
5804	937	2	1.0
5805	938	2	1.0
5805	1095	2	1.0
5805	2026	2	1.0
5805	2063	2	1.0
5806	938	2	1.0
5807	938	2	1.0
5807	1941	2	1.0
5808	939	2	1.0
5808	1069	2	1.0
5808	2164	2	1.0
5808	2176	2	1.0
5808	2301	2	1.0
5809	939	2	1.0
5810	940	2	1.0
5811	940	2	1.0
5812	941	2	1.0
5813	941	2	1.0
5814	941	2	1.0
5815	941	2	1.0
5816	941	2	1.0
5817	942	2	1.0
5818	942	2	1.0
5819	942	2	1.0
5820	942	2	1.0
5821	942	2	1.0
5822	942	2	1.0
5823	942	2	1.0
5824	942	2	1.0
5825	943	2	1.0
5826	943	2	1.0
5827	944	2	1.0
5828	945	2	1.0
5828	1541	2	1.0
5828	1624	2	1.0
5828	1817	2	1.0
5828	2668	2	1.0
5829	945	2	1.0
5829	1624	2	1.0
5829	1817	2	1.0
5830	946	2	1.0
5831	946	2	1.0
5832	946	2	1.0
5833	946	2	1.0
5834	947	2	1.0
5835	947	2	1.0
5836	947	2	1.0
5837	947	2	1.0
5838	949	2	1.0
5839	949	2	1.0
5840	950	2	1.0
5840	2128	2	1.0
5841	950	2	1.0
5841	2128	2	1.0
5842	950	2	1.0
5842	1026	2	1.0
5843	950	2	1.0
5844	950	2	1.0
5844	1026	2	1.0
5844	2071	2	1.0
5844	2128	2	1.0
5845	951	2	1.0
5846	951	2	1.0
5847	952	2	1.0
5848	953	2	1.0
5849	953	2	1.0
5849	1311	2	1.0
5850	953	2	1.0
5850	1816	2	1.0
5851	953	2	1.0
5851	1816	2	1.0
5852	954	2	1.0
5853	954	2	1.0
5854	954	2	1.0
5855	954	2	1.0
5856	955	2	1.0
5857	955	2	1.0
5858	956	2	1.0
5859	956	2	1.0
5860	958	2	1.0
5861	958	2	1.0
5862	958	2	1.0
5863	959	2	1.0
5863	1488	2	1.0
5864	959	2	1.0
5865	959	2	1.0
5866	960	2	1.0
5867	960	2	1.0
5868	960	2	1.0
5869	960	2	1.0
5870	960	2	1.0
5871	960	2	1.0
5872	960	2	1.0
5873	960	2	1.0
5874	960	2	1.0
5875	961	2	1.0
5875	2532	2	1.0
5876	961	2	1.0
5876	1131	2	1.0
5876	2532	2	1.0
5877	961	2	1.0
5877	2532	2	1.0
5878	961	2	1.0
5878	1131	2	1.0
5878	2532	2	1.0
5879	963	2	1.0
5880	963	2	1.0
5881	963	2	1.0
5881	1199	2	1.0
5881	2330	2	1.0
5881	2366	2	1.0
5881	2534	2	1.0
5881	2686	2	1.0
5881	2699	2	1.0
5882	965	2	1.0
5883	965	2	1.0
5884	965	2	1.0
5885	965	2	1.0
5886	965	2	1.0
5887	966	2	1.0
5888	967	2	1.0
5889	967	2	1.0
5890	968	2	1.0
5891	968	2	1.0
5892	968	2	1.0
5893	969	2	1.0
5894	969	2	1.0
5895	969	2	1.0
5896	969	2	1.0
5897	969	2	1.0
5898	969	2	1.0
5899	969	2	1.0
5900	970	2	1.0
5900	2542	2	1.0
5901	970	2	1.0
5902	970	2	1.0
5903	970	2	1.0
5904	971	2	1.0
5905	971	2	1.0
5906	971	2	1.0
5906	1891	2	1.0
5907	971	2	1.0
5908	972	2	1.0
5908	1919	2	1.0
5909	972	2	1.0
5910	972	2	1.0
5910	2142	2	1.0
5911	972	2	1.0
5911	1674	2	1.0
5911	1801	2	1.0
5911	1919	2	1.0
5912	972	2	1.0
5912	1542	2	1.0
5913	972	2	1.0
5913	1674	2	1.0
5913	1801	2	1.0
5913	1919	2	1.0
5914	974	2	1.0
5914	1006	2	1.0
5914	2693	2	1.0
5915	974	2	1.0
5916	974	2	1.0
5917	975	2	1.0
5917	981	2	1.0
5918	976	2	1.0
5919	976	2	1.0
5920	976	2	1.0
5920	1787	2	1.0
5921	977	2	1.0
5922	978	2	1.0
5923	978	2	1.0
5924	978	2	1.0
5925	978	2	1.0
5926	979	2	1.0
5927	979	2	1.0
5928	979	2	1.0
5929	979	2	1.0
5930	980	2	1.0
5931	980	2	1.0
5932	980	2	1.0
5933	982	2	1.0
5934	983	2	1.0
5935	984	2	1.0
5935	1961	2	1.0
5935	2079	2	1.0
5936	984	2	1.0
5937	986	2	1.0
5938	986	2	1.0
5938	1874	2	1.0
5939	987	2	1.0
5939	1034	2	1.0
5939	1627	2	1.0
5940	988	2	1.0
5940	1912	2	1.0
5940	2483	2	1.0
5940	2730	2	1.0
5941	988	2	1.0
5941	2397	2	1.0
5941	2431	2	1.0
5942	988	2	1.0
5942	2145	2	1.0
5942	2421	2	1.0
5943	990	2	1.0
5944	990	2	1.0
5945	991	2	1.0
5946	991	2	1.0
5947	991	2	1.0
5948	991	2	1.0
5949	991	2	1.0
5950	991	2	1.0
5951	992	2	1.0
5952	992	2	1.0
5953	992	2	1.0
5953	1017	2	1.0
5954	992	2	1.0
5955	994	2	1.0
5956	994	2	1.0
5957	994	2	1.0
5958	995	2	1.0
5959	995	2	1.0
5960	995	2	1.0
5961	995	2	1.0
5962	995	2	1.0
5963	995	2	1.0
5964	995	2	1.0
5965	996	2	1.0
5966	996	2	1.0
5966	1145	2	1.0
5966	1937	2	1.0
5966	2086	2	1.0
5967	996	2	1.0
5967	1937	2	1.0
5968	997	2	1.0
5969	997	2	1.0
5969	1211	2	1.0
5970	997	2	1.0
5971	998	2	1.0
5972	998	2	1.0
5973	998	2	1.0
5973	1782	2	1.0
5974	998	2	1.0
5975	998	2	1.0
5976	999	2	1.0
5977	999	2	1.0
5978	999	2	1.0
5978	1695	2	1.0
5979	999	2	1.0
5980	1001	2	1.0
5981	1002	2	1.0
5981	2667	2	1.0
5982	1002	2	1.0
5982	1225	2	1.0
5983	1002	2	1.0
5983	1422	2	1.0
5983	2228	2	1.0
5984	1003	2	1.0
5985	1004	2	1.0
5985	1907	2	1.0
5986	1004	2	1.0
5987	1004	2	1.0
5988	1005	2	1.0
5989	1005	2	1.0
5989	1152	2	1.0
5990	1006	2	1.0
5991	1006	2	1.0
5992	1007	2	1.0
5992	1761	2	1.0
5992	2674	2	1.0
5993	1007	2	1.0
5994	1007	2	1.0
5995	1008	2	1.0
5996	1008	2	1.0
5997	1008	2	1.0
5998	1009	2	1.0
5999	1009	2	1.0
6000	1009	2	1.0
6001	1009	2	1.0
6002	1010	2	1.0
6003	1011	2	1.0
6003	2296	2	1.0
6004	1011	2	1.0
6004	2296	2	1.0
6005	1012	2	1.0
6006	1013	2	1.0
6007	1013	2	1.0
6008	1013	2	1.0
6009	1013	2	1.0
6010	1013	2	1.0
6011	1014	2	1.0
6012	1014	2	1.0
6013	1015	2	1.0
6014	1015	2	1.0
6015	1016	2	1.0
6015	1576	2	1.0
6015	2668	2	1.0
6016	1017	2	1.0
6017	1017	2	1.0
6018	1017	2	1.0
6019	1017	2	1.0
6020	1017	2	1.0
6021	1018	2	1.0
6022	1018	2	1.0
6023	1019	2	1.0
6024	1019	2	1.0
6025	1019	2	1.0
6026	1019	2	1.0
6027	1020	2	1.0
6028	1020	2	1.0
6029	1020	2	1.0
6030	1020	2	1.0
6031	1021	2	1.0
6031	1371	2	1.0
6031	1584	2	1.0
6032	1021	2	1.0
6033	1021	2	1.0
6034	1021	2	1.0
6035	1021	2	1.0
6036	1022	2	1.0
6037	1022	2	1.0
6037	1512	2	1.0
6038	1023	2	1.0
6039	1023	2	1.0
6040	1024	2	1.0
6041	1024	2	1.0
6042	1024	2	1.0
6042	2162	2	1.0
6043	1024	2	1.0
6044	1024	2	1.0
6045	1025	2	1.0
6046	1025	2	1.0
6047	1025	2	1.0
6048	1025	2	1.0
6048	1500	2	1.0
6049	1026	2	1.0
6049	2071	2	1.0
6050	1026	2	1.0
6051	1026	2	1.0
6052	1026	2	1.0
6053	1026	2	1.0
6054	1026	2	1.0
6055	1026	2	1.0
6055	2071	2	1.0
6056	1026	2	1.0
6056	2071	2	1.0
6057	1026	2	1.0
6058	1026	2	1.0
6059	1026	2	1.0
6060	1027	2	1.0
6060	2442	2	1.0
6061	1027	2	1.0
6062	1027	2	1.0
6063	1027	2	1.0
6063	2442	2	1.0
6064	1028	2	1.0
6065	1028	2	1.0
6066	1028	2	1.0
6067	1029	2	1.0
6068	1029	2	1.0
6069	1029	2	1.0
6070	1029	2	1.0
6071	1030	2	1.0
6072	1030	2	1.0
6073	1031	2	1.0
6074	1031	2	1.0
6075	1031	2	1.0
6076	1033	2	1.0
6077	1033	2	1.0
6078	1033	2	1.0
6078	1927	2	1.0
6079	1034	2	1.0
6080	1034	2	1.0
6081	1034	2	1.0
6081	2155	2	1.0
6082	1035	2	1.0
6083	1035	2	1.0
6084	1035	2	1.0
6085	1035	2	1.0
6086	1036	2	1.0
6086	2131	2	1.0
6086	2527	2	1.0
6087	1036	2	1.0
6088	1036	2	1.0
6088	1384	2	1.0
6088	1611	2	1.0
6088	2756	2	1.0
6089	1037	2	1.0
6090	1037	2	1.0
6091	1037	2	1.0
6092	1037	2	1.0
6093	1038	2	1.0
6094	1039	2	1.0
6095	1039	2	1.0
6096	1039	2	1.0
6096	1415	2	1.0
6097	1040	2	1.0
6097	1242	2	1.0
6097	1298	2	1.0
6098	1040	2	1.0
6099	1040	2	1.0
6099	1219	2	1.0
6099	1242	2	1.0
6099	1298	2	1.0
6099	1631	2	1.0
6099	1829	2	1.0
6100	1040	2	1.0
6100	1298	2	1.0
6101	1040	2	1.0
6101	2732	2	1.0
6102	1041	2	1.0
6103	1042	2	1.0
6104	1042	2	1.0
6105	1042	2	1.0
6105	1670	2	1.0
6105	2156	2	1.0
6105	2391	2	1.0
6106	1042	2	1.0
6107	1044	2	1.0
6108	1045	2	1.0
6108	1117	2	1.0
6109	1045	2	1.0
6109	1117	2	1.0
6109	2342	2	1.0
6110	1045	2	1.0
6111	1046	2	1.0
6111	1685	2	1.0
6112	1047	2	1.0
6113	1047	2	1.0
6114	1047	2	1.0
6115	1047	2	1.0
6116	1048	2	1.0
6116	1138	2	1.0
6116	2402	2	1.0
6117	1048	2	1.0
6118	1049	2	1.0
6119	1049	2	1.0
6120	1050	2	1.0
6121	1050	2	1.0
6122	1050	2	1.0
6123	1051	2	1.0
6124	1051	2	1.0
6125	1051	2	1.0
6126	1052	2	1.0
6127	1052	2	1.0
6128	1052	2	1.0
6128	1192	2	1.0
6129	1053	2	1.0
6129	1232	2	1.0
6129	2704	2	1.0
6130	1053	2	1.0
6131	1053	2	1.0
6131	1588	2	1.0
6132	1054	2	1.0
6132	1945	2	1.0
6132	2560	2	1.0
6133	1055	2	1.0
6134	1055	2	1.0
6134	2714	2	1.0
6135	1055	2	1.0
6136	1056	2	1.0
6136	1610	2	1.0
6137	1056	2	1.0
6137	1610	2	1.0
6138	1056	2	1.0
6139	1056	2	1.0
6139	1610	2	1.0
6140	1056	2	1.0
6140	1610	2	1.0
6141	1057	2	1.0
6142	1057	2	1.0
6143	1057	2	1.0
6144	1057	2	1.0
6145	1058	2	1.0
6146	1058	2	1.0
6146	1794	2	1.0
6147	1058	2	1.0
6147	1794	2	1.0
6148	1058	2	1.0
6148	1321	2	1.0
6148	1416	2	1.0
6148	1425	2	1.0
6148	1618	2	1.0
6148	1798	2	1.0
6148	2157	2	1.0
6149	1059	2	1.0
6150	1059	2	1.0
6151	1059	2	1.0
6152	1060	2	1.0
6153	1060	2	1.0
6154	1060	2	1.0
6154	1509	2	1.0
6155	1061	2	1.0
6156	1062	2	1.0
6156	2181	2	1.0
6156	2233	2	1.0
6157	1062	2	1.0
6157	2181	2	1.0
6157	2233	2	1.0
6158	1062	2	1.0
6158	2181	2	1.0
6159	1062	2	1.0
6159	1813	2	1.0
6159	2233	2	1.0
6160	1063	2	1.0
6160	1690	2	1.0
6160	2521	2	1.0
6161	1063	2	1.0
6162	1064	2	1.0
6163	1064	2	1.0
6164	1064	2	1.0
6165	1065	2	1.0
6166	1065	2	1.0
6167	1065	2	1.0
6168	1066	2	1.0
6169	1066	2	1.0
6170	1066	2	1.0
6170	1511	2	1.0
6170	1740	2	1.0
6170	1967	2	1.0
6170	2281	2	1.0
6171	1067	2	1.0
6171	2523	2	1.0
6172	1067	2	1.0
6173	1067	2	1.0
6174	1067	2	1.0
6175	1070	2	1.0
6176	1070	2	1.0
6177	1071	2	1.0
6177	1652	2	1.0
6178	1071	2	1.0
6178	1652	2	1.0
6178	2501	2	1.0
6179	1072	2	1.0
6179	1082	2	1.0
6179	2124	2	1.0
6180	1072	2	1.0
6180	1082	2	1.0
6181	1073	2	1.0
6182	1073	2	1.0
6183	1073	2	1.0
6184	1073	2	1.0
6185	1073	2	1.0
6186	1073	2	1.0
6187	1073	2	1.0
6188	1073	2	1.0
6189	1074	2	1.0
6189	1971	2	1.0
6190	1074	2	1.0
6191	1074	2	1.0
6191	2037	2	1.0
6192	1075	2	1.0
6193	1075	2	1.0
6194	1075	2	1.0
6195	1075	2	1.0
6195	1757	2	1.0
6196	1076	2	1.0
6197	1076	2	1.0
6198	1076	2	1.0
6198	1699	2	1.0
6198	2438	2	1.0
6199	1077	2	1.0
6200	1077	2	1.0
6201	1078	2	1.0
6201	1102	2	1.0
6201	1521	2	1.0
6201	1533	2	1.0
6201	1638	2	1.0
6201	2650	2	1.0
6201	2758	2	1.0
6202	1078	2	1.0
6202	1335	2	1.0
6202	1521	2	1.0
6202	1638	2	1.0
6202	2650	2	1.0
6202	2758	2	1.0
6203	1078	2	1.0
6203	1480	2	1.0
6204	1078	2	1.0
6205	1078	2	1.0
6205	1521	2	1.0
6205	1533	2	1.0
6205	1638	2	1.0
6206	1079	2	1.0
6207	1079	2	1.0
6208	1080	2	1.0
6209	1080	2	1.0
6210	1080	2	1.0
6211	1080	2	1.0
6212	1081	2	1.0
6213	1081	2	1.0
6214	1081	2	1.0
6214	1472	2	1.0
6215	1081	2	1.0
6215	1472	2	1.0
6216	1082	2	1.0
6217	1083	2	1.0
6218	1083	2	1.0
6219	1083	2	1.0
6220	1083	2	1.0
6221	1083	2	1.0
6222	1083	2	1.0
6223	1084	2	1.0
6224	1084	2	1.0
6225	1084	2	1.0
6226	1084	2	1.0
6227	1085	2	1.0
6228	1085	2	1.0
6229	1085	2	1.0
6230	1086	2	1.0
6231	1086	2	1.0
6232	1087	2	1.0
6233	1089	2	1.0
6234	1089	2	1.0
6235	1089	2	1.0
6236	1090	2	1.0
6237	1090	2	1.0
6237	2310	2	1.0
6238	1090	2	1.0
6239	1090	2	1.0
6240	1090	2	1.0
6240	1559	2	1.0
6240	2310	2	1.0
6241	1090	2	1.0
6242	1091	2	1.0
6243	1091	2	1.0
6244	1092	2	1.0
6244	1741	2	1.0
6245	1092	2	1.0
6245	1741	2	1.0
6246	1092	2	1.0
6247	1092	2	1.0
6247	1741	2	1.0
6248	1092	2	1.0
6248	1741	2	1.0
6249	1093	2	1.0
6250	1093	2	1.0
6251	1094	2	1.0
6252	1094	2	1.0
6252	1803	2	1.0
6253	1096	2	1.0
6254	1096	2	1.0
6255	1096	2	1.0
6256	1097	2	1.0
6257	1097	2	1.0
6258	1097	2	1.0
6259	1098	2	1.0
6260	1098	2	1.0
6261	1099	2	1.0
6262	1100	2	1.0
6262	2690	2	1.0
6263	1100	2	1.0
6263	2690	2	1.0
6264	1100	2	1.0
6264	2690	2	1.0
6265	1101	2	1.0
6266	1103	2	1.0
6267	1103	2	1.0
6268	1103	2	1.0
6269	1104	2	1.0
6270	1104	2	1.0
6271	1104	2	1.0
6272	1104	2	1.0
6273	1104	2	1.0
6274	1105	2	1.0
6275	1105	2	1.0
6276	1105	2	1.0
6277	1106	2	1.0
6278	1106	2	1.0
6279	1107	2	1.0
6280	1108	2	1.0
6281	1108	2	1.0
6282	1108	2	1.0
6283	1108	2	1.0
6284	1108	2	1.0
6285	1109	2	1.0
6286	1109	2	1.0
6287	1110	2	1.0
6288	1110	2	1.0
6289	1111	2	1.0
6290	1111	2	1.0
6291	1111	2	1.0
6292	1112	2	1.0
6293	1112	2	1.0
6294	1112	2	1.0
6295	1112	2	1.0
6296	1112	2	1.0
6297	1112	2	1.0
6298	1113	2	1.0
6299	1114	2	1.0
6300	1114	2	1.0
6301	1114	2	1.0
6301	1812	2	1.0
6302	1115	2	1.0
6303	1115	2	1.0
6304	1115	2	1.0
6305	1115	2	1.0
6306	1115	2	1.0
6307	1115	2	1.0
6308	1115	2	1.0
6309	1116	2	1.0
6310	1116	2	1.0
6311	1116	2	1.0
6312	1116	2	1.0
6313	1116	2	1.0
6314	1117	2	1.0
6315	1117	2	1.0
6316	1117	2	1.0
6317	1117	2	1.0
6318	1118	2	1.0
6319	1118	2	1.0
6320	1119	2	1.0
6321	1119	2	1.0
6321	1777	2	1.0
6322	1120	2	1.0
6323	1120	2	1.0
6324	1122	2	1.0
6325	1122	2	1.0
6326	1122	2	1.0
6327	1122	2	1.0
6328	1125	2	1.0
6328	1252	2	1.0
6329	1125	2	1.0
6330	1125	2	1.0
6331	1126	2	1.0
6331	1203	2	1.0
6331	2358	2	1.0
6332	1126	2	1.0
6332	2358	2	1.0
6333	1126	2	1.0
6333	2358	2	1.0
6334	1127	2	1.0
6335	1127	2	1.0
6336	1128	2	1.0
6336	1505	2	1.0
6337	1129	2	1.0
6337	1581	2	1.0
6338	1129	2	1.0
6339	1129	2	1.0
6339	1245	2	1.0
6340	1129	2	1.0
6341	1129	2	1.0
6341	2165	2	1.0
6341	2340	2	1.0
6342	1130	2	1.0
6343	1130	2	1.0
6344	1130	2	1.0
6345	1130	2	1.0
6346	1130	2	1.0
6346	2043	2	1.0
6347	1131	2	1.0
6348	1131	2	1.0
6349	1131	2	1.0
6350	1131	2	1.0
6351	1132	2	1.0
6352	1132	2	1.0
6353	1132	2	1.0
6354	1132	2	1.0
6355	1133	2	1.0
6355	1187	2	1.0
6356	1133	2	1.0
6356	1187	2	1.0
6357	1134	2	1.0
6358	1134	2	1.0
6358	2628	2	1.0
6359	1134	2	1.0
6360	1135	2	1.0
6360	1514	2	1.0
6360	1544	2	1.0
6360	2268	2	1.0
6361	1135	2	1.0
6361	1514	2	1.0
6361	1544	2	1.0
6361	2268	2	1.0
6362	1136	2	1.0
6363	1136	2	1.0
6364	1136	2	1.0
6365	1136	2	1.0
6366	1137	2	1.0
6367	1137	2	1.0
6367	2322	2	1.0
6368	1138	2	1.0
6368	1642	2	1.0
6369	1139	2	1.0
6370	1139	2	1.0
6371	1139	2	1.0
6372	1139	2	1.0
6373	1139	2	1.0
6373	1597	2	1.0
6374	1141	2	1.0
6375	1142	2	1.0
6375	2474	2	1.0
6376	1142	2	1.0
6377	1142	2	1.0
6378	1142	2	1.0
6378	1292	2	1.0
6378	2474	2	1.0
6379	1142	2	1.0
6379	2474	2	1.0
6379	2652	2	1.0
6380	1142	2	1.0
6380	1292	2	1.0
6380	2474	2	1.0
6380	2652	2	1.0
6381	1144	2	1.0
6382	1146	2	1.0
6383	1147	2	1.0
6384	1147	2	1.0
6385	1147	2	1.0
6386	1148	2	1.0
6386	2510	2	1.0
6387	1148	2	1.0
6387	1692	2	1.0
6387	2510	2	1.0
6388	1148	2	1.0
6389	1149	2	1.0
6390	1150	2	1.0
6391	1150	2	1.0
6392	1150	2	1.0
6393	1150	2	1.0
6394	1150	2	1.0
6395	1150	2	1.0
6395	2001	2	1.0
6396	1151	2	1.0
6396	1522	2	1.0
6396	1820	2	1.0
6397	1151	2	1.0
6397	1820	2	1.0
6398	1151	2	1.0
6398	1820	2	1.0
6398	1904	2	1.0
6398	2271	2	1.0
6399	1152	2	1.0
6400	1153	2	1.0
6401	1153	2	1.0
6402	1153	2	1.0
6403	1154	2	1.0
6404	1154	2	1.0
6405	1154	2	1.0
6406	1155	2	1.0
6406	1310	2	1.0
6407	1156	2	1.0
6408	1156	2	1.0
6408	1632	2	1.0
6408	1981	2	1.0
6409	1156	2	1.0
6409	2038	2	1.0
6410	1156	2	1.0
6410	1363	2	1.0
6410	1497	2	1.0
6410	2038	2	1.0
6411	1157	2	1.0
6412	1157	2	1.0
6413	1157	2	1.0
6414	1157	2	1.0
6415	1157	2	1.0
6416	1158	2	1.0
6417	1158	2	1.0
6418	1158	2	1.0
6419	1159	2	1.0
6420	1159	2	1.0
6421	1159	2	1.0
6422	1159	2	1.0
6423	1159	2	1.0
6423	1426	2	1.0
6424	1160	2	1.0
6425	1161	2	1.0
6426	1161	2	1.0
6426	2633	2	1.0
6427	1162	2	1.0
6428	1162	2	1.0
6429	1162	2	1.0
6430	1162	2	1.0
6431	1162	2	1.0
6432	1163	2	1.0
6433	1164	2	1.0
6434	1164	2	1.0
6435	1164	2	1.0
6436	1165	2	1.0
6437	1165	2	1.0
6437	1258	2	1.0
6438	1166	2	1.0
6439	1167	2	1.0
6440	1167	2	1.0
6440	1449	2	1.0
6440	2142	2	1.0
6441	1167	2	1.0
6441	1449	2	1.0
6441	2142	2	1.0
6442	1168	2	1.0
6443	1168	2	1.0
6444	1169	2	1.0
6445	1169	2	1.0
6446	1169	2	1.0
6447	1169	2	1.0
6448	1169	2	1.0
6449	1169	2	1.0
6450	1170	2	1.0
6451	1170	2	1.0
6452	1171	2	1.0
6452	1461	2	1.0
6452	2239	2	1.0
6453	1172	2	1.0
6454	1173	2	1.0
6455	1174	2	1.0
6456	1174	2	1.0
6457	1174	2	1.0
6458	1175	2	1.0
6459	1175	2	1.0
6460	1175	2	1.0
6461	1175	2	1.0
6462	1176	2	1.0
6463	1176	2	1.0
6463	1887	2	1.0
6464	1176	2	1.0
6465	1177	2	1.0
6465	1203	2	1.0
6466	1177	2	1.0
6466	1203	2	1.0
6467	1178	2	1.0
6467	1357	2	1.0
6467	2678	2	1.0
6468	1178	2	1.0
6468	2678	2	1.0
6469	1178	2	1.0
6469	2678	2	1.0
6470	1178	2	1.0
6471	1179	2	1.0
6472	1179	2	1.0
6473	1180	2	1.0
6474	1181	2	1.0
6475	1181	2	1.0
6476	1181	2	1.0
6477	1181	2	1.0
6478	1182	2	1.0
6479	1182	2	1.0
6479	1599	2	1.0
6480	1183	2	1.0
6481	1183	2	1.0
6481	1767	2	1.0
6481	2436	2	1.0
6482	1183	2	1.0
6483	1183	2	1.0
6483	2455	2	1.0
6484	1183	2	1.0
6485	1184	2	1.0
6486	1184	2	1.0
6487	1184	2	1.0
6488	1184	2	1.0
6488	1317	2	1.0
6488	2643	2	1.0
6489	1185	2	1.0
6489	1304	2	1.0
6490	1186	2	1.0
6491	1186	2	1.0
6492	1186	2	1.0
6493	1186	2	1.0
6494	1186	2	1.0
6495	1187	2	1.0
6495	1278	2	1.0
6496	1187	2	1.0
6496	2399	2	1.0
6497	1188	2	1.0
6498	1188	2	1.0
6499	1188	2	1.0
6500	1188	2	1.0
6501	1188	2	1.0
6501	1305	2	1.0
6501	1340	2	1.0
6502	1188	2	1.0
6502	2750	2	1.0
6503	1189	2	1.0
6504	1189	2	1.0
6505	1189	2	1.0
6506	1189	2	1.0
6507	1189	2	1.0
6508	1189	2	1.0
6509	1189	2	1.0
6510	1189	2	1.0
6511	1191	2	1.0
6511	2432	2	1.0
6512	1192	2	1.0
6513	1192	2	1.0
6514	1193	2	1.0
6515	1193	2	1.0
6516	1193	2	1.0
6516	1364	2	1.0
6517	1193	2	1.0
6518	1193	2	1.0
6518	1981	2	1.0
6519	1194	2	1.0
6520	1194	2	1.0
6520	2005	2	1.0
6521	1195	2	1.0
6522	1195	2	1.0
6523	1196	2	1.0
6524	1196	2	1.0
6525	1196	2	1.0
6526	1196	2	1.0
6527	1196	2	1.0
6528	1196	2	1.0
6529	1196	2	1.0
6530	1196	2	1.0
6531	1196	2	1.0
6532	1196	2	1.0
6533	1196	2	1.0
6534	1196	2	1.0
6535	1196	2	1.0
6536	1196	2	1.0
6537	1196	2	1.0
6538	1196	2	1.0
6539	1197	2	1.0
6540	1197	2	1.0
6541	1198	2	1.0
6542	1198	2	1.0
6543	1198	2	1.0
6544	1199	2	1.0
6544	2686	2	1.0
6545	1199	2	1.0
6546	1199	2	1.0
6547	1200	2	1.0
6548	1200	2	1.0
6549	1200	2	1.0
6550	1200	2	1.0
6551	1200	2	1.0
6552	1200	2	1.0
6553	1200	2	1.0
6554	1201	2	1.0
6554	1471	2	1.0
6554	1705	2	1.0
6554	1932	2	1.0
6554	2220	2	1.0
6554	2506	2	1.0
6555	1201	2	1.0
6555	1932	2	1.0
6555	2506	2	1.0
6556	1202	2	1.0
6557	1202	2	1.0
6558	1202	2	1.0
6559	1202	2	1.0
6560	1203	2	1.0
6561	1203	2	1.0
6562	1203	2	1.0
6563	1204	2	1.0
6563	2532	2	1.0
6564	1204	2	1.0
6564	2532	2	1.0
6565	1204	2	1.0
6565	1748	2	1.0
6566	1204	2	1.0
6566	2532	2	1.0
6567	1205	2	1.0
6568	1205	2	1.0
6568	1500	2	1.0
6569	1205	2	1.0
6569	2460	2	1.0
6570	1206	2	1.0
6571	1206	2	1.0
6572	1206	2	1.0
6572	2539	2	1.0
6573	1207	2	1.0
6574	1207	2	1.0
6575	1207	2	1.0
6576	1208	2	1.0
6577	1208	2	1.0
6578	1208	2	1.0
6579	1208	2	1.0
6580	1209	2	1.0
6581	1209	2	1.0
6582	1209	2	1.0
6583	1209	2	1.0
6584	1210	2	1.0
6585	1210	2	1.0
6586	1211	2	1.0
6587	1211	2	1.0
6588	1212	2	1.0
6589	1212	2	1.0
6590	1213	2	1.0
6591	1213	2	1.0
6592	1214	2	1.0
6593	1214	2	1.0
6594	1214	2	1.0
6595	1215	2	1.0
6595	2140	2	1.0
6596	1215	2	1.0
6597	1215	2	1.0
6598	1217	2	1.0
6599	1217	2	1.0
6599	2425	2	1.0
6599	2711	2	1.0
6600	1217	2	1.0
6601	1217	2	1.0
6601	2425	2	1.0
6601	2711	2	1.0
6602	1217	2	1.0
6602	2425	2	1.0
6602	2711	2	1.0
6603	1217	2	1.0
6603	2425	2	1.0
6604	1217	2	1.0
6604	2425	2	1.0
6605	1217	2	1.0
6605	2425	2	1.0
6605	2439	2	1.0
6605	2711	2	1.0
6606	1218	2	1.0
6607	1218	2	1.0
6608	1218	2	1.0
6609	1219	2	1.0
6610	1219	2	1.0
6611	1219	2	1.0
6612	1220	2	1.0
6613	1220	2	1.0
6614	1220	2	1.0
6615	1220	2	1.0
6615	1844	2	1.0
6616	1220	2	1.0
6617	1220	2	1.0
6618	1221	2	1.0
6619	1221	2	1.0
6620	1221	2	1.0
6621	1221	2	1.0
6622	1222	2	1.0
6623	1222	2	1.0
6624	1223	2	1.0
6625	1223	2	1.0
6626	1223	2	1.0
6626	2346	2	1.0
6627	1223	2	1.0
6627	2346	2	1.0
6628	1224	2	1.0
6629	1224	2	1.0
6630	1224	2	1.0
6631	1224	2	1.0
6632	1224	2	1.0
6633	1225	2	1.0
6634	1225	2	1.0
6635	1225	2	1.0
6636	1226	2	1.0
6637	1226	2	1.0
6638	1226	2	1.0
6639	1226	2	1.0
6640	1227	2	1.0
6641	1228	2	1.0
6642	1228	2	1.0
6643	1228	2	1.0
6644	1228	2	1.0
6645	1229	2	1.0
6646	1229	2	1.0
6647	1229	2	1.0
6648	1229	2	1.0
6648	2206	2	1.0
6649	1230	2	1.0
6650	1231	2	1.0
6651	1232	2	1.0
6652	1232	2	1.0
6653	1233	2	1.0
6654	1233	2	1.0
6655	1233	2	1.0
6656	1234	2	1.0
6656	1267	2	1.0
6656	1605	2	1.0
6657	1235	2	1.0
6658	1235	2	1.0
6659	1235	2	1.0
6660	1236	2	1.0
6661	1237	2	1.0
6662	1237	2	1.0
6663	1237	2	1.0
6664	1237	2	1.0
6665	1238	2	1.0
6666	1239	2	1.0
6667	1240	2	1.0
6668	1240	2	1.0
6669	1242	2	1.0
6669	1829	2	1.0
6670	1243	2	1.0
6671	1243	2	1.0
6672	1244	2	1.0
6673	1244	2	1.0
6673	1333	2	1.0
6674	1244	2	1.0
6675	1245	2	1.0
6675	1581	2	1.0
6675	2165	2	1.0
6676	1246	2	1.0
6676	1336	2	1.0
6676	1864	2	1.0
6676	2030	2	1.0
6676	2369	2	1.0
6677	1246	2	1.0
6677	1336	2	1.0
6677	1864	2	1.0
6677	2030	2	1.0
6677	2369	2	1.0
6678	1247	2	1.0
6679	1247	2	1.0
6680	1247	2	1.0
6681	1247	2	1.0
6682	1248	2	1.0
6683	1248	2	1.0
6684	1249	2	1.0
6685	1249	2	1.0
6686	1249	2	1.0
6687	1251	2	1.0
6687	1590	2	1.0
6687	1895	2	1.0
6687	2060	2	1.0
6687	2263	2	1.0
6687	2332	2	1.0
6688	1252	2	1.0
6689	1252	2	1.0
6690	1252	2	1.0
6691	1252	2	1.0
6692	1253	2	1.0
6693	1254	2	1.0
6694	1254	2	1.0
6695	1254	2	1.0
6696	1254	2	1.0
6697	1254	2	1.0
6698	1254	2	1.0
6699	1256	2	1.0
6700	1256	2	1.0
6701	1256	2	1.0
6702	1257	2	1.0
6702	1338	2	1.0
6702	2160	2	1.0
6703	1258	2	1.0
6704	1258	2	1.0
6705	1258	2	1.0
6706	1258	2	1.0
6707	1258	2	1.0
6708	1259	2	1.0
6708	1729	2	1.0
6708	2461	2	1.0
6709	1259	2	1.0
6709	2461	2	1.0
6710	1259	2	1.0
6710	2278	2	1.0
6711	1259	2	1.0
6711	1729	2	1.0
6711	2461	2	1.0
6712	1260	2	1.0
6713	1260	2	1.0
6714	1260	2	1.0
6715	1261	2	1.0
6716	1261	2	1.0
6717	1261	2	1.0
6718	1262	2	1.0
6719	1262	2	1.0
6720	1262	2	1.0
6721	1262	2	1.0
6722	1263	2	1.0
6723	1263	2	1.0
6724	1264	2	1.0
6725	1264	2	1.0
6726	1264	2	1.0
6726	1654	2	1.0
6726	1912	2	1.0
6727	1264	2	1.0
6727	1583	2	1.0
6727	1654	2	1.0
6727	1912	2	1.0
6728	1264	2	1.0
6729	1264	2	1.0
6730	1264	2	1.0
6731	1264	2	1.0
6732	1265	2	1.0
6733	1266	2	1.0
6733	1768	2	1.0
6734	1266	2	1.0
6735	1266	2	1.0
6736	1266	2	1.0
6737	1266	2	1.0
6738	1266	2	1.0
6739	1266	2	1.0
6740	1266	2	1.0
6741	1267	2	1.0
6742	1268	2	1.0
6743	1268	2	1.0
6744	1268	2	1.0
6745	1268	2	1.0
6746	1268	2	1.0
6747	1269	2	1.0
6747	2244	2	1.0
6748	1270	2	1.0
6748	1546	2	1.0
6749	1271	2	1.0
6750	1271	2	1.0
6751	1271	2	1.0
6752	1272	2	1.0
6753	1272	2	1.0
6754	1273	2	1.0
6755	1273	2	1.0
6756	1273	2	1.0
6757	1273	2	1.0
6758	1273	2	1.0
6759	1274	2	1.0
6760	1274	2	1.0
6761	1274	2	1.0
6762	1274	2	1.0
6763	1275	2	1.0
6763	2060	2	1.0
6763	2140	2	1.0
6764	1275	2	1.0
6765	1278	2	1.0
6766	1278	2	1.0
6767	1278	2	1.0
6768	1278	2	1.0
6769	1279	2	1.0
6770	1279	2	1.0
6771	1279	2	1.0
6772	1280	2	1.0
6773	1280	2	1.0
6773	1287	2	1.0
6773	1605	2	1.0
6773	2072	2	1.0
6773	2086	2	1.0
6774	1281	2	1.0
6775	1281	2	1.0
6776	1281	2	1.0
6777	1281	2	1.0
6778	1281	2	1.0
6779	1281	2	1.0
6780	1281	2	1.0
6781	1282	2	1.0
6782	1282	2	1.0
6783	1282	2	1.0
6784	1283	2	1.0
6784	1924	2	1.0
6784	2285	2	1.0
6784	2300	2	1.0
6785	1283	2	1.0
6785	2048	2	1.0
6785	2285	2	1.0
6786	1283	2	1.0
6786	2048	2	1.0
6786	2054	2	1.0
6786	2285	2	1.0
6786	2300	2	1.0
6787	1285	2	1.0
6788	1285	2	1.0
6789	1287	2	1.0
6790	1287	2	1.0
6790	2284	2	1.0
6791	1288	2	1.0
6791	1700	2	1.0
6791	1742	2	1.0
6792	1288	2	1.0
6792	2074	2	1.0
6792	2468	2	1.0
6793	1289	2	1.0
6794	1289	2	1.0
6795	1290	2	1.0
6796	1290	2	1.0
6797	1290	2	1.0
6798	1291	2	1.0
6799	1292	2	1.0
6800	1292	2	1.0
6801	1292	2	1.0
6802	1292	2	1.0
6803	1293	2	1.0
6804	1294	2	1.0
6805	1294	2	1.0
6806	1294	2	1.0
6806	2553	2	1.0
6806	2761	2	1.0
6807	1294	2	1.0
6808	1294	2	1.0
6809	1294	2	1.0
6810	1294	2	1.0
6811	1296	2	1.0
6812	1296	2	1.0
6813	1296	2	1.0
6813	2334	2	1.0
6814	1296	2	1.0
6815	1296	2	1.0
6816	1297	2	1.0
6817	1297	2	1.0
6818	1297	2	1.0
6819	1297	2	1.0
6820	1297	2	1.0
6821	1297	2	1.0
6822	1297	2	1.0
6823	1298	2	1.0
6823	1631	2	1.0
6824	1299	2	1.0
6824	2587	2	1.0
6824	2605	2	1.0
6824	2669	2	1.0
6825	1299	2	1.0
6825	2041	2	1.0
6825	2599	2	1.0
6825	2605	2	1.0
6825	2669	2	1.0
6826	1299	2	1.0
6826	2599	2	1.0
6826	2605	2	1.0
6826	2669	2	1.0
6827	1299	2	1.0
6827	2599	2	1.0
6827	2605	2	1.0
6828	1299	2	1.0
6828	2599	2	1.0
6828	2605	2	1.0
6829	1299	2	1.0
6829	2599	2	1.0
6829	2605	2	1.0
6830	1301	2	1.0
6831	1301	2	1.0
6832	1302	2	1.0
6832	1860	2	1.0
6833	1302	2	1.0
6834	1302	2	1.0
6834	1442	2	1.0
6834	1860	2	1.0
6835	1303	2	1.0
6835	1392	2	1.0
6836	1303	2	1.0
6837	1303	2	1.0
6838	1305	2	1.0
6838	2304	2	1.0
6839	1305	2	1.0
6839	2304	2	1.0
6840	1306	2	1.0
6841	1306	2	1.0
6841	1610	2	1.0
6842	1306	2	1.0
6843	1306	2	1.0
6844	1306	2	1.0
6845	1306	2	1.0
6846	1309	2	1.0
6847	1309	2	1.0
6848	1309	2	1.0
6849	1309	2	1.0
6850	1310	2	1.0
6851	1311	2	1.0
6852	1311	2	1.0
6853	1311	2	1.0
6854	1312	2	1.0
6855	1312	2	1.0
6856	1312	2	1.0
6857	1312	2	1.0
6858	1312	2	1.0
6859	1313	2	1.0
6860	1313	2	1.0
6861	1314	2	1.0
6862	1314	2	1.0
6863	1314	2	1.0
6864	1315	2	1.0
6865	1315	2	1.0
6866	1315	2	1.0
6867	1316	2	1.0
6868	1316	2	1.0
6869	1317	2	1.0
6870	1317	2	1.0
6871	1318	2	1.0
6872	1319	2	1.0
6873	1319	2	1.0
6874	1319	2	1.0
6875	1319	2	1.0
6876	1319	2	1.0
6877	1319	2	1.0
6878	1320	2	1.0
6879	1320	2	1.0
6880	1320	2	1.0
6881	1321	2	1.0
6881	1425	2	1.0
6882	1321	2	1.0
6883	1322	2	1.0
6884	1322	2	1.0
6885	1322	2	1.0
6886	1323	2	1.0
6887	1324	2	1.0
6888	1324	2	1.0
6889	1324	2	1.0
6890	1325	2	1.0
6891	1325	2	1.0
6892	1325	2	1.0
6892	1327	2	1.0
6893	1325	2	1.0
6893	2042	2	1.0
6893	2493	2	1.0
6894	1326	2	1.0
6895	1326	2	1.0
6896	1326	2	1.0
6897	1327	2	1.0
6898	1327	2	1.0
6899	1328	2	1.0
6900	1328	2	1.0
6901	1329	2	1.0
6902	1330	2	1.0
6903	1330	2	1.0
6904	1331	2	1.0
6905	1332	2	1.0
6906	1332	2	1.0
6906	2693	2	1.0
6907	1333	2	1.0
6908	1333	2	1.0
6909	1333	2	1.0
6910	1334	2	1.0
6911	1334	2	1.0
6912	1334	2	1.0
6912	1378	2	1.0
6912	2327	2	1.0
6913	1337	2	1.0
6914	1338	2	1.0
6915	1338	2	1.0
6916	1338	2	1.0
6917	1338	2	1.0
6918	1338	2	1.0
6919	1339	2	1.0
6919	2539	2	1.0
6920	1339	2	1.0
6920	2539	2	1.0
6921	1340	2	1.0
6922	1341	2	1.0
6922	1547	2	1.0
6922	2453	2	1.0
6923	1341	2	1.0
6923	1971	2	1.0
6923	2453	2	1.0
6924	1341	2	1.0
6924	1547	2	1.0
6924	1971	2	1.0
6924	2453	2	1.0
6925	1341	2	1.0
6925	2453	2	1.0
6926	1341	2	1.0
6926	1971	2	1.0
6926	2453	2	1.0
6927	1343	2	1.0
6928	1343	2	1.0
6928	2026	2	1.0
6928	2111	2	1.0
6929	1345	2	1.0
6930	1345	2	1.0
6931	1345	2	1.0
6932	1345	2	1.0
6933	1345	2	1.0
6934	1345	2	1.0
6935	1345	2	1.0
6936	1345	2	1.0
6937	1346	2	1.0
6938	1347	2	1.0
6938	2347	2	1.0
6939	1347	2	1.0
6939	2062	2	1.0
6940	1348	2	1.0
6941	1348	2	1.0
6942	1348	2	1.0
6943	1348	2	1.0
6944	1348	2	1.0
6945	1348	2	1.0
6945	2260	2	1.0
6946	1348	2	1.0
6947	1349	2	1.0
6948	1350	2	1.0
6949	1350	2	1.0
6949	1580	2	1.0
6950	1352	2	1.0
6951	1352	2	1.0
6952	1352	2	1.0
6953	1353	2	1.0
6953	2373	2	1.0
6954	1353	2	1.0
6955	1354	2	1.0
6956	1354	2	1.0
6957	1354	2	1.0
6957	1845	2	1.0
6958	1355	2	1.0
6959	1356	2	1.0
6960	1356	2	1.0
6961	1356	2	1.0
6962	1357	2	1.0
6963	1357	2	1.0
6964	1357	2	1.0
6965	1357	2	1.0
6966	1358	2	1.0
6967	1358	2	1.0
6968	1358	2	1.0
6969	1359	2	1.0
6970	1359	2	1.0
6971	1359	2	1.0
6972	1359	2	1.0
6973	1360	2	1.0
6974	1360	2	1.0
6975	1360	2	1.0
6975	1508	2	1.0
6976	1360	2	1.0
6977	1360	2	1.0
6978	1360	2	1.0
6978	1508	2	1.0
6979	1360	2	1.0
6979	1508	2	1.0
6980	1360	2	1.0
6981	1360	2	1.0
6982	1360	2	1.0
6982	1778	2	1.0
6983	1360	2	1.0
6984	1360	2	1.0
6985	1360	2	1.0
6986	1360	2	1.0
6986	1508	2	1.0
6987	1360	2	1.0
6988	1361	2	1.0
6989	1361	2	1.0
6990	1362	2	1.0
6991	1362	2	1.0
6992	1363	2	1.0
6992	1497	2	1.0
6993	1364	2	1.0
6994	1364	2	1.0
6995	1364	2	1.0
6996	1365	2	1.0
6997	1366	2	1.0
6998	1367	2	1.0
6999	1367	2	1.0
7000	1368	2	1.0
7001	1369	2	1.0
7001	2381	2	1.0
7002	1370	2	1.0
7003	1370	2	1.0
7004	1370	2	1.0
7005	1370	2	1.0
7006	1370	2	1.0
7007	1370	2	1.0
7008	1371	2	1.0
7009	1372	2	1.0
7009	2457	2	1.0
7009	2720	2	1.0
7010	1372	2	1.0
7011	1372	2	1.0
7011	2119	2	1.0
7012	1373	2	1.0
7012	1481	2	1.0
7013	1374	2	1.0
7013	2525	2	1.0
7014	1374	2	1.0
7014	2525	2	1.0
7015	1375	2	1.0
7016	1375	2	1.0
7017	1375	2	1.0
7018	1375	2	1.0
7018	1900	2	1.0
7019	1375	2	1.0
7019	1515	2	1.0
7019	2384	2	1.0
7020	1376	2	1.0
7020	2241	2	1.0
7021	1376	2	1.0
7021	2241	2	1.0
7022	1376	2	1.0
7022	2241	2	1.0
7023	1378	2	1.0
7024	1378	2	1.0
7025	1379	2	1.0
7026	1380	2	1.0
7027	1380	2	1.0
7028	1380	2	1.0
7029	1380	2	1.0
7030	1380	2	1.0
7030	1713	2	1.0
7031	1380	2	1.0
7032	1380	2	1.0
7033	1381	2	1.0
7034	1381	2	1.0
7035	1381	2	1.0
7036	1381	2	1.0
7037	1381	2	1.0
7038	1381	2	1.0
7039	1382	2	1.0
7040	1382	2	1.0
7041	1382	2	1.0
7042	1383	2	1.0
7043	1383	2	1.0
7044	1383	2	1.0
7045	1384	2	1.0
7046	1384	2	1.0
7047	1384	2	1.0
7047	1694	2	1.0
7048	1385	2	1.0
7049	1385	2	1.0
7050	1385	2	1.0
7050	2167	2	1.0
7050	2309	2	1.0
7050	2531	2	1.0
7051	1385	2	1.0
7052	1386	2	1.0
7053	1386	2	1.0
7054	1386	2	1.0
7055	1386	2	1.0
7056	1386	2	1.0
7057	1386	2	1.0
7058	1387	2	1.0
7059	1387	2	1.0
7060	1387	2	1.0
7061	1387	2	1.0
7062	1388	2	1.0
7062	1647	2	1.0
7062	1882	2	1.0
7062	2677	2	1.0
7063	1388	2	1.0
7063	2677	2	1.0
7064	1388	2	1.0
7064	2366	2	1.0
7064	2677	2	1.0
7064	2699	2	1.0
7065	1388	2	1.0
7065	2677	2	1.0
7066	1388	2	1.0
7066	2677	2	1.0
7067	1388	2	1.0
7067	2677	2	1.0
7068	1389	2	1.0
7069	1389	2	1.0
7070	1390	2	1.0
7071	1390	2	1.0
7071	2718	2	1.0
7072	1391	2	1.0
7073	1391	2	1.0
7074	1391	2	1.0
7074	2206	2	1.0
7075	1391	2	1.0
7076	1391	2	1.0
7077	1391	2	1.0
7078	1392	2	1.0
7079	1393	2	1.0
7079	2273	2	1.0
7080	1393	2	1.0
7081	1393	2	1.0
7082	1393	2	1.0
7083	1394	2	1.0
7084	1394	2	1.0
7084	1399	2	1.0
7085	1395	2	1.0
7085	1746	2	1.0
7085	2095	2	1.0
7085	2250	2	1.0
7086	1395	2	1.0
7086	1746	2	1.0
7086	2095	2	1.0
7086	2250	2	1.0
7087	1395	2	1.0
7087	1746	2	1.0
7087	2095	2	1.0
7087	2250	2	1.0
7088	1396	2	1.0
7088	2337	2	1.0
7089	1396	2	1.0
7090	1396	2	1.0
7090	2337	2	1.0
7091	1397	2	1.0
7092	1397	2	1.0
7093	1397	2	1.0
7093	2321	2	1.0
7094	1398	2	1.0
7094	1536	2	1.0
7095	1399	2	1.0
7096	1400	2	1.0
7097	1400	2	1.0
7098	1401	2	1.0
7099	1401	2	1.0
7100	1401	2	1.0
7100	2741	2	1.0
7101	1402	2	1.0
7102	1402	2	1.0
7102	2548	2	1.0
7103	1403	2	1.0
7103	2383	2	1.0
7104	1404	2	1.0
7105	1404	2	1.0
7106	1404	2	1.0
7107	1404	2	1.0
7108	1404	2	1.0
7109	1405	2	1.0
7110	1405	2	1.0
7111	1405	2	1.0
7112	1405	2	1.0
7113	1406	2	1.0
7113	1669	2	1.0
7114	1406	2	1.0
7114	1669	2	1.0
7115	1407	2	1.0
7116	1407	2	1.0
7117	1407	2	1.0
7118	1408	2	1.0
7119	1408	2	1.0
7120	1408	2	1.0
7121	1409	2	1.0
7122	1409	2	1.0
7123	1411	2	1.0
7124	1411	2	1.0
7125	1411	2	1.0
7125	2298	2	1.0
7126	1411	2	1.0
7126	1801	2	1.0
7126	2345	2	1.0
7127	1412	2	1.0
7128	1412	2	1.0
7128	2676	2	1.0
7129	1412	2	1.0
7130	1412	2	1.0
7131	1413	2	1.0
7132	1413	2	1.0
7133	1413	2	1.0
7134	1413	2	1.0
7135	1413	2	1.0
7136	1413	2	1.0
7137	1413	2	1.0
7138	1413	2	1.0
7139	1413	2	1.0
7140	1413	2	1.0
7141	1413	2	1.0
7142	1413	2	1.0
7143	1414	2	1.0
7143	2532	2	1.0
7144	1414	2	1.0
7144	2532	2	1.0
7145	1416	2	1.0
7145	2157	2	1.0
7146	1417	2	1.0
7147	1417	2	1.0
7148	1417	2	1.0
7148	1446	2	1.0
7149	1417	2	1.0
7150	1417	2	1.0
7151	1418	2	1.0
7151	2649	2	1.0
7152	1418	2	1.0
7153	1418	2	1.0
7153	2642	2	1.0
7154	1418	2	1.0
7155	1418	2	1.0
7156	1418	2	1.0
7157	1419	2	1.0
7158	1419	2	1.0
7159	1419	2	1.0
7160	1420	2	1.0
7160	1981	2	1.0
7161	1420	2	1.0
7162	1421	2	1.0
7163	1422	2	1.0
7163	2228	2	1.0
7164	1422	2	1.0
7164	2228	2	1.0
7165	1423	2	1.0
7166	1423	2	1.0
7167	1423	2	1.0
7168	1423	2	1.0
7169	1424	2	1.0
7170	1424	2	1.0
7171	1424	2	1.0
7172	1425	2	1.0
7173	1425	2	1.0
7174	1426	2	1.0
7175	1426	2	1.0
7175	1455	2	1.0
7175	1790	2	1.0
7176	1427	2	1.0
7177	1427	2	1.0
7178	1428	2	1.0
7179	1429	2	1.0
7180	1429	2	1.0
7180	1487	2	1.0
7181	1429	2	1.0
7181	1487	2	1.0
7181	1545	2	1.0
7182	1430	2	1.0
7183	1430	2	1.0
7184	1430	2	1.0
7185	1431	2	1.0
7186	1431	2	1.0
7187	1431	2	1.0
7188	1431	2	1.0
7189	1432	2	1.0
7190	1432	2	1.0
7191	1432	2	1.0
7192	1433	2	1.0
7193	1433	2	1.0
7194	1433	2	1.0
7195	1434	2	1.0
7196	1434	2	1.0
7196	2353	2	1.0
7196	2396	2	1.0
7197	1435	2	1.0
7198	1435	2	1.0
7199	1436	2	1.0
7199	1629	2	1.0
7199	2016	2	1.0
7200	1436	2	1.0
7200	1555	2	1.0
7200	1582	2	1.0
7200	1608	2	1.0
7200	1629	2	1.0
7200	1949	2	1.0
7200	2016	2	1.0
7200	2255	2	1.0
7201	1437	2	1.0
7202	1437	2	1.0
7203	1437	2	1.0
7204	1437	2	1.0
7204	1886	2	1.0
7205	1437	2	1.0
7206	1438	2	1.0
7206	2057	2	1.0
7207	1438	2	1.0
7207	1673	2	1.0
7207	1926	2	1.0
7207	2057	2	1.0
7207	2370	2	1.0
7207	2400	2	1.0
7208	1438	2	1.0
7209	1439	2	1.0
7209	1478	2	1.0
7209	2210	2	1.0
7209	2412	2	1.0
7209	2546	2	1.0
7210	1440	2	1.0
7211	1440	2	1.0
7212	1440	2	1.0
7213	1440	2	1.0
7214	1440	2	1.0
7215	1440	2	1.0
7216	1441	2	1.0
7217	1441	2	1.0
7218	1441	2	1.0
7219	1442	2	1.0
7220	1442	2	1.0
7221	1443	2	1.0
7222	1443	2	1.0
7223	1444	2	1.0
7223	1603	2	1.0
7224	1444	2	1.0
7225	1444	2	1.0
7225	1603	2	1.0
7226	1444	2	1.0
7226	1849	2	1.0
7227	1445	2	1.0
7227	2392	2	1.0
7228	1445	2	1.0
7229	1445	2	1.0
7230	1445	2	1.0
7231	1445	2	1.0
7232	1445	2	1.0
7232	2183	2	1.0
7232	2392	2	1.0
7233	1446	2	1.0
7234	1446	2	1.0
7234	2015	2	1.0
7234	2498	2	1.0
7235	1447	2	1.0
7236	1447	2	1.0
7237	1448	2	1.0
7238	1448	2	1.0
7239	1448	2	1.0
7240	1449	2	1.0
7241	1451	2	1.0
7242	1451	2	1.0
7243	1451	2	1.0
7244	1452	2	1.0
7244	2422	2	1.0
7245	1453	2	1.0
7246	1453	2	1.0
7247	1453	2	1.0
7248	1453	2	1.0
7249	1453	2	1.0
7250	1454	2	1.0
7250	2108	2	1.0
7251	1455	2	1.0
7251	1790	2	1.0
7252	1455	2	1.0
7252	1790	2	1.0
7253	1456	2	1.0
7254	1456	2	1.0
7255	1456	2	1.0
7256	1459	2	1.0
7257	1459	2	1.0
7257	2201	2	1.0
7258	1459	2	1.0
7259	1459	2	1.0
7259	2201	2	1.0
7260	1459	2	1.0
7261	1460	2	1.0
7261	2249	2	1.0
7262	1460	2	1.0
7263	1460	2	1.0
7264	1460	2	1.0
7265	1460	2	1.0
7266	1460	2	1.0
7266	2249	2	1.0
7267	1462	2	1.0
7267	2303	2	1.0
7268	1463	2	1.0
7269	1463	2	1.0
7269	2623	2	1.0
7270	1464	2	1.0
7271	1465	2	1.0
7272	1465	2	1.0
7273	1466	2	1.0
7274	1466	2	1.0
7275	1466	2	1.0
7275	1586	2	1.0
7275	1592	2	1.0
7275	1595	2	1.0
7275	1841	2	1.0
7276	1466	2	1.0
7277	1466	2	1.0
7278	1466	2	1.0
7279	1467	2	1.0
7280	1467	2	1.0
7281	1467	2	1.0
7282	1468	2	1.0
7283	1468	2	1.0
7284	1468	2	1.0
7285	1468	2	1.0
7286	1468	2	1.0
7287	1468	2	1.0
7288	1469	2	1.0
7289	1469	2	1.0
7290	1469	2	1.0
7291	1469	2	1.0
7292	1469	2	1.0
7293	1470	2	1.0
7294	1470	2	1.0
7295	1471	2	1.0
7296	1472	2	1.0
7297	1472	2	1.0
7298	1473	2	1.0
7299	1473	2	1.0
7300	1474	2	1.0
7300	1633	2	1.0
7300	2526	2	1.0
7301	1474	2	1.0
7302	1474	2	1.0
7303	1475	2	1.0
7304	1475	2	1.0
7305	1476	2	1.0
7306	1477	2	1.0
7307	1479	2	1.0
7308	1479	2	1.0
7309	1479	2	1.0
7309	1888	2	1.0
7310	1479	2	1.0
7310	1888	2	1.0
7311	1479	2	1.0
7311	1888	2	1.0
7312	1480	2	1.0
7313	1480	2	1.0
7314	1480	2	1.0
7315	1480	2	1.0
7316	1480	2	1.0
7317	1481	2	1.0
7317	1762	2	1.0
7318	1482	2	1.0
7319	1482	2	1.0
7320	1482	2	1.0
7321	1482	2	1.0
7322	1485	2	1.0
7323	1485	2	1.0
7324	1485	2	1.0
7325	1485	2	1.0
7326	1485	2	1.0
7327	1486	2	1.0
7328	1486	2	1.0
7329	1486	2	1.0
7330	1486	2	1.0
7330	1524	2	1.0
7331	1486	2	1.0
7332	1486	2	1.0
7333	1486	2	1.0
7333	2609	2	1.0
7334	1488	2	1.0
7335	1488	2	1.0
7336	1488	2	1.0
7337	1489	2	1.0
7338	1489	2	1.0
7339	1490	2	1.0
7340	1490	2	1.0
7340	1800	2	1.0
7341	1490	2	1.0
7341	1797	2	1.0
7341	1800	2	1.0
7342	1491	2	1.0
7343	1492	2	1.0
7344	1493	2	1.0
7344	1683	2	1.0
7344	2245	2	1.0
7344	2509	2	1.0
7345	1493	2	1.0
7346	1493	2	1.0
7346	2509	2	1.0
7347	1493	2	1.0
7347	1683	2	1.0
7348	1493	2	1.0
7348	2509	2	1.0
7349	1494	2	1.0
7350	1494	2	1.0
7351	1495	2	1.0
7352	1495	2	1.0
7353	1496	2	1.0
7354	1496	2	1.0
7355	1496	2	1.0
7356	1496	2	1.0
7357	1496	2	1.0
7358	1496	2	1.0
7359	1497	2	1.0
7360	1497	2	1.0
7361	1498	2	1.0
7362	1498	2	1.0
7363	1498	2	1.0
7364	1498	2	1.0
7365	1498	2	1.0
7366	1498	2	1.0
7367	1498	2	1.0
7368	1498	2	1.0
7369	1499	2	1.0
7370	1499	2	1.0
7371	1499	2	1.0
7372	1499	2	1.0
7373	1499	2	1.0
7374	1500	2	1.0
7375	1500	2	1.0
7376	1500	2	1.0
7377	1504	2	1.0
7378	1504	2	1.0
7379	1505	2	1.0
7380	1506	2	1.0
7381	1506	2	1.0
7382	1506	2	1.0
7383	1506	2	1.0
7384	1506	2	1.0
7385	1507	2	1.0
7386	1508	2	1.0
7387	1508	2	1.0
7388	1508	2	1.0
7389	1508	2	1.0
7390	1508	2	1.0
7391	1508	2	1.0
7391	1778	2	1.0
7391	2371	2	1.0
7392	1508	2	1.0
7393	1508	2	1.0
7394	1508	2	1.0
7395	1508	2	1.0
7395	2757	2	1.0
7396	1508	2	1.0
7397	1509	2	1.0
7398	1509	2	1.0
7398	2202	2	1.0
7399	1510	2	1.0
7400	1510	2	1.0
7401	1510	2	1.0
7402	1511	2	1.0
7403	1511	2	1.0
7403	1806	2	1.0
7403	1832	2	1.0
7403	1967	2	1.0
7403	2399	2	1.0
7404	1511	2	1.0
7404	1740	2	1.0
7404	1806	2	1.0
7404	1832	2	1.0
7404	1967	2	1.0
7405	1512	2	1.0
7406	1512	2	1.0
7407	1512	2	1.0
7408	1513	2	1.0
7409	1513	2	1.0
7410	1513	2	1.0
7410	2377	2	1.0
7411	1515	2	1.0
7412	1516	2	1.0
7412	1696	2	1.0
7413	1516	2	1.0
7413	1696	2	1.0
7414	1516	2	1.0
7414	1696	2	1.0
7415	1517	2	1.0
7416	1517	2	1.0
7417	1517	2	1.0
7418	1517	2	1.0
7419	1517	2	1.0
7420	1518	2	1.0
7421	1518	2	1.0
7422	1518	2	1.0
7423	1518	2	1.0
7424	1518	2	1.0
7425	1519	2	1.0
7425	1951	2	1.0
7426	1519	2	1.0
7426	1951	2	1.0
7427	1519	2	1.0
7427	2144	2	1.0
7427	2254	2	1.0
7428	1520	2	1.0
7428	1876	2	1.0
7429	1520	2	1.0
7429	1876	2	1.0
7430	1520	2	1.0
7430	1861	2	1.0
7430	1876	2	1.0
7431	1523	2	1.0
7432	1523	2	1.0
7433	1523	2	1.0
7434	1523	2	1.0
7435	1523	2	1.0
7435	1830	2	1.0
7436	1524	2	1.0
7437	1524	2	1.0
7438	1526	2	1.0
7439	1526	2	1.0
7440	1526	2	1.0
7441	1527	2	1.0
7442	1527	2	1.0
7443	1528	2	1.0
7443	2312	2	1.0
7444	1528	2	1.0
7445	1528	2	1.0
7446	1529	2	1.0
7447	1529	2	1.0
7448	1529	2	1.0
7449	1529	2	1.0
7450	1529	2	1.0
7451	1530	2	1.0
7452	1530	2	1.0
7453	1532	2	1.0
7454	1532	2	1.0
7455	1532	2	1.0
7456	1532	2	1.0
7457	1532	2	1.0
7458	1532	2	1.0
7459	1532	2	1.0
7460	1532	2	1.0
7461	1532	2	1.0
7462	1532	2	1.0
7462	1856	2	1.0
7463	1532	2	1.0
7464	1532	2	1.0
7465	1532	2	1.0
7466	1532	2	1.0
7467	1532	2	1.0
7468	1533	2	1.0
7468	1638	2	1.0
7468	2081	2	1.0
7468	2253	2	1.0
7468	2758	2	1.0
7469	1533	2	1.0
7470	1534	2	1.0
7471	1534	2	1.0
7472	1535	2	1.0
7473	1536	2	1.0
7474	1536	2	1.0
7475	1538	2	1.0
7476	1538	2	1.0
7477	1539	2	1.0
7478	1540	2	1.0
7479	1540	2	1.0
7480	1540	2	1.0
7481	1540	2	1.0
7482	1540	2	1.0
7483	1540	2	1.0
7484	1541	2	1.0
7485	1542	2	1.0
7486	1542	2	1.0
7487	1542	2	1.0
7488	1542	2	1.0
7489	1542	2	1.0
7490	1542	2	1.0
7491	1542	2	1.0
7492	1543	2	1.0
7492	1622	2	1.0
7493	1543	2	1.0
7493	1551	2	1.0
7493	1622	2	1.0
7494	1544	2	1.0
7494	2268	2	1.0
7495	1547	2	1.0
7496	1547	2	1.0
7497	1547	2	1.0
7498	1547	2	1.0
7499	1547	2	1.0
7499	2597	2	1.0
7500	1547	2	1.0
7501	1548	2	1.0
7502	1548	2	1.0
7503	1548	2	1.0
7504	1548	2	1.0
7505	1548	2	1.0
7506	1549	2	1.0
7507	1549	2	1.0
7508	1550	2	1.0
7508	1693	2	1.0
7509	1550	2	1.0
7509	1693	2	1.0
7510	1550	2	1.0
7510	1693	2	1.0
7511	1551	2	1.0
7512	1551	2	1.0
7512	1675	2	1.0
7513	1552	2	1.0
7513	2021	2	1.0
7514	1552	2	1.0
7515	1553	2	1.0
7516	1553	2	1.0
7517	1553	2	1.0
7517	1573	2	1.0
7518	1554	2	1.0
7519	1554	2	1.0
7520	1554	2	1.0
7521	1554	2	1.0
7522	1555	2	1.0
7523	1557	2	1.0
7524	1557	2	1.0
7525	1558	2	1.0
7526	1559	2	1.0
7526	2310	2	1.0
7527	1560	2	1.0
7528	1560	2	1.0
7529	1560	2	1.0
7530	1560	2	1.0
7531	1560	2	1.0
7532	1560	2	1.0
7532	1765	2	1.0
7533	1561	2	1.0
7534	1561	2	1.0
7535	1562	2	1.0
7536	1563	2	1.0
7536	2320	2	1.0
7537	1563	2	1.0
7538	1563	2	1.0
7539	1563	2	1.0
7540	1563	2	1.0
7541	1564	2	1.0
7542	1565	2	1.0
7543	1566	2	1.0
7543	2221	2	1.0
7544	1566	2	1.0
7545	1567	2	1.0
7546	1567	2	1.0
7547	1568	2	1.0
7548	1569	2	1.0
7548	2008	2	1.0
7549	1570	2	1.0
7550	1570	2	1.0
7551	1571	2	1.0
7552	1571	2	1.0
7553	1571	2	1.0
7554	1572	2	1.0
7554	1966	2	1.0
7554	2568	2	1.0
7555	1572	2	1.0
7555	1966	2	1.0
7555	2568	2	1.0
7556	1573	2	1.0
7557	1573	2	1.0
7558	1574	2	1.0
7559	1574	2	1.0
7559	1762	2	1.0
7560	1574	2	1.0
7560	2100	2	1.0
7561	1574	2	1.0
7562	1575	2	1.0
7563	1575	2	1.0
7564	1576	2	1.0
7565	1577	2	1.0
7566	1577	2	1.0
7567	1577	2	1.0
7568	1578	2	1.0
7569	1578	2	1.0
7570	1578	2	1.0
7571	1578	2	1.0
7572	1579	2	1.0
7573	1579	2	1.0
7574	1579	2	1.0
7575	1580	2	1.0
7576	1582	2	1.0
7576	1608	2	1.0
7577	1582	2	1.0
7578	1583	2	1.0
7579	1584	2	1.0
7580	1584	2	1.0
7581	1584	2	1.0
7581	2286	2	1.0
7582	1584	2	1.0
7583	1584	2	1.0
7583	2427	2	1.0
7584	1585	2	1.0
7585	1585	2	1.0
7586	1586	2	1.0
7586	1595	2	1.0
7587	1586	2	1.0
7587	1595	2	1.0
7587	1841	2	1.0
7587	2105	2	1.0
7588	1586	2	1.0
7588	1841	2	1.0
7589	1586	2	1.0
7590	1587	2	1.0
7591	1587	2	1.0
7592	1587	2	1.0
7593	1587	2	1.0
7594	1587	2	1.0
7595	1587	2	1.0
7596	1587	2	1.0
7597	1587	2	1.0
7598	1588	2	1.0
7599	1589	2	1.0
7600	1589	2	1.0
7601	1590	2	1.0
7602	1591	2	1.0
7603	1592	2	1.0
7604	1593	2	1.0
7605	1593	2	1.0
7606	1594	2	1.0
7607	1594	2	1.0
7608	1594	2	1.0
7609	1594	2	1.0
7610	1596	2	1.0
7611	1596	2	1.0
7612	1596	2	1.0
7613	1596	2	1.0
7614	1596	2	1.0
7615	1597	2	1.0
7616	1598	2	1.0
7617	1598	2	1.0
7618	1599	2	1.0
7619	1599	2	1.0
7620	1599	2	1.0
7621	1600	2	1.0
7622	1600	2	1.0
7623	1601	2	1.0
7624	1601	2	1.0
7625	1601	2	1.0
7626	1602	2	1.0
7627	1602	2	1.0
7627	1786	2	1.0
7628	1603	2	1.0
7629	1603	2	1.0
7629	1925	2	1.0
7630	1604	2	1.0
7631	1604	2	1.0
7632	1604	2	1.0
7633	1604	2	1.0
7634	1605	2	1.0
7635	1605	2	1.0
7636	1606	2	1.0
7637	1606	2	1.0
7638	1606	2	1.0
7639	1606	2	1.0
7640	1606	2	1.0
7641	1606	2	1.0
7642	1607	2	1.0
7643	1607	2	1.0
7644	1608	2	1.0
7645	1609	2	1.0
7646	1609	2	1.0
7647	1611	2	1.0
7648	1612	2	1.0
7649	1612	2	1.0
7650	1612	2	1.0
7650	2415	2	1.0
7651	1612	2	1.0
7651	2415	2	1.0
7652	1613	2	1.0
7653	1614	2	1.0
7654	1614	2	1.0
7655	1614	2	1.0
7656	1614	2	1.0
7657	1615	2	1.0
7658	1616	2	1.0
7658	2217	2	1.0
7658	2691	2	1.0
7659	1617	2	1.0
7660	1617	2	1.0
7660	1769	2	1.0
7660	2248	2	1.0
7661	1618	2	1.0
7662	1618	2	1.0
7663	1618	2	1.0
7664	1619	2	1.0
7665	1623	2	1.0
7666	1625	2	1.0
7667	1625	2	1.0
7668	1625	2	1.0
7669	1625	2	1.0
7670	1625	2	1.0
7671	1626	2	1.0
7672	1626	2	1.0
7673	1626	2	1.0
7674	1627	2	1.0
7675	1628	2	1.0
7675	1855	2	1.0
7676	1628	2	1.0
7676	2246	2	1.0
7677	1628	2	1.0
7678	1630	2	1.0
7678	1637	2	1.0
7678	2746	2	1.0
7679	1631	2	1.0
7680	1631	2	1.0
7681	1631	2	1.0
7682	1631	2	1.0
7683	1632	2	1.0
7684	1632	2	1.0
7685	1632	2	1.0
7686	1633	2	1.0
7687	1634	2	1.0
7688	1634	2	1.0
7689	1634	2	1.0
7690	1634	2	1.0
7691	1636	2	1.0
7692	1636	2	1.0
7693	1636	2	1.0
7694	1636	2	1.0
7695	1636	2	1.0
7696	1639	2	1.0
7697	1640	2	1.0
7698	1640	2	1.0
7699	1640	2	1.0
7699	2485	2	1.0
7700	1640	2	1.0
7700	2485	2	1.0
7701	1640	2	1.0
7702	1641	2	1.0
7703	1641	2	1.0
7704	1641	2	1.0
7705	1642	2	1.0
7706	1642	2	1.0
7707	1643	2	1.0
7708	1643	2	1.0
7709	1643	2	1.0
7710	1644	2	1.0
7710	1988	2	1.0
7710	2083	2	1.0
7711	1644	2	1.0
7711	1988	2	1.0
7711	2083	2	1.0
7711	2264	2	1.0
7711	2410	2	1.0
7711	2470	2	1.0
7712	1646	2	1.0
7712	2159	2	1.0
7712	2573	2	1.0
7713	1646	2	1.0
7713	2159	2	1.0
7714	1648	2	1.0
7714	2073	2	1.0
7715	1648	2	1.0
7715	2073	2	1.0
7716	1648	2	1.0
7716	2073	2	1.0
7717	1648	2	1.0
7718	1648	2	1.0
7718	2073	2	1.0
7719	1649	2	1.0
7720	1649	2	1.0
7721	1650	2	1.0
7722	1650	2	1.0
7723	1650	2	1.0
7724	1650	2	1.0
7725	1650	2	1.0
7726	1651	2	1.0
7726	2451	2	1.0
7727	1651	2	1.0
7727	2451	2	1.0
7728	1653	2	1.0
7728	2608	2	1.0
7729	1653	2	1.0
7730	1653	2	1.0
7731	1653	2	1.0
7732	1653	2	1.0
7732	2593	2	1.0
7733	1654	2	1.0
7733	1674	2	1.0
7734	1655	2	1.0
7735	1656	2	1.0
7736	1656	2	1.0
7737	1656	2	1.0
7738	1657	2	1.0
7739	1657	2	1.0
7740	1657	2	1.0
7741	1657	2	1.0
7742	1657	2	1.0
7743	1657	2	1.0
7744	1657	2	1.0
7745	1658	2	1.0
7745	2058	2	1.0
7746	1659	2	1.0
7747	1659	2	1.0
7748	1660	2	1.0
7749	1660	2	1.0
7750	1660	2	1.0
7751	1660	2	1.0
7752	1661	2	1.0
7753	1661	2	1.0
7754	1661	2	1.0
7755	1662	2	1.0
7755	1948	2	1.0
7756	1663	2	1.0
7757	1664	2	1.0
7758	1664	2	1.0
7759	1665	2	1.0
7760	1665	2	1.0
7761	1666	2	1.0
7761	2306	2	1.0
7762	1667	2	1.0
7763	1667	2	1.0
7764	1669	2	1.0
7765	1669	2	1.0
7766	1670	2	1.0
7767	1670	2	1.0
7768	1671	2	1.0
7769	1671	2	1.0
7770	1672	2	1.0
7771	1673	2	1.0
7772	1673	2	1.0
7772	2370	2	1.0
7773	1674	2	1.0
7773	1774	2	1.0
7774	1675	2	1.0
7775	1675	2	1.0
7776	1676	2	1.0
7777	1677	2	1.0
7778	1677	2	1.0
7779	1677	2	1.0
7780	1678	2	1.0
7781	1678	2	1.0
7782	1678	2	1.0
7783	1679	2	1.0
7784	1679	2	1.0
7785	1679	2	1.0
7786	1679	2	1.0
7787	1679	2	1.0
7788	1680	2	1.0
7789	1680	2	1.0
7790	1681	2	1.0
7790	1822	2	1.0
7791	1681	2	1.0
7791	1822	2	1.0
7792	1682	2	1.0
7793	1682	2	1.0
7794	1683	2	1.0
7795	1683	2	1.0
7796	1683	2	1.0
7797	1683	2	1.0
7798	1684	2	1.0
7799	1684	2	1.0
7800	1684	2	1.0
7801	1684	2	1.0
7802	1684	2	1.0
7803	1686	2	1.0
7804	1686	2	1.0
7805	1686	2	1.0
7806	1686	2	1.0
7807	1687	2	1.0
7808	1687	2	1.0
7809	1688	2	1.0
7810	1688	2	1.0
7810	2145	2	1.0
7810	2421	2	1.0
7810	2730	2	1.0
7811	1689	2	1.0
7812	1689	2	1.0
7812	2094	2	1.0
7813	1691	2	1.0
7814	1692	2	1.0
7815	1692	2	1.0
7815	1842	2	1.0
7815	2445	2	1.0
7816	1694	2	1.0
7817	1695	2	1.0
7818	1696	2	1.0
7819	1697	2	1.0
7820	1697	2	1.0
7821	1697	2	1.0
7822	1698	2	1.0
7823	1699	2	1.0
7824	1700	2	1.0
7825	1701	2	1.0
7826	1701	2	1.0
7827	1701	2	1.0
7827	2750	2	1.0
7828	1701	2	1.0
7829	1702	2	1.0
7830	1702	2	1.0
7831	1703	2	1.0
7832	1703	2	1.0
7833	1704	2	1.0
7834	1704	2	1.0
7835	1704	2	1.0
7836	1705	2	1.0
7837	1705	2	1.0
7838	1706	2	1.0
7839	1706	2	1.0
7839	2392	2	1.0
7839	2707	2	1.0
7840	1707	2	1.0
7840	2210	2	1.0
7840	2412	2	1.0
7840	2537	2	1.0
7841	1707	2	1.0
7842	1708	2	1.0
7842	2459	2	1.0
7843	1708	2	1.0
7844	1709	2	1.0
7844	1789	2	1.0
7844	2001	2	1.0
7845	1709	2	1.0
7845	1789	2	1.0
7846	1709	2	1.0
7846	2001	2	1.0
7847	1710	2	1.0
7848	1711	2	1.0
7848	2141	2	1.0
7849	1711	2	1.0
7849	2141	2	1.0
7850	1712	2	1.0
7851	1712	2	1.0
7852	1713	2	1.0
7853	1713	2	1.0
7854	1713	2	1.0
7855	1713	2	1.0
7856	1713	2	1.0
7857	1713	2	1.0
7858	1713	2	1.0
7859	1714	2	1.0
7860	1714	2	1.0
7861	1714	2	1.0
7862	1715	2	1.0
7863	1715	2	1.0
7864	1715	2	1.0
7864	2702	2	1.0
7865	1715	2	1.0
7866	1715	2	1.0
7867	1716	2	1.0
7868	1718	2	1.0
7869	1718	2	1.0
7869	2070	2	1.0
7870	1719	2	1.0
7871	1719	2	1.0
7872	1719	2	1.0
7873	1719	2	1.0
7874	1719	2	1.0
7875	1720	2	1.0
7876	1721	2	1.0
7877	1721	2	1.0
7878	1721	2	1.0
7879	1722	2	1.0
7880	1722	2	1.0
7880	2733	2	1.0
7881	1722	2	1.0
7882	1722	2	1.0
7883	1723	2	1.0
7883	1875	2	1.0
7884	1723	2	1.0
7885	1723	2	1.0
7886	1724	2	1.0
7887	1724	2	1.0
7888	1724	2	1.0
7888	2148	2	1.0
7889	1725	2	1.0
7890	1725	2	1.0
7890	2722	2	1.0
7891	1725	2	1.0
7891	2722	2	1.0
7892	1726	2	1.0
7893	1726	2	1.0
7894	1726	2	1.0
7895	1726	2	1.0
7896	1727	2	1.0
7897	1727	2	1.0
7898	1727	2	1.0
7899	1727	2	1.0
7900	1727	2	1.0
7901	1727	2	1.0
7901	1849	2	1.0
7902	1728	2	1.0
7903	1729	2	1.0
7904	1729	2	1.0
7905	1730	2	1.0
7906	1730	2	1.0
7907	1730	2	1.0
7908	1732	2	1.0
7909	1732	2	1.0
7910	1732	2	1.0
7910	1928	2	1.0
7911	1732	2	1.0
7912	1733	2	1.0
7913	1733	2	1.0
7914	1733	2	1.0
7915	1733	2	1.0
7915	2055	2	1.0
7915	2077	2	1.0
7916	1735	2	1.0
7917	1736	2	1.0
7918	1737	2	1.0
7918	2149	2	1.0
7919	1737	2	1.0
7919	2149	2	1.0
7920	1738	2	1.0
7921	1738	2	1.0
7922	1738	2	1.0
7923	1739	2	1.0
7923	1996	2	1.0
7923	2659	2	1.0
7924	1740	2	1.0
7925	1742	2	1.0
7926	1742	2	1.0
7927	1743	2	1.0
7928	1743	2	1.0
7929	1744	2	1.0
7930	1744	2	1.0
7931	1744	2	1.0
7932	1744	2	1.0
7933	1744	2	1.0
7934	1744	2	1.0
7935	1745	2	1.0
7936	1745	2	1.0
7937	1745	2	1.0
7938	1745	2	1.0
7939	1745	2	1.0
7940	1745	2	1.0
7941	1745	2	1.0
7942	1745	2	1.0
7943	1747	2	1.0
7944	1748	2	1.0
7945	1748	2	1.0
7946	1749	2	1.0
7947	1749	2	1.0
7947	1957	2	1.0
7948	1750	2	1.0
7949	1750	2	1.0
7950	1750	2	1.0
7951	1750	2	1.0
7951	2431	2	1.0
7952	1750	2	1.0
7953	1751	2	1.0
7954	1751	2	1.0
7955	1751	2	1.0
7956	1752	2	1.0
7957	1753	2	1.0
7958	1753	2	1.0
7959	1753	2	1.0
7960	1753	2	1.0
7961	1754	2	1.0
7962	1754	2	1.0
7963	1754	2	1.0
7964	1754	2	1.0
7965	1754	2	1.0
7966	1754	2	1.0
7967	1754	2	1.0
7968	1754	2	1.0
7969	1754	2	1.0
7970	1754	2	1.0
7971	1754	2	1.0
7972	1754	2	1.0
7973	1754	2	1.0
7974	1754	2	1.0
7975	1754	2	1.0
7976	1754	2	1.0
7977	1754	2	1.0
7978	1754	2	1.0
7979	1755	2	1.0
7980	1755	2	1.0
7981	1756	2	1.0
7982	1756	2	1.0
7983	1757	2	1.0
7984	1757	2	1.0
7985	1757	2	1.0
7986	1757	2	1.0
7987	1757	2	1.0
7988	1758	2	1.0
7989	1758	2	1.0
7990	1758	2	1.0
7991	1759	2	1.0
7992	1759	2	1.0
7993	1759	2	1.0
7994	1759	2	1.0
7995	1759	2	1.0
7996	1760	2	1.0
7997	1760	2	1.0
7998	1760	2	1.0
7999	1760	2	1.0
8000	1761	2	1.0
8001	1761	2	1.0
8001	2674	2	1.0
8002	1761	2	1.0
8002	2674	2	1.0
8003	1763	2	1.0
8004	1764	2	1.0
8005	1764	2	1.0
8006	1764	2	1.0
8007	1764	2	1.0
8008	1765	2	1.0
8009	1765	2	1.0
8010	1765	2	1.0
8011	1765	2	1.0
8012	1765	2	1.0
8013	1766	2	1.0
8014	1767	2	1.0
8014	2436	2	1.0
8015	1767	2	1.0
8016	1767	2	1.0
8016	2436	2	1.0
8017	1768	2	1.0
8018	1768	2	1.0
8019	1769	2	1.0
8020	1770	2	1.0
8021	1770	2	1.0
8021	2227	2	1.0
8021	2452	2	1.0
8021	2595	2	1.0
8022	1770	2	1.0
8023	1770	2	1.0
8023	1913	2	1.0
8023	2047	2	1.0
8023	2227	2	1.0
8023	2503	2	1.0
8023	2530	2	1.0
8024	1771	2	1.0
8025	1771	2	1.0
8026	1772	2	1.0
8027	1772	2	1.0
8028	1774	2	1.0
8029	1774	2	1.0
8030	1774	2	1.0
8031	1774	2	1.0
8032	1775	2	1.0
8033	1775	2	1.0
8034	1776	2	1.0
8034	1936	2	1.0
8035	1776	2	1.0
8036	1776	2	1.0
8037	1776	2	1.0
8038	1777	2	1.0
8038	2315	2	1.0
8039	1777	2	1.0
8040	1777	2	1.0
8041	1778	2	1.0
8042	1778	2	1.0
8043	1778	2	1.0
8044	1778	2	1.0
8045	1778	2	1.0
8046	1779	2	1.0
8046	2231	2	1.0
8046	2582	2	1.0
8047	1779	2	1.0
8047	1871	2	1.0
8047	2231	2	1.0
8047	2434	2	1.0
8047	2656	2	1.0
8048	1779	2	1.0
8048	2231	2	1.0
8049	1780	2	1.0
8050	1780	2	1.0
8051	1780	2	1.0
8052	1781	2	1.0
8053	1781	2	1.0
8053	2354	2	1.0
8054	1781	2	1.0
8054	2354	2	1.0
8055	1781	2	1.0
8056	1782	2	1.0
8057	1782	2	1.0
8058	1782	2	1.0
8059	1783	2	1.0
8060	1783	2	1.0
8061	1783	2	1.0
8062	1783	2	1.0
8063	1784	2	1.0
8064	1784	2	1.0
8065	1784	2	1.0
8066	1786	2	1.0
8067	1786	2	1.0
8068	1787	2	1.0
8069	1788	2	1.0
8070	1788	2	1.0
8071	1788	2	1.0
8072	1788	2	1.0
8072	2732	2	1.0
8073	1791	2	1.0
8074	1791	2	1.0
8074	2192	2	1.0
8075	1791	2	1.0
8076	1791	2	1.0
8077	1791	2	1.0
8078	1792	2	1.0
8078	2283	2	1.0
8079	1792	2	1.0
8080	1792	2	1.0
8081	1792	2	1.0
8082	1792	2	1.0
8083	1793	2	1.0
8084	1794	2	1.0
8085	1794	2	1.0
8086	1794	2	1.0
8087	1795	2	1.0
8088	1795	2	1.0
8089	1795	2	1.0
8090	1796	2	1.0
8091	1796	2	1.0
8092	1797	2	1.0
8093	1797	2	1.0
8094	1797	2	1.0
8095	1797	2	1.0
8095	1800	2	1.0
8096	1798	2	1.0
8097	1798	2	1.0
8098	1798	2	1.0
8099	1800	2	1.0
8100	1800	2	1.0
8101	1802	2	1.0
8102	1802	2	1.0
8103	1802	2	1.0
8104	1802	2	1.0
8105	1803	2	1.0
8106	1803	2	1.0
8107	1803	2	1.0
8108	1805	2	1.0
8109	1806	2	1.0
8109	2399	2	1.0
8110	1806	2	1.0
8111	1806	2	1.0
8112	1807	2	1.0
8113	1807	2	1.0
8114	1807	2	1.0
8115	1808	2	1.0
8116	1810	2	1.0
8117	1810	2	1.0
8118	1810	2	1.0
8119	1810	2	1.0
8120	1810	2	1.0
8121	1811	2	1.0
8122	1811	2	1.0
8123	1811	2	1.0
8124	1811	2	1.0
8125	1811	2	1.0
8126	1811	2	1.0
8127	1812	2	1.0
8128	1812	2	1.0
8129	1812	2	1.0
8130	1814	2	1.0
8130	2451	2	1.0
8131	1814	2	1.0
8132	1814	2	1.0
8133	1814	2	1.0
8134	1814	2	1.0
8135	1814	2	1.0
8136	1814	2	1.0
8137	1814	2	1.0
8138	1814	2	1.0
8139	1814	2	1.0
8140	1815	2	1.0
8141	1815	2	1.0
8142	1815	2	1.0
8143	1815	2	1.0
8144	1816	2	1.0
8145	1818	2	1.0
8146	1818	2	1.0
8147	1819	2	1.0
8148	1819	2	1.0
8149	1819	2	1.0
8150	1821	2	1.0
8151	1821	2	1.0
8152	1821	2	1.0
8153	1821	2	1.0
8154	1821	2	1.0
8155	1823	2	1.0
8156	1823	2	1.0
8157	1823	2	1.0
8158	1823	2	1.0
8159	1823	2	1.0
8160	1824	2	1.0
8161	1824	2	1.0
8162	1825	2	1.0
8163	1825	2	1.0
8163	2520	2	1.0
8164	1825	2	1.0
8165	1826	2	1.0
8166	1826	2	1.0
8167	1826	2	1.0
8167	1957	2	1.0
8168	1826	2	1.0
8168	1957	2	1.0
8169	1826	2	1.0
8170	1827	2	1.0
8171	1827	2	1.0
8172	1827	2	1.0
8173	1827	2	1.0
8174	1827	2	1.0
8175	1828	2	1.0
8175	2585	2	1.0
8176	1829	2	1.0
8177	1830	2	1.0
8177	2456	2	1.0
8178	1830	2	1.0
8179	1831	2	1.0
8180	1831	2	1.0
8181	1832	2	1.0
8181	2302	2	1.0
8182	1833	2	1.0
8183	1834	2	1.0
8184	1834	2	1.0
8184	1848	2	1.0
8184	1863	2	1.0
8185	1834	2	1.0
8186	1834	2	1.0
8187	1835	2	1.0
8188	1835	2	1.0
8189	1836	2	1.0
8190	1836	2	1.0
8190	2049	2	1.0
8191	1837	2	1.0
8192	1837	2	1.0
8193	1838	2	1.0
8194	1838	2	1.0
8194	2223	2	1.0
8195	1838	2	1.0
8195	2223	2	1.0
8196	1839	2	1.0
8197	1839	2	1.0
8198	1841	2	1.0
8199	1841	2	1.0
8199	2284	2	1.0
8200	1842	2	1.0
8201	1842	2	1.0
8202	1843	2	1.0
8203	1843	2	1.0
8204	1844	2	1.0
8205	1844	2	1.0
8206	1844	2	1.0
8207	1844	2	1.0
8208	1844	2	1.0
8209	1844	2	1.0
8210	1844	2	1.0
8211	1844	2	1.0
8212	1844	2	1.0
8213	1844	2	1.0
8214	1844	2	1.0
8215	1844	2	1.0
8216	1844	2	1.0
8217	1845	2	1.0
8218	1846	2	1.0
8219	1846	2	1.0
8220	1846	2	1.0
8221	1846	2	1.0
8222	1847	2	1.0
8223	1848	2	1.0
8223	1859	2	1.0
8224	1848	2	1.0
8225	1849	2	1.0
8226	1849	2	1.0
8227	1849	2	1.0
8228	1849	2	1.0
8229	1849	2	1.0
8230	1849	2	1.0
8231	1849	2	1.0
8232	1849	2	1.0
8233	1850	2	1.0
8234	1850	2	1.0
8235	1850	2	1.0
8236	1850	2	1.0
8237	1851	2	1.0
8237	2182	2	1.0
8238	1851	2	1.0
8238	2551	2	1.0
8239	1851	2	1.0
8240	1852	2	1.0
8240	2097	2	1.0
8240	2477	2	1.0
8241	1854	2	1.0
8242	1855	2	1.0
8243	1855	2	1.0
8244	1856	2	1.0
8245	1856	2	1.0
8246	1856	2	1.0
8247	1856	2	1.0
8248	1856	2	1.0
8249	1856	2	1.0
8250	1856	2	1.0
8251	1856	2	1.0
8252	1857	2	1.0
8253	1857	2	1.0
8254	1858	2	1.0
8255	1858	2	1.0
8256	1858	2	1.0
8257	1859	2	1.0
8258	1860	2	1.0
8259	1861	2	1.0
8260	1861	2	1.0
8261	1861	2	1.0
8262	1861	2	1.0
8263	1862	2	1.0
8264	1862	2	1.0
8265	1863	2	1.0
8266	1863	2	1.0
8267	1866	2	1.0
8268	1866	2	1.0
8269	1868	2	1.0
8270	1868	2	1.0
8271	1868	2	1.0
8272	1870	2	1.0
8272	2060	2	1.0
8272	2140	2	1.0
8273	1870	2	1.0
8273	2384	2	1.0
8274	1871	2	1.0
8275	1871	2	1.0
8275	2434	2	1.0
8275	2656	2	1.0
8276	1871	2	1.0
8277	1872	2	1.0
8278	1872	2	1.0
8279	1872	2	1.0
8280	1872	2	1.0
8281	1872	2	1.0
8282	1873	2	1.0
8283	1873	2	1.0
8284	1874	2	1.0
8285	1875	2	1.0
8285	2287	2	1.0
8286	1875	2	1.0
8287	1875	2	1.0
8287	2287	2	1.0
8288	1876	2	1.0
8288	2003	2	1.0
8289	1877	2	1.0
8290	1877	2	1.0
8290	2368	2	1.0
8290	2465	2	1.0
8291	1878	2	1.0
8292	1878	2	1.0
8293	1878	2	1.0
8294	1878	2	1.0
8295	1879	2	1.0
8296	1879	2	1.0
8297	1879	2	1.0
8297	2541	2	1.0
8298	1879	2	1.0
8298	2666	2	1.0
8299	1880	2	1.0
8300	1881	2	1.0
8301	1881	2	1.0
8302	1881	2	1.0
8303	1883	2	1.0
8304	1883	2	1.0
8305	1884	2	1.0
8306	1884	2	1.0
8307	1884	2	1.0
8308	1884	2	1.0
8309	1885	2	1.0
8310	1886	2	1.0
8311	1886	2	1.0
8312	1887	2	1.0
8313	1888	2	1.0
8313	2654	2	1.0
8314	1889	2	1.0
8315	1889	2	1.0
8316	1889	2	1.0
8317	1889	2	1.0
8318	1890	2	1.0
8319	1890	2	1.0
8320	1890	2	1.0
8321	1890	2	1.0
8322	1891	2	1.0
8323	1891	2	1.0
8324	1891	2	1.0
8325	1891	2	1.0
8326	1891	2	1.0
8327	1892	2	1.0
8328	1892	2	1.0
8329	1892	2	1.0
8330	1892	2	1.0
8331	1893	2	1.0
8332	1893	2	1.0
8333	1893	2	1.0
8334	1893	2	1.0
8335	1893	2	1.0
8336	1893	2	1.0
8337	1893	2	1.0
8338	1893	2	1.0
8339	1894	2	1.0
8340	1894	2	1.0
8341	1894	2	1.0
8342	1895	2	1.0
8343	1895	2	1.0
8343	2188	2	1.0
8344	1896	2	1.0
8345	1896	2	1.0
8346	1896	2	1.0
8347	1896	2	1.0
8348	1896	2	1.0
8349	1896	2	1.0
8350	1896	2	1.0
8351	1898	2	1.0
8352	1899	2	1.0
8353	1900	2	1.0
8354	1900	2	1.0
8355	1900	2	1.0
8356	1900	2	1.0
8357	1900	2	1.0
8358	1900	2	1.0
8359	1901	2	1.0
8360	1902	2	1.0
8361	1902	2	1.0
8362	1902	2	1.0
8363	1902	2	1.0
8364	1902	2	1.0
8365	1902	2	1.0
8366	1902	2	1.0
8367	1902	2	1.0
8368	1902	2	1.0
8369	1902	2	1.0
8370	1903	2	1.0
8370	1960	2	1.0
8371	1903	2	1.0
8372	1904	2	1.0
8373	1904	2	1.0
8374	1905	2	1.0
8375	1905	2	1.0
8376	1905	2	1.0
8377	1906	2	1.0
8378	1906	2	1.0
8379	1906	2	1.0
8380	1906	2	1.0
8381	1906	2	1.0
8382	1907	2	1.0
8383	1908	2	1.0
8384	1908	2	1.0
8385	1908	2	1.0
8385	2503	2	1.0
8385	2530	2	1.0
8385	2629	2	1.0
8386	1909	2	1.0
8387	1909	2	1.0
8388	1910	2	1.0
8389	1910	2	1.0
8390	1910	2	1.0
8391	1910	2	1.0
8392	1910	2	1.0
8393	1910	2	1.0
8394	1910	2	1.0
8395	1910	2	1.0
8396	1910	2	1.0
8397	1911	2	1.0
8398	1914	2	1.0
8399	1914	2	1.0
8400	1914	2	1.0
8401	1914	2	1.0
8402	1914	2	1.0
8403	1914	2	1.0
8404	1914	2	1.0
8405	1915	2	1.0
8406	1915	2	1.0
8406	2640	2	1.0
8407	1916	2	1.0
8407	2009	2	1.0
8408	1917	2	1.0
8409	1917	2	1.0
8410	1917	2	1.0
8411	1918	2	1.0
8412	1918	2	1.0
8413	1918	2	1.0
8414	1918	2	1.0
8415	1918	2	1.0
8416	1918	2	1.0
8417	1919	2	1.0
8418	1920	2	1.0
8419	1920	2	1.0
8420	1921	2	1.0
8421	1921	2	1.0
8421	2193	2	1.0
8422	1921	2	1.0
8423	1922	2	1.0
8424	1922	2	1.0
8425	1922	2	1.0
8426	1922	2	1.0
8426	2564	2	1.0
8427	1923	2	1.0
8428	1923	2	1.0
8429	1924	2	1.0
8429	2300	2	1.0
8430	1925	2	1.0
8431	1925	2	1.0
8432	1925	2	1.0
8432	2419	2	1.0
8433	1927	2	1.0
8434	1927	2	1.0
8435	1927	2	1.0
8436	1928	2	1.0
8437	1928	2	1.0
8438	1928	2	1.0
8439	1928	2	1.0
8439	2588	2	1.0
8440	1929	2	1.0
8441	1929	2	1.0
8442	1929	2	1.0
8443	1929	2	1.0
8444	1930	2	1.0
8444	2351	2	1.0
8445	1930	2	1.0
8446	1930	2	1.0
8447	1931	2	1.0
8448	1931	2	1.0
8449	1931	2	1.0
8450	1931	2	1.0
8451	1932	2	1.0
8451	2343	2	1.0
8452	1933	2	1.0
8452	2110	2	1.0
8452	2356	2	1.0
8453	1933	2	1.0
8453	2072	2	1.0
8453	2110	2	1.0
8454	1933	2	1.0
8454	2072	2	1.0
8454	2110	2	1.0
8454	2356	2	1.0
8455	1934	2	1.0
8456	1936	2	1.0
8457	1938	2	1.0
8458	1938	2	1.0
8459	1940	2	1.0
8460	1940	2	1.0
8461	1942	2	1.0
8461	2460	2	1.0
8462	1942	2	1.0
8463	1943	2	1.0
8464	1943	2	1.0
8465	1943	2	1.0
8466	1944	2	1.0
8467	1945	2	1.0
8468	1945	2	1.0
8469	1945	2	1.0
8470	1945	2	1.0
8471	1946	2	1.0
8471	2735	2	1.0
8472	1946	2	1.0
8473	1947	2	1.0
8474	1947	2	1.0
8475	1947	2	1.0
8476	1948	2	1.0
8477	1949	2	1.0
8478	1950	2	1.0
8479	1952	2	1.0
8480	1952	2	1.0
8481	1952	2	1.0
8482	1953	2	1.0
8483	1953	2	1.0
8484	1953	2	1.0
8485	1953	2	1.0
8486	1953	2	1.0
8487	1953	2	1.0
8488	1953	2	1.0
8489	1954	2	1.0
8490	1954	2	1.0
8491	1955	2	1.0
8492	1955	2	1.0
8493	1955	2	1.0
8494	1956	2	1.0
8495	1956	2	1.0
8496	1956	2	1.0
8497	1956	2	1.0
8498	1956	2	1.0
8499	1957	2	1.0
8500	1957	2	1.0
8500	2411	2	1.0
8501	1958	2	1.0
8501	2041	2	1.0
8502	1959	2	1.0
8503	1959	2	1.0
8504	1960	2	1.0
8505	1960	2	1.0
8506	1962	2	1.0
8507	1962	2	1.0
8507	2464	2	1.0
8508	1963	2	1.0
8508	1996	2	1.0
8509	1963	2	1.0
8510	1963	2	1.0
8511	1964	2	1.0
8512	1964	2	1.0
8513	1964	2	1.0
8514	1964	2	1.0
8515	1965	2	1.0
8516	1965	2	1.0
8517	1965	2	1.0
8518	1967	2	1.0
8518	2008	2	1.0
8519	1967	2	1.0
8520	1967	2	1.0
8521	1967	2	1.0
8522	1968	2	1.0
8523	1968	2	1.0
8524	1968	2	1.0
8525	1968	2	1.0
8526	1969	2	1.0
8527	1969	2	1.0
8528	1970	2	1.0
8528	2553	2	1.0
8528	2761	2	1.0
8529	1970	2	1.0
8529	2553	2	1.0
8529	2573	2	1.0
8529	2761	2	1.0
8530	1973	2	1.0
8531	1973	2	1.0
8532	1973	2	1.0
8533	1973	2	1.0
8533	2185	2	1.0
8533	2252	2	1.0
8533	2444	2	1.0
8534	1973	2	1.0
8534	2444	2	1.0
8535	1974	2	1.0
8535	2390	2	1.0
8536	1974	2	1.0
8537	1975	2	1.0
8538	1975	2	1.0
8539	1976	2	1.0
8540	1976	2	1.0
8541	1977	2	1.0
8542	1977	2	1.0
8543	1977	2	1.0
8544	1978	2	1.0
8545	1980	2	1.0
8546	1980	2	1.0
8547	1981	2	1.0
8548	1982	2	1.0
8549	1982	2	1.0
8549	2735	2	1.0
8550	1983	2	1.0
8551	1984	2	1.0
8552	1984	2	1.0
8553	1985	2	1.0
8554	1985	2	1.0
8555	1985	2	1.0
8556	1985	2	1.0
8557	1986	2	1.0
8557	1997	2	1.0
8558	1986	2	1.0
8559	1986	2	1.0
8560	1986	2	1.0
8560	1997	2	1.0
8561	1987	2	1.0
8562	1987	2	1.0
8563	1987	2	1.0
8564	1989	2	1.0
8565	1989	2	1.0
8566	1989	2	1.0
8566	2111	2	1.0
8567	1989	2	1.0
8567	2111	2	1.0
8568	1991	2	1.0
8569	1991	2	1.0
8570	1991	2	1.0
8570	2450	2	1.0
8571	1992	2	1.0
8572	1993	2	1.0
8573	1993	2	1.0
8574	1993	2	1.0
8575	1993	2	1.0
8576	1993	2	1.0
8577	1994	2	1.0
8578	1995	2	1.0
8579	1995	2	1.0
8580	1995	2	1.0
8581	1995	2	1.0
8582	1996	2	1.0
8583	1997	2	1.0
8584	1999	2	1.0
8585	2000	2	1.0
8586	2000	2	1.0
8587	2000	2	1.0
8588	2000	2	1.0
8589	2000	2	1.0
8590	2001	2	1.0
8591	2001	2	1.0
8592	2001	2	1.0
8593	2001	2	1.0
8593	2645	2	1.0
8594	2002	2	1.0
8595	2002	2	1.0
8596	2002	2	1.0
8597	2002	2	1.0
8598	2003	2	1.0
8599	2003	2	1.0
8600	2003	2	1.0
8600	2017	2	1.0
8600	2548	2	1.0
8601	2003	2	1.0
8602	2003	2	1.0
8603	2004	2	1.0
8604	2004	2	1.0
8605	2004	2	1.0
8606	2004	2	1.0
8607	2004	2	1.0
8608	2005	2	1.0
8609	2006	2	1.0
8610	2006	2	1.0
8611	2007	2	1.0
8612	2007	2	1.0
8613	2008	2	1.0
8614	2008	2	1.0
8615	2010	2	1.0
8615	2066	2	1.0
8615	2409	2	1.0
8616	2010	2	1.0
8617	2010	2	1.0
8618	2011	2	1.0
8619	2012	2	1.0
8620	2013	2	1.0
8620	2234	2	1.0
8620	2726	2	1.0
8621	2013	2	1.0
8621	2234	2	1.0
8622	2013	2	1.0
8622	2234	2	1.0
8623	2013	2	1.0
8623	2234	2	1.0
8624	2014	2	1.0
8625	2014	2	1.0
8626	2014	2	1.0
8627	2015	2	1.0
8628	2015	2	1.0
8629	2017	2	1.0
8630	2018	2	1.0
8631	2018	2	1.0
8632	2018	2	1.0
8633	2020	2	1.0
8634	2020	2	1.0
8635	2022	2	1.0
8636	2023	2	1.0
8637	2023	2	1.0
8638	2023	2	1.0
8639	2023	2	1.0
8640	2024	2	1.0
8641	2024	2	1.0
8642	2024	2	1.0
8643	2024	2	1.0
8643	2319	2	1.0
8644	2025	2	1.0
8645	2025	2	1.0
8646	2025	2	1.0
8647	2025	2	1.0
8648	2026	2	1.0
8649	2026	2	1.0
8650	2027	2	1.0
8651	2027	2	1.0
8652	2027	2	1.0
8653	2027	2	1.0
8654	2028	2	1.0
8655	2028	2	1.0
8656	2029	2	1.0
8657	2029	2	1.0
8657	2559	2	1.0
8658	2031	2	1.0
8659	2031	2	1.0
8659	2499	2	1.0
8660	2032	2	1.0
8661	2033	2	1.0
8662	2033	2	1.0
8662	2158	2	1.0
8662	2679	2	1.0
8663	2033	2	1.0
8663	2158	2	1.0
8663	2441	2	1.0
8663	2728	2	1.0
8664	2034	2	1.0
8665	2034	2	1.0
8666	2035	2	1.0
8667	2035	2	1.0
8668	2035	2	1.0
8669	2036	2	1.0
8670	2037	2	1.0
8671	2037	2	1.0
8672	2037	2	1.0
8673	2038	2	1.0
8674	2038	2	1.0
8675	2038	2	1.0
8676	2039	2	1.0
8677	2039	2	1.0
8678	2039	2	1.0
8679	2040	2	1.0
8680	2041	2	1.0
8681	2041	2	1.0
8681	2094	2	1.0
8682	2042	2	1.0
8683	2042	2	1.0
8683	2493	2	1.0
8684	2042	2	1.0
8685	2043	2	1.0
8686	2043	2	1.0
8687	2045	2	1.0
8688	2045	2	1.0
8689	2045	2	1.0
8690	2046	2	1.0
8691	2046	2	1.0
8692	2047	2	1.0
8693	2048	2	1.0
8694	2048	2	1.0
8695	2049	2	1.0
8695	2584	2	1.0
8696	2049	2	1.0
8697	2049	2	1.0
8697	2414	2	1.0
8698	2050	2	1.0
8699	2050	2	1.0
8700	2050	2	1.0
8701	2050	2	1.0
8702	2051	2	1.0
8703	2051	2	1.0
8704	2051	2	1.0
8705	2051	2	1.0
8706	2052	2	1.0
8707	2052	2	1.0
8708	2052	2	1.0
8708	2119	2	1.0
8709	2053	2	1.0
8710	2053	2	1.0
8711	2053	2	1.0
8712	2054	2	1.0
8713	2055	2	1.0
8714	2055	2	1.0
8715	2055	2	1.0
8716	2055	2	1.0
8717	2055	2	1.0
8718	2056	2	1.0
8719	2056	2	1.0
8720	2056	2	1.0
8721	2056	2	1.0
8722	2058	2	1.0
8723	2059	2	1.0
8724	2059	2	1.0
8725	2059	2	1.0
8726	2061	2	1.0
8727	2061	2	1.0
8728	2062	2	1.0
8729	2063	2	1.0
8730	2063	2	1.0
8731	2063	2	1.0
8732	2064	2	1.0
8732	2297	2	1.0
8733	2064	2	1.0
8734	2065	2	1.0
8735	2065	2	1.0
8736	2065	2	1.0
8737	2065	2	1.0
8738	2066	2	1.0
8739	2066	2	1.0
8740	2067	2	1.0
8741	2067	2	1.0
8742	2067	2	1.0
8743	2067	2	1.0
8744	2068	2	1.0
8745	2068	2	1.0
8746	2068	2	1.0
8747	2068	2	1.0
8748	2068	2	1.0
8749	2068	2	1.0
8750	2068	2	1.0
8751	2069	2	1.0
8752	2069	2	1.0
8753	2069	2	1.0
8754	2069	2	1.0
8754	2232	2	1.0
8755	2070	2	1.0
8756	2070	2	1.0
8757	2071	2	1.0
8758	2071	2	1.0
8759	2071	2	1.0
8760	2072	2	1.0
8761	2072	2	1.0
8762	2072	2	1.0
8763	2072	2	1.0
8764	2072	2	1.0
8765	2072	2	1.0
8766	2072	2	1.0
8767	2072	2	1.0
8768	2072	2	1.0
8769	2072	2	1.0
8770	2072	2	1.0
8771	2072	2	1.0
8772	2072	2	1.0
8773	2072	2	1.0
8774	2072	2	1.0
8775	2072	2	1.0
8776	2073	2	1.0
8777	2074	2	1.0
8777	2468	2	1.0
8777	2755	2	1.0
8778	2075	2	1.0
8779	2075	2	1.0
8780	2075	2	1.0
8781	2075	2	1.0
8782	2075	2	1.0
8783	2075	2	1.0
8784	2076	2	1.0
8785	2076	2	1.0
8786	2077	2	1.0
8787	2077	2	1.0
8788	2077	2	1.0
8789	2078	2	1.0
8789	2350	2	1.0
8790	2078	2	1.0
8790	2662	2	1.0
8791	2078	2	1.0
8791	2350	2	1.0
8792	2080	2	1.0
8793	2080	2	1.0
8794	2080	2	1.0
8795	2080	2	1.0
8796	2080	2	1.0
8797	2081	2	1.0
8798	2082	2	1.0
8799	2082	2	1.0
8800	2082	2	1.0
8801	2082	2	1.0
8802	2082	2	1.0
8803	2084	2	1.0
8804	2084	2	1.0
8805	2084	2	1.0
8806	2084	2	1.0
8807	2084	2	1.0
8808	2084	2	1.0
8809	2084	2	1.0
8810	2084	2	1.0
8811	2084	2	1.0
8812	2085	2	1.0
8813	2085	2	1.0
8814	2085	2	1.0
8815	2086	2	1.0
8816	2086	2	1.0
8817	2087	2	1.0
8818	2087	2	1.0
8819	2088	2	1.0
8820	2089	2	1.0
8820	2183	2	1.0
8821	2089	2	1.0
8822	2089	2	1.0
8823	2089	2	1.0
8824	2089	2	1.0
8825	2089	2	1.0
8826	2089	2	1.0
8826	2183	2	1.0
8827	2090	2	1.0
8828	2090	2	1.0
8829	2091	2	1.0
8830	2091	2	1.0
8831	2092	2	1.0
8832	2092	2	1.0
8833	2092	2	1.0
8834	2092	2	1.0
8834	2655	2	1.0
8835	2092	2	1.0
8835	2655	2	1.0
8836	2093	2	1.0
8837	2098	2	1.0
8838	2098	2	1.0
8839	2098	2	1.0
8840	2099	2	1.0
8841	2099	2	1.0
8842	2100	2	1.0
8843	2100	2	1.0
8844	2100	2	1.0
8845	2101	2	1.0
8846	2101	2	1.0
8847	2101	2	1.0
8848	2101	2	1.0
8849	2101	2	1.0
8850	2101	2	1.0
8851	2101	2	1.0
8852	2101	2	1.0
8853	2101	2	1.0
8854	2101	2	1.0
8855	2102	2	1.0
8856	2103	2	1.0
8856	2280	2	1.0
8857	2104	2	1.0
8858	2105	2	1.0
8859	2106	2	1.0
8859	2429	2	1.0
8860	2106	2	1.0
8861	2106	2	1.0
8862	2107	2	1.0
8863	2107	2	1.0
8864	2108	2	1.0
8865	2108	2	1.0
8866	2111	2	1.0
8867	2112	2	1.0
8868	2112	2	1.0
8869	2113	2	1.0
8870	2113	2	1.0
8871	2113	2	1.0
8872	2113	2	1.0
8873	2115	2	1.0
8874	2115	2	1.0
8875	2116	2	1.0
8876	2116	2	1.0
8877	2117	2	1.0
8878	2117	2	1.0
8879	2117	2	1.0
8880	2117	2	1.0
8881	2117	2	1.0
8882	2119	2	1.0
8882	2457	2	1.0
8883	2120	2	1.0
8884	2120	2	1.0
8885	2121	2	1.0
8886	2121	2	1.0
8887	2121	2	1.0
8888	2122	2	1.0
8889	2122	2	1.0
8890	2122	2	1.0
8891	2122	2	1.0
8892	2123	2	1.0
8893	2124	2	1.0
8894	2124	2	1.0
8895	2125	2	1.0
8896	2125	2	1.0
8897	2125	2	1.0
8898	2126	2	1.0
8899	2126	2	1.0
8900	2126	2	1.0
8901	2127	2	1.0
8902	2127	2	1.0
8903	2129	2	1.0
8904	2129	2	1.0
8905	2129	2	1.0
8906	2130	2	1.0
8907	2130	2	1.0
8907	2494	2	1.0
8908	2131	2	1.0
8908	2182	2	1.0
8909	2131	2	1.0
8910	2132	2	1.0
8911	2132	2	1.0
8912	2133	2	1.0
8913	2133	2	1.0
8914	2133	2	1.0
8915	2134	2	1.0
8916	2134	2	1.0
8916	2146	2	1.0
8917	2136	2	1.0
8918	2136	2	1.0
8919	2136	2	1.0
8920	2136	2	1.0
8921	2136	2	1.0
8922	2136	2	1.0
8923	2136	2	1.0
8924	2136	2	1.0
8925	2137	2	1.0
8926	2138	2	1.0
8927	2138	2	1.0
8928	2139	2	1.0
8929	2139	2	1.0
8930	2139	2	1.0
8931	2139	2	1.0
8932	2143	2	1.0
8932	2742	2	1.0
8933	2143	2	1.0
8933	2742	2	1.0
8934	2143	2	1.0
8935	2143	2	1.0
8935	2742	2	1.0
8936	2143	2	1.0
8936	2742	2	1.0
8937	2144	2	1.0
8938	2144	2	1.0
8939	2144	2	1.0
8940	2144	2	1.0
8941	2145	2	1.0
8941	2421	2	1.0
8942	2145	2	1.0
8943	2147	2	1.0
8944	2148	2	1.0
8945	2148	2	1.0
8946	2149	2	1.0
8947	2150	2	1.0
8948	2151	2	1.0
8949	2151	2	1.0
8950	2151	2	1.0
8951	2151	2	1.0
8952	2151	2	1.0
8953	2151	2	1.0
8954	2151	2	1.0
8955	2151	2	1.0
8956	2151	2	1.0
8957	2151	2	1.0
8958	2151	2	1.0
8959	2151	2	1.0
8960	2151	2	1.0
8961	2151	2	1.0
8962	2152	2	1.0
8963	2152	2	1.0
8964	2153	2	1.0
8964	2234	2	1.0
8965	2153	2	1.0
8966	2153	2	1.0
8967	2153	2	1.0
8968	2154	2	1.0
8969	2154	2	1.0
8970	2154	2	1.0
8971	2155	2	1.0
8972	2155	2	1.0
8973	2156	2	1.0
8974	2156	2	1.0
8975	2156	2	1.0
8976	2157	2	1.0
8977	2158	2	1.0
8977	2441	2	1.0
8977	2679	2	1.0
8978	2158	2	1.0
8979	2158	2	1.0
8979	2441	2	1.0
8980	2162	2	1.0
8981	2162	2	1.0
8982	2162	2	1.0
8983	2162	2	1.0
8984	2162	2	1.0
8985	2162	2	1.0
8986	2162	2	1.0
8987	2162	2	1.0
8988	2162	2	1.0
8989	2162	2	1.0
8990	2162	2	1.0
8991	2162	2	1.0
8992	2162	2	1.0
8992	2741	2	1.0
8993	2162	2	1.0
8994	2162	2	1.0
8995	2162	2	1.0
8995	2741	2	1.0
8996	2163	2	1.0
8997	2163	2	1.0
8998	2163	2	1.0
8999	2163	2	1.0
9000	2164	2	1.0
9000	2176	2	1.0
9001	2165	2	1.0
9002	2167	2	1.0
9002	2309	2	1.0
9003	2167	2	1.0
9004	2168	2	1.0
9005	2168	2	1.0
9006	2168	2	1.0
9007	2168	2	1.0
9008	2168	2	1.0
9009	2168	2	1.0
9010	2171	2	1.0
9011	2172	2	1.0
9012	2172	2	1.0
9013	2172	2	1.0
9014	2172	2	1.0
9015	2173	2	1.0
9016	2173	2	1.0
9017	2173	2	1.0
9018	2173	2	1.0
9019	2174	2	1.0
9020	2174	2	1.0
9021	2174	2	1.0
9022	2174	2	1.0
9023	2174	2	1.0
9024	2174	2	1.0
9025	2174	2	1.0
9026	2174	2	1.0
9027	2174	2	1.0
9028	2174	2	1.0
9029	2174	2	1.0
9030	2174	2	1.0
9031	2175	2	1.0
9032	2175	2	1.0
9033	2177	2	1.0
9034	2177	2	1.0
9035	2177	2	1.0
9036	2178	2	1.0
9037	2178	2	1.0
9038	2178	2	1.0
9039	2179	2	1.0
9040	2179	2	1.0
9041	2179	2	1.0
9042	2179	2	1.0
9043	2180	2	1.0
9044	2180	2	1.0
9045	2182	2	1.0
9046	2183	2	1.0
9046	2392	2	1.0
9047	2183	2	1.0
9048	2183	2	1.0
9049	2184	2	1.0
9050	2184	2	1.0
9051	2184	2	1.0
9052	2185	2	1.0
9053	2185	2	1.0
9054	2185	2	1.0
9055	2186	2	1.0
9056	2186	2	1.0
9057	2186	2	1.0
9058	2186	2	1.0
9059	2187	2	1.0
9060	2188	2	1.0
9060	2215	2	1.0
9061	2189	2	1.0
9062	2189	2	1.0
9062	2451	2	1.0
9063	2191	2	1.0
9064	2191	2	1.0
9065	2192	2	1.0
9066	2192	2	1.0
9067	2192	2	1.0
9067	2292	2	1.0
9068	2193	2	1.0
9069	2194	2	1.0
9070	2194	2	1.0
9071	2194	2	1.0
9072	2195	2	1.0
9073	2196	2	1.0
9074	2196	2	1.0
9075	2196	2	1.0
9076	2196	2	1.0
9077	2196	2	1.0
9078	2198	2	1.0
9079	2198	2	1.0
9080	2198	2	1.0
9081	2198	2	1.0
9082	2198	2	1.0
9083	2199	2	1.0
9084	2199	2	1.0
9085	2199	2	1.0
9086	2199	2	1.0
9087	2200	2	1.0
9087	2398	2	1.0
9088	2200	2	1.0
9088	2398	2	1.0
9089	2201	2	1.0
9090	2201	2	1.0
9091	2201	2	1.0
9092	2201	2	1.0
9093	2201	2	1.0
9094	2202	2	1.0
9095	2202	2	1.0
9096	2202	2	1.0
9097	2203	2	1.0
9098	2203	2	1.0
9099	2204	2	1.0
9100	2204	2	1.0
9101	2204	2	1.0
9102	2205	2	1.0
9103	2205	2	1.0
9104	2206	2	1.0
9105	2206	2	1.0
9106	2207	2	1.0
9107	2207	2	1.0
9108	2208	2	1.0
9109	2208	2	1.0
9110	2211	2	1.0
9111	2211	2	1.0
9112	2215	2	1.0
9113	2215	2	1.0
9114	2218	2	1.0
9114	2740	2	1.0
9115	2219	2	1.0
9116	2222	2	1.0
9117	2222	2	1.0
9118	2222	2	1.0
9119	2222	2	1.0
9120	2222	2	1.0
9121	2224	2	1.0
9122	2224	2	1.0
9123	2224	2	1.0
9124	2225	2	1.0
9125	2225	2	1.0
9126	2226	2	1.0
9127	2226	2	1.0
9128	2227	2	1.0
9128	2452	2	1.0
9128	2595	2	1.0
9129	2229	2	1.0
9130	2229	2	1.0
9131	2230	2	1.0
9132	2230	2	1.0
9133	2230	2	1.0
9134	2230	2	1.0
9135	2232	2	1.0
9136	2232	2	1.0
9137	2232	2	1.0
9138	2233	2	1.0
9139	2234	2	1.0
9140	2234	2	1.0
9141	2234	2	1.0
9142	2235	2	1.0
9143	2236	2	1.0
9144	2237	2	1.0
9145	2237	2	1.0
9146	2237	2	1.0
9147	2239	2	1.0
9148	2240	2	1.0
9149	2240	2	1.0
9150	2240	2	1.0
9151	2241	2	1.0
9152	2242	2	1.0
9153	2242	2	1.0
9154	2242	2	1.0
9155	2242	2	1.0
9156	2242	2	1.0
9157	2242	2	1.0
9158	2242	2	1.0
9159	2242	2	1.0
9160	2242	2	1.0
9161	2243	2	1.0
9162	2247	2	1.0
9163	2247	2	1.0
9164	2247	2	1.0
9165	2248	2	1.0
9166	2249	2	1.0
9167	2249	2	1.0
9168	2249	2	1.0
9169	2251	2	1.0
9170	2251	2	1.0
9171	2251	2	1.0
9172	2251	2	1.0
9173	2252	2	1.0
9174	2252	2	1.0
9175	2252	2	1.0
9176	2253	2	1.0
9177	2254	2	1.0
9178	2255	2	1.0
9179	2256	2	1.0
9180	2256	2	1.0
9181	2256	2	1.0
9182	2256	2	1.0
9183	2256	2	1.0
9184	2257	2	1.0
9185	2257	2	1.0
9186	2258	2	1.0
9186	2608	2	1.0
9186	2689	2	1.0
9187	2258	2	1.0
9187	2689	2	1.0
9188	2258	2	1.0
9188	2689	2	1.0
9189	2259	2	1.0
9190	2259	2	1.0
9191	2259	2	1.0
9192	2259	2	1.0
9193	2259	2	1.0
9194	2260	2	1.0
9195	2261	2	1.0
9196	2261	2	1.0
9197	2261	2	1.0
9198	2261	2	1.0
9199	2261	2	1.0
9200	2264	2	1.0
9201	2264	2	1.0
9202	2264	2	1.0
9203	2264	2	1.0
9204	2266	2	1.0
9205	2266	2	1.0
9206	2266	2	1.0
9207	2267	2	1.0
9208	2269	2	1.0
9208	2435	2	1.0
9209	2269	2	1.0
9210	2269	2	1.0
9210	2435	2	1.0
9211	2269	2	1.0
9212	2271	2	1.0
9213	2271	2	1.0
9214	2271	2	1.0
9215	2272	2	1.0
9216	2272	2	1.0
9217	2272	2	1.0
9218	2273	2	1.0
9219	2273	2	1.0
9220	2274	2	1.0
9221	2274	2	1.0
9222	2274	2	1.0
9223	2274	2	1.0
9224	2275	2	1.0
9225	2275	2	1.0
9226	2275	2	1.0
9227	2276	2	1.0
9228	2278	2	1.0
9229	2278	2	1.0
9230	2278	2	1.0
9231	2280	2	1.0
9232	2280	2	1.0
9233	2282	2	1.0
9234	2282	2	1.0
9235	2282	2	1.0
9236	2282	2	1.0
9237	2282	2	1.0
9238	2283	2	1.0
9239	2283	2	1.0
9240	2284	2	1.0
9241	2284	2	1.0
9242	2286	2	1.0
9243	2287	2	1.0
9244	2287	2	1.0
9245	2287	2	1.0
9246	2287	2	1.0
9247	2287	2	1.0
9248	2287	2	1.0
9249	2288	2	1.0
9250	2289	2	1.0
9251	2289	2	1.0
9252	2289	2	1.0
9253	2290	2	1.0
9254	2290	2	1.0
9255	2290	2	1.0
9256	2290	2	1.0
9257	2290	2	1.0
9258	2291	2	1.0
9259	2291	2	1.0
9260	2291	2	1.0
9261	2291	2	1.0
9262	2292	2	1.0
9263	2292	2	1.0
9264	2292	2	1.0
9265	2293	2	1.0
9266	2294	2	1.0
9267	2294	2	1.0
9268	2295	2	1.0
9269	2295	2	1.0
9270	2296	2	1.0
9271	2297	2	1.0
9272	2297	2	1.0
9272	2409	2	1.0
9273	2297	2	1.0
9274	2297	2	1.0
9275	2297	2	1.0
9276	2298	2	1.0
9277	2298	2	1.0
9278	2299	2	1.0
9279	2299	2	1.0
9280	2299	2	1.0
9281	2299	2	1.0
9282	2299	2	1.0
9283	2301	2	1.0
9284	2302	2	1.0
9285	2305	2	1.0
9286	2305	2	1.0
9287	2305	2	1.0
9288	2305	2	1.0
9289	2305	2	1.0
9290	2305	2	1.0
9291	2305	2	1.0
9292	2307	2	1.0
9293	2307	2	1.0
9294	2307	2	1.0
9295	2307	2	1.0
9296	2308	2	1.0
9297	2308	2	1.0
9298	2308	2	1.0
9299	2308	2	1.0
9300	2308	2	1.0
9301	2308	2	1.0
9302	2308	2	1.0
9303	2310	2	1.0
9304	2310	2	1.0
9305	2313	2	1.0
9306	2313	2	1.0
9307	2313	2	1.0
9308	2314	2	1.0
9309	2314	2	1.0
9310	2314	2	1.0
9311	2315	2	1.0
9312	2315	2	1.0
9313	2316	2	1.0
9314	2317	2	1.0
9315	2318	2	1.0
9316	2318	2	1.0
9317	2318	2	1.0
9318	2318	2	1.0
9319	2318	2	1.0
9320	2319	2	1.0
9321	2320	2	1.0
9322	2320	2	1.0
9323	2320	2	1.0
9324	2321	2	1.0
9325	2321	2	1.0
9326	2321	2	1.0
9327	2323	2	1.0
9328	2323	2	1.0
9329	2324	2	1.0
9330	2324	2	1.0
9331	2325	2	1.0
9332	2326	2	1.0
9333	2327	2	1.0
9334	2329	2	1.0
9335	2329	2	1.0
9336	2330	2	1.0
9337	2330	2	1.0
9338	2331	2	1.0
9339	2333	2	1.0
9339	2594	2	1.0
9340	2333	2	1.0
9340	2527	2	1.0
9341	2333	2	1.0
9342	2334	2	1.0
9343	2334	2	1.0
9344	2334	2	1.0
9345	2336	2	1.0
9346	2336	2	1.0
9347	2336	2	1.0
9348	2336	2	1.0
9349	2337	2	1.0
9350	2339	2	1.0
9351	2339	2	1.0
9352	2340	2	1.0
9353	2340	2	1.0
9354	2340	2	1.0
9355	2341	2	1.0
9356	2341	2	1.0
9356	2544	2	1.0
9357	2342	2	1.0
9358	2342	2	1.0
9359	2342	2	1.0
9360	2342	2	1.0
9361	2342	2	1.0
9362	2343	2	1.0
9363	2344	2	1.0
9364	2344	2	1.0
9365	2345	2	1.0
9366	2346	2	1.0
9367	2348	2	1.0
9368	2349	2	1.0
9369	2349	2	1.0
9370	2349	2	1.0
9371	2349	2	1.0
9372	2349	2	1.0
9373	2350	2	1.0
9374	2350	2	1.0
9375	2351	2	1.0
9376	2351	2	1.0
9377	2351	2	1.0
9378	2352	2	1.0
9379	2352	2	1.0
9380	2353	2	1.0
9381	2353	2	1.0
9382	2353	2	1.0
9383	2354	2	1.0
9384	2354	2	1.0
9385	2355	2	1.0
9386	2357	2	1.0
9386	2540	2	1.0
9386	2698	2	1.0
9387	2358	2	1.0
9388	2359	2	1.0
9389	2359	2	1.0
9389	2618	2	1.0
9390	2360	2	1.0
9391	2360	2	1.0
9392	2361	2	1.0
9393	2361	2	1.0
9394	2361	2	1.0
9395	2362	2	1.0
9396	2362	2	1.0
9397	2364	2	1.0
9398	2364	2	1.0
9399	2366	2	1.0
9399	2534	2	1.0
9399	2544	2	1.0
9400	2366	2	1.0
9401	2367	2	1.0
9402	2367	2	1.0
9403	2367	2	1.0
9404	2367	2	1.0
9405	2367	2	1.0
9406	2367	2	1.0
9407	2368	2	1.0
9408	2370	2	1.0
9409	2370	2	1.0
9410	2372	2	1.0
9411	2372	2	1.0
9412	2374	2	1.0
9412	2628	2	1.0
9413	2374	2	1.0
9414	2374	2	1.0
9415	2375	2	1.0
9416	2375	2	1.0
9417	2375	2	1.0
9418	2376	2	1.0
9419	2376	2	1.0
9420	2376	2	1.0
9421	2377	2	1.0
9422	2377	2	1.0
9423	2377	2	1.0
9424	2377	2	1.0
9425	2378	2	1.0
9426	2378	2	1.0
9427	2379	2	1.0
9428	2379	2	1.0
9429	2379	2	1.0
9430	2379	2	1.0
9431	2380	2	1.0
9432	2380	2	1.0
9433	2380	2	1.0
9434	2382	2	1.0
9435	2382	2	1.0
9436	2383	2	1.0
9437	2384	2	1.0
9438	2384	2	1.0
9439	2385	2	1.0
9440	2385	2	1.0
9441	2385	2	1.0
9442	2385	2	1.0
9443	2385	2	1.0
9444	2386	2	1.0
9445	2386	2	1.0
9446	2386	2	1.0
9447	2386	2	1.0
9448	2387	2	1.0
9449	2387	2	1.0
9450	2387	2	1.0
9451	2389	2	1.0
9452	2389	2	1.0
9453	2389	2	1.0
9454	2390	2	1.0
9455	2390	2	1.0
9456	2390	2	1.0
9457	2391	2	1.0
9458	2391	2	1.0
9459	2391	2	1.0
9460	2391	2	1.0
9461	2392	2	1.0
9462	2393	2	1.0
9463	2393	2	1.0
9464	2394	2	1.0
9465	2394	2	1.0
9465	2563	2	1.0
9466	2395	2	1.0
9467	2395	2	1.0
9468	2397	2	1.0
9468	2431	2	1.0
9469	2399	2	1.0
9469	2415	2	1.0
9470	2400	2	1.0
9471	2402	2	1.0
9472	2403	2	1.0
9473	2403	2	1.0
9474	2404	2	1.0
9475	2404	2	1.0
9476	2405	2	1.0
9477	2405	2	1.0
9478	2405	2	1.0
9479	2405	2	1.0
9480	2406	2	1.0
9481	2406	2	1.0
9482	2406	2	1.0
9483	2407	2	1.0
9484	2408	2	1.0
9485	2408	2	1.0
9486	2410	2	1.0
9487	2410	2	1.0
9488	2410	2	1.0
9489	2410	2	1.0
9490	2410	2	1.0
9491	2411	2	1.0
9492	2411	2	1.0
9493	2411	2	1.0
9494	2414	2	1.0
9495	2414	2	1.0
9496	2415	2	1.0
9497	2415	2	1.0
9498	2416	2	1.0
9499	2417	2	1.0
9500	2417	2	1.0
9501	2418	2	1.0
9502	2418	2	1.0
9503	2418	2	1.0
9504	2418	2	1.0
9505	2419	2	1.0
9506	2419	2	1.0
9507	2419	2	1.0
9508	2420	2	1.0
9509	2420	2	1.0
9510	2421	2	1.0
9511	2423	2	1.0
9512	2424	2	1.0
9513	2425	2	1.0
9514	2426	2	1.0
9515	2426	2	1.0
9516	2427	2	1.0
9517	2427	2	1.0
9518	2427	2	1.0
9519	2427	2	1.0
9520	2428	2	1.0
9521	2428	2	1.0
9522	2429	2	1.0
9523	2429	2	1.0
9524	2430	2	1.0
9525	2430	2	1.0
9525	2727	2	1.0
9526	2431	2	1.0
9527	2433	2	1.0
9528	2433	2	1.0
9529	2433	2	1.0
9530	2433	2	1.0
9531	2434	2	1.0
9531	2656	2	1.0
9532	2436	2	1.0
9533	2437	2	1.0
9534	2438	2	1.0
9535	2439	2	1.0
9536	2439	2	1.0
9537	2439	2	1.0
9538	2439	2	1.0
9539	2440	2	1.0
9540	2440	2	1.0
9541	2441	2	1.0
9542	2442	2	1.0
9543	2442	2	1.0
9544	2442	2	1.0
9545	2443	2	1.0
9546	2443	2	1.0
9547	2443	2	1.0
9548	2443	2	1.0
9549	2444	2	1.0
9550	2445	2	1.0
9551	2445	2	1.0
9552	2446	2	1.0
9553	2446	2	1.0
9554	2446	2	1.0
9555	2446	2	1.0
9556	2447	2	1.0
9557	2447	2	1.0
9558	2447	2	1.0
9559	2447	2	1.0
9560	2447	2	1.0
9561	2448	2	1.0
9562	2448	2	1.0
9563	2448	2	1.0
9563	2763	2	1.0
9564	2448	2	1.0
9565	2449	2	1.0
9566	2449	2	1.0
9567	2449	2	1.0
9568	2449	2	1.0
9569	2449	2	1.0
9570	2450	2	1.0
9571	2450	2	1.0
9572	2450	2	1.0
9573	2452	2	1.0
9574	2454	2	1.0
9575	2454	2	1.0
9576	2454	2	1.0
9577	2454	2	1.0
9578	2454	2	1.0
9579	2455	2	1.0
9580	2455	2	1.0
9581	2456	2	1.0
9582	2456	2	1.0
9583	2457	2	1.0
9584	2458	2	1.0
9585	2458	2	1.0
9586	2458	2	1.0
9587	2459	2	1.0
9588	2460	2	1.0
9589	2461	2	1.0
9590	2464	2	1.0
9591	2464	2	1.0
9592	2464	2	1.0
9593	2465	2	1.0
9594	2465	2	1.0
9595	2466	2	1.0
9596	2466	2	1.0
9597	2466	2	1.0
9598	2467	2	1.0
9599	2467	2	1.0
9600	2468	2	1.0
9601	2468	2	1.0
9602	2469	2	1.0
9603	2469	2	1.0
9604	2469	2	1.0
9605	2470	2	1.0
9606	2470	2	1.0
9607	2470	2	1.0
9608	2470	2	1.0
9609	2470	2	1.0
9610	2472	2	1.0
9611	2474	2	1.0
9612	2475	2	1.0
9613	2475	2	1.0
9613	2520	2	1.0
9614	2475	2	1.0
9615	2478	2	1.0
9616	2478	2	1.0
9617	2478	2	1.0
9618	2478	2	1.0
9619	2478	2	1.0
9620	2479	2	1.0
9621	2479	2	1.0
9622	2479	2	1.0
9623	2479	2	1.0
9624	2480	2	1.0
9625	2480	2	1.0
9626	2480	2	1.0
9627	2481	2	1.0
9628	2481	2	1.0
9629	2481	2	1.0
9629	2581	2	1.0
9630	2482	2	1.0
9631	2482	2	1.0
9632	2482	2	1.0
9633	2482	2	1.0
9634	2483	2	1.0
9635	2483	2	1.0
9636	2484	2	1.0
9637	2484	2	1.0
9638	2484	2	1.0
9639	2485	2	1.0
9640	2485	2	1.0
9641	2485	2	1.0
9642	2486	2	1.0
9643	2488	2	1.0
9644	2488	2	1.0
9645	2488	2	1.0
9646	2488	2	1.0
9647	2488	2	1.0
9648	2488	2	1.0
9649	2489	2	1.0
9650	2490	2	1.0
9651	2491	2	1.0
9652	2491	2	1.0
9653	2491	2	1.0
9654	2491	2	1.0
9655	2492	2	1.0
9656	2492	2	1.0
9657	2494	2	1.0
9658	2495	2	1.0
9659	2495	2	1.0
9660	2495	2	1.0
9661	2495	2	1.0
9662	2496	2	1.0
9663	2496	2	1.0
9664	2498	2	1.0
9665	2498	2	1.0
9666	2498	2	1.0
9666	2550	2	1.0
9667	2498	2	1.0
9668	2499	2	1.0
9669	2499	2	1.0
9670	2500	2	1.0
9671	2500	2	1.0
9672	2500	2	1.0
9673	2500	2	1.0
9674	2500	2	1.0
9675	2501	2	1.0
9676	2502	2	1.0
9677	2502	2	1.0
9678	2503	2	1.0
9678	2530	2	1.0
9679	2503	2	1.0
9680	2504	2	1.0
9681	2504	2	1.0
9682	2504	2	1.0
9683	2505	2	1.0
9684	2505	2	1.0
9685	2505	2	1.0
9686	2507	2	1.0
9687	2507	2	1.0
9688	2507	2	1.0
9689	2508	2	1.0
9690	2508	2	1.0
9691	2508	2	1.0
9692	2508	2	1.0
9693	2508	2	1.0
9694	2509	2	1.0
9695	2509	2	1.0
9696	2509	2	1.0
9697	2510	2	1.0
9698	2511	2	1.0
9699	2512	2	1.0
9700	2512	2	1.0
9701	2512	2	1.0
9702	2512	2	1.0
9703	2512	2	1.0
9704	2513	2	1.0
9705	2513	2	1.0
9706	2513	2	1.0
9707	2513	2	1.0
9708	2514	2	1.0
9709	2514	2	1.0
9710	2514	2	1.0
9711	2515	2	1.0
9712	2516	2	1.0
9713	2516	2	1.0
9714	2516	2	1.0
9715	2516	2	1.0
9716	2516	2	1.0
9717	2516	2	1.0
9718	2516	2	1.0
9719	2516	2	1.0
9720	2516	2	1.0
9721	2516	2	1.0
9722	2517	2	1.0
9723	2517	2	1.0
9724	2517	2	1.0
9725	2517	2	1.0
9726	2517	2	1.0
9727	2518	2	1.0
9728	2518	2	1.0
9729	2520	2	1.0
9730	2520	2	1.0
9731	2520	2	1.0
9732	2520	2	1.0
9733	2520	2	1.0
9734	2522	2	1.0
9735	2522	2	1.0
9736	2523	2	1.0
9737	2523	2	1.0
9738	2524	2	1.0
9739	2524	2	1.0
9740	2524	2	1.0
9741	2524	2	1.0
9742	2525	2	1.0
9743	2525	2	1.0
9744	2525	2	1.0
9745	2526	2	1.0
9746	2526	2	1.0
9747	2527	2	1.0
9748	2527	2	1.0
9749	2529	2	1.0
9750	2530	2	1.0
9751	2530	2	1.0
9752	2531	2	1.0
9753	2532	2	1.0
9754	2532	2	1.0
9755	2532	2	1.0
9756	2532	2	1.0
9757	2532	2	1.0
9758	2532	2	1.0
9759	2532	2	1.0
9760	2532	2	1.0
9761	2532	2	1.0
9762	2532	2	1.0
9763	2532	2	1.0
9764	2532	2	1.0
9765	2532	2	1.0
9766	2532	2	1.0
9767	2532	2	1.0
9768	2532	2	1.0
9769	2532	2	1.0
9770	2532	2	1.0
9771	2532	2	1.0
9772	2532	2	1.0
9772	2772	2	1.0
9773	2532	2	1.0
9774	2532	2	1.0
9775	2532	2	1.0
9776	2532	2	1.0
9777	2532	2	1.0
9778	2532	2	1.0
9779	2532	2	1.0
9780	2532	2	1.0
9781	2532	2	1.0
9782	2532	2	1.0
9783	2532	2	1.0
9784	2532	2	1.0
9785	2532	2	1.0
9786	2532	2	1.0
9787	2532	2	1.0
9788	2532	2	1.0
9789	2532	2	1.0
9790	2532	2	1.0
9791	2532	2	1.0
9792	2532	2	1.0
9793	2532	2	1.0
9794	2533	2	1.0
9795	2534	2	1.0
9796	2534	2	1.0
9797	2536	2	1.0
9798	2536	2	1.0
9799	2536	2	1.0
9800	2537	2	1.0
9801	2538	2	1.0
9802	2538	2	1.0
9803	2538	2	1.0
9804	2538	2	1.0
9805	2538	2	1.0
9806	2538	2	1.0
9807	2538	2	1.0
9808	2538	2	1.0
9809	2538	2	1.0
9810	2538	2	1.0
9811	2538	2	1.0
9812	2538	2	1.0
9813	2538	2	1.0
9814	2538	2	1.0
9815	2538	2	1.0
9816	2538	2	1.0
9817	2539	2	1.0
9818	2539	2	1.0
9819	2539	2	1.0
9820	2542	2	1.0
9821	2542	2	1.0
9821	2663	2	1.0
9822	2543	2	1.0
9823	2543	2	1.0
9824	2543	2	1.0
9825	2544	2	1.0
9826	2544	2	1.0
9827	2544	2	1.0
9828	2545	2	1.0
9829	2547	2	1.0
9830	2547	2	1.0
9831	2547	2	1.0
9832	2547	2	1.0
9833	2549	2	1.0
9834	2549	2	1.0
9835	2549	2	1.0
9836	2550	2	1.0
9837	2550	2	1.0
9838	2550	2	1.0
9839	2551	2	1.0
9840	2551	2	1.0
9841	2552	2	1.0
9842	2552	2	1.0
9843	2552	2	1.0
9844	2553	2	1.0
9845	2554	2	1.0
9846	2554	2	1.0
9847	2555	2	1.0
9847	2560	2	1.0
9848	2555	2	1.0
9849	2556	2	1.0
9850	2556	2	1.0
9851	2556	2	1.0
9852	2557	2	1.0
9853	2557	2	1.0
9854	2557	2	1.0
9855	2557	2	1.0
9856	2558	2	1.0
9857	2558	2	1.0
9858	2559	2	1.0
9859	2561	2	1.0
9860	2561	2	1.0
9861	2562	2	1.0
9862	2562	2	1.0
9863	2562	2	1.0
9864	2562	2	1.0
9865	2563	2	1.0
9866	2564	2	1.0
9867	2564	2	1.0
9868	2564	2	1.0
9869	2565	2	1.0
9870	2565	2	1.0
9871	2565	2	1.0
9872	2565	2	1.0
9873	2566	2	1.0
9874	2566	2	1.0
9875	2566	2	1.0
9876	2566	2	1.0
9877	2566	2	1.0
9877	2725	2	1.0
9878	2567	2	1.0
9879	2567	2	1.0
9880	2569	2	1.0
9881	2569	2	1.0
9882	2569	2	1.0
9883	2570	2	1.0
9884	2570	2	1.0
9885	2571	2	1.0
9886	2571	2	1.0
9887	2572	2	1.0
9888	2572	2	1.0
9889	2575	2	1.0
9890	2575	2	1.0
9891	2575	2	1.0
9892	2575	2	1.0
9893	2575	2	1.0
9894	2575	2	1.0
9895	2575	2	1.0
9896	2576	2	1.0
9897	2577	2	1.0
9898	2577	2	1.0
9899	2577	2	1.0
9900	2578	2	1.0
9901	2578	2	1.0
9902	2578	2	1.0
9903	2578	2	1.0
9904	2578	2	1.0
9905	2578	2	1.0
9906	2579	2	1.0
9907	2579	2	1.0
9908	2580	2	1.0
9909	2580	2	1.0
9910	2580	2	1.0
9911	2580	2	1.0
9912	2580	2	1.0
9913	2582	2	1.0
9914	2582	2	1.0
9915	2582	2	1.0
9916	2584	2	1.0
9917	2586	2	1.0
9918	2587	2	1.0
9919	2587	2	1.0
9920	2588	2	1.0
9921	2588	2	1.0
9922	2588	2	1.0
9923	2589	2	1.0
9924	2589	2	1.0
9925	2589	2	1.0
9926	2589	2	1.0
9927	2589	2	1.0
9928	2589	2	1.0
9929	2590	2	1.0
9930	2590	2	1.0
9931	2590	2	1.0
9932	2591	2	1.0
9933	2592	2	1.0
9934	2592	2	1.0
9935	2593	2	1.0
9936	2593	2	1.0
9937	2593	2	1.0
9938	2594	2	1.0
9939	2594	2	1.0
9940	2594	2	1.0
9941	2596	2	1.0
9942	2596	2	1.0
9943	2596	2	1.0
9944	2596	2	1.0
9945	2597	2	1.0
9946	2597	2	1.0
9947	2597	2	1.0
9948	2598	2	1.0
9949	2598	2	1.0
9950	2598	2	1.0
9951	2598	2	1.0
9952	2599	2	1.0
9953	2599	2	1.0
9953	2605	2	1.0
9954	2599	2	1.0
9954	2605	2	1.0
9955	2599	2	1.0
9955	2605	2	1.0
9956	2599	2	1.0
9957	2599	2	1.0
9958	2599	2	1.0
9959	2599	2	1.0
9960	2600	2	1.0
9961	2600	2	1.0
9962	2601	2	1.0
9963	2601	2	1.0
9964	2601	2	1.0
9965	2601	2	1.0
9966	2601	2	1.0
9967	2602	2	1.0
9968	2602	2	1.0
9969	2602	2	1.0
9970	2602	2	1.0
9971	2602	2	1.0
9972	2603	2	1.0
9973	2603	2	1.0
9974	2604	2	1.0
9975	2604	2	1.0
9975	2762	2	1.0
9976	2605	2	1.0
9977	2606	2	1.0
9978	2606	2	1.0
9979	2606	2	1.0
9980	2606	2	1.0
9981	2606	2	1.0
9982	2606	2	1.0
9983	2607	2	1.0
9984	2607	2	1.0
9985	2608	2	1.0
9986	2609	2	1.0
9987	2609	2	1.0
9988	2609	2	1.0
9989	2610	2	1.0
9990	2610	2	1.0
9991	2611	2	1.0
9992	2611	2	1.0
9993	2611	2	1.0
9994	2613	2	1.0
9995	2613	2	1.0
9996	2614	2	1.0
9997	2614	2	1.0
9998	2615	2	1.0
9999	2616	2	1.0
10000	2616	2	1.0
10001	2619	2	1.0
10002	2619	2	1.0
10003	2620	2	1.0
10004	2620	2	1.0
10005	2621	2	1.0
10006	2621	2	1.0
10007	2621	2	1.0
10008	2621	2	1.0
10009	2621	2	1.0
10010	2621	2	1.0
10011	2622	2	1.0
10012	2623	2	1.0
10013	2624	2	1.0
10014	2624	2	1.0
10015	2625	2	1.0
10015	2758	2	1.0
10016	2626	2	1.0
10017	2626	2	1.0
10018	2627	2	1.0
10019	2627	2	1.0
10020	2627	2	1.0
10021	2628	2	1.0
10022	2628	2	1.0
10023	2628	2	1.0
10024	2628	2	1.0
10025	2628	2	1.0
10026	2628	2	1.0
10027	2629	2	1.0
10028	2629	2	1.0
10029	2629	2	1.0
10030	2629	2	1.0
10031	2631	2	1.0
10032	2631	2	1.0
10033	2631	2	1.0
10034	2632	2	1.0
10035	2632	2	1.0
10036	2633	2	1.0
10037	2633	2	1.0
10038	2634	2	1.0
10039	2635	2	1.0
10039	2639	2	1.0
10040	2635	2	1.0
10041	2635	2	1.0
10042	2637	2	1.0
10042	2641	2	1.0
10043	2640	2	1.0
10044	2643	2	1.0
10045	2643	2	1.0
10046	2643	2	1.0
10047	2643	2	1.0
10048	2643	2	1.0
10049	2644	2	1.0
10050	2644	2	1.0
10051	2644	2	1.0
10052	2645	2	1.0
10053	2645	2	1.0
10054	2646	2	1.0
10054	2647	2	1.0
10055	2647	2	1.0
10056	2648	2	1.0
10057	2648	2	1.0
10058	2648	2	1.0
10059	2650	2	1.0
10060	2651	2	1.0
10061	2651	2	1.0
10062	2653	2	1.0
10063	2653	2	1.0
10064	2654	2	1.0
10065	2654	2	1.0
10066	2655	2	1.0
10067	2655	2	1.0
10068	2656	2	1.0
10069	2656	2	1.0
10070	2657	2	1.0
10071	2657	2	1.0
10072	2658	2	1.0
10073	2658	2	1.0
10074	2658	2	1.0
10075	2659	2	1.0
10076	2659	2	1.0
10077	2659	2	1.0
10078	2661	2	1.0
10079	2661	2	1.0
10080	2661	2	1.0
10081	2661	2	1.0
10082	2661	2	1.0
10083	2662	2	1.0
10084	2662	2	1.0
10085	2663	2	1.0
10086	2664	2	1.0
10087	2664	2	1.0
10088	2665	2	1.0
10089	2666	2	1.0
10090	2666	2	1.0
10091	2667	2	1.0
10092	2667	2	1.0
10093	2669	2	1.0
10094	2670	2	1.0
10095	2670	2	1.0
10096	2670	2	1.0
10097	2671	2	1.0
10098	2671	2	1.0
10099	2671	2	1.0
10100	2672	2	1.0
10101	2672	2	1.0
10102	2673	2	1.0
10103	2673	2	1.0
10104	2673	2	1.0
10105	2673	2	1.0
10106	2674	2	1.0
10107	2679	2	1.0
10108	2681	2	1.0
10109	2681	2	1.0
10110	2681	2	1.0
10111	2681	2	1.0
10112	2681	2	1.0
10113	2686	2	1.0
10114	2686	2	1.0
10115	2687	2	1.0
10116	2693	2	1.0
10117	2695	2	1.0
10118	2695	2	1.0
10119	2695	2	1.0
10119	2739	2	1.0
10120	2695	2	1.0
10120	2739	2	1.0
10121	2697	2	1.0
10122	2697	2	1.0
10123	2697	2	1.0
10124	2697	2	1.0
10125	2698	2	1.0
10126	2699	2	1.0
10127	2699	2	1.0
10128	2699	2	1.0
10129	2700	2	1.0
10130	2701	2	1.0
10131	2701	2	1.0
10132	2701	2	1.0
10133	2701	2	1.0
10134	2702	2	1.0
10135	2702	2	1.0
10136	2702	2	1.0
10137	2702	2	1.0
10138	2703	2	1.0
10139	2703	2	1.0
10140	2703	2	1.0
10141	2703	2	1.0
10142	2705	2	1.0
10143	2705	2	1.0
10144	2705	2	1.0
10145	2706	2	1.0
10146	2706	2	1.0
10147	2706	2	1.0
10148	2706	2	1.0
10149	2707	2	1.0
10150	2707	2	1.0
10151	2707	2	1.0
10152	2707	2	1.0
10153	2708	2	1.0
10154	2708	2	1.0
10155	2708	2	1.0
10156	2708	2	1.0
10157	2708	2	1.0
10158	2708	2	1.0
10159	2708	2	1.0
10160	2708	2	1.0
10161	2708	2	1.0
10162	2708	2	1.0
10163	2708	2	1.0
10164	2709	2	1.0
10165	2709	2	1.0
10166	2709	2	1.0
10167	2710	2	1.0
10168	2711	2	1.0
10169	2713	2	1.0
10170	2714	2	1.0
10171	2714	2	1.0
10172	2715	2	1.0
10173	2715	2	1.0
10174	2715	2	1.0
10174	2757	2	1.0
10174	2770	2	1.0
10175	2715	2	1.0
10176	2716	2	1.0
10177	2716	2	1.0
10178	2716	2	1.0
10179	2716	2	1.0
10180	2717	2	1.0
10181	2718	2	1.0
10182	2718	2	1.0
10183	2720	2	1.0
10184	2721	2	1.0
10185	2722	2	1.0
10186	2722	2	1.0
10187	2723	2	1.0
10188	2723	2	1.0
10189	2724	2	1.0
10190	2724	2	1.0
10191	2725	2	1.0
10192	2725	2	1.0
10193	2725	2	1.0
10194	2725	2	1.0
10195	2726	2	1.0
10196	2727	2	1.0
10197	2729	2	1.0
10198	2729	2	1.0
10199	2729	2	1.0
10200	2729	2	1.0
10201	2730	2	1.0
10202	2731	2	1.0
10203	2731	2	1.0
10204	2732	2	1.0
10205	2732	2	1.0
10206	2732	2	1.0
10207	2732	2	1.0
10208	2732	2	1.0
10209	2732	2	1.0
10210	2732	2	1.0
10211	2732	2	1.0
10212	2732	2	1.0
10213	2732	2	1.0
10214	2732	2	1.0
10215	2732	2	1.0
10216	2732	2	1.0
10217	2732	2	1.0
10218	2732	2	1.0
10219	2732	2	1.0
10220	2732	2	1.0
10221	2732	2	1.0
10222	2732	2	1.0
10223	2732	2	1.0
10224	2733	2	1.0
10225	2733	2	1.0
10226	2733	2	1.0
10227	2734	2	1.0
10228	2734	2	1.0
10229	2735	2	1.0
10230	2736	2	1.0
10231	2736	2	1.0
10232	2736	2	1.0
10233	2737	2	1.0
10234	2737	2	1.0
10235	2737	2	1.0
10236	2739	2	1.0
10237	2739	2	1.0
10238	2739	2	1.0
10239	2740	2	1.0
10240	2740	2	1.0
10241	2740	2	1.0
10242	2740	2	1.0
10243	2740	2	1.0
10244	2740	2	1.0
10245	2740	2	1.0
10246	2740	2	1.0
10247	2740	2	1.0
10248	2741	2	1.0
10249	2741	2	1.0
10250	2741	2	1.0
10251	2741	2	1.0
10252	2741	2	1.0
10253	2741	2	1.0
10254	2741	2	1.0
10255	2741	2	1.0
10256	2741	2	1.0
10257	2741	2	1.0
10258	2741	2	1.0
10259	2742	2	1.0
10260	2743	2	1.0
10261	2743	2	1.0
10262	2744	2	1.0
10263	2744	2	1.0
10264	2745	2	1.0
10265	2745	2	1.0
10266	2745	2	1.0
10267	2745	2	1.0
10268	2745	2	1.0
10269	2745	2	1.0
10270	2745	2	1.0
10271	2745	2	1.0
10272	2745	2	1.0
10273	2745	2	1.0
10274	2745	2	1.0
10275	2745	2	1.0
10276	2747	2	1.0
10277	2747	2	1.0
10278	2747	2	1.0
10279	2748	2	1.0
10280	2748	2	1.0
10281	2748	2	1.0
10282	2748	2	1.0
10283	2749	2	1.0
10284	2749	2	1.0
10285	2749	2	1.0
10286	2750	2	1.0
10287	2750	2	1.0
10288	2750	2	1.0
10289	2751	2	1.0
10290	2752	2	1.0
10291	2753	2	1.0
10292	2753	2	1.0
10293	2753	2	1.0
10294	2753	2	1.0
10295	2753	2	1.0
10296	2755	2	1.0
10297	2755	2	1.0
10298	2756	2	1.0
10299	2756	2	1.0
10300	2757	2	1.0
10301	2757	2	1.0
10302	2757	2	1.0
10303	2759	2	1.0
10304	2759	2	1.0
10305	2760	2	1.0
10306	2760	2	1.0
10307	2760	2	1.0
10308	2760	2	1.0
10309	2762	2	1.0
10310	2762	2	1.0
10311	2762	2	1.0
10312	2762	2	1.0
10313	2763	2	1.0
10314	2763	2	1.0
10315	2763	2	1.0
10316	2763	2	1.0
10317	2764	2	1.0
10318	2764	2	1.0
10319	2764	2	1.0
10320	2764	2	1.0
10321	2765	2	1.0
10322	2766	2	1.0
10323	2767	2	1.0
10324	2767	2	1.0
10325	2767	2	1.0
10326	2767	2	1.0
10327	2768	2	1.0
10328	2768	2	1.0
10329	2768	2	1.0
10330	2768	2	1.0
10331	2768	2	1.0
10332	2768	2	1.0
10333	2768	2	1.0
10334	2769	2	1.0
10335	2770	2	1.0
10336	2771	2	1.0
10337	2771	2	1.0
10338	2771	2	1.0
10339	2771	2	1.0
10340	2772	2	1.0
0	10341	3	1.0
1	10341	3	1.0
13	10341	3	1.0
35	10341	3	1.0
44	10341	3	1.0
90	10341	3	1.0
91	10341	3	1.0
108	10341	3	1.0
109	10341	3	1.0
1385	10341	3	1.0
1461	10341	3	1.0
1474	10341	3	1.0
1913	10341	3	1.0
2096	10341	3	1.0
2258	10341	3	1.0
2309	10341	3	1.0
2406	10341	3	1.0
2409	10341	3	1.0
2440	10341	3	1.0
2496	10341	3	1.0
2524	10341	3	1.0
2526	10341	3	1.0
2528	10341	3	1.0
2531	10341	3	1.0
2569	10341	3	1.0
2573	10341	3	1.0
2591	10341	3	1.0
2595	10341	3	1.0
2611	10341	3	1.0
2746	10341	3	1.0
2	10342	3	1.0
8	10342	3	1.0
14	10342	3	1.0
21	10342	3	1.0
67	10342	3	1.0
72	10342	3	1.0
83	10342	3	1.0
94	10342	3	1.0
123	10342	3	1.0
124	10342	3	1.0
126	10342	3	1.0
130	10342	3	1.0
134	10342	3	1.0
145	10342	3	1.0
149	10342	3	1.0
156	10342	3	1.0
159	10342	3	1.0
163	10342	3	1.0
174	10342	3	1.0
211	10342	3	1.0
1783	10342	3	1.0
1984	10342	3	1.0
2146	10342	3	1.0
2387	10342	3	1.0
2574	10342	3	1.0
2646	10342	3	1.0
2647	10342	3	1.0
3	10343	3	1.0
10	10343	3	1.0
15	10343	3	1.0
18	10343	3	1.0
20	10343	3	1.0
30	10343	3	1.0
34	10343	3	1.0
39	10343	3	1.0
49	10343	3	1.0
50	10343	3	1.0
53	10343	3	1.0
62	10343	3	1.0
69	10343	3	1.0
70	10343	3	1.0
74	10343	3	1.0
78	10343	3	1.0
93	10343	3	1.0
95	10343	3	1.0
106	10343	3	1.0
136	10343	3	1.0
139	10343	3	1.0
142	10343	3	1.0
148	10343	3	1.0
150	10343	3	1.0
173	10343	3	1.0
177	10343	3	1.0
182	10343	3	1.0
187	10343	3	1.0
193	10343	3	1.0
197	10343	3	1.0
201	10343	3	1.0
208	10343	3	1.0
226	10343	3	1.0
237	10343	3	1.0
241	10343	3	1.0
245	10343	3	1.0
249	10343	3	1.0
260	10343	3	1.0
282	10343	3	1.0
284	10343	3	1.0
1537	10343	3	1.0
2331	10343	3	1.0
2407	10343	3	1.0
2468	10343	3	1.0
2513	10343	3	1.0
2519	10343	3	1.0
2532	10343	3	1.0
2565	10343	3	1.0
2660	10343	3	1.0
2671	10343	3	1.0
4	10344	3	1.0
5	10344	3	1.0
6	10345	3	1.0
31	10345	3	1.0
42	10345	3	1.0
79	10345	3	1.0
116	10345	3	1.0
217	10345	3	1.0
238	10345	3	1.0
248	10345	3	1.0
256	10345	3	1.0
264	10345	3	1.0
1871	10345	3	1.0
1884	10345	3	1.0
2231	10345	3	1.0
2249	10345	3	1.0
2290	10345	3	1.0
2434	10345	3	1.0
2522	10345	3	1.0
2583	10345	3	1.0
2585	10345	3	1.0
2588	10345	3	1.0
2593	10345	3	1.0
2594	10345	3	1.0
7	10346	3	1.0
61	10346	3	1.0
135	10346	3	1.0
184	10346	3	1.0
250	10346	3	1.0
2057	10346	3	1.0
2339	10346	3	1.0
2516	10346	3	1.0
9	10347	3	1.0
232	10347	3	1.0
2158	10347	3	1.0
2656	10347	3	1.0
2718	10347	3	1.0
11	10348	3	1.0
283	10348	3	1.0
12	10349	3	1.0
26	10349	3	1.0
59	10349	3	1.0
71	10349	3	1.0
84	10349	3	1.0
87	10349	3	1.0
96	10349	3	1.0
112	10349	3	1.0
151	10349	3	1.0
288	10349	3	1.0
2351	10349	3	1.0
16	10350	3	1.0
17	10351	3	1.0
56	10351	3	1.0
89	10351	3	1.0
164	10351	3	1.0
185	10351	3	1.0
239	10351	3	1.0
1881	10351	3	1.0
1896	10351	3	1.0
2527	10351	3	1.0
2722	10351	3	1.0
19	10352	3	1.0
22	10352	3	1.0
28	10352	3	1.0
29	10352	3	1.0
36	10352	3	1.0
38	10352	3	1.0
40	10352	3	1.0
57	10352	3	1.0
60	10352	3	1.0
77	10352	3	1.0
88	10352	3	1.0
110	10352	3	1.0
147	10352	3	1.0
198	10352	3	1.0
199	10352	3	1.0
203	10352	3	1.0
209	10352	3	1.0
230	10352	3	1.0
233	10352	3	1.0
251	10352	3	1.0
267	10352	3	1.0
1626	10352	3	1.0
1662	10352	3	1.0
1728	10352	3	1.0
1948	10352	3	1.0
2316	10352	3	1.0
2711	10352	3	1.0
23	10353	3	1.0
24	10354	3	1.0
41	10354	3	1.0
45	10354	3	1.0
47	10354	3	1.0
81	10354	3	1.0
107	10354	3	1.0
120	10354	3	1.0
121	10354	3	1.0
128	10354	3	1.0
171	10354	3	1.0
186	10354	3	1.0
242	10354	3	1.0
252	10354	3	1.0
1376	10354	3	1.0
1393	10354	3	1.0
1528	10354	3	1.0
1594	10354	3	1.0
1604	10354	3	1.0
1623	10354	3	1.0
1661	10354	3	1.0
1969	10354	3	1.0
1978	10354	3	1.0
2053	10354	3	1.0
2106	10354	3	1.0
2137	10354	3	1.0
2225	10354	3	1.0
2257	10354	3	1.0
2273	10354	3	1.0
2429	10354	3	1.0
2518	10354	3	1.0
2736	10354	3	1.0
2745	10354	3	1.0
25	10355	3	1.0
229	10355	3	1.0
1344	10355	3	1.0
27	10356	3	1.0
234	10356	3	1.0
32	10357	3	1.0
1640	10357	3	1.0
1653	10357	3	1.0
1671	10357	3	1.0
1735	10357	3	1.0
1776	10357	3	1.0
1928	10357	3	1.0
1936	10357	3	1.0
2041	10357	3	1.0
2064	10357	3	1.0
2094	10357	3	1.0
2099	10357	3	1.0
2138	10357	3	1.0
2165	10357	3	1.0
2186	10357	3	1.0
2297	10357	3	1.0
2333	10357	3	1.0
2340	10357	3	1.0
2388	10357	3	1.0
2589	10357	3	1.0
2590	10357	3	1.0
2592	10357	3	1.0
33	10358	3	1.0
76	10358	3	1.0
113	10358	3	1.0
153	10358	3	1.0
210	10358	3	1.0
223	10358	3	1.0
244	10358	3	1.0
254	10358	3	1.0
269	10358	3	1.0
1789	10358	3	1.0
2470	10358	3	1.0
37	10359	3	1.0
140	10359	3	1.0
157	10359	3	1.0
166	10359	3	1.0
290	10359	3	1.0
2134	10359	3	1.0
2420	10359	3	1.0
2517	10359	3	1.0
2708	10359	3	1.0
43	10360	3	1.0
92	10360	3	1.0
146	10360	3	1.0
181	10360	3	1.0
190	10360	3	1.0
224	10360	3	1.0
358	10360	3	1.0
424	10360	3	1.0
591	10360	3	1.0
621	10360	3	1.0
902	10360	3	1.0
906	10360	3	1.0
936	10360	3	1.0
960	10360	3	1.0
997	10360	3	1.0
1012	10360	3	1.0
1061	10360	3	1.0
1161	10360	3	1.0
1211	10360	3	1.0
1345	10360	3	1.0
1415	10360	3	1.0
1429	10360	3	1.0
1432	10360	3	1.0
1440	10360	3	1.0
1464	10360	3	1.0
1477	10360	3	1.0
1520	10360	3	1.0
1545	10360	3	1.0
1683	10360	3	1.0
1743	10360	3	1.0
1754	10360	3	1.0
1768	10360	3	1.0
1963	10360	3	1.0
2003	10360	3	1.0
2015	10360	3	1.0
2109	10360	3	1.0
2201	10360	3	1.0
2235	10360	3	1.0
2354	10360	3	1.0
2436	10360	3	1.0
2498	10360	3	1.0
2547	10360	3	1.0
2549	10360	3	1.0
2550	10360	3	1.0
2554	10360	3	1.0
2555	10360	3	1.0
2558	10360	3	1.0
2560	10360	3	1.0
2584	10360	3	1.0
46	10361	3	1.0
125	10361	3	1.0
169	10361	3	1.0
188	10361	3	1.0
286	10361	3	1.0
327	10361	3	1.0
709	10361	3	1.0
1184	10361	3	1.0
1764	10361	3	1.0
2133	10361	3	1.0
2261	10361	3	1.0
2631	10361	3	1.0
2635	10361	3	1.0
2636	10361	3	1.0
2637	10361	3	1.0
2639	10361	3	1.0
2641	10361	3	1.0
2643	10361	3	1.0
2645	10361	3	1.0
2651	10361	3	1.0
2653	10361	3	1.0
48	10362	3	1.0
64	10362	3	1.0
86	10362	3	1.0
115	10362	3	1.0
131	10362	3	1.0
204	10362	3	1.0
255	10362	3	1.0
1836	10362	3	1.0
1862	10362	3	1.0
2000	10362	3	1.0
2279	10362	3	1.0
2607	10362	3	1.0
2707	10362	3	1.0
51	10363	3	1.0
97	10363	3	1.0
172	10363	3	1.0
183	10363	3	1.0
1827	10363	3	1.0
2162	10363	3	1.0
2515	10363	3	1.0
2741	10363	3	1.0
2759	10363	3	1.0
52	10364	3	1.0
54	10365	3	1.0
55	10366	3	1.0
2571	10366	3	1.0
58	10367	3	1.0
1718	10367	3	1.0
2575	10367	3	1.0
2655	10367	3	1.0
63	10368	3	1.0
2032	10368	3	1.0
65	10369	3	1.0
191	10369	3	1.0
206	10369	3	1.0
279	10369	3	1.0
1369	10369	3	1.0
1398	10369	3	1.0
1568	10369	3	1.0
1585	10369	3	1.0
1611	10369	3	1.0
1739	10369	3	1.0
1986	10369	3	1.0
2131	10369	3	1.0
2274	10369	3	1.0
2538	10369	3	1.0
2544	10369	3	1.0
2551	10369	3	1.0
2552	10369	3	1.0
2553	10369	3	1.0
2557	10369	3	1.0
2564	10369	3	1.0
2760	10369	3	1.0
66	10370	3	1.0
68	10371	3	1.0
99	10371	3	1.0
73	10372	3	1.0
438	10372	3	1.0
640	10372	3	1.0
706	10372	3	1.0
725	10372	3	1.0
806	10372	3	1.0
1023	10372	3	1.0
1048	10372	3	1.0
1108	10372	3	1.0
1214	10372	3	1.0
1217	10372	3	1.0
1322	10372	3	1.0
1343	10372	3	1.0
1387	10372	3	1.0
1391	10372	3	1.0
1507	10372	3	1.0
1531	10372	3	1.0
1552	10372	3	1.0
1621	10372	3	1.0
1632	10372	3	1.0
1634	10372	3	1.0
1692	10372	3	1.0
1826	10372	3	1.0
1842	10372	3	1.0
1892	10372	3	1.0
1957	10372	3	1.0
1999	10372	3	1.0
2011	10372	3	1.0
2063	10372	3	1.0
2102	10372	3	1.0
2116	10372	3	1.0
2171	10372	3	1.0
2299	10372	3	1.0
2402	10372	3	1.0
2432	10372	3	1.0
2439	10372	3	1.0
2446	10372	3	1.0
2448	10372	3	1.0
2458	10372	3	1.0
2510	10372	3	1.0
75	10373	3	1.0
119	10373	3	1.0
175	10373	3	1.0
215	10373	3	1.0
253	10373	3	1.0
257	10373	3	1.0
2422	10373	3	1.0
80	10374	3	1.0
82	10375	3	1.0
202	10375	3	1.0
85	10376	3	1.0
1559	10376	3	1.0
2627	10376	3	1.0
2705	10376	3	1.0
98	10377	3	1.0
246	10377	3	1.0
2047	10377	3	1.0
2323	10377	3	1.0
2587	10377	3	1.0
100	10378	3	1.0
129	10378	3	1.0
154	10378	3	1.0
1773	10378	3	1.0
1908	10378	3	1.0
2084	10378	3	1.0
2530	10378	3	1.0
2608	10378	3	1.0
2610	10378	3	1.0
2615	10378	3	1.0
2622	10378	3	1.0
2625	10378	3	1.0
2629	10378	3	1.0
2630	10378	3	1.0
2632	10378	3	1.0
2640	10378	3	1.0
2644	10378	3	1.0
2648	10378	3	1.0
2650	10378	3	1.0
101	10379	3	1.0
355	10379	3	1.0
810	10379	3	1.0
968	10379	3	1.0
1233	10379	3	1.0
1271	10379	3	1.0
1802	10379	3	1.0
2701	10379	3	1.0
2725	10379	3	1.0
2733	10379	3	1.0
2749	10379	3	1.0
102	10380	3	1.0
457	10380	3	1.0
529	10380	3	1.0
710	10380	3	1.0
741	10380	3	1.0
749	10380	3	1.0
788	10380	3	1.0
938	10380	3	1.0
954	10380	3	1.0
1617	10380	3	1.0
1642	10380	3	1.0
1866	10380	3	1.0
1972	10380	3	1.0
2107	10380	3	1.0
2120	10380	3	1.0
2163	10380	3	1.0
2196	10380	3	1.0
103	10381	3	1.0
104	10382	3	1.0
105	10383	3	1.0
369	10383	3	1.0
2772	10383	3	1.0
111	10384	3	1.0
387	10384	3	1.0
444	10384	3	1.0
512	10384	3	1.0
888	10384	3	1.0
985	10384	3	1.0
999	10384	3	1.0
1199	10384	3	1.0
1500	10384	3	1.0
1524	10384	3	1.0
114	10385	3	1.0
404	10385	3	1.0
844	10385	3	1.0
1063	10385	3	1.0
1189	10385	3	1.0
1229	10385	3	1.0
1312	10385	3	1.0
2445	10385	3	1.0
2578	10385	3	1.0
2580	10385	3	1.0
117	10386	3	1.0
161	10386	3	1.0
231	10386	3	1.0
261	10386	3	1.0
1712	10386	3	1.0
1788	10386	3	1.0
118	10387	3	1.0
122	10387	3	1.0
274	10387	3	1.0
2125	10387	3	1.0
127	10388	3	1.0
155	10388	3	1.0
227	10388	3	1.0
2454	10388	3	1.0
132	10389	3	1.0
133	10390	3	1.0
178	10390	3	1.0
2597	10390	3	1.0
2642	10390	3	1.0
2649	10390	3	1.0
2654	10390	3	1.0
137	10391	3	1.0
162	10391	3	1.0
268	10391	3	1.0
837	10391	3	1.0
842	10391	3	1.0
1030	10391	3	1.0
1394	10391	3	1.0
1486	10391	3	1.0
2305	10391	3	1.0
2349	10391	3	1.0
2719	10391	3	1.0
138	10392	3	1.0
167	10392	3	1.0
1704	10392	3	1.0
141	10393	3	1.0
143	10394	3	1.0
2182	10394	3	1.0
2633	10394	3	1.0
144	10395	3	1.0
270	10395	3	1.0
319	10395	3	1.0
376	10395	3	1.0
405	10395	3	1.0
583	10395	3	1.0
590	10395	3	1.0
723	10395	3	1.0
807	10395	3	1.0
874	10395	3	1.0
876	10395	3	1.0
945	10395	3	1.0
1006	10395	3	1.0
1076	10395	3	1.0
1141	10395	3	1.0
1166	10395	3	1.0
1323	10395	3	1.0
1352	10395	3	1.0
1481	10395	3	1.0
1550	10395	3	1.0
1616	10395	3	1.0
1762	10395	3	1.0
1833	10395	3	1.0
2025	10395	3	1.0
2154	10395	3	1.0
2176	10395	3	1.0
2215	10395	3	1.0
2295	10395	3	1.0
2332	10395	3	1.0
2373	10395	3	1.0
152	10396	3	1.0
194	10396	3	1.0
266	10396	3	1.0
295	10396	3	1.0
668	10396	3	1.0
704	10396	3	1.0
715	10396	3	1.0
774	10396	3	1.0
776	10396	3	1.0
840	10396	3	1.0
949	10396	3	1.0
993	10396	3	1.0
1041	10396	3	1.0
1317	10396	3	1.0
1365	10396	3	1.0
1558	10396	3	1.0
1709	10396	3	1.0
1741	10396	3	1.0
1745	10396	3	1.0
1799	10396	3	1.0
1929	10396	3	1.0
1962	10396	3	1.0
2001	10396	3	1.0
2002	10396	3	1.0
2135	10396	3	1.0
2324	10396	3	1.0
2372	10396	3	1.0
2383	10396	3	1.0
2449	10396	3	1.0
2472	10396	3	1.0
2507	10396	3	1.0
2543	10396	3	1.0
158	10397	3	1.0
160	10398	3	1.0
275	10398	3	1.0
277	10398	3	1.0
389	10398	3	1.0
396	10398	3	1.0
445	10398	3	1.0
483	10398	3	1.0
525	10398	3	1.0
534	10398	3	1.0
570	10398	3	1.0
632	10398	3	1.0
638	10398	3	1.0
678	10398	3	1.0
696	10398	3	1.0
799	10398	3	1.0
849	10398	3	1.0
854	10398	3	1.0
859	10398	3	1.0
866	10398	3	1.0
873	10398	3	1.0
880	10398	3	1.0
939	10398	3	1.0
974	10398	3	1.0
987	10398	3	1.0
1018	10398	3	1.0
1034	10398	3	1.0
1069	10398	3	1.0
1128	10398	3	1.0
1137	10398	3	1.0
1149	10398	3	1.0
1160	10398	3	1.0
1210	10398	3	1.0
1246	10398	3	1.0
1255	10398	3	1.0
1285	10398	3	1.0
1301	10398	3	1.0
1332	10398	3	1.0
1336	10398	3	1.0
1355	10398	3	1.0
1378	10398	3	1.0
1488	10398	3	1.0
1505	10398	3	1.0
1541	10398	3	1.0
1576	10398	3	1.0
1593	10398	3	1.0
1624	10398	3	1.0
1652	10398	3	1.0
1693	10398	3	1.0
1699	10398	3	1.0
1714	10398	3	1.0
1747	10398	3	1.0
1763	10398	3	1.0
1864	10398	3	1.0
1878	10398	3	1.0
1901	10398	3	1.0
1903	10398	3	1.0
1920	10398	3	1.0
1934	10398	3	1.0
2030	10398	3	1.0
2052	10398	3	1.0
2140	10398	3	1.0
2155	10398	3	1.0
2191	10398	3	1.0
2217	10398	3	1.0
2228	10398	3	1.0
2263	10398	3	1.0
2301	10398	3	1.0
2369	10398	3	1.0
2391	10398	3	1.0
2401	10398	3	1.0
2438	10398	3	1.0
2462	10398	3	1.0
2696	10398	3	1.0
165	10399	3	1.0
259	10399	3	1.0
276	10399	3	1.0
278	10399	3	1.0
281	10399	3	1.0
289	10399	3	1.0
291	10399	3	1.0
293	10399	3	1.0
296	10399	3	1.0
300	10399	3	1.0
317	10399	3	1.0
320	10399	3	1.0
332	10399	3	1.0
333	10399	3	1.0
356	10399	3	1.0
367	10399	3	1.0
377	10399	3	1.0
394	10399	3	1.0
401	10399	3	1.0
414	10399	3	1.0
423	10399	3	1.0
433	10399	3	1.0
461	10399	3	1.0
466	10399	3	1.0
499	10399	3	1.0
500	10399	3	1.0
508	10399	3	1.0
535	10399	3	1.0
537	10399	3	1.0
543	10399	3	1.0
544	10399	3	1.0
552	10399	3	1.0
554	10399	3	1.0
556	10399	3	1.0
564	10399	3	1.0
571	10399	3	1.0
578	10399	3	1.0
594	10399	3	1.0
596	10399	3	1.0
597	10399	3	1.0
607	10399	3	1.0
608	10399	3	1.0
610	10399	3	1.0
614	10399	3	1.0
615	10399	3	1.0
634	10399	3	1.0
660	10399	3	1.0
671	10399	3	1.0
672	10399	3	1.0
673	10399	3	1.0
677	10399	3	1.0
693	10399	3	1.0
700	10399	3	1.0
726	10399	3	1.0
727	10399	3	1.0
728	10399	3	1.0
740	10399	3	1.0
755	10399	3	1.0
767	10399	3	1.0
792	10399	3	1.0
796	10399	3	1.0
812	10399	3	1.0
817	10399	3	1.0
832	10399	3	1.0
845	10399	3	1.0
848	10399	3	1.0
851	10399	3	1.0
858	10399	3	1.0
862	10399	3	1.0
868	10399	3	1.0
872	10399	3	1.0
877	10399	3	1.0
879	10399	3	1.0
887	10399	3	1.0
896	10399	3	1.0
904	10399	3	1.0
905	10399	3	1.0
907	10399	3	1.0
917	10399	3	1.0
919	10399	3	1.0
921	10399	3	1.0
961	10399	3	1.0
962	10399	3	1.0
973	10399	3	1.0
981	10399	3	1.0
982	10399	3	1.0
986	10399	3	1.0
1003	10399	3	1.0
1004	10399	3	1.0
1005	10399	3	1.0
1024	10399	3	1.0
1032	10399	3	1.0
1055	10399	3	1.0
1091	10399	3	1.0
1098	10399	3	1.0
1099	10399	3	1.0
1100	10399	3	1.0
1106	10399	3	1.0
1107	10399	3	1.0
1121	10399	3	1.0
1123	10399	3	1.0
1129	10399	3	1.0
1131	10399	3	1.0
1132	10399	3	1.0
1135	10399	3	1.0
1136	10399	3	1.0
1143	10399	3	1.0
1144	10399	3	1.0
1152	10399	3	1.0
1154	10399	3	1.0
1163	10399	3	1.0
1171	10399	3	1.0
1195	10399	3	1.0
1208	10399	3	1.0
1216	10399	3	1.0
1238	10399	3	1.0
1245	10399	3	1.0
1248	10399	3	1.0
1249	10399	3	1.0
1250	10399	3	1.0
1253	10399	3	1.0
1267	10399	3	1.0
1276	10399	3	1.0
1277	10399	3	1.0
1280	10399	3	1.0
1283	10399	3	1.0
1287	10399	3	1.0
1288	10399	3	1.0
1315	10399	3	1.0
1318	10399	3	1.0
1331	10399	3	1.0
1339	10399	3	1.0
1354	10399	3	1.0
1368	10399	3	1.0
1383	10399	3	1.0
1388	10399	3	1.0
1389	10399	3	1.0
1392	10399	3	1.0
1472	10399	3	1.0
1483	10399	3	1.0
1491	10399	3	1.0
1503	10399	3	1.0
1514	10399	3	1.0
1519	10399	3	1.0
1535	10399	3	1.0
1557	10399	3	1.0
1592	10399	3	1.0
1647	10399	3	1.0
1668	10399	3	1.0
1676	10399	3	1.0
1686	10399	3	1.0
1716	10399	3	1.0
1736	10399	3	1.0
1738	10399	3	1.0
1742	10399	3	1.0
1758	10399	3	1.0
1759	10399	3	1.0
1790	10399	3	1.0
1803	10399	3	1.0
1820	10399	3	1.0
1841	10399	3	1.0
1845	10399	3	1.0
1874	10399	3	1.0
1933	10399	3	1.0
1944	10399	3	1.0
1951	10399	3	1.0
1961	10399	3	1.0
1965	10399	3	1.0
1983	10399	3	1.0
1992	10399	3	1.0
1998	10399	3	1.0
2020	10399	3	1.0
2033	10399	3	1.0
2062	10399	3	1.0
2072	10399	3	1.0
2074	10399	3	1.0
2079	10399	3	1.0
2086	10399	3	1.0
2105	10399	3	1.0
2110	10399	3	1.0
2136	10399	3	1.0
2147	10399	3	1.0
2152	10399	3	1.0
2159	10399	3	1.0
2167	10399	3	1.0
2175	10399	3	1.0
2178	10399	3	1.0
2187	10399	3	1.0
2193	10399	3	1.0
2205	10399	3	1.0
2213	10399	3	1.0
2240	10399	3	1.0
2244	10399	3	1.0
2265	10399	3	1.0
2284	10399	3	1.0
2288	10399	3	1.0
2311	10399	3	1.0
2335	10399	3	1.0
2337	10399	3	1.0
2341	10399	3	1.0
2355	10399	3	1.0
2356	10399	3	1.0
2366	10399	3	1.0
2413	10399	3	1.0
2437	10399	3	1.0
2473	10399	3	1.0
2477	10399	3	1.0
2484	10399	3	1.0
2508	10399	3	1.0
2609	10399	3	1.0
2619	10399	3	1.0
2727	10399	3	1.0
168	10400	3	1.0
179	10400	3	1.0
189	10400	3	1.0
225	10400	3	1.0
285	10400	3	1.0
315	10400	3	1.0
345	10400	3	1.0
349	10400	3	1.0
375	10400	3	1.0
397	10400	3	1.0
416	10400	3	1.0
498	10400	3	1.0
511	10400	3	1.0
536	10400	3	1.0
572	10400	3	1.0
628	10400	3	1.0
648	10400	3	1.0
664	10400	3	1.0
722	10400	3	1.0
754	10400	3	1.0
798	10400	3	1.0
804	10400	3	1.0
811	10400	3	1.0
814	10400	3	1.0
831	10400	3	1.0
857	10400	3	1.0
869	10400	3	1.0
927	10400	3	1.0
957	10400	3	1.0
965	10400	3	1.0
1015	10400	3	1.0
1035	10400	3	1.0
1124	10400	3	1.0
1173	10400	3	1.0
1194	10400	3	1.0
1241	10400	3	1.0
1251	10400	3	1.0
1334	10400	3	1.0
1350	10400	3	1.0
1373	10400	3	1.0
1399	10400	3	1.0
1422	10400	3	1.0
1450	10400	3	1.0
1515	10400	3	1.0
1588	10400	3	1.0
1619	10400	3	1.0
1660	10400	3	1.0
1666	10400	3	1.0
1670	10400	3	1.0
1675	10400	3	1.0
1777	10400	3	1.0
1785	10400	3	1.0
1808	10400	3	1.0
1817	10400	3	1.0
1870	10400	3	1.0
1935	10400	3	1.0
1966	10400	3	1.0
2005	10400	3	1.0
2031	10400	3	1.0
2068	10400	3	1.0
2148	10400	3	1.0
2246	10400	3	1.0
2250	10400	3	1.0
2306	10400	3	1.0
2315	10400	3	1.0
2321	10400	3	1.0
2322	10400	3	1.0
2327	10400	3	1.0
2363	10400	3	1.0
2368	10400	3	1.0
2384	10400	3	1.0
2385	10400	3	1.0
2395	10400	3	1.0
2476	10400	3	1.0
2486	10400	3	1.0
2494	10400	3	1.0
2501	10400	3	1.0
2668	10400	3	1.0
2692	10400	3	1.0
2695	10400	3	1.0
2752	10400	3	1.0
170	10401	3	1.0
2534	10401	3	1.0
176	10402	3	1.0
213	10402	3	1.0
214	10402	3	1.0
219	10402	3	1.0
221	10402	3	1.0
311	10402	3	1.0
316	10402	3	1.0
365	10402	3	1.0
374	10402	3	1.0
521	10402	3	1.0
541	10402	3	1.0
587	10402	3	1.0
588	10402	3	1.0
630	10402	3	1.0
633	10402	3	1.0
654	10402	3	1.0
685	10402	3	1.0
701	10402	3	1.0
718	10402	3	1.0
719	10402	3	1.0
772	10402	3	1.0
813	10402	3	1.0
970	10402	3	1.0
983	10402	3	1.0
1011	10402	3	1.0
1062	10402	3	1.0
1109	10402	3	1.0
1119	10402	3	1.0
1133	10402	3	1.0
1153	10402	3	1.0
1164	10402	3	1.0
1182	10402	3	1.0
1218	10402	3	1.0
1228	10402	3	1.0
1257	10402	3	1.0
1263	10402	3	1.0
1308	10402	3	1.0
1329	10402	3	1.0
1330	10402	3	1.0
1342	10402	3	1.0
1372	10402	3	1.0
1384	10402	3	1.0
1402	10402	3	1.0
1465	10402	3	1.0
1470	10402	3	1.0
1543	10402	3	1.0
1551	10402	3	1.0
1566	10402	3	1.0
1572	10402	3	1.0
1574	10402	3	1.0
1591	10402	3	1.0
1599	10402	3	1.0
1614	10402	3	1.0
1622	10402	3	1.0
1628	10402	3	1.0
1813	10402	3	1.0
1835	10402	3	1.0
1839	10402	3	1.0
1855	10402	3	1.0
1863	10402	3	1.0
1877	10402	3	1.0
1879	10402	3	1.0
1890	10402	3	1.0
1916	10402	3	1.0
2009	10402	3	1.0
2022	10402	3	1.0
2028	10402	3	1.0
2060	10402	3	1.0
2093	10402	3	1.0
2098	10402	3	1.0
2115	10402	3	1.0
2160	10402	3	1.0
2177	10402	3	1.0
2181	10402	3	1.0
2233	10402	3	1.0
2262	10402	3	1.0
2275	10402	3	1.0
2296	10402	3	1.0
2328	10402	3	1.0
2357	10402	3	1.0
2365	10402	3	1.0
2382	10402	3	1.0
2394	10402	3	1.0
2408	10402	3	1.0
2416	10402	3	1.0
2433	10402	3	1.0
2457	10402	3	1.0
2465	10402	3	1.0
2471	10402	3	1.0
2490	10402	3	1.0
2499	10402	3	1.0
2514	10402	3	1.0
2540	10402	3	1.0
2541	10402	3	1.0
2542	10402	3	1.0
2548	10402	3	1.0
2556	10402	3	1.0
2559	10402	3	1.0
2561	10402	3	1.0
2563	10402	3	1.0
2568	10402	3	1.0
2659	10402	3	1.0
2662	10402	3	1.0
2663	10402	3	1.0
2666	10402	3	1.0
2698	10402	3	1.0
2720	10402	3	1.0
2756	10402	3	1.0
180	10403	3	1.0
1540	10403	3	1.0
192	10404	3	1.0
195	10405	3	1.0
200	10405	3	1.0
196	10406	3	1.0
205	10406	3	1.0
220	10406	3	1.0
265	10406	3	1.0
306	10406	3	1.0
342	10406	3	1.0
354	10406	3	1.0
357	10406	3	1.0
364	10406	3	1.0
403	10406	3	1.0
420	10406	3	1.0
428	10406	3	1.0
436	10406	3	1.0
448	10406	3	1.0
449	10406	3	1.0
455	10406	3	1.0
477	10406	3	1.0
509	10406	3	1.0
516	10406	3	1.0
542	10406	3	1.0
579	10406	3	1.0
605	10406	3	1.0
646	10406	3	1.0
661	10406	3	1.0
708	10406	3	1.0
716	10406	3	1.0
742	10406	3	1.0
797	10406	3	1.0
821	10406	3	1.0
855	10406	3	1.0
881	10406	3	1.0
899	10406	3	1.0
915	10406	3	1.0
941	10406	3	1.0
958	10406	3	1.0
971	10406	3	1.0
990	10406	3	1.0
996	10406	3	1.0
1026	10406	3	1.0
1038	10406	3	1.0
1094	10406	3	1.0
1122	10406	3	1.0
1134	10406	3	1.0
1140	10406	3	1.0
1145	10406	3	1.0
1168	10406	3	1.0
1202	10406	3	1.0
1204	10406	3	1.0
1261	10406	3	1.0
1272	10406	3	1.0
1294	10406	3	1.0
1303	10406	3	1.0
1313	10406	3	1.0
1442	10406	3	1.0
1502	10406	3	1.0
1553	10406	3	1.0
1573	10406	3	1.0
1580	10406	3	1.0
1630	10406	3	1.0
1635	10406	3	1.0
1656	10406	3	1.0
1667	10406	3	1.0
1695	10406	3	1.0
1698	10406	3	1.0
1710	10406	3	1.0
1744	10406	3	1.0
1748	10406	3	1.0
1771	10406	3	1.0
1824	10406	3	1.0
1869	10406	3	1.0
1898	10406	3	1.0
1904	10406	3	1.0
1911	10406	3	1.0
1918	10406	3	1.0
1959	10406	3	1.0
2024	10406	3	1.0
2034	10406	3	1.0
2044	10406	3	1.0
2054	10406	3	1.0
2085	10406	3	1.0
2095	10406	3	1.0
2184	10406	3	1.0
2209	10406	3	1.0
2280	10406	3	1.0
2285	10406	3	1.0
2325	10406	3	1.0
2364	10406	3	1.0
2404	10406	3	1.0
2417	10406	3	1.0
2430	10406	3	1.0
2478	10406	3	1.0
2737	10406	3	1.0
207	10407	3	1.0
303	10407	3	1.0
309	10407	3	1.0
346	10407	3	1.0
427	10407	3	1.0
476	10407	3	1.0
482	10407	3	1.0
485	10407	3	1.0
486	10407	3	1.0
519	10407	3	1.0
546	10407	3	1.0
551	10407	3	1.0
562	10407	3	1.0
601	10407	3	1.0
617	10407	3	1.0
911	10407	3	1.0
1081	10407	3	1.0
1127	10407	3	1.0
1222	10407	3	1.0
1234	10407	3	1.0
1284	10407	3	1.0
1326	10407	3	1.0
1340	10407	3	1.0
1412	10407	3	1.0
1414	10407	3	1.0
1421	10407	3	1.0
1504	10407	3	1.0
1517	10407	3	1.0
1522	10407	3	1.0
1527	10407	3	1.0
1562	10407	3	1.0
1586	10407	3	1.0
1595	10407	3	1.0
1605	10407	3	1.0
1607	10407	3	1.0
1613	10407	3	1.0
1643	10407	3	1.0
1655	10407	3	1.0
1700	10407	3	1.0
1701	10407	3	1.0
1720	10407	3	1.0
1752	10407	3	1.0
1760	10407	3	1.0
1780	10407	3	1.0
1792	10407	3	1.0
1809	10407	3	1.0
1821	10407	3	1.0
1840	10407	3	1.0
1847	10407	3	1.0
1852	10407	3	1.0
1857	10407	3	1.0
1860	10407	3	1.0
1867	10407	3	1.0
1885	10407	3	1.0
1889	10407	3	1.0
1899	10407	3	1.0
1907	10407	3	1.0
1922	10407	3	1.0
1924	10407	3	1.0
1939	10407	3	1.0
1952	10407	3	1.0
1990	10407	3	1.0
2036	10407	3	1.0
2045	10407	3	1.0
2070	10407	3	1.0
2097	10407	3	1.0
2103	10407	3	1.0
2150	10407	3	1.0
2166	10407	3	1.0
2218	10407	3	1.0
2243	10407	3	1.0
2277	10407	3	1.0
2283	10407	3	1.0
2300	10407	3	1.0
2304	10407	3	1.0
2330	10407	3	1.0
2374	10407	3	1.0
2376	10407	3	1.0
2423	10407	3	1.0
2456	10407	3	1.0
2511	10407	3	1.0
2612	10407	3	1.0
2616	10407	3	1.0
212	10408	3	1.0
218	10408	3	1.0
216	10409	3	1.0
312	10409	3	1.0
343	10409	3	1.0
478	10409	3	1.0
658	10409	3	1.0
734	10409	3	1.0
1075	10409	3	1.0
1224	10409	3	1.0
1417	10409	3	1.0
1542	10409	3	1.0
1697	10409	3	1.0
1917	10409	3	1.0
2223	10409	3	1.0
2744	10409	3	1.0
222	10410	3	1.0
228	10411	3	1.0
240	10411	3	1.0
1991	10411	3	1.0
2450	10411	3	1.0
2475	10411	3	1.0
2520	10411	3	1.0
235	10412	3	1.0
574	10412	3	1.0
956	10412	3	1.0
2672	10412	3	1.0
236	10413	3	1.0
247	10413	3	1.0
243	10414	3	1.0
258	10415	3	1.0
262	10416	3	1.0
263	10417	3	1.0
272	10417	3	1.0
323	10417	3	1.0
510	10417	3	1.0
545	10417	3	1.0
743	10417	3	1.0
750	10417	3	1.0
823	10417	3	1.0
1047	10417	3	1.0
1067	10417	3	1.0
1366	10417	3	1.0
1937	10417	3	1.0
2071	10417	3	1.0
271	10418	3	1.0
304	10418	3	1.0
431	10418	3	1.0
567	10418	3	1.0
577	10418	3	1.0
581	10418	3	1.0
593	10418	3	1.0
620	10418	3	1.0
641	10418	3	1.0
944	10418	3	1.0
1008	10418	3	1.0
1014	10418	3	1.0
1065	10418	3	1.0
1111	10418	3	1.0
1112	10418	3	1.0
1338	10418	3	1.0
1346	10418	3	1.0
1463	10418	3	1.0
1615	10418	3	1.0
1850	10418	3	1.0
2056	10418	3	1.0
2236	10418	3	1.0
2617	10418	3	1.0
2623	10418	3	1.0
2758	10418	3	1.0
273	10419	3	1.0
280	10420	3	1.0
2576	10420	3	1.0
2581	10420	3	1.0
2596	10420	3	1.0
287	10421	3	1.0
795	10421	3	1.0
947	10421	3	1.0
1235	10421	3	1.0
2713	10421	3	1.0
292	10422	3	1.0
784	10422	3	1.0
818	10422	3	1.0
1139	10422	3	1.0
1403	10422	3	1.0
1679	10422	3	1.0
1721	10422	3	1.0
1726	10422	3	1.0
2502	10422	3	1.0
294	10423	3	1.0
503	10423	3	1.0
1013	10423	3	1.0
1606	10423	3	1.0
1727	10423	3	1.0
1849	10423	3	1.0
2469	10423	3	1.0
2566	10423	3	1.0
2743	10423	3	1.0
297	10424	3	1.0
368	10424	3	1.0
467	10424	3	1.0
506	10424	3	1.0
932	10424	3	1.0
1036	10424	3	1.0
1043	10424	3	1.0
1083	10424	3	1.0
1274	10424	3	1.0
1452	10424	3	1.0
1851	10424	3	1.0
1865	10424	3	1.0
2535	10424	3	1.0
2572	10424	3	1.0
298	10425	3	1.0
383	10425	3	1.0
393	10425	3	1.0
975	10425	3	1.0
1080	10425	3	1.0
1396	10425	3	1.0
1455	10425	3	1.0
1823	10425	3	1.0
2694	10425	3	1.0
299	10426	3	1.0
582	10426	3	1.0
599	10426	3	1.0
695	10426	3	1.0
752	10426	3	1.0
846	10426	3	1.0
913	10426	3	1.0
1201	10426	3	1.0
1400	10426	3	1.0
1430	10426	3	1.0
1479	10426	3	1.0
1530	10426	3	1.0
1631	10426	3	1.0
1659	10426	3	1.0
1769	10426	3	1.0
1846	10426	3	1.0
1888	10426	3	1.0
1977	10426	3	1.0
1979	10426	3	1.0
1997	10426	3	1.0
2091	10426	3	1.0
2112	10426	3	1.0
2226	10426	3	1.0
2343	10426	3	1.0
301	10427	3	1.0
475	10427	3	1.0
963	10427	3	1.0
1523	10427	3	1.0
302	10428	3	1.0
943	10428	3	1.0
1397	10428	3	1.0
1462	10428	3	1.0
1804	10428	3	1.0
2303	10428	3	1.0
305	10429	3	1.0
550	10429	3	1.0
1598	10429	3	1.0
1930	10429	3	1.0
307	10430	3	1.0
360	10430	3	1.0
747	10430	3	1.0
1316	10430	3	1.0
2021	10430	3	1.0
308	10431	3	1.0
1049	10431	3	1.0
1722	10431	3	1.0
1943	10431	3	1.0
310	10432	3	1.0
910	10432	3	1.0
313	10433	3	1.0
1050	10433	3	1.0
1265	10433	3	1.0
314	10434	3	1.0
336	10434	3	1.0
446	10434	3	1.0
497	10434	3	1.0
558	10434	3	1.0
563	10434	3	1.0
666	10434	3	1.0
691	10434	3	1.0
801	10434	3	1.0
897	10434	3	1.0
1002	10434	3	1.0
1016	10434	3	1.0
1042	10434	3	1.0
1053	10434	3	1.0
1071	10434	3	1.0
1087	10434	3	1.0
1215	10434	3	1.0
1232	10434	3	1.0
1275	10434	3	1.0
1353	10434	3	1.0
1375	10434	3	1.0
1424	10434	3	1.0
1444	10434	3	1.0
1457	10434	3	1.0
1561	10434	3	1.0
1579	10434	3	1.0
1590	10434	3	1.0
1603	10434	3	1.0
1672	10434	3	1.0
1715	10434	3	1.0
1724	10434	3	1.0
1822	10434	3	1.0
1834	10434	3	1.0
1848	10434	3	1.0
1859	10434	3	1.0
1872	10434	3	1.0
1895	10434	3	1.0
1900	10434	3	1.0
1960	10434	3	1.0
1975	10434	3	1.0
1980	10434	3	1.0
2087	10434	3	1.0
2100	10434	3	1.0
2114	10434	3	1.0
2130	10434	3	1.0
2164	10434	3	1.0
2188	10434	3	1.0
2269	10434	3	1.0
2463	10434	3	1.0
2479	10434	3	1.0
2504	10434	3	1.0
2667	10434	3	1.0
2693	10434	3	1.0
318	10435	3	1.0
595	10435	3	1.0
841	10435	3	1.0
901	10435	3	1.0
952	10435	3	1.0
984	10435	3	1.0
1079	10435	3	1.0
1103	10435	3	1.0
1151	10435	3	1.0
1165	10435	3	1.0
1207	10435	3	1.0
1269	10435	3	1.0
1302	10435	3	1.0
1484	10435	3	1.0
1516	10435	3	1.0
2144	10435	3	1.0
2254	10435	3	1.0
2539	10435	3	1.0
2670	10435	3	1.0
321	10436	3	1.0
334	10436	3	1.0
363	10436	3	1.0
385	10436	3	1.0
456	10436	3	1.0
488	10436	3	1.0
515	10436	3	1.0
540	10436	3	1.0
568	10436	3	1.0
618	10436	3	1.0
624	10436	3	1.0
644	10436	3	1.0
652	10436	3	1.0
662	10436	3	1.0
670	10436	3	1.0
686	10436	3	1.0
707	10436	3	1.0
764	10436	3	1.0
782	10436	3	1.0
791	10436	3	1.0
824	10436	3	1.0
895	10436	3	1.0
912	10436	3	1.0
998	10436	3	1.0
1000	10436	3	1.0
1072	10436	3	1.0
1118	10436	3	1.0
1147	10436	3	1.0
1159	10436	3	1.0
1205	10436	3	1.0
1239	10436	3	1.0
1333	10436	3	1.0
1371	10436	3	1.0
1379	10436	3	1.0
1410	10436	3	1.0
1411	10436	3	1.0
1420	10436	3	1.0
1423	10436	3	1.0
1458	10436	3	1.0
1565	10436	3	1.0
1583	10436	3	1.0
1584	10436	3	1.0
1645	10436	3	1.0
1654	10436	3	1.0
1688	10436	3	1.0
1691	10436	3	1.0
1708	10436	3	1.0
1717	10436	3	1.0
1732	10436	3	1.0
1740	10436	3	1.0
1750	10436	3	1.0
1757	10436	3	1.0
1782	10436	3	1.0
1843	10436	3	1.0
1854	10436	3	1.0
1931	10436	3	1.0
1938	10436	3	1.0
1953	10436	3	1.0
1982	10436	3	1.0
1985	10436	3	1.0
2012	10436	3	1.0
2132	10436	3	1.0
2142	10436	3	1.0
2161	10436	3	1.0
2190	10436	3	1.0
2192	10436	3	1.0
2195	10436	3	1.0
2286	10436	3	1.0
2292	10436	3	1.0
2298	10436	3	1.0
2345	10436	3	1.0
2375	10436	3	1.0
2379	10436	3	1.0
2397	10436	3	1.0
2415	10436	3	1.0
2427	10436	3	1.0
2459	10436	3	1.0
2483	10436	3	1.0
2488	10436	3	1.0
2491	10436	3	1.0
2492	10436	3	1.0
2500	10436	3	1.0
2618	10436	3	1.0
2621	10436	3	1.0
2664	10436	3	1.0
2730	10436	3	1.0
322	10437	3	1.0
361	10437	3	1.0
366	10437	3	1.0
371	10437	3	1.0
379	10437	3	1.0
384	10437	3	1.0
437	10437	3	1.0
459	10437	3	1.0
463	10437	3	1.0
465	10437	3	1.0
471	10437	3	1.0
490	10437	3	1.0
504	10437	3	1.0
524	10437	3	1.0
533	10437	3	1.0
539	10437	3	1.0
548	10437	3	1.0
549	10437	3	1.0
560	10437	3	1.0
565	10437	3	1.0
611	10437	3	1.0
626	10437	3	1.0
647	10437	3	1.0
650	10437	3	1.0
689	10437	3	1.0
690	10437	3	1.0
692	10437	3	1.0
717	10437	3	1.0
729	10437	3	1.0
757	10437	3	1.0
761	10437	3	1.0
762	10437	3	1.0
769	10437	3	1.0
780	10437	3	1.0
803	10437	3	1.0
836	10437	3	1.0
843	10437	3	1.0
853	10437	3	1.0
865	10437	3	1.0
886	10437	3	1.0
914	10437	3	1.0
928	10437	3	1.0
940	10437	3	1.0
946	10437	3	1.0
948	10437	3	1.0
964	10437	3	1.0
969	10437	3	1.0
976	10437	3	1.0
977	10437	3	1.0
995	10437	3	1.0
1001	10437	3	1.0
1010	10437	3	1.0
1025	10437	3	1.0
1028	10437	3	1.0
1044	10437	3	1.0
1046	10437	3	1.0
1068	10437	3	1.0
1093	10437	3	1.0
1110	10437	3	1.0
1126	10437	3	1.0
1146	10437	3	1.0
1162	10437	3	1.0
1172	10437	3	1.0
1177	10437	3	1.0
1185	10437	3	1.0
1203	10437	3	1.0
1213	10437	3	1.0
1227	10437	3	1.0
1259	10437	3	1.0
1290	10437	3	1.0
1291	10437	3	1.0
1304	10437	3	1.0
1347	10437	3	1.0
1408	10437	3	1.0
1435	10437	3	1.0
1534	10437	3	1.0
1538	10437	3	1.0
1641	10437	3	1.0
1682	10437	3	1.0
1729	10437	3	1.0
1787	10437	3	1.0
1838	10437	3	1.0
1891	10437	3	1.0
2173	10437	3	1.0
2197	10437	3	1.0
2278	10437	3	1.0
2347	10437	3	1.0
2358	10437	3	1.0
2461	10437	3	1.0
2579	10437	3	1.0
2624	10437	3	1.0
2717	10437	3	1.0
2723	10437	3	1.0
2731	10437	3	1.0
324	10438	3	1.0
442	10438	3	1.0
688	10438	3	1.0
1226	10438	3	1.0
1476	10438	3	1.0
325	10439	3	1.0
382	10439	3	1.0
472	10439	3	1.0
531	10439	3	1.0
547	10439	3	1.0
643	10439	3	1.0
702	10439	3	1.0
783	10439	3	1.0
809	10439	3	1.0
955	10439	3	1.0
966	10439	3	1.0
1066	10439	3	1.0
1155	10439	3	1.0
1361	10439	3	1.0
1554	10439	3	1.0
1555	10439	3	1.0
1564	10439	3	1.0
1629	10439	3	1.0
1650	10439	3	1.0
1665	10439	3	1.0
2008	10439	3	1.0
2010	10439	3	1.0
2016	10439	3	1.0
2018	10439	3	1.0
2092	10439	3	1.0
2399	10439	3	1.0
326	10440	3	1.0
598	10440	3	1.0
1469	10440	3	1.0
328	10441	3	1.0
344	10441	3	1.0
421	10441	3	1.0
967	10441	3	1.0
1225	10441	3	1.0
1657	10441	3	1.0
1703	10441	3	1.0
1856	10441	3	1.0
1993	10441	3	1.0
2039	10441	3	1.0
2207	10441	3	1.0
2294	10441	3	1.0
2314	10441	3	1.0
2419	10441	3	1.0
2426	10441	3	1.0
2495	10441	3	1.0
329	10442	3	1.0
400	10442	3	1.0
410	10442	3	1.0
417	10442	3	1.0
426	10442	3	1.0
454	10442	3	1.0
557	10442	3	1.0
606	10442	3	1.0
616	10442	3	1.0
629	10442	3	1.0
656	10442	3	1.0
721	10442	3	1.0
748	10442	3	1.0
815	10442	3	1.0
828	10442	3	1.0
991	10442	3	1.0
1077	10442	3	1.0
1183	10442	3	1.0
1242	10442	3	1.0
1282	10442	3	1.0
1298	10442	3	1.0
1351	10442	3	1.0
1356	10442	3	1.0
1467	10442	3	1.0
1511	10442	3	1.0
1795	10442	3	1.0
1832	10442	3	1.0
1967	10442	3	1.0
2293	10442	3	1.0
2302	10442	3	1.0
2334	10442	3	1.0
2362	10442	3	1.0
330	10443	3	1.0
794	10443	3	1.0
1305	10443	3	1.0
1475	10443	3	1.0
331	10444	3	1.0
419	10444	3	1.0
451	10444	3	1.0
517	10444	3	1.0
830	10444	3	1.0
894	10444	3	1.0
909	10444	3	1.0
988	10444	3	1.0
1070	10444	3	1.0
1082	10444	3	1.0
1167	10444	3	1.0
1264	10444	3	1.0
1426	10444	3	1.0
1428	10444	3	1.0
1449	10444	3	1.0
1494	10444	3	1.0
1577	10444	3	1.0
1609	10444	3	1.0
1612	10444	3	1.0
1648	10444	3	1.0
1696	10444	3	1.0
1801	10444	3	1.0
1912	10444	3	1.0
1919	10444	3	1.0
2007	10444	3	1.0
2073	10444	3	1.0
2145	10444	3	1.0
2359	10444	3	1.0
2421	10444	3	1.0
335	10445	3	1.0
386	10445	3	1.0
409	10445	3	1.0
522	10445	3	1.0
561	10445	3	1.0
773	10445	3	1.0
1084	10445	3	1.0
1243	10445	3	1.0
1310	10445	3	1.0
1362	10445	3	1.0
1364	10445	3	1.0
1407	10445	3	1.0
1602	10445	3	1.0
1786	10445	3	1.0
1942	10445	3	1.0
1989	10445	3	1.0
2124	10445	3	1.0
2127	10445	3	1.0
2431	10445	3	1.0
2460	10445	3	1.0
337	10446	3	1.0
418	10446	3	1.0
432	10446	3	1.0
434	10446	3	1.0
450	10446	3	1.0
473	10446	3	1.0
507	10446	3	1.0
518	10446	3	1.0
675	10446	3	1.0
745	10446	3	1.0
770	10446	3	1.0
1073	10446	3	1.0
1092	10446	3	1.0
1262	10446	3	1.0
1286	10446	3	1.0
1358	10446	3	1.0
1468	10446	3	1.0
1496	10446	3	1.0
1658	10446	3	1.0
1775	10446	3	1.0
1964	10446	3	1.0
2023	10446	3	1.0
2117	10446	3	1.0
2179	10446	3	1.0
2200	10446	3	1.0
2204	10446	3	1.0
2310	10446	3	1.0
2464	10446	3	1.0
2482	10446	3	1.0
2489	10446	3	1.0
338	10447	3	1.0
1589	10447	3	1.0
1926	10447	3	1.0
2229	10447	3	1.0
2360	10447	3	1.0
339	10448	3	1.0
569	10448	3	1.0
738	10448	3	1.0
839	10448	3	1.0
867	10448	3	1.0
924	10448	3	1.0
926	10448	3	1.0
950	10448	3	1.0
1174	10448	3	1.0
1914	10448	3	1.0
2048	10448	3	1.0
2128	10448	3	1.0
2380	10448	3	1.0
2386	10448	3	1.0
340	10449	3	1.0
392	10449	3	1.0
623	10449	3	1.0
829	10449	3	1.0
834	10449	3	1.0
951	10449	3	1.0
1031	10449	3	1.0
1130	10449	3	1.0
1142	10449	3	1.0
1223	10449	3	1.0
1258	10449	3	1.0
1489	10449	3	1.0
1772	10449	3	1.0
2049	10449	3	1.0
2076	10449	3	1.0
2222	10449	3	1.0
2326	10449	3	1.0
2346	10449	3	1.0
341	10450	3	1.0
347	10451	3	1.0
712	10451	3	1.0
1007	10451	3	1.0
2212	10451	3	1.0
2424	10451	3	1.0
348	10452	3	1.0
350	10453	3	1.0
352	10453	3	1.0
415	10453	3	1.0
468	10453	3	1.0
604	10453	3	1.0
631	10453	3	1.0
667	10453	3	1.0
684	10453	3	1.0
698	10453	3	1.0
732	10453	3	1.0
744	10453	3	1.0
753	10453	3	1.0
781	10453	3	1.0
847	10453	3	1.0
863	10453	3	1.0
875	10453	3	1.0
978	10453	3	1.0
1040	10453	3	1.0
1120	10453	3	1.0
1156	10453	3	1.0
1196	10453	3	1.0
1221	10453	3	1.0
1409	10453	3	1.0
1418	10453	3	1.0
1446	10453	3	1.0
1459	10453	3	1.0
1482	10453	3	1.0
1497	10453	3	1.0
1582	10453	3	1.0
1608	10453	3	1.0
1705	10453	3	1.0
1779	10453	3	1.0
1819	10453	3	1.0
1825	10453	3	1.0
1829	10453	3	1.0
1949	10453	3	1.0
1970	10453	3	1.0
2038	10453	3	1.0
2046	10453	3	1.0
2066	10453	3	1.0
2080	10453	3	1.0
2172	10453	3	1.0
2208	10453	3	1.0
2220	10453	3	1.0
2281	10453	3	1.0
2442	10453	3	1.0
2506	10453	3	1.0
2715	10453	3	1.0
2748	10453	3	1.0
2757	10453	3	1.0
2770	10453	3	1.0
351	10454	3	1.0
893	10454	3	1.0
1113	10454	3	1.0
2398	10454	3	1.0
353	10455	3	1.0
495	10455	3	1.0
665	10455	3	1.0
705	10455	3	1.0
1095	10455	3	1.0
1148	10455	3	1.0
1191	10455	3	1.0
1337	10455	3	1.0
1690	10455	3	1.0
1973	10455	3	1.0
2026	10455	3	1.0
2069	10455	3	1.0
2111	10455	3	1.0
2185	10455	3	1.0
2238	10455	3	1.0
2348	10455	3	1.0
2444	10455	3	1.0
359	10456	3	1.0
1096	10456	3	1.0
2266	10456	3	1.0
362	10457	3	1.0
370	10458	3	1.0
612	10458	3	1.0
790	10458	3	1.0
908	10458	3	1.0
1085	10458	3	1.0
1212	10458	3	1.0
1307	10458	3	1.0
1548	10458	3	1.0
1620	10458	3	1.0
1627	10458	3	1.0
1830	10458	3	1.0
1894	10458	3	1.0
2118	10458	3	1.0
2156	10458	3	1.0
2221	10458	3	1.0
2435	10458	3	1.0
2505	10458	3	1.0
372	10459	3	1.0
447	10459	3	1.0
464	10459	3	1.0
576	10459	3	1.0
627	10459	3	1.0
636	10459	3	1.0
779	10459	3	1.0
833	10459	3	1.0
860	10459	3	1.0
923	10459	3	1.0
953	10459	3	1.0
979	10459	3	1.0
994	10459	3	1.0
1052	10459	3	1.0
1209	10459	3	1.0
1311	10459	3	1.0
1319	10459	3	1.0
1377	10459	3	1.0
1386	10459	3	1.0
1490	10459	3	1.0
1495	10459	3	1.0
1601	10459	3	1.0
1707	10459	3	1.0
1815	10459	3	1.0
1816	10459	3	1.0
1818	10459	3	1.0
1971	10459	3	1.0
2017	10459	3	1.0
2051	10459	3	1.0
2104	10459	3	1.0
2122	10459	3	1.0
2153	10459	3	1.0
2210	10459	3	1.0
2234	10459	3	1.0
2308	10459	3	1.0
2317	10459	3	1.0
2342	10459	3	1.0
2350	10459	3	1.0
2352	10459	3	1.0
2389	10459	3	1.0
2405	10459	3	1.0
2443	10459	3	1.0
2493	10459	3	1.0
2726	10459	3	1.0
373	10460	3	1.0
399	10460	3	1.0
530	10460	3	1.0
613	10460	3	1.0
775	10460	3	1.0
1806	10460	3	1.0
1915	10460	3	1.0
1974	10460	3	1.0
2276	10460	3	1.0
2344	10460	3	1.0
2455	10460	3	1.0
2485	10460	3	1.0
378	10461	3	1.0
398	10461	3	1.0
429	10461	3	1.0
494	10461	3	1.0
639	10461	3	1.0
655	10461	3	1.0
850	10461	3	1.0
870	10461	3	1.0
1009	10461	3	1.0
1037	10461	3	1.0
1231	10461	3	1.0
1381	10461	3	1.0
1431	10461	3	1.0
1445	10461	3	1.0
1471	10461	3	1.0
1932	10461	3	1.0
1981	10461	3	1.0
2089	10461	3	1.0
2183	10461	3	1.0
2392	10461	3	1.0
380	10462	3	1.0
1180	10462	3	1.0
1401	10462	3	1.0
381	10463	3	1.0
388	10464	3	1.0
731	10464	3	1.0
835	10464	3	1.0
1571	10464	3	1.0
390	10465	3	1.0
391	10466	3	1.0
600	10466	3	1.0
2318	10466	3	1.0
395	10467	3	1.0
602	10467	3	1.0
679	10467	3	1.0
820	10467	3	1.0
1027	10467	3	1.0
1039	10467	3	1.0
1088	10467	3	1.0
1169	10467	3	1.0
1181	10467	3	1.0
1237	10467	3	1.0
1268	10467	3	1.0
1390	10467	3	1.0
1466	10467	3	1.0
1480	10467	3	1.0
1487	10467	3	1.0
1687	10467	3	1.0
1761	10467	3	1.0
1767	10467	3	1.0
1781	10467	3	1.0
2168	10467	3	1.0
2203	10467	3	1.0
2242	10467	3	1.0
2509	10467	3	1.0
402	10468	3	1.0
443	10468	3	1.0
462	10468	3	1.0
484	10468	3	1.0
523	10468	3	1.0
802	10468	3	1.0
808	10468	3	1.0
885	10468	3	1.0
889	10468	3	1.0
1078	10468	3	1.0
1101	10468	3	1.0
1102	10468	3	1.0
1116	10468	3	1.0
1335	10468	3	1.0
1473	10468	3	1.0
1501	10468	3	1.0
1521	10468	3	1.0
1533	10468	3	1.0
1567	10468	3	1.0
1636	10468	3	1.0
1638	10468	3	1.0
1734	10468	3	1.0
1921	10468	3	1.0
2081	10468	3	1.0
2082	10468	3	1.0
2170	10468	3	1.0
2214	10468	3	1.0
2253	10468	3	1.0
2390	10468	3	1.0
2497	10468	3	1.0
2503	10468	3	1.0
406	10469	3	1.0
735	10469	3	1.0
1730	10469	3	1.0
1805	10469	3	1.0
2061	10469	3	1.0
2230	10469	3	1.0
2272	10469	3	1.0
2289	10469	3	1.0
407	10470	3	1.0
711	10470	3	1.0
930	10470	3	1.0
1756	10470	3	1.0
2762	10470	3	1.0
2764	10470	3	1.0
408	10471	3	1.0
440	10471	3	1.0
645	10471	3	1.0
681	10471	3	1.0
825	10471	3	1.0
884	10471	3	1.0
900	10471	3	1.0
1060	10471	3	1.0
1297	10471	3	1.0
1532	10471	3	1.0
1861	10471	3	1.0
1910	10471	3	1.0
2037	10471	3	1.0
2050	10471	3	1.0
2077	10471	3	1.0
2480	10471	3	1.0
411	10472	3	1.0
528	10472	3	1.0
856	10472	3	1.0
934	10472	3	1.0
1405	10472	3	1.0
1413	10472	3	1.0
1438	10472	3	1.0
1454	10472	3	1.0
1673	10472	3	1.0
2075	10472	3	1.0
2108	10472	3	1.0
2206	10472	3	1.0
2307	10472	3	1.0
2370	10472	3	1.0
2400	10472	3	1.0
2425	10472	3	1.0
412	10473	3	1.0
538	10473	3	1.0
663	10473	3	1.0
1793	10473	3	1.0
1950	10473	3	1.0
2199	10473	3	1.0
413	10474	3	1.0
422	10475	3	1.0
649	10475	3	1.0
713	10475	3	1.0
733	10475	3	1.0
816	10475	3	1.0
1017	10475	3	1.0
1056	10475	3	1.0
1192	10475	3	1.0
1240	10475	3	1.0
1320	10475	3	1.0
1416	10475	3	1.0
1439	10475	3	1.0
1453	10475	3	1.0
1610	10475	3	1.0
1807	10475	3	1.0
1853	10475	3	1.0
1858	10475	3	1.0
1956	10475	3	1.0
2013	10475	3	1.0
2014	10475	3	1.0
2198	10475	3	1.0
2224	10475	3	1.0
2467	10475	3	1.0
2536	10475	3	1.0
2537	10475	3	1.0
2545	10475	3	1.0
2546	10475	3	1.0
425	10476	3	1.0
687	10476	3	1.0
430	10477	3	1.0
1296	10477	3	1.0
1427	10477	3	1.0
435	10478	3	1.0
730	10478	3	1.0
768	10478	3	1.0
786	10478	3	1.0
1256	10478	3	1.0
1348	10478	3	1.0
1380	10478	3	1.0
1404	10478	3	1.0
1437	10478	3	1.0
1498	10478	3	1.0
1587	10478	3	1.0
1644	10478	3	1.0
1723	10478	3	1.0
1753	10478	3	1.0
1875	10478	3	1.0
2004	10478	3	1.0
2083	10478	3	1.0
2129	10478	3	1.0
2264	10478	3	1.0
2287	10478	3	1.0
2396	10478	3	1.0
2410	10478	3	1.0
2418	10478	3	1.0
439	10479	3	1.0
699	10479	3	1.0
441	10480	3	1.0
458	10480	3	1.0
514	10480	3	1.0
520	10480	3	1.0
589	10480	3	1.0
789	10480	3	1.0
805	10480	3	1.0
1045	10480	3	1.0
1054	10480	3	1.0
1074	10480	3	1.0
1117	10480	3	1.0
1178	10480	3	1.0
1357	10480	3	1.0
1367	10480	3	1.0
1485	10480	3	1.0
1733	10480	3	1.0
1755	10480	3	1.0
1876	10480	3	1.0
1893	10480	3	1.0
1976	10480	3	1.0
2055	10480	3	1.0
2377	10480	3	1.0
2414	10480	3	1.0
2474	10480	3	1.0
452	10481	3	1.0
765	10481	3	1.0
1086	10481	3	1.0
1219	10481	3	1.0
2019	10481	3	1.0
2403	10481	3	1.0
453	10482	3	1.0
763	10482	3	1.0
1341	10482	3	1.0
1434	10482	3	1.0
1547	10482	3	1.0
1597	10482	3	1.0
1800	10482	3	1.0
1810	10482	3	1.0
2043	10482	3	1.0
2078	10482	3	1.0
2353	10482	3	1.0
2453	10482	3	1.0
2600	10482	3	1.0
460	10483	3	1.0
555	10483	3	1.0
622	10483	3	1.0
469	10484	3	1.0
580	10484	3	1.0
470	10485	3	1.0
682	10485	3	1.0
793	10485	3	1.0
827	10485	3	1.0
1513	10485	3	1.0
2634	10485	3	1.0
474	10486	3	1.0
2282	10486	3	1.0
2732	10486	3	1.0
479	10487	3	1.0
2525	10487	3	1.0
480	10488	3	1.0
493	10488	3	1.0
1150	10488	3	1.0
1556	10488	3	1.0
1811	10488	3	1.0
1906	10488	3	1.0
2058	10488	3	1.0
481	10489	3	1.0
487	10490	3	1.0
918	10490	3	1.0
933	10490	3	1.0
1105	10490	3	1.0
1681	10490	3	1.0
1684	10490	3	1.0
1711	10490	3	1.0
1925	10490	3	1.0
2119	10490	3	1.0
2141	10490	3	1.0
2194	10490	3	1.0
2447	10490	3	1.0
489	10491	3	1.0
1677	10491	3	1.0
491	10492	3	1.0
758	10492	3	1.0
492	10493	3	1.0
496	10494	3	1.0
575	10494	3	1.0
925	10494	3	1.0
1706	10494	3	1.0
501	10495	3	1.0
1064	10495	3	1.0
2126	10495	3	1.0
502	10496	3	1.0
898	10496	3	1.0
505	10497	3	1.0
1954	10497	3	1.0
513	10498	3	1.0
526	10499	3	1.0
527	10500	3	1.0
771	10500	3	1.0
871	10500	3	1.0
532	10501	3	1.0
1625	10501	3	1.0
2628	10501	3	1.0
2675	10501	3	1.0
2676	10501	3	1.0
2677	10501	3	1.0
2679	10501	3	1.0
2680	10501	3	1.0
2682	10501	3	1.0
2683	10501	3	1.0
2684	10501	3	1.0
2685	10501	3	1.0
2686	10501	3	1.0
2687	10501	3	1.0
2688	10501	3	1.0
2689	10501	3	1.0
2690	10501	3	1.0
2699	10501	3	1.0
2709	10501	3	1.0
2710	10501	3	1.0
2712	10501	3	1.0
2714	10501	3	1.0
2740	10501	3	1.0
2755	10501	3	1.0
2766	10501	3	1.0
553	10502	3	1.0
1059	10502	3	1.0
1436	10502	3	1.0
1719	10502	3	1.0
2751	10502	3	1.0
559	10503	3	1.0
942	10503	3	1.0
989	10503	3	1.0
1051	10503	3	1.0
1499	10503	3	1.0
566	10504	3	1.0
777	10504	3	1.0
1512	10504	3	1.0
1702	10504	3	1.0
2248	10504	3	1.0
2267	10504	3	1.0
573	10505	3	1.0
584	10506	3	1.0
585	10507	3	1.0
586	10508	3	1.0
1731	10508	3	1.0
592	10509	3	1.0
1968	10509	3	1.0
603	10510	3	1.0
625	10510	3	1.0
852	10510	3	1.0
972	10510	3	1.0
1244	10510	3	1.0
1791	10510	3	1.0
1946	10510	3	1.0
609	10511	3	1.0
1651	10511	3	1.0
619	10512	3	1.0
980	10512	3	1.0
1995	10512	3	1.0
635	10513	3	1.0
882	10513	3	1.0
1097	10513	3	1.0
637	10514	3	1.0
642	10515	3	1.0
751	10515	3	1.0
756	10515	3	1.0
778	10515	3	1.0
785	10515	3	1.0
864	10515	3	1.0
1115	10515	3	1.0
1260	10515	3	1.0
1309	10515	3	1.0
1321	10515	3	1.0
1618	10515	3	1.0
1725	10515	3	1.0
1798	10515	3	1.0
1812	10515	3	1.0
1844	10515	3	1.0
2157	10515	3	1.0
2216	10515	3	1.0
2291	10515	3	1.0
2747	10515	3	1.0
651	10516	3	1.0
653	10517	3	1.0
657	10518	3	1.0
683	10518	3	1.0
760	10518	3	1.0
1374	10518	3	1.0
1600	10518	3	1.0
1923	10518	3	1.0
1987	10518	3	1.0
659	10519	3	1.0
1206	10519	3	1.0
1909	10519	3	1.0
2271	10519	3	1.0
669	10520	3	1.0
766	10520	3	1.0
1295	10520	3	1.0
2487	10520	3	1.0
674	10521	3	1.0
1230	10521	3	1.0
676	10522	3	1.0
2174	10522	3	1.0
2753	10522	3	1.0
680	10523	3	1.0
1433	10523	3	1.0
1649	10523	3	1.0
694	10524	3	1.0
1157	10524	3	1.0
697	10525	3	1.0
1090	10525	3	1.0
1292	10525	3	1.0
703	10526	3	1.0
1125	10526	3	1.0
1179	10526	3	1.0
2035	10526	3	1.0
2312	10526	3	1.0
714	10527	3	1.0
1279	10527	3	1.0
2716	10527	3	1.0
2721	10527	3	1.0
2729	10527	3	1.0
720	10528	3	1.0
1252	10528	3	1.0
724	10529	3	1.0
736	10530	3	1.0
2042	10530	3	1.0
737	10531	3	1.0
1188	10531	3	1.0
1544	10531	3	1.0
2211	10531	3	1.0
2268	10531	3	1.0
2750	10531	3	1.0
739	10532	3	1.0
746	10533	3	1.0
1425	10533	3	1.0
2313	10533	3	1.0
759	10534	3	1.0
787	10535	3	1.0
883	10535	3	1.0
1306	10535	3	1.0
800	10536	3	1.0
1349	10536	3	1.0
2101	10536	3	1.0
819	10537	3	1.0
1406	10537	3	1.0
822	10538	3	1.0
826	10539	3	1.0
838	10540	3	1.0
1314	10540	3	1.0
1419	10540	3	1.0
1637	10540	3	1.0
1784	10540	3	1.0
2180	10540	3	1.0
2706	10540	3	1.0
861	10541	3	1.0
1186	10541	3	1.0
878	10542	3	1.0
890	10543	3	1.0
1518	10543	3	1.0
2247	10543	3	1.0
891	10544	3	1.0
1281	10544	3	1.0
1325	10544	3	1.0
892	10545	3	1.0
903	10546	3	1.0
2393	10546	3	1.0
916	10547	3	1.0
920	10548	3	1.0
2139	10548	3	1.0
2251	10548	3	1.0
2367	10548	3	1.0
922	10549	3	1.0
2065	10549	3	1.0
929	10550	3	1.0
931	10551	3	1.0
935	10552	3	1.0
937	10553	3	1.0
1443	10553	3	1.0
1549	10553	3	1.0
1596	10553	3	1.0
1883	10553	3	1.0
1886	10553	3	1.0
1988	10553	3	1.0
2027	10553	3	1.0
2245	10553	3	1.0
2256	10553	3	1.0
2259	10553	3	1.0
2260	10553	3	1.0
959	10554	3	1.0
1200	10554	3	1.0
2059	10554	3	1.0
992	10555	3	1.0
1058	10555	3	1.0
1197	10555	3	1.0
1578	10555	3	1.0
1794	10555	3	1.0
2067	10555	3	1.0
2734	10555	3	1.0
2767	10555	3	1.0
2771	10555	3	1.0
1019	10556	3	1.0
1020	10557	3	1.0
1021	10558	3	1.0
1022	10559	3	1.0
1029	10560	3	1.0
1193	10560	3	1.0
1324	10560	3	1.0
1033	10561	3	1.0
1187	10561	3	1.0
1266	10561	3	1.0
1927	10561	3	1.0
1940	10561	3	1.0
2481	10561	3	1.0
2658	10561	3	1.0
1057	10562	3	1.0
2691	10562	3	1.0
1089	10563	3	1.0
1104	10564	3	1.0
1114	10565	3	1.0
1190	10565	3	1.0
1138	10566	3	1.0
1749	10566	3	1.0
2232	10566	3	1.0
2252	10566	3	1.0
1158	10567	3	1.0
1328	10567	3	1.0
1170	10568	3	1.0
1175	10569	3	1.0
1395	10569	3	1.0
1680	10569	3	1.0
1746	10569	3	1.0
2320	10569	3	1.0
2329	10569	3	1.0
1176	10570	3	1.0
1270	10570	3	1.0
1278	10570	3	1.0
1198	10571	3	1.0
1751	10571	3	1.0
2113	10571	3	1.0
2121	10571	3	1.0
1220	10572	3	1.0
1560	10572	3	1.0
1765	10572	3	1.0
2428	10572	3	1.0
2769	10572	3	1.0
1236	10573	3	1.0
1247	10574	3	1.0
1254	10575	3	1.0
1273	10576	3	1.0
2143	10576	3	1.0
2319	10576	3	1.0
1289	10577	3	1.0
1293	10578	3	1.0
1441	10578	3	1.0
1299	10579	3	1.0
1689	10579	3	1.0
1958	10579	3	1.0
2599	10579	3	1.0
2605	10579	3	1.0
1300	10580	3	1.0
1327	10580	3	1.0
1359	10581	3	1.0
1360	10582	3	1.0
1508	10582	3	1.0
1778	10582	3	1.0
1880	10582	3	1.0
2371	10582	3	1.0
2567	10582	3	1.0
1363	10583	3	1.0
1370	10584	3	1.0
2601	10584	3	1.0
2602	10584	3	1.0
2606	10584	3	1.0
2697	10584	3	1.0
1382	10585	3	1.0
1448	10585	3	1.0
1447	10586	3	1.0
1713	10586	3	1.0
1451	10587	3	1.0
1492	10587	3	1.0
1536	10587	3	1.0
1569	10587	3	1.0
1581	10587	3	1.0
1633	10587	3	1.0
1639	10587	3	1.0
1646	10587	3	1.0
1685	10587	3	1.0
1694	10587	3	1.0
1770	10587	3	1.0
1828	10587	3	1.0
1831	10587	3	1.0
1837	10587	3	1.0
1868	10587	3	1.0
1882	10587	3	1.0
1897	10587	3	1.0
1905	10587	3	1.0
1955	10587	3	1.0
1996	10587	3	1.0
2029	10587	3	1.0
2088	10587	3	1.0
2219	10587	3	1.0
2227	10587	3	1.0
2239	10587	3	1.0
2255	10587	3	1.0
2270	10587	3	1.0
2338	10587	3	1.0
2381	10587	3	1.0
2441	10587	3	1.0
2452	10587	3	1.0
2613	10587	3	1.0
1456	10588	3	1.0
1546	10588	3	1.0
1460	10589	3	1.0
2586	10589	3	1.0
2742	10589	3	1.0
1478	10590	3	1.0
1493	10590	3	1.0
1509	10590	3	1.0
1529	10590	3	1.0
1663	10590	3	1.0
1797	10590	3	1.0
2412	10590	3	1.0
1506	10591	3	1.0
1510	10592	3	1.0
1525	10593	3	1.0
1526	10594	3	1.0
1539	10595	3	1.0
1563	10596	3	1.0
1570	10597	3	1.0
2123	10597	3	1.0
2202	10597	3	1.0
1575	10598	3	1.0
2189	10598	3	1.0
1664	10599	3	1.0
1669	10600	3	1.0
1674	10601	3	1.0
1678	10602	3	1.0
1737	10603	3	1.0
1766	10603	3	1.0
1947	10603	3	1.0
2149	10603	3	1.0
1774	10604	3	1.0
1796	10605	3	1.0
2006	10605	3	1.0
1814	10606	3	1.0
2451	10606	3	1.0
1873	10607	3	1.0
1887	10608	3	1.0
1902	10609	3	1.0
1941	10610	3	1.0
2521	10610	3	1.0
1945	10611	3	1.0
2237	10611	3	1.0
1994	10612	3	1.0
2040	10613	3	1.0
2090	10614	3	1.0
2151	10615	3	1.0
2169	10616	3	1.0
2529	10616	3	1.0
2241	10617	3	1.0
2665	10617	3	1.0
2336	10618	3	1.0
2361	10619	3	1.0
2378	10620	3	1.0
2411	10621	3	1.0
2466	10622	3	1.0
2512	10623	3	1.0
2523	10624	3	1.0
2570	10624	3	1.0
2533	10625	3	1.0
2562	10626	3	1.0
2577	10627	3	1.0
2582	10628	3	1.0
2598	10629	3	1.0
2763	10629	3	1.0
2603	10630	3	1.0
2604	10631	3	1.0
2614	10632	3	1.0
2620	10633	3	1.0
2626	10634	3	1.0
2638	10635	3	1.0
2652	10635	3	1.0
2657	10636	3	1.0
2661	10637	3	1.0
2669	10638	3	1.0
2673	10639	3	1.0
2703	10639	3	1.0
2674	10640	3	1.0
2678	10640	3	1.0
2702	10640	3	1.0
2681	10641	3	1.0
2700	10642	3	1.0
2765	10642	3	1.0
2704	10643	3	1.0
2724	10644	3	1.0
2728	10645	3	1.0
2735	10646	3	1.0
2738	10647	3	1.0
2754	10647	3	1.0
2761	10647	3	1.0
2739	10648	3	1.0
2768	10649	3	1.0
10341	0	4	1.0
10341	1	4	1.0
10341	13	4	1.0
10341	35	4	1.0
10341	44	4	1.0
10341	90	4	1.0
10341	91	4	1.0
10341	108	4	1.0
10341	109	4	1.0
10341	1385	4	1.0
10341	1461	4	1.0
10341	1474	4	1.0
10341	1913	4	1.0
10341	2096	4	1.0
10341	2258	4	1.0
10341	2309	4	1.0
10341	2406	4	1.0
10341	2409	4	1.0
10341	2440	4	1.0
10341	2496	4	1.0
10341	2524	4	1.0
10341	2526	4	1.0
10341	2528	4	1.0
10341	2531	4	1.0
10341	2569	4	1.0
10341	2573	4	1.0
10341	2591	4	1.0
10341	2595	4	1.0
10341	2611	4	1.0
10341	2746	4	1.0
10342	2	4	1.0
10342	8	4	1.0
10342	14	4	1.0
10342	21	4	1.0
10342	67	4	1.0
10342	72	4	1.0
10342	83	4	1.0
10342	94	4	1.0
10342	123	4	1.0
10342	124	4	1.0
10342	126	4	1.0
10342	130	4	1.0
10342	134	4	1.0
10342	145	4	1.0
10342	149	4	1.0
10342	156	4	1.0
10342	159	4	1.0
10342	163	4	1.0
10342	174	4	1.0
10342	211	4	1.0
10342	1783	4	1.0
10342	1984	4	1.0
10342	2146	4	1.0
10342	2387	4	1.0
10342	2574	4	1.0
10342	2646	4	1.0
10342	2647	4	1.0
10343	3	4	1.0
10343	10	4	1.0
10343	15	4	1.0
10343	18	4	1.0
10343	20	4	1.0
10343	30	4	1.0
10343	34	4	1.0
10343	39	4	1.0
10343	49	4	1.0
10343	50	4	1.0
10343	53	4	1.0
10343	62	4	1.0
10343	69	4	1.0
10343	70	4	1.0
10343	74	4	1.0
10343	78	4	1.0
10343	93	4	1.0
10343	95	4	1.0
10343	106	4	1.0
10343	136	4	1.0
10343	139	4	1.0
10343	142	4	1.0
10343	148	4	1.0
10343	150	4	1.0
10343	173	4	1.0
10343	177	4	1.0
10343	182	4	1.0
10343	187	4	1.0
10343	193	4	1.0
10343	197	4	1.0
10343	201	4	1.0
10343	208	4	1.0
10343	226	4	1.0
10343	237	4	1.0
10343	241	4	1.0
10343	245	4	1.0
10343	249	4	1.0
10343	260	4	1.0
10343	282	4	1.0
10343	284	4	1.0
10343	1537	4	1.0
10343	2331	4	1.0
10343	2407	4	1.0
10343	2468	4	1.0
10343	2513	4	1.0
10343	2519	4	1.0
10343	2532	4	1.0
10343	2565	4	1.0
10343	2660	4	1.0
10343	2671	4	1.0
10344	4	4	1.0
10344	5	4	1.0
10345	6	4	1.0
10345	31	4	1.0
10345	42	4	1.0
10345	79	4	1.0
10345	116	4	1.0
10345	217	4	1.0
10345	238	4	1.0
10345	248	4	1.0
10345	256	4	1.0
10345	264	4	1.0
10345	1871	4	1.0
10345	1884	4	1.0
10345	2231	4	1.0
10345	2249	4	1.0
10345	2290	4	1.0
10345	2434	4	1.0
10345	2522	4	1.0
10345	2583	4	1.0
10345	2585	4	1.0
10345	2588	4	1.0
10345	2593	4	1.0
10345	2594	4	1.0
10346	7	4	1.0
10346	61	4	1.0
10346	135	4	1.0
10346	184	4	1.0
10346	250	4	1.0
10346	2057	4	1.0
10346	2339	4	1.0
10346	2516	4	1.0
10347	9	4	1.0
10347	232	4	1.0
10347	2158	4	1.0
10347	2656	4	1.0
10347	2718	4	1.0
10348	11	4	1.0
10348	283	4	1.0
10349	12	4	1.0
10349	26	4	1.0
10349	59	4	1.0
10349	71	4	1.0
10349	84	4	1.0
10349	87	4	1.0
10349	96	4	1.0
10349	112	4	1.0
10349	151	4	1.0
10349	288	4	1.0
10349	2351	4	1.0
10350	16	4	1.0
10351	17	4	1.0
10351	56	4	1.0
10351	89	4	1.0
10351	164	4	1.0
10351	185	4	1.0
10351	239	4	1.0
10351	1881	4	1.0
10351	1896	4	1.0
10351	2527	4	1.0
10351	2722	4	1.0
10352	19	4	1.0
10352	22	4	1.0
10352	28	4	1.0
10352	29	4	1.0
10352	36	4	1.0
10352	38	4	1.0
10352	40	4	1.0
10352	57	4	1.0
10352	60	4	1.0
10352	77	4	1.0
10352	88	4	1.0
10352	110	4	1.0
10352	147	4	1.0
10352	198	4	1.0
10352	199	4	1.0
10352	203	4	1.0
10352	209	4	1.0
10352	230	4	1.0
10352	233	4	1.0
10352	251	4	1.0
10352	267	4	1.0
10352	1626	4	1.0
10352	1662	4	1.0
10352	1728	4	1.0
10352	1948	4	1.0
10352	2316	4	1.0
10352	2711	4	1.0
10353	23	4	1.0
10354	24	4	1.0
10354	41	4	1.0
10354	45	4	1.0
10354	47	4	1.0
10354	81	4	1.0
10354	107	4	1.0
10354	120	4	1.0
10354	121	4	1.0
10354	128	4	1.0
10354	171	4	1.0
10354	186	4	1.0
10354	242	4	1.0
10354	252	4	1.0
10354	1376	4	1.0
10354	1393	4	1.0
10354	1528	4	1.0
10354	1594	4	1.0
10354	1604	4	1.0
10354	1623	4	1.0
10354	1661	4	1.0
10354	1969	4	1.0
10354	1978	4	1.0
10354	2053	4	1.0
10354	2106	4	1.0
10354	2137	4	1.0
10354	2225	4	1.0
10354	2257	4	1.0
10354	2273	4	1.0
10354	2429	4	1.0
10354	2518	4	1.0
10354	2736	4	1.0
10354	2745	4	1.0
10355	25	4	1.0
10355	229	4	1.0
10355	1344	4	1.0
10356	27	4	1.0
10356	234	4	1.0
10357	32	4	1.0
10357	1640	4	1.0
10357	1653	4	1.0
10357	1671	4	1.0
10357	1735	4	1.0
10357	1776	4	1.0
10357	1928	4	1.0
10357	1936	4	1.0
10357	2041	4	1.0
10357	2064	4	1.0
10357	2094	4	1.0
10357	2099	4	1.0
10357	2138	4	1.0
10357	2165	4	1.0
10357	2186	4	1.0
10357	2297	4	1.0
10357	2333	4	1.0
10357	2340	4	1.0
10357	2388	4	1.0
10357	2589	4	1.0
10357	2590	4	1.0
10357	2592	4	1.0
10358	33	4	1.0
10358	76	4	1.0
10358	113	4	1.0
10358	153	4	1.0
10358	210	4	1.0
10358	223	4	1.0
10358	244	4	1.0
10358	254	4	1.0
10358	269	4	1.0
10358	1789	4	1.0
10358	2470	4	1.0
10359	37	4	1.0
10359	140	4	1.0
10359	157	4	1.0
10359	166	4	1.0
10359	290	4	1.0
10359	2134	4	1.0
10359	2420	4	1.0
10359	2517	4	1.0
10359	2708	4	1.0
10360	43	4	1.0
10360	92	4	1.0
10360	146	4	1.0
10360	181	4	1.0
10360	190	4	1.0
10360	224	4	1.0
10360	358	4	1.0
10360	424	4	1.0
10360	591	4	1.0
10360	621	4	1.0
10360	902	4	1.0
10360	906	4	1.0
10360	936	4	1.0
10360	960	4	1.0
10360	997	4	1.0
10360	1012	4	1.0
10360	1061	4	1.0
10360	1161	4	1.0
10360	1211	4	1.0
10360	1345	4	1.0
10360	1415	4	1.0
10360	1429	4	1.0
10360	1432	4	1.0
10360	1440	4	1.0
10360	1464	4	1.0
10360	1477	4	1.0
10360	1520	4	1.0
10360	1545	4	1.0
10360	1683	4	1.0
10360	1743	4	1.0
10360	1754	4	1.0
10360	1768	4	1.0
10360	1963	4	1.0
10360	2003	4	1.0
10360	2015	4	1.0
10360	2109	4	1.0
10360	2201	4	1.0
10360	2235	4	1.0
10360	2354	4	1.0
10360	2436	4	1.0
10360	2498	4	1.0
10360	2547	4	1.0
10360	2549	4	1.0
10360	2550	4	1.0
10360	2554	4	1.0
10360	2555	4	1.0
10360	2558	4	1.0
10360	2560	4	1.0
10360	2584	4	1.0
10361	46	4	1.0
10361	125	4	1.0
10361	169	4	1.0
10361	188	4	1.0
10361	286	4	1.0
10361	327	4	1.0
10361	709	4	1.0
10361	1184	4	1.0
10361	1764	4	1.0
10361	2133	4	1.0
10361	2261	4	1.0
10361	2631	4	1.0
10361	2635	4	1.0
10361	2636	4	1.0
10361	2637	4	1.0
10361	2639	4	1.0
10361	2641	4	1.0
10361	2643	4	1.0
10361	2645	4	1.0
10361	2651	4	1.0
10361	2653	4	1.0
10362	48	4	1.0
10362	64	4	1.0
10362	86	4	1.0
10362	115	4	1.0
10362	131	4	1.0
10362	204	4	1.0
10362	255	4	1.0
10362	1836	4	1.0
10362	1862	4	1.0
10362	2000	4	1.0
10362	2279	4	1.0
10362	2607	4	1.0
10362	2707	4	1.0
10363	51	4	1.0
10363	97	4	1.0
10363	172	4	1.0
10363	183	4	1.0
10363	1827	4	1.0
10363	2162	4	1.0
10363	2515	4	1.0
10363	2741	4	1.0
10363	2759	4	1.0
10364	52	4	1.0
10365	54	4	1.0
10366	55	4	1.0
10366	2571	4	1.0
10367	58	4	1.0
10367	1718	4	1.0
10367	2575	4	1.0
10367	2655	4	1.0
10368	63	4	1.0
10368	2032	4	1.0
10369	65	4	1.0
10369	191	4	1.0
10369	206	4	1.0
10369	279	4	1.0
10369	1369	4	1.0
10369	1398	4	1.0
10369	1568	4	1.0
10369	1585	4	1.0
10369	1611	4	1.0
10369	1739	4	1.0
10369	1986	4	1.0
10369	2131	4	1.0
10369	2274	4	1.0
10369	2538	4	1.0
10369	2544	4	1.0
10369	2551	4	1.0
10369	2552	4	1.0
10369	2553	4	1.0
10369	2557	4	1.0
10369	2564	4	1.0
10369	2760	4	1.0
10370	66	4	1.0
10371	68	4	1.0
10371	99	4	1.0
10372	73	4	1.0
10372	438	4	1.0
10372	640	4	1.0
10372	706	4	1.0
10372	725	4	1.0
10372	806	4	1.0
10372	1023	4	1.0
10372	1048	4	1.0
10372	1108	4	1.0
10372	1214	4	1.0
10372	1217	4	1.0
10372	1322	4	1.0
10372	1343	4	1.0
10372	1387	4	1.0
10372	1391	4	1.0
10372	1507	4	1.0
10372	1531	4	1.0
10372	1552	4	1.0
10372	1621	4	1.0
10372	1632	4	1.0
10372	1634	4	1.0
10372	1692	4	1.0
10372	1826	4	1.0
10372	1842	4	1.0
10372	1892	4	1.0
10372	1957	4	1.0
10372	1999	4	1.0
10372	2011	4	1.0
10372	2063	4	1.0
10372	2102	4	1.0
10372	2116	4	1.0
10372	2171	4	1.0
10372	2299	4	1.0
10372	2402	4	1.0
10372	2432	4	1.0
10372	2439	4	1.0
10372	2446	4	1.0
10372	2448	4	1.0
10372	2458	4	1.0
10372	2510	4	1.0
10373	75	4	1.0
10373	119	4	1.0
10373	175	4	1.0
10373	215	4	1.0
10373	253	4	1.0
10373	257	4	1.0
10373	2422	4	1.0
10374	80	4	1.0
10375	82	4	1.0
10375	202	4	1.0
10376	85	4	1.0
10376	1559	4	1.0
10376	2627	4	1.0
10376	2705	4	1.0
10377	98	4	1.0
10377	246	4	1.0
10377	2047	4	1.0
10377	2323	4	1.0
10377	2587	4	1.0
10378	100	4	1.0
10378	129	4	1.0
10378	154	4	1.0
10378	1773	4	1.0
10378	1908	4	1.0
10378	2084	4	1.0
10378	2530	4	1.0
10378	2608	4	1.0
10378	2610	4	1.0
10378	2615	4	1.0
10378	2622	4	1.0
10378	2625	4	1.0
10378	2629	4	1.0
10378	2630	4	1.0
10378	2632	4	1.0
10378	2640	4	1.0
10378	2644	4	1.0
10378	2648	4	1.0
10378	2650	4	1.0
10379	101	4	1.0
10379	355	4	1.0
10379	810	4	1.0
10379	968	4	1.0
10379	1233	4	1.0
10379	1271	4	1.0
10379	1802	4	1.0
10379	2701	4	1.0
10379	2725	4	1.0
10379	2733	4	1.0
10379	2749	4	1.0
10380	102	4	1.0
10380	457	4	1.0
10380	529	4	1.0
10380	710	4	1.0
10380	741	4	1.0
10380	749	4	1.0
10380	788	4	1.0
10380	938	4	1.0
10380	954	4	1.0
10380	1617	4	1.0
10380	1642	4	1.0
10380	1866	4	1.0
10380	1972	4	1.0
10380	2107	4	1.0
10380	2120	4	1.0
10380	2163	4	1.0
10380	2196	4	1.0
10381	103	4	1.0
10382	104	4	1.0
10383	105	4	1.0
10383	369	4	1.0
10383	2772	4	1.0
10384	111	4	1.0
10384	387	4	1.0
10384	444	4	1.0
10384	512	4	1.0
10384	888	4	1.0
10384	985	4	1.0
10384	999	4	1.0
10384	1199	4	1.0
10384	1500	4	1.0
10384	1524	4	1.0
10385	114	4	1.0
10385	404	4	1.0
10385	844	4	1.0
10385	1063	4	1.0
10385	1189	4	1.0
10385	1229	4	1.0
10385	1312	4	1.0
10385	2445	4	1.0
10385	2578	4	1.0
10385	2580	4	1.0
10386	117	4	1.0
10386	161	4	1.0
10386	231	4	1.0
10386	261	4	1.0
10386	1712	4	1.0
10386	1788	4	1.0
10387	118	4	1.0
10387	122	4	1.0
10387	274	4	1.0
10387	2125	4	1.0
10388	127	4	1.0
10388	155	4	1.0
10388	227	4	1.0
10388	2454	4	1.0
10389	132	4	1.0
10390	133	4	1.0
10390	178	4	1.0
10390	2597	4	1.0
10390	2642	4	1.0
10390	2649	4	1.0
10390	2654	4	1.0
10391	137	4	1.0
10391	162	4	1.0
10391	268	4	1.0
10391	837	4	1.0
10391	842	4	1.0
10391	1030	4	1.0
10391	1394	4	1.0
10391	1486	4	1.0
10391	2305	4	1.0
10391	2349	4	1.0
10391	2719	4	1.0
10392	138	4	1.0
10392	167	4	1.0
10392	1704	4	1.0
10393	141	4	1.0
10394	143	4	1.0
10394	2182	4	1.0
10394	2633	4	1.0
10395	144	4	1.0
10395	270	4	1.0
10395	319	4	1.0
10395	376	4	1.0
10395	405	4	1.0
10395	583	4	1.0
10395	590	4	1.0
10395	723	4	1.0
10395	807	4	1.0
10395	874	4	1.0
10395	876	4	1.0
10395	945	4	1.0
10395	1006	4	1.0
10395	1076	4	1.0
10395	1141	4	1.0
10395	1166	4	1.0
10395	1323	4	1.0
10395	1352	4	1.0
10395	1481	4	1.0
10395	1550	4	1.0
10395	1616	4	1.0
10395	1762	4	1.0
10395	1833	4	1.0
10395	2025	4	1.0
10395	2154	4	1.0
10395	2176	4	1.0
10395	2215	4	1.0
10395	2295	4	1.0
10395	2332	4	1.0
10395	2373	4	1.0
10396	152	4	1.0
10396	194	4	1.0
10396	266	4	1.0
10396	295	4	1.0
10396	668	4	1.0
10396	704	4	1.0
10396	715	4	1.0
10396	774	4	1.0
10396	776	4	1.0
10396	840	4	1.0
10396	949	4	1.0
10396	993	4	1.0
10396	1041	4	1.0
10396	1317	4	1.0
10396	1365	4	1.0
10396	1558	4	1.0
10396	1709	4	1.0
10396	1741	4	1.0
10396	1745	4	1.0
10396	1799	4	1.0
10396	1929	4	1.0
10396	1962	4	1.0
10396	2001	4	1.0
10396	2002	4	1.0
10396	2135	4	1.0
10396	2324	4	1.0
10396	2372	4	1.0
10396	2383	4	1.0
10396	2449	4	1.0
10396	2472	4	1.0
10396	2507	4	1.0
10396	2543	4	1.0
10397	158	4	1.0
10398	160	4	1.0
10398	275	4	1.0
10398	277	4	1.0
10398	389	4	1.0
10398	396	4	1.0
10398	445	4	1.0
10398	483	4	1.0
10398	525	4	1.0
10398	534	4	1.0
10398	570	4	1.0
10398	632	4	1.0
10398	638	4	1.0
10398	678	4	1.0
10398	696	4	1.0
10398	799	4	1.0
10398	849	4	1.0
10398	854	4	1.0
10398	859	4	1.0
10398	866	4	1.0
10398	873	4	1.0
10398	880	4	1.0
10398	939	4	1.0
10398	974	4	1.0
10398	987	4	1.0
10398	1018	4	1.0
10398	1034	4	1.0
10398	1069	4	1.0
10398	1128	4	1.0
10398	1137	4	1.0
10398	1149	4	1.0
10398	1160	4	1.0
10398	1210	4	1.0
10398	1246	4	1.0
10398	1255	4	1.0
10398	1285	4	1.0
10398	1301	4	1.0
10398	1332	4	1.0
10398	1336	4	1.0
10398	1355	4	1.0
10398	1378	4	1.0
10398	1488	4	1.0
10398	1505	4	1.0
10398	1541	4	1.0
10398	1576	4	1.0
10398	1593	4	1.0
10398	1624	4	1.0
10398	1652	4	1.0
10398	1693	4	1.0
10398	1699	4	1.0
10398	1714	4	1.0
10398	1747	4	1.0
10398	1763	4	1.0
10398	1864	4	1.0
10398	1878	4	1.0
10398	1901	4	1.0
10398	1903	4	1.0
10398	1920	4	1.0
10398	1934	4	1.0
10398	2030	4	1.0
10398	2052	4	1.0
10398	2140	4	1.0
10398	2155	4	1.0
10398	2191	4	1.0
10398	2217	4	1.0
10398	2228	4	1.0
10398	2263	4	1.0
10398	2301	4	1.0
10398	2369	4	1.0
10398	2391	4	1.0
10398	2401	4	1.0
10398	2438	4	1.0
10398	2462	4	1.0
10398	2696	4	1.0
10399	165	4	1.0
10399	259	4	1.0
10399	276	4	1.0
10399	278	4	1.0
10399	281	4	1.0
10399	289	4	1.0
10399	291	4	1.0
10399	293	4	1.0
10399	296	4	1.0
10399	300	4	1.0
10399	317	4	1.0
10399	320	4	1.0
10399	332	4	1.0
10399	333	4	1.0
10399	356	4	1.0
10399	367	4	1.0
10399	377	4	1.0
10399	394	4	1.0
10399	401	4	1.0
10399	414	4	1.0
10399	423	4	1.0
10399	433	4	1.0
10399	461	4	1.0
10399	466	4	1.0
10399	499	4	1.0
10399	500	4	1.0
10399	508	4	1.0
10399	535	4	1.0
10399	537	4	1.0
10399	543	4	1.0
10399	544	4	1.0
10399	552	4	1.0
10399	554	4	1.0
10399	556	4	1.0
10399	564	4	1.0
10399	571	4	1.0
10399	578	4	1.0
10399	594	4	1.0
10399	596	4	1.0
10399	597	4	1.0
10399	607	4	1.0
10399	608	4	1.0
10399	610	4	1.0
10399	614	4	1.0
10399	615	4	1.0
10399	634	4	1.0
10399	660	4	1.0
10399	671	4	1.0
10399	672	4	1.0
10399	673	4	1.0
10399	677	4	1.0
10399	693	4	1.0
10399	700	4	1.0
10399	726	4	1.0
10399	727	4	1.0
10399	728	4	1.0
10399	740	4	1.0
10399	755	4	1.0
10399	767	4	1.0
10399	792	4	1.0
10399	796	4	1.0
10399	812	4	1.0
10399	817	4	1.0
10399	832	4	1.0
10399	845	4	1.0
10399	848	4	1.0
10399	851	4	1.0
10399	858	4	1.0
10399	862	4	1.0
10399	868	4	1.0
10399	872	4	1.0
10399	877	4	1.0
10399	879	4	1.0
10399	887	4	1.0
10399	896	4	1.0
10399	904	4	1.0
10399	905	4	1.0
10399	907	4	1.0
10399	917	4	1.0
10399	919	4	1.0
10399	921	4	1.0
10399	961	4	1.0
10399	962	4	1.0
10399	973	4	1.0
10399	981	4	1.0
10399	982	4	1.0
10399	986	4	1.0
10399	1003	4	1.0
10399	1004	4	1.0
10399	1005	4	1.0
10399	1024	4	1.0
10399	1032	4	1.0
10399	1055	4	1.0
10399	1091	4	1.0
10399	1098	4	1.0
10399	1099	4	1.0
10399	1100	4	1.0
10399	1106	4	1.0
10399	1107	4	1.0
10399	1121	4	1.0
10399	1123	4	1.0
10399	1129	4	1.0
10399	1131	4	1.0
10399	1132	4	1.0
10399	1135	4	1.0
10399	1136	4	1.0
10399	1143	4	1.0
10399	1144	4	1.0
10399	1152	4	1.0
10399	1154	4	1.0
10399	1163	4	1.0
10399	1171	4	1.0
10399	1195	4	1.0
10399	1208	4	1.0
10399	1216	4	1.0
10399	1238	4	1.0
10399	1245	4	1.0
10399	1248	4	1.0
10399	1249	4	1.0
10399	1250	4	1.0
10399	1253	4	1.0
10399	1267	4	1.0
10399	1276	4	1.0
10399	1277	4	1.0
10399	1280	4	1.0
10399	1283	4	1.0
10399	1287	4	1.0
10399	1288	4	1.0
10399	1315	4	1.0
10399	1318	4	1.0
10399	1331	4	1.0
10399	1339	4	1.0
10399	1354	4	1.0
10399	1368	4	1.0
10399	1383	4	1.0
10399	1388	4	1.0
10399	1389	4	1.0
10399	1392	4	1.0
10399	1472	4	1.0
10399	1483	4	1.0
10399	1491	4	1.0
10399	1503	4	1.0
10399	1514	4	1.0
10399	1519	4	1.0
10399	1535	4	1.0
10399	1557	4	1.0
10399	1592	4	1.0
10399	1647	4	1.0
10399	1668	4	1.0
10399	1676	4	1.0
10399	1686	4	1.0
10399	1716	4	1.0
10399	1736	4	1.0
10399	1738	4	1.0
10399	1742	4	1.0
10399	1758	4	1.0
10399	1759	4	1.0
10399	1790	4	1.0
10399	1803	4	1.0
10399	1820	4	1.0
10399	1841	4	1.0
10399	1845	4	1.0
10399	1874	4	1.0
10399	1933	4	1.0
10399	1944	4	1.0
10399	1951	4	1.0
10399	1961	4	1.0
10399	1965	4	1.0
10399	1983	4	1.0
10399	1992	4	1.0
10399	1998	4	1.0
10399	2020	4	1.0
10399	2033	4	1.0
10399	2062	4	1.0
10399	2072	4	1.0
10399	2074	4	1.0
10399	2079	4	1.0
10399	2086	4	1.0
10399	2105	4	1.0
10399	2110	4	1.0
10399	2136	4	1.0
10399	2147	4	1.0
10399	2152	4	1.0
10399	2159	4	1.0
10399	2167	4	1.0
10399	2175	4	1.0
10399	2178	4	1.0
10399	2187	4	1.0
10399	2193	4	1.0
10399	2205	4	1.0
10399	2213	4	1.0
10399	2240	4	1.0
10399	2244	4	1.0
10399	2265	4	1.0
10399	2284	4	1.0
10399	2288	4	1.0
10399	2311	4	1.0
10399	2335	4	1.0
10399	2337	4	1.0
10399	2341	4	1.0
10399	2355	4	1.0
10399	2356	4	1.0
10399	2366	4	1.0
10399	2413	4	1.0
10399	2437	4	1.0
10399	2473	4	1.0
10399	2477	4	1.0
10399	2484	4	1.0
10399	2508	4	1.0
10399	2609	4	1.0
10399	2619	4	1.0
10399	2727	4	1.0
10400	168	4	1.0
10400	179	4	1.0
10400	189	4	1.0
10400	225	4	1.0
10400	285	4	1.0
10400	315	4	1.0
10400	345	4	1.0
10400	349	4	1.0
10400	375	4	1.0
10400	397	4	1.0
10400	416	4	1.0
10400	498	4	1.0
10400	511	4	1.0
10400	536	4	1.0
10400	572	4	1.0
10400	628	4	1.0
10400	648	4	1.0
10400	664	4	1.0
10400	722	4	1.0
10400	754	4	1.0
10400	798	4	1.0
10400	804	4	1.0
10400	811	4	1.0
10400	814	4	1.0
10400	831	4	1.0
10400	857	4	1.0
10400	869	4	1.0
10400	927	4	1.0
10400	957	4	1.0
10400	965	4	1.0
10400	1015	4	1.0
10400	1035	4	1.0
10400	1124	4	1.0
10400	1173	4	1.0
10400	1194	4	1.0
10400	1241	4	1.0
10400	1251	4	1.0
10400	1334	4	1.0
10400	1350	4	1.0
10400	1373	4	1.0
10400	1399	4	1.0
10400	1422	4	1.0
10400	1450	4	1.0
10400	1515	4	1.0
10400	1588	4	1.0
10400	1619	4	1.0
10400	1660	4	1.0
10400	1666	4	1.0
10400	1670	4	1.0
10400	1675	4	1.0
10400	1777	4	1.0
10400	1785	4	1.0
10400	1808	4	1.0
10400	1817	4	1.0
10400	1870	4	1.0
10400	1935	4	1.0
10400	1966	4	1.0
10400	2005	4	1.0
10400	2031	4	1.0
10400	2068	4	1.0
10400	2148	4	1.0
10400	2246	4	1.0
10400	2250	4	1.0
10400	2306	4	1.0
10400	2315	4	1.0
10400	2321	4	1.0
10400	2322	4	1.0
10400	2327	4	1.0
10400	2363	4	1.0
10400	2368	4	1.0
10400	2384	4	1.0
10400	2385	4	1.0
10400	2395	4	1.0
10400	2476	4	1.0
10400	2486	4	1.0
10400	2494	4	1.0
10400	2501	4	1.0
10400	2668	4	1.0
10400	2692	4	1.0
10400	2695	4	1.0
10400	2752	4	1.0
10401	170	4	1.0
10401	2534	4	1.0
10402	176	4	1.0
10402	213	4	1.0
10402	214	4	1.0
10402	219	4	1.0
10402	221	4	1.0
10402	311	4	1.0
10402	316	4	1.0
10402	365	4	1.0
10402	374	4	1.0
10402	521	4	1.0
10402	541	4	1.0
10402	587	4	1.0
10402	588	4	1.0
10402	630	4	1.0
10402	633	4	1.0
10402	654	4	1.0
10402	685	4	1.0
10402	701	4	1.0
10402	718	4	1.0
10402	719	4	1.0
10402	772	4	1.0
10402	813	4	1.0
10402	970	4	1.0
10402	983	4	1.0
10402	1011	4	1.0
10402	1062	4	1.0
10402	1109	4	1.0
10402	1119	4	1.0
10402	1133	4	1.0
10402	1153	4	1.0
10402	1164	4	1.0
10402	1182	4	1.0
10402	1218	4	1.0
10402	1228	4	1.0
10402	1257	4	1.0
10402	1263	4	1.0
10402	1308	4	1.0
10402	1329	4	1.0
10402	1330	4	1.0
10402	1342	4	1.0
10402	1372	4	1.0
10402	1384	4	1.0
10402	1402	4	1.0
10402	1465	4	1.0
10402	1470	4	1.0
10402	1543	4	1.0
10402	1551	4	1.0
10402	1566	4	1.0
10402	1572	4	1.0
10402	1574	4	1.0
10402	1591	4	1.0
10402	1599	4	1.0
10402	1614	4	1.0
10402	1622	4	1.0
10402	1628	4	1.0
10402	1813	4	1.0
10402	1835	4	1.0
10402	1839	4	1.0
10402	1855	4	1.0
10402	1863	4	1.0
10402	1877	4	1.0
10402	1879	4	1.0
10402	1890	4	1.0
10402	1916	4	1.0
10402	2009	4	1.0
10402	2022	4	1.0
10402	2028	4	1.0
10402	2060	4	1.0
10402	2093	4	1.0
10402	2098	4	1.0
10402	2115	4	1.0
10402	2160	4	1.0
10402	2177	4	1.0
10402	2181	4	1.0
10402	2233	4	1.0
10402	2262	4	1.0
10402	2275	4	1.0
10402	2296	4	1.0
10402	2328	4	1.0
10402	2357	4	1.0
10402	2365	4	1.0
10402	2382	4	1.0
10402	2394	4	1.0
10402	2408	4	1.0
10402	2416	4	1.0
10402	2433	4	1.0
10402	2457	4	1.0
10402	2465	4	1.0
10402	2471	4	1.0
10402	2490	4	1.0
10402	2499	4	1.0
10402	2514	4	1.0
10402	2540	4	1.0
10402	2541	4	1.0
10402	2542	4	1.0
10402	2548	4	1.0
10402	2556	4	1.0
10402	2559	4	1.0
10402	2561	4	1.0
10402	2563	4	1.0
10402	2568	4	1.0
10402	2659	4	1.0
10402	2662	4	1.0
10402	2663	4	1.0
10402	2666	4	1.0
10402	2698	4	1.0
10402	2720	4	1.0
10402	2756	4	1.0
10403	180	4	1.0
10403	1540	4	1.0
10404	192	4	1.0
10405	195	4	1.0
10405	200	4	1.0
10406	196	4	1.0
10406	205	4	1.0
10406	220	4	1.0
10406	265	4	1.0
10406	306	4	1.0
10406	342	4	1.0
10406	354	4	1.0
10406	357	4	1.0
10406	364	4	1.0
10406	403	4	1.0
10406	420	4	1.0
10406	428	4	1.0
10406	436	4	1.0
10406	448	4	1.0
10406	449	4	1.0
10406	455	4	1.0
10406	477	4	1.0
10406	509	4	1.0
10406	516	4	1.0
10406	542	4	1.0
10406	579	4	1.0
10406	605	4	1.0
10406	646	4	1.0
10406	661	4	1.0
10406	708	4	1.0
10406	716	4	1.0
10406	742	4	1.0
10406	797	4	1.0
10406	821	4	1.0
10406	855	4	1.0
10406	881	4	1.0
10406	899	4	1.0
10406	915	4	1.0
10406	941	4	1.0
10406	958	4	1.0
10406	971	4	1.0
10406	990	4	1.0
10406	996	4	1.0
10406	1026	4	1.0
10406	1038	4	1.0
10406	1094	4	1.0
10406	1122	4	1.0
10406	1134	4	1.0
10406	1140	4	1.0
10406	1145	4	1.0
10406	1168	4	1.0
10406	1202	4	1.0
10406	1204	4	1.0
10406	1261	4	1.0
10406	1272	4	1.0
10406	1294	4	1.0
10406	1303	4	1.0
10406	1313	4	1.0
10406	1442	4	1.0
10406	1502	4	1.0
10406	1553	4	1.0
10406	1573	4	1.0
10406	1580	4	1.0
10406	1630	4	1.0
10406	1635	4	1.0
10406	1656	4	1.0
10406	1667	4	1.0
10406	1695	4	1.0
10406	1698	4	1.0
10406	1710	4	1.0
10406	1744	4	1.0
10406	1748	4	1.0
10406	1771	4	1.0
10406	1824	4	1.0
10406	1869	4	1.0
10406	1898	4	1.0
10406	1904	4	1.0
10406	1911	4	1.0
10406	1918	4	1.0
10406	1959	4	1.0
10406	2024	4	1.0
10406	2034	4	1.0
10406	2044	4	1.0
10406	2054	4	1.0
10406	2085	4	1.0
10406	2095	4	1.0
10406	2184	4	1.0
10406	2209	4	1.0
10406	2280	4	1.0
10406	2285	4	1.0
10406	2325	4	1.0
10406	2364	4	1.0
10406	2404	4	1.0
10406	2417	4	1.0
10406	2430	4	1.0
10406	2478	4	1.0
10406	2737	4	1.0
10407	207	4	1.0
10407	303	4	1.0
10407	309	4	1.0
10407	346	4	1.0
10407	427	4	1.0
10407	476	4	1.0
10407	482	4	1.0
10407	485	4	1.0
10407	486	4	1.0
10407	519	4	1.0
10407	546	4	1.0
10407	551	4	1.0
10407	562	4	1.0
10407	601	4	1.0
10407	617	4	1.0
10407	911	4	1.0
10407	1081	4	1.0
10407	1127	4	1.0
10407	1222	4	1.0
10407	1234	4	1.0
10407	1284	4	1.0
10407	1326	4	1.0
10407	1340	4	1.0
10407	1412	4	1.0
10407	1414	4	1.0
10407	1421	4	1.0
10407	1504	4	1.0
10407	1517	4	1.0
10407	1522	4	1.0
10407	1527	4	1.0
10407	1562	4	1.0
10407	1586	4	1.0
10407	1595	4	1.0
10407	1605	4	1.0
10407	1607	4	1.0
10407	1613	4	1.0
10407	1643	4	1.0
10407	1655	4	1.0
10407	1700	4	1.0
10407	1701	4	1.0
10407	1720	4	1.0
10407	1752	4	1.0
10407	1760	4	1.0
10407	1780	4	1.0
10407	1792	4	1.0
10407	1809	4	1.0
10407	1821	4	1.0
10407	1840	4	1.0
10407	1847	4	1.0
10407	1852	4	1.0
10407	1857	4	1.0
10407	1860	4	1.0
10407	1867	4	1.0
10407	1885	4	1.0
10407	1889	4	1.0
10407	1899	4	1.0
10407	1907	4	1.0
10407	1922	4	1.0
10407	1924	4	1.0
10407	1939	4	1.0
10407	1952	4	1.0
10407	1990	4	1.0
10407	2036	4	1.0
10407	2045	4	1.0
10407	2070	4	1.0
10407	2097	4	1.0
10407	2103	4	1.0
10407	2150	4	1.0
10407	2166	4	1.0
10407	2218	4	1.0
10407	2243	4	1.0
10407	2277	4	1.0
10407	2283	4	1.0
10407	2300	4	1.0
10407	2304	4	1.0
10407	2330	4	1.0
10407	2374	4	1.0
10407	2376	4	1.0
10407	2423	4	1.0
10407	2456	4	1.0
10407	2511	4	1.0
10407	2612	4	1.0
10407	2616	4	1.0
10408	212	4	1.0
10408	218	4	1.0
10409	216	4	1.0
10409	312	4	1.0
10409	343	4	1.0
10409	478	4	1.0
10409	658	4	1.0
10409	734	4	1.0
10409	1075	4	1.0
10409	1224	4	1.0
10409	1417	4	1.0
10409	1542	4	1.0
10409	1697	4	1.0
10409	1917	4	1.0
10409	2223	4	1.0
10409	2744	4	1.0
10410	222	4	1.0
10411	228	4	1.0
10411	240	4	1.0
10411	1991	4	1.0
10411	2450	4	1.0
10411	2475	4	1.0
10411	2520	4	1.0
10412	235	4	1.0
10412	574	4	1.0
10412	956	4	1.0
10412	2672	4	1.0
10413	236	4	1.0
10413	247	4	1.0
10414	243	4	1.0
10415	258	4	1.0
10416	262	4	1.0
10417	263	4	1.0
10417	272	4	1.0
10417	323	4	1.0
10417	510	4	1.0
10417	545	4	1.0
10417	743	4	1.0
10417	750	4	1.0
10417	823	4	1.0
10417	1047	4	1.0
10417	1067	4	1.0
10417	1366	4	1.0
10417	1937	4	1.0
10417	2071	4	1.0
10418	271	4	1.0
10418	304	4	1.0
10418	431	4	1.0
10418	567	4	1.0
10418	577	4	1.0
10418	581	4	1.0
10418	593	4	1.0
10418	620	4	1.0
10418	641	4	1.0
10418	944	4	1.0
10418	1008	4	1.0
10418	1014	4	1.0
10418	1065	4	1.0
10418	1111	4	1.0
10418	1112	4	1.0
10418	1338	4	1.0
10418	1346	4	1.0
10418	1463	4	1.0
10418	1615	4	1.0
10418	1850	4	1.0
10418	2056	4	1.0
10418	2236	4	1.0
10418	2617	4	1.0
10418	2623	4	1.0
10418	2758	4	1.0
10419	273	4	1.0
10420	280	4	1.0
10420	2576	4	1.0
10420	2581	4	1.0
10420	2596	4	1.0
10421	287	4	1.0
10421	795	4	1.0
10421	947	4	1.0
10421	1235	4	1.0
10421	2713	4	1.0
10422	292	4	1.0
10422	784	4	1.0
10422	818	4	1.0
10422	1139	4	1.0
10422	1403	4	1.0
10422	1679	4	1.0
10422	1721	4	1.0
10422	1726	4	1.0
10422	2502	4	1.0
10423	294	4	1.0
10423	503	4	1.0
10423	1013	4	1.0
10423	1606	4	1.0
10423	1727	4	1.0
10423	1849	4	1.0
10423	2469	4	1.0
10423	2566	4	1.0
10423	2743	4	1.0
10424	297	4	1.0
10424	368	4	1.0
10424	467	4	1.0
10424	506	4	1.0
10424	932	4	1.0
10424	1036	4	1.0
10424	1043	4	1.0
10424	1083	4	1.0
10424	1274	4	1.0
10424	1452	4	1.0
10424	1851	4	1.0
10424	1865	4	1.0
10424	2535	4	1.0
10424	2572	4	1.0
10425	298	4	1.0
10425	383	4	1.0
10425	393	4	1.0
10425	975	4	1.0
10425	1080	4	1.0
10425	1396	4	1.0
10425	1455	4	1.0
10425	1823	4	1.0
10425	2694	4	1.0
10426	299	4	1.0
10426	582	4	1.0
10426	599	4	1.0
10426	695	4	1.0
10426	752	4	1.0
10426	846	4	1.0
10426	913	4	1.0
10426	1201	4	1.0
10426	1400	4	1.0
10426	1430	4	1.0
10426	1479	4	1.0
10426	1530	4	1.0
10426	1631	4	1.0
10426	1659	4	1.0
10426	1769	4	1.0
10426	1846	4	1.0
10426	1888	4	1.0
10426	1977	4	1.0
10426	1979	4	1.0
10426	1997	4	1.0
10426	2091	4	1.0
10426	2112	4	1.0
10426	2226	4	1.0
10426	2343	4	1.0
10427	301	4	1.0
10427	475	4	1.0
10427	963	4	1.0
10427	1523	4	1.0
10428	302	4	1.0
10428	943	4	1.0
10428	1397	4	1.0
10428	1462	4	1.0
10428	1804	4	1.0
10428	2303	4	1.0
10429	305	4	1.0
10429	550	4	1.0
10429	1598	4	1.0
10429	1930	4	1.0
10430	307	4	1.0
10430	360	4	1.0
10430	747	4	1.0
10430	1316	4	1.0
10430	2021	4	1.0
10431	308	4	1.0
10431	1049	4	1.0
10431	1722	4	1.0
10431	1943	4	1.0
10432	310	4	1.0
10432	910	4	1.0
10433	313	4	1.0
10433	1050	4	1.0
10433	1265	4	1.0
10434	314	4	1.0
10434	336	4	1.0
10434	446	4	1.0
10434	497	4	1.0
10434	558	4	1.0
10434	563	4	1.0
10434	666	4	1.0
10434	691	4	1.0
10434	801	4	1.0
10434	897	4	1.0
10434	1002	4	1.0
10434	1016	4	1.0
10434	1042	4	1.0
10434	1053	4	1.0
10434	1071	4	1.0
10434	1087	4	1.0
10434	1215	4	1.0
10434	1232	4	1.0
10434	1275	4	1.0
10434	1353	4	1.0
10434	1375	4	1.0
10434	1424	4	1.0
10434	1444	4	1.0
10434	1457	4	1.0
10434	1561	4	1.0
10434	1579	4	1.0
10434	1590	4	1.0
10434	1603	4	1.0
10434	1672	4	1.0
10434	1715	4	1.0
10434	1724	4	1.0
10434	1822	4	1.0
10434	1834	4	1.0
10434	1848	4	1.0
10434	1859	4	1.0
10434	1872	4	1.0
10434	1895	4	1.0
10434	1900	4	1.0
10434	1960	4	1.0
10434	1975	4	1.0
10434	1980	4	1.0
10434	2087	4	1.0
10434	2100	4	1.0
10434	2114	4	1.0
10434	2130	4	1.0
10434	2164	4	1.0
10434	2188	4	1.0
10434	2269	4	1.0
10434	2463	4	1.0
10434	2479	4	1.0
10434	2504	4	1.0
10434	2667	4	1.0
10434	2693	4	1.0
10435	318	4	1.0
10435	595	4	1.0
10435	841	4	1.0
10435	901	4	1.0
10435	952	4	1.0
10435	984	4	1.0
10435	1079	4	1.0
10435	1103	4	1.0
10435	1151	4	1.0
10435	1165	4	1.0
10435	1207	4	1.0
10435	1269	4	1.0
10435	1302	4	1.0
10435	1484	4	1.0
10435	1516	4	1.0
10435	2144	4	1.0
10435	2254	4	1.0
10435	2539	4	1.0
10435	2670	4	1.0
10436	321	4	1.0
10436	334	4	1.0
10436	363	4	1.0
10436	385	4	1.0
10436	456	4	1.0
10436	488	4	1.0
10436	515	4	1.0
10436	540	4	1.0
10436	568	4	1.0
10436	618	4	1.0
10436	624	4	1.0
10436	644	4	1.0
10436	652	4	1.0
10436	662	4	1.0
10436	670	4	1.0
10436	686	4	1.0
10436	707	4	1.0
10436	764	4	1.0
10436	782	4	1.0
10436	791	4	1.0
10436	824	4	1.0
10436	895	4	1.0
10436	912	4	1.0
10436	998	4	1.0
10436	1000	4	1.0
10436	1072	4	1.0
10436	1118	4	1.0
10436	1147	4	1.0
10436	1159	4	1.0
10436	1205	4	1.0
10436	1239	4	1.0
10436	1333	4	1.0
10436	1371	4	1.0
10436	1379	4	1.0
10436	1410	4	1.0
10436	1411	4	1.0
10436	1420	4	1.0
10436	1423	4	1.0
10436	1458	4	1.0
10436	1565	4	1.0
10436	1583	4	1.0
10436	1584	4	1.0
10436	1645	4	1.0
10436	1654	4	1.0
10436	1688	4	1.0
10436	1691	4	1.0
10436	1708	4	1.0
10436	1717	4	1.0
10436	1732	4	1.0
10436	1740	4	1.0
10436	1750	4	1.0
10436	1757	4	1.0
10436	1782	4	1.0
10436	1843	4	1.0
10436	1854	4	1.0
10436	1931	4	1.0
10436	1938	4	1.0
10436	1953	4	1.0
10436	1982	4	1.0
10436	1985	4	1.0
10436	2012	4	1.0
10436	2132	4	1.0
10436	2142	4	1.0
10436	2161	4	1.0
10436	2190	4	1.0
10436	2192	4	1.0
10436	2195	4	1.0
10436	2286	4	1.0
10436	2292	4	1.0
10436	2298	4	1.0
10436	2345	4	1.0
10436	2375	4	1.0
10436	2379	4	1.0
10436	2397	4	1.0
10436	2415	4	1.0
10436	2427	4	1.0
10436	2459	4	1.0
10436	2483	4	1.0
10436	2488	4	1.0
10436	2491	4	1.0
10436	2492	4	1.0
10436	2500	4	1.0
10436	2618	4	1.0
10436	2621	4	1.0
10436	2664	4	1.0
10436	2730	4	1.0
10437	322	4	1.0
10437	361	4	1.0
10437	366	4	1.0
10437	371	4	1.0
10437	379	4	1.0
10437	384	4	1.0
10437	437	4	1.0
10437	459	4	1.0
10437	463	4	1.0
10437	465	4	1.0
10437	471	4	1.0
10437	490	4	1.0
10437	504	4	1.0
10437	524	4	1.0
10437	533	4	1.0
10437	539	4	1.0
10437	548	4	1.0
10437	549	4	1.0
10437	560	4	1.0
10437	565	4	1.0
10437	611	4	1.0
10437	626	4	1.0
10437	647	4	1.0
10437	650	4	1.0
10437	689	4	1.0
10437	690	4	1.0
10437	692	4	1.0
10437	717	4	1.0
10437	729	4	1.0
10437	757	4	1.0
10437	761	4	1.0
10437	762	4	1.0
10437	769	4	1.0
10437	780	4	1.0
10437	803	4	1.0
10437	836	4	1.0
10437	843	4	1.0
10437	853	4	1.0
10437	865	4	1.0
10437	886	4	1.0
10437	914	4	1.0
10437	928	4	1.0
10437	940	4	1.0
10437	946	4	1.0
10437	948	4	1.0
10437	964	4	1.0
10437	969	4	1.0
10437	976	4	1.0
10437	977	4	1.0
10437	995	4	1.0
10437	1001	4	1.0
10437	1010	4	1.0
10437	1025	4	1.0
10437	1028	4	1.0
10437	1044	4	1.0
10437	1046	4	1.0
10437	1068	4	1.0
10437	1093	4	1.0
10437	1110	4	1.0
10437	1126	4	1.0
10437	1146	4	1.0
10437	1162	4	1.0
10437	1172	4	1.0
10437	1177	4	1.0
10437	1185	4	1.0
10437	1203	4	1.0
10437	1213	4	1.0
10437	1227	4	1.0
10437	1259	4	1.0
10437	1290	4	1.0
10437	1291	4	1.0
10437	1304	4	1.0
10437	1347	4	1.0
10437	1408	4	1.0
10437	1435	4	1.0
10437	1534	4	1.0
10437	1538	4	1.0
10437	1641	4	1.0
10437	1682	4	1.0
10437	1729	4	1.0
10437	1787	4	1.0
10437	1838	4	1.0
10437	1891	4	1.0
10437	2173	4	1.0
10437	2197	4	1.0
10437	2278	4	1.0
10437	2347	4	1.0
10437	2358	4	1.0
10437	2461	4	1.0
10437	2579	4	1.0
10437	2624	4	1.0
10437	2717	4	1.0
10437	2723	4	1.0
10437	2731	4	1.0
10438	324	4	1.0
10438	442	4	1.0
10438	688	4	1.0
10438	1226	4	1.0
10438	1476	4	1.0
10439	325	4	1.0
10439	382	4	1.0
10439	472	4	1.0
10439	531	4	1.0
10439	547	4	1.0
10439	643	4	1.0
10439	702	4	1.0
10439	783	4	1.0
10439	809	4	1.0
10439	955	4	1.0
10439	966	4	1.0
10439	1066	4	1.0
10439	1155	4	1.0
10439	1361	4	1.0
10439	1554	4	1.0
10439	1555	4	1.0
10439	1564	4	1.0
10439	1629	4	1.0
10439	1650	4	1.0
10439	1665	4	1.0
10439	2008	4	1.0
10439	2010	4	1.0
10439	2016	4	1.0
10439	2018	4	1.0
10439	2092	4	1.0
10439	2399	4	1.0
10440	326	4	1.0
10440	598	4	1.0
10440	1469	4	1.0
10441	328	4	1.0
10441	344	4	1.0
10441	421	4	1.0
10441	967	4	1.0
10441	1225	4	1.0
10441	1657	4	1.0
10441	1703	4	1.0
10441	1856	4	1.0
10441	1993	4	1.0
10441	2039	4	1.0
10441	2207	4	1.0
10441	2294	4	1.0
10441	2314	4	1.0
10441	2419	4	1.0
10441	2426	4	1.0
10441	2495	4	1.0
10442	329	4	1.0
10442	400	4	1.0
10442	410	4	1.0
10442	417	4	1.0
10442	426	4	1.0
10442	454	4	1.0
10442	557	4	1.0
10442	606	4	1.0
10442	616	4	1.0
10442	629	4	1.0
10442	656	4	1.0
10442	721	4	1.0
10442	748	4	1.0
10442	815	4	1.0
10442	828	4	1.0
10442	991	4	1.0
10442	1077	4	1.0
10442	1183	4	1.0
10442	1242	4	1.0
10442	1282	4	1.0
10442	1298	4	1.0
10442	1351	4	1.0
10442	1356	4	1.0
10442	1467	4	1.0
10442	1511	4	1.0
10442	1795	4	1.0
10442	1832	4	1.0
10442	1967	4	1.0
10442	2293	4	1.0
10442	2302	4	1.0
10442	2334	4	1.0
10442	2362	4	1.0
10443	330	4	1.0
10443	794	4	1.0
10443	1305	4	1.0
10443	1475	4	1.0
10444	331	4	1.0
10444	419	4	1.0
10444	451	4	1.0
10444	517	4	1.0
10444	830	4	1.0
10444	894	4	1.0
10444	909	4	1.0
10444	988	4	1.0
10444	1070	4	1.0
10444	1082	4	1.0
10444	1167	4	1.0
10444	1264	4	1.0
10444	1426	4	1.0
10444	1428	4	1.0
10444	1449	4	1.0
10444	1494	4	1.0
10444	1577	4	1.0
10444	1609	4	1.0
10444	1612	4	1.0
10444	1648	4	1.0
10444	1696	4	1.0
10444	1801	4	1.0
10444	1912	4	1.0
10444	1919	4	1.0
10444	2007	4	1.0
10444	2073	4	1.0
10444	2145	4	1.0
10444	2359	4	1.0
10444	2421	4	1.0
10445	335	4	1.0
10445	386	4	1.0
10445	409	4	1.0
10445	522	4	1.0
10445	561	4	1.0
10445	773	4	1.0
10445	1084	4	1.0
10445	1243	4	1.0
10445	1310	4	1.0
10445	1362	4	1.0
10445	1364	4	1.0
10445	1407	4	1.0
10445	1602	4	1.0
10445	1786	4	1.0
10445	1942	4	1.0
10445	1989	4	1.0
10445	2124	4	1.0
10445	2127	4	1.0
10445	2431	4	1.0
10445	2460	4	1.0
10446	337	4	1.0
10446	418	4	1.0
10446	432	4	1.0
10446	434	4	1.0
10446	450	4	1.0
10446	473	4	1.0
10446	507	4	1.0
10446	518	4	1.0
10446	675	4	1.0
10446	745	4	1.0
10446	770	4	1.0
10446	1073	4	1.0
10446	1092	4	1.0
10446	1262	4	1.0
10446	1286	4	1.0
10446	1358	4	1.0
10446	1468	4	1.0
10446	1496	4	1.0
10446	1658	4	1.0
10446	1775	4	1.0
10446	1964	4	1.0
10446	2023	4	1.0
10446	2117	4	1.0
10446	2179	4	1.0
10446	2200	4	1.0
10446	2204	4	1.0
10446	2310	4	1.0
10446	2464	4	1.0
10446	2482	4	1.0
10446	2489	4	1.0
10447	338	4	1.0
10447	1589	4	1.0
10447	1926	4	1.0
10447	2229	4	1.0
10447	2360	4	1.0
10448	339	4	1.0
10448	569	4	1.0
10448	738	4	1.0
10448	839	4	1.0
10448	867	4	1.0
10448	924	4	1.0
10448	926	4	1.0
10448	950	4	1.0
10448	1174	4	1.0
10448	1914	4	1.0
10448	2048	4	1.0
10448	2128	4	1.0
10448	2380	4	1.0
10448	2386	4	1.0
10449	340	4	1.0
10449	392	4	1.0
10449	623	4	1.0
10449	829	4	1.0
10449	834	4	1.0
10449	951	4	1.0
10449	1031	4	1.0
10449	1130	4	1.0
10449	1142	4	1.0
10449	1223	4	1.0
10449	1258	4	1.0
10449	1489	4	1.0
10449	1772	4	1.0
10449	2049	4	1.0
10449	2076	4	1.0
10449	2222	4	1.0
10449	2326	4	1.0
10449	2346	4	1.0
10450	341	4	1.0
10451	347	4	1.0
10451	712	4	1.0
10451	1007	4	1.0
10451	2212	4	1.0
10451	2424	4	1.0
10452	348	4	1.0
10453	350	4	1.0
10453	352	4	1.0
10453	415	4	1.0
10453	468	4	1.0
10453	604	4	1.0
10453	631	4	1.0
10453	667	4	1.0
10453	684	4	1.0
10453	698	4	1.0
10453	732	4	1.0
10453	744	4	1.0
10453	753	4	1.0
10453	781	4	1.0
10453	847	4	1.0
10453	863	4	1.0
10453	875	4	1.0
10453	978	4	1.0
10453	1040	4	1.0
10453	1120	4	1.0
10453	1156	4	1.0
10453	1196	4	1.0
10453	1221	4	1.0
10453	1409	4	1.0
10453	1418	4	1.0
10453	1446	4	1.0
10453	1459	4	1.0
10453	1482	4	1.0
10453	1497	4	1.0
10453	1582	4	1.0
10453	1608	4	1.0
10453	1705	4	1.0
10453	1779	4	1.0
10453	1819	4	1.0
10453	1825	4	1.0
10453	1829	4	1.0
10453	1949	4	1.0
10453	1970	4	1.0
10453	2038	4	1.0
10453	2046	4	1.0
10453	2066	4	1.0
10453	2080	4	1.0
10453	2172	4	1.0
10453	2208	4	1.0
10453	2220	4	1.0
10453	2281	4	1.0
10453	2442	4	1.0
10453	2506	4	1.0
10453	2715	4	1.0
10453	2748	4	1.0
10453	2757	4	1.0
10453	2770	4	1.0
10454	351	4	1.0
10454	893	4	1.0
10454	1113	4	1.0
10454	2398	4	1.0
10455	353	4	1.0
10455	495	4	1.0
10455	665	4	1.0
10455	705	4	1.0
10455	1095	4	1.0
10455	1148	4	1.0
10455	1191	4	1.0
10455	1337	4	1.0
10455	1690	4	1.0
10455	1973	4	1.0
10455	2026	4	1.0
10455	2069	4	1.0
10455	2111	4	1.0
10455	2185	4	1.0
10455	2238	4	1.0
10455	2348	4	1.0
10455	2444	4	1.0
10456	359	4	1.0
10456	1096	4	1.0
10456	2266	4	1.0
10457	362	4	1.0
10458	370	4	1.0
10458	612	4	1.0
10458	790	4	1.0
10458	908	4	1.0
10458	1085	4	1.0
10458	1212	4	1.0
10458	1307	4	1.0
10458	1548	4	1.0
10458	1620	4	1.0
10458	1627	4	1.0
10458	1830	4	1.0
10458	1894	4	1.0
10458	2118	4	1.0
10458	2156	4	1.0
10458	2221	4	1.0
10458	2435	4	1.0
10458	2505	4	1.0
10459	372	4	1.0
10459	447	4	1.0
10459	464	4	1.0
10459	576	4	1.0
10459	627	4	1.0
10459	636	4	1.0
10459	779	4	1.0
10459	833	4	1.0
10459	860	4	1.0
10459	923	4	1.0
10459	953	4	1.0
10459	979	4	1.0
10459	994	4	1.0
10459	1052	4	1.0
10459	1209	4	1.0
10459	1311	4	1.0
10459	1319	4	1.0
10459	1377	4	1.0
10459	1386	4	1.0
10459	1490	4	1.0
10459	1495	4	1.0
10459	1601	4	1.0
10459	1707	4	1.0
10459	1815	4	1.0
10459	1816	4	1.0
10459	1818	4	1.0
10459	1971	4	1.0
10459	2017	4	1.0
10459	2051	4	1.0
10459	2104	4	1.0
10459	2122	4	1.0
10459	2153	4	1.0
10459	2210	4	1.0
10459	2234	4	1.0
10459	2308	4	1.0
10459	2317	4	1.0
10459	2342	4	1.0
10459	2350	4	1.0
10459	2352	4	1.0
10459	2389	4	1.0
10459	2405	4	1.0
10459	2443	4	1.0
10459	2493	4	1.0
10459	2726	4	1.0
10460	373	4	1.0
10460	399	4	1.0
10460	530	4	1.0
10460	613	4	1.0
10460	775	4	1.0
10460	1806	4	1.0
10460	1915	4	1.0
10460	1974	4	1.0
10460	2276	4	1.0
10460	2344	4	1.0
10460	2455	4	1.0
10460	2485	4	1.0
10461	378	4	1.0
10461	398	4	1.0
10461	429	4	1.0
10461	494	4	1.0
10461	639	4	1.0
10461	655	4	1.0
10461	850	4	1.0
10461	870	4	1.0
10461	1009	4	1.0
10461	1037	4	1.0
10461	1231	4	1.0
10461	1381	4	1.0
10461	1431	4	1.0
10461	1445	4	1.0
10461	1471	4	1.0
10461	1932	4	1.0
10461	1981	4	1.0
10461	2089	4	1.0
10461	2183	4	1.0
10461	2392	4	1.0
10462	380	4	1.0
10462	1180	4	1.0
10462	1401	4	1.0
10463	381	4	1.0
10464	388	4	1.0
10464	731	4	1.0
10464	835	4	1.0
10464	1571	4	1.0
10465	390	4	1.0
10466	391	4	1.0
10466	600	4	1.0
10466	2318	4	1.0
10467	395	4	1.0
10467	602	4	1.0
10467	679	4	1.0
10467	820	4	1.0
10467	1027	4	1.0
10467	1039	4	1.0
10467	1088	4	1.0
10467	1169	4	1.0
10467	1181	4	1.0
10467	1237	4	1.0
10467	1268	4	1.0
10467	1390	4	1.0
10467	1466	4	1.0
10467	1480	4	1.0
10467	1487	4	1.0
10467	1687	4	1.0
10467	1761	4	1.0
10467	1767	4	1.0
10467	1781	4	1.0
10467	2168	4	1.0
10467	2203	4	1.0
10467	2242	4	1.0
10467	2509	4	1.0
10468	402	4	1.0
10468	443	4	1.0
10468	462	4	1.0
10468	484	4	1.0
10468	523	4	1.0
10468	802	4	1.0
10468	808	4	1.0
10468	885	4	1.0
10468	889	4	1.0
10468	1078	4	1.0
10468	1101	4	1.0
10468	1102	4	1.0
10468	1116	4	1.0
10468	1335	4	1.0
10468	1473	4	1.0
10468	1501	4	1.0
10468	1521	4	1.0
10468	1533	4	1.0
10468	1567	4	1.0
10468	1636	4	1.0
10468	1638	4	1.0
10468	1734	4	1.0
10468	1921	4	1.0
10468	2081	4	1.0
10468	2082	4	1.0
10468	2170	4	1.0
10468	2214	4	1.0
10468	2253	4	1.0
10468	2390	4	1.0
10468	2497	4	1.0
10468	2503	4	1.0
10469	406	4	1.0
10469	735	4	1.0
10469	1730	4	1.0
10469	1805	4	1.0
10469	2061	4	1.0
10469	2230	4	1.0
10469	2272	4	1.0
10469	2289	4	1.0
10470	407	4	1.0
10470	711	4	1.0
10470	930	4	1.0
10470	1756	4	1.0
10470	2762	4	1.0
10470	2764	4	1.0
10471	408	4	1.0
10471	440	4	1.0
10471	645	4	1.0
10471	681	4	1.0
10471	825	4	1.0
10471	884	4	1.0
10471	900	4	1.0
10471	1060	4	1.0
10471	1297	4	1.0
10471	1532	4	1.0
10471	1861	4	1.0
10471	1910	4	1.0
10471	2037	4	1.0
10471	2050	4	1.0
10471	2077	4	1.0
10471	2480	4	1.0
10472	411	4	1.0
10472	528	4	1.0
10472	856	4	1.0
10472	934	4	1.0
10472	1405	4	1.0
10472	1413	4	1.0
10472	1438	4	1.0
10472	1454	4	1.0
10472	1673	4	1.0
10472	2075	4	1.0
10472	2108	4	1.0
10472	2206	4	1.0
10472	2307	4	1.0
10472	2370	4	1.0
10472	2400	4	1.0
10472	2425	4	1.0
10473	412	4	1.0
10473	538	4	1.0
10473	663	4	1.0
10473	1793	4	1.0
10473	1950	4	1.0
10473	2199	4	1.0
10474	413	4	1.0
10475	422	4	1.0
10475	649	4	1.0
10475	713	4	1.0
10475	733	4	1.0
10475	816	4	1.0
10475	1017	4	1.0
10475	1056	4	1.0
10475	1192	4	1.0
10475	1240	4	1.0
10475	1320	4	1.0
10475	1416	4	1.0
10475	1439	4	1.0
10475	1453	4	1.0
10475	1610	4	1.0
10475	1807	4	1.0
10475	1853	4	1.0
10475	1858	4	1.0
10475	1956	4	1.0
10475	2013	4	1.0
10475	2014	4	1.0
10475	2198	4	1.0
10475	2224	4	1.0
10475	2467	4	1.0
10475	2536	4	1.0
10475	2537	4	1.0
10475	2545	4	1.0
10475	2546	4	1.0
10476	425	4	1.0
10476	687	4	1.0
10477	430	4	1.0
10477	1296	4	1.0
10477	1427	4	1.0
10478	435	4	1.0
10478	730	4	1.0
10478	768	4	1.0
10478	786	4	1.0
10478	1256	4	1.0
10478	1348	4	1.0
10478	1380	4	1.0
10478	1404	4	1.0
10478	1437	4	1.0
10478	1498	4	1.0
10478	1587	4	1.0
10478	1644	4	1.0
10478	1723	4	1.0
10478	1753	4	1.0
10478	1875	4	1.0
10478	2004	4	1.0
10478	2083	4	1.0
10478	2129	4	1.0
10478	2264	4	1.0
10478	2287	4	1.0
10478	2396	4	1.0
10478	2410	4	1.0
10478	2418	4	1.0
10479	439	4	1.0
10479	699	4	1.0
10480	441	4	1.0
10480	458	4	1.0
10480	514	4	1.0
10480	520	4	1.0
10480	589	4	1.0
10480	789	4	1.0
10480	805	4	1.0
10480	1045	4	1.0
10480	1054	4	1.0
10480	1074	4	1.0
10480	1117	4	1.0
10480	1178	4	1.0
10480	1357	4	1.0
10480	1367	4	1.0
10480	1485	4	1.0
10480	1733	4	1.0
10480	1755	4	1.0
10480	1876	4	1.0
10480	1893	4	1.0
10480	1976	4	1.0
10480	2055	4	1.0
10480	2377	4	1.0
10480	2414	4	1.0
10480	2474	4	1.0
10481	452	4	1.0
10481	765	4	1.0
10481	1086	4	1.0
10481	1219	4	1.0
10481	2019	4	1.0
10481	2403	4	1.0
10482	453	4	1.0
10482	763	4	1.0
10482	1341	4	1.0
10482	1434	4	1.0
10482	1547	4	1.0
10482	1597	4	1.0
10482	1800	4	1.0
10482	1810	4	1.0
10482	2043	4	1.0
10482	2078	4	1.0
10482	2353	4	1.0
10482	2453	4	1.0
10482	2600	4	1.0
10483	460	4	1.0
10483	555	4	1.0
10483	622	4	1.0
10484	469	4	1.0
10484	580	4	1.0
10485	470	4	1.0
10485	682	4	1.0
10485	793	4	1.0
10485	827	4	1.0
10485	1513	4	1.0
10485	2634	4	1.0
10486	474	4	1.0
10486	2282	4	1.0
10486	2732	4	1.0
10487	479	4	1.0
10487	2525	4	1.0
10488	480	4	1.0
10488	493	4	1.0
10488	1150	4	1.0
10488	1556	4	1.0
10488	1811	4	1.0
10488	1906	4	1.0
10488	2058	4	1.0
10489	481	4	1.0
10490	487	4	1.0
10490	918	4	1.0
10490	933	4	1.0
10490	1105	4	1.0
10490	1681	4	1.0
10490	1684	4	1.0
10490	1711	4	1.0
10490	1925	4	1.0
10490	2119	4	1.0
10490	2141	4	1.0
10490	2194	4	1.0
10490	2447	4	1.0
10491	489	4	1.0
10491	1677	4	1.0
10492	491	4	1.0
10492	758	4	1.0
10493	492	4	1.0
10494	496	4	1.0
10494	575	4	1.0
10494	925	4	1.0
10494	1706	4	1.0
10495	501	4	1.0
10495	1064	4	1.0
10495	2126	4	1.0
10496	502	4	1.0
10496	898	4	1.0
10497	505	4	1.0
10497	1954	4	1.0
10498	513	4	1.0
10499	526	4	1.0
10500	527	4	1.0
10500	771	4	1.0
10500	871	4	1.0
10501	532	4	1.0
10501	1625	4	1.0
10501	2628	4	1.0
10501	2675	4	1.0
10501	2676	4	1.0
10501	2677	4	1.0
10501	2679	4	1.0
10501	2680	4	1.0
10501	2682	4	1.0
10501	2683	4	1.0
10501	2684	4	1.0
10501	2685	4	1.0
10501	2686	4	1.0
10501	2687	4	1.0
10501	2688	4	1.0
10501	2689	4	1.0
10501	2690	4	1.0
10501	2699	4	1.0
10501	2709	4	1.0
10501	2710	4	1.0
10501	2712	4	1.0
10501	2714	4	1.0
10501	2740	4	1.0
10501	2755	4	1.0
10501	2766	4	1.0
10502	553	4	1.0
10502	1059	4	1.0
10502	1436	4	1.0
10502	1719	4	1.0
10502	2751	4	1.0
10503	559	4	1.0
10503	942	4	1.0
10503	989	4	1.0
10503	1051	4	1.0
10503	1499	4	1.0
10504	566	4	1.0
10504	777	4	1.0
10504	1512	4	1.0
10504	1702	4	1.0
10504	2248	4	1.0
10504	2267	4	1.0
10505	573	4	1.0
10506	584	4	1.0
10507	585	4	1.0
10508	586	4	1.0
10508	1731	4	1.0
10509	592	4	1.0
10509	1968	4	1.0
10510	603	4	1.0
10510	625	4	1.0
10510	852	4	1.0
10510	972	4	1.0
10510	1244	4	1.0
10510	1791	4	1.0
10510	1946	4	1.0
10511	609	4	1.0
10511	1651	4	1.0
10512	619	4	1.0
10512	980	4	1.0
10512	1995	4	1.0
10513	635	4	1.0
10513	882	4	1.0
10513	1097	4	1.0
10514	637	4	1.0
10515	642	4	1.0
10515	751	4	1.0
10515	756	4	1.0
10515	778	4	1.0
10515	785	4	1.0
10515	864	4	1.0
10515	1115	4	1.0
10515	1260	4	1.0
10515	1309	4	1.0
10515	1321	4	1.0
10515	1618	4	1.0
10515	1725	4	1.0
10515	1798	4	1.0
10515	1812	4	1.0
10515	1844	4	1.0
10515	2157	4	1.0
10515	2216	4	1.0
10515	2291	4	1.0
10515	2747	4	1.0
10516	651	4	1.0
10517	653	4	1.0
10518	657	4	1.0
10518	683	4	1.0
10518	760	4	1.0
10518	1374	4	1.0
10518	1600	4	1.0
10518	1923	4	1.0
10518	1987	4	1.0
10519	659	4	1.0
10519	1206	4	1.0
10519	1909	4	1.0
10519	2271	4	1.0
10520	669	4	1.0
10520	766	4	1.0
10520	1295	4	1.0
10520	2487	4	1.0
10521	674	4	1.0
10521	1230	4	1.0
10522	676	4	1.0
10522	2174	4	1.0
10522	2753	4	1.0
10523	680	4	1.0
10523	1433	4	1.0
10523	1649	4	1.0
10524	694	4	1.0
10524	1157	4	1.0
10525	697	4	1.0
10525	1090	4	1.0
10525	1292	4	1.0
10526	703	4	1.0
10526	1125	4	1.0
10526	1179	4	1.0
10526	2035	4	1.0
10526	2312	4	1.0
10527	714	4	1.0
10527	1279	4	1.0
10527	2716	4	1.0
10527	2721	4	1.0
10527	2729	4	1.0
10528	720	4	1.0
10528	1252	4	1.0
10529	724	4	1.0
10530	736	4	1.0
10530	2042	4	1.0
10531	737	4	1.0
10531	1188	4	1.0
10531	1544	4	1.0
10531	2211	4	1.0
10531	2268	4	1.0
10531	2750	4	1.0
10532	739	4	1.0
10533	746	4	1.0
10533	1425	4	1.0
10533	2313	4	1.0
10534	759	4	1.0
10535	787	4	1.0
10535	883	4	1.0
10535	1306	4	1.0
10536	800	4	1.0
10536	1349	4	1.0
10536	2101	4	1.0
10537	819	4	1.0
10537	1406	4	1.0
10538	822	4	1.0
10539	826	4	1.0
10540	838	4	1.0
10540	1314	4	1.0
10540	1419	4	1.0
10540	1637	4	1.0
10540	1784	4	1.0
10540	2180	4	1.0
10540	2706	4	1.0
10541	861	4	1.0
10541	1186	4	1.0
10542	878	4	1.0
10543	890	4	1.0
10543	1518	4	1.0
10543	2247	4	1.0
10544	891	4	1.0
10544	1281	4	1.0
10544	1325	4	1.0
10545	892	4	1.0
10546	903	4	1.0
10546	2393	4	1.0
10547	916	4	1.0
10548	920	4	1.0
10548	2139	4	1.0
10548	2251	4	1.0
10548	2367	4	1.0
10549	922	4	1.0
10549	2065	4	1.0
10550	929	4	1.0
10551	931	4	1.0
10552	935	4	1.0
10553	937	4	1.0
10553	1443	4	1.0
10553	1549	4	1.0
10553	1596	4	1.0
10553	1883	4	1.0
10553	1886	4	1.0
10553	1988	4	1.0
10553	2027	4	1.0
10553	2245	4	1.0
10553	2256	4	1.0
10553	2259	4	1.0
10553	2260	4	1.0
10554	959	4	1.0
10554	1200	4	1.0
10554	2059	4	1.0
10555	992	4	1.0
10555	1058	4	1.0
10555	1197	4	1.0
10555	1578	4	1.0
10555	1794	4	1.0
10555	2067	4	1.0
10555	2734	4	1.0
10555	2767	4	1.0
10555	2771	4	1.0
10556	1019	4	1.0
10557	1020	4	1.0
10558	1021	4	1.0
10559	1022	4	1.0
10560	1029	4	1.0
10560	1193	4	1.0
10560	1324	4	1.0
10561	1033	4	1.0
10561	1187	4	1.0
10561	1266	4	1.0
10561	1927	4	1.0
10561	1940	4	1.0
10561	2481	4	1.0
10561	2658	4	1.0
10562	1057	4	1.0
10562	2691	4	1.0
10563	1089	4	1.0
10564	1104	4	1.0
10565	1114	4	1.0
10565	1190	4	1.0
10566	1138	4	1.0
10566	1749	4	1.0
10566	2232	4	1.0
10566	2252	4	1.0
10567	1158	4	1.0
10567	1328	4	1.0
10568	1170	4	1.0
10569	1175	4	1.0
10569	1395	4	1.0
10569	1680	4	1.0
10569	1746	4	1.0
10569	2320	4	1.0
10569	2329	4	1.0
10570	1176	4	1.0
10570	1270	4	1.0
10570	1278	4	1.0
10571	1198	4	1.0
10571	1751	4	1.0
10571	2113	4	1.0
10571	2121	4	1.0
10572	1220	4	1.0
10572	1560	4	1.0
10572	1765	4	1.0
10572	2428	4	1.0
10572	2769	4	1.0
10573	1236	4	1.0
10574	1247	4	1.0
10575	1254	4	1.0
10576	1273	4	1.0
10576	2143	4	1.0
10576	2319	4	1.0
10577	1289	4	1.0
10578	1293	4	1.0
10578	1441	4	1.0
10579	1299	4	1.0
10579	1689	4	1.0
10579	1958	4	1.0
10579	2599	4	1.0
10579	2605	4	1.0
10580	1300	4	1.0
10580	1327	4	1.0
10581	1359	4	1.0
10582	1360	4	1.0
10582	1508	4	1.0
10582	1778	4	1.0
10582	1880	4	1.0
10582	2371	4	1.0
10582	2567	4	1.0
10583	1363	4	1.0
10584	1370	4	1.0
10584	2601	4	1.0
10584	2602	4	1.0
10584	2606	4	1.0
10584	2697	4	1.0
10585	1382	4	1.0
10585	1448	4	1.0
10586	1447	4	1.0
10586	1713	4	1.0
10587	1451	4	1.0
10587	1492	4	1.0
10587	1536	4	1.0
10587	1569	4	1.0
10587	1581	4	1.0
10587	1633	4	1.0
10587	1639	4	1.0
10587	1646	4	1.0
10587	1685	4	1.0
10587	1694	4	1.0
10587	1770	4	1.0
10587	1828	4	1.0
10587	1831	4	1.0
10587	1837	4	1.0
10587	1868	4	1.0
10587	1882	4	1.0
10587	1897	4	1.0
10587	1905	4	1.0
10587	1955	4	1.0
10587	1996	4	1.0
10587	2029	4	1.0
10587	2088	4	1.0
10587	2219	4	1.0
10587	2227	4	1.0
10587	2239	4	1.0
10587	2255	4	1.0
10587	2270	4	1.0
10587	2338	4	1.0
10587	2381	4	1.0
10587	2441	4	1.0
10587	2452	4	1.0
10587	2613	4	1.0
10588	1456	4	1.0
10588	1546	4	1.0
10589	1460	4	1.0
10589	2586	4	1.0
10589	2742	4	1.0
10590	1478	4	1.0
10590	1493	4	1.0
10590	1509	4	1.0
10590	1529	4	1.0
10590	1663	4	1.0
10590	1797	4	1.0
10590	2412	4	1.0
10591	1506	4	1.0
10592	1510	4	1.0
10593	1525	4	1.0
10594	1526	4	1.0
10595	1539	4	1.0
10596	1563	4	1.0
10597	1570	4	1.0
10597	2123	4	1.0
10597	2202	4	1.0
10598	1575	4	1.0
10598	2189	4	1.0
10599	1664	4	1.0
10600	1669	4	1.0
10601	1674	4	1.0
10602	1678	4	1.0
10603	1737	4	1.0
10603	1766	4	1.0
10603	1947	4	1.0
10603	2149	4	1.0
10604	1774	4	1.0
10605	1796	4	1.0
10605	2006	4	1.0
10606	1814	4	1.0
10606	2451	4	1.0
10607	1873	4	1.0
10608	1887	4	1.0
10609	1902	4	1.0
10610	1941	4	1.0
10610	2521	4	1.0
10611	1945	4	1.0
10611	2237	4	1.0
10612	1994	4	1.0
10613	2040	4	1.0
10614	2090	4	1.0
10615	2151	4	1.0
10616	2169	4	1.0
10616	2529	4	1.0
10617	2241	4	1.0
10617	2665	4	1.0
10618	2336	4	1.0
10619	2361	4	1.0
10620	2378	4	1.0
10621	2411	4	1.0
10622	2466	4	1.0
10623	2512	4	1.0
10624	2523	4	1.0
10624	2570	4	1.0
10625	2533	4	1.0
10626	2562	4	1.0
10627	2577	4	1.0
10628	2582	4	1.0
10629	2598	4	1.0
10629	2763	4	1.0
10630	2603	4	1.0
10631	2604	4	1.0
10632	2614	4	1.0
10633	2620	4	1.0
10634	2626	4	1.0
10635	2638	4	1.0
10635	2652	4	1.0
10636	2657	4	1.0
10637	2661	4	1.0
10638	2669	4	1.0
10639	2673	4	1.0
10639	2703	4	1.0
10640	2674	4	1.0
10640	2678	4	1.0
10640	2702	4	1.0
10641	2681	4	1.0
10642	2700	4	1.0
10642	2765	4	1.0
10643	2704	4	1.0
10644	2724	4	1.0
10645	2728	4	1.0
10646	2735	4	1.0
10647	2738	4	1.0
10647	2754	4	1.0
10647	2761	4	1.0
10648	2739	4	1.0
10649	2768	4	1.0
